Node	Total SNPs	Number of SNPs Inside Recombinations	Number of SNPs Outside Recombinations	Number of Recombination Blocks	Bases in Recombinations Including Gaps	Cumulative Bases in Recombinations Including Gaps	Bases in Recombinations Excluding Gaps	Cumulative Bases in Recombinations Excluding Gaps	r/m	rho/theta	Genome Length	Bases in Clonal Frame
Reference	21	0	21	0	0	636570	0	636570	0.000000	0.000000	2231314	1594744
SRR29439575	30	0	30	0	0	836102	0	647572	0.000000	0.000000	1814701	1161841
SRR29439616	29	0	29	0	0	610117	0	456759	0.000000	0.000000	1839158	1371042
SRR29439621	32	0	32	0	0	869797	0	666990	0.000000	0.000000	1837125	1166768
SRR29439632	22	6	16	1	26	636596	26	625347	0.375000	0.062500	2120880	1512126
SRR29439650	23	0	23	0	0	856193	0	648082	0.000000	0.000000	1827108	1174731
SRR29439658	19	0	19	0	0	607851	0	459328	0.000000	0.000000	1845791	1376362
SRR29439717	32	0	32	0	0	653292	0	532320	0.000000	0.000000	1866566	1329624
SRR29439746	39	0	39	0	0	636570	0	613670	0.000000	0.000000	2111568	1515297
SRR29439788	61	0	61	0	0	969006	0	751850	0.000000	0.000000	1850769	1096768
SRR29439804	31	4	27	1	50	1183426	50	966976	0.148148	0.037037	1921598	950783
SRR29439812	52	0	52	0	0	716699	0	517942	0.000000	0.000000	1905142	1386846
SRR29439862	22	3	19	1	305	844979	188	677600	0.157895	0.052632	1856648	1175175
SRR29439881	55	13	42	3	7180	898114	2183	709556	0.309524	0.071429	1877564	1158942
SRR29439894	27	0	27	0	0	658615	0	494017	0.000000	0.000000	1912998	1422352
SRR29439896	55	9	46	1	10	862910	10	685725	0.195652	0.021739	1872530	1183187
SRR29439905	44	3	41	1	37	610117	37	459947	0.073171	0.024390	1848364	1378036
SRR29439909	32	0	32	0	0	852836	0	649066	0.000000	0.000000	1819163	1163047
SRR29439912	38	0	38	0	0	610117	0	456655	0.000000	0.000000	1840443	1371991
SRR29439914	55	4	51	1	12	856184	12	686270	0.078431	0.019608	1888274	1199872
SRR29439944	16	0	16	0	0	990397	0	795657	0.000000	0.000000	1903455	1103926
SRR29439952	40	3	37	1	3	839238	3	672081	0.081081	0.027027	1860758	1189263
SRR29439954	92	8	84	2	49	836047	43	649385	0.095238	0.023810	1819374	1165008
SRR29439970	64	19	45	3	173	864988	170	651233	0.422222	0.066667	1834097	1171919
SRR29440018	50	3	47	1	7	635218	7	551718	0.063830	0.021277	2010749	1477849
SRR29440031	52	0	52	0	0	654559	0	520969	0.000000	0.000000	1905702	1378337
SRR29440038	15	3	12	1	210	863034	176	714542	0.250000	0.083333	1885946	1175151
SRR29440046	31	0	31	0	0	109739	0	15969	0.000000	0.000000	1838054	1808860
SRR29440067	568	519	49	2	117932	731602	94193	596621	10.591837	0.040816	1878301	1338393
SRR29440070	15	0	15	0	0	831456	0	699015	0.000000	0.000000	1963639	1271916
SRR29440074	170	100	70	1	49458	975232	8341	807847	1.428571	0.014286	1935316	1118865
SRR29440078	52	0	52	0	0	1026161	0	816674	0.000000	0.000000	1871706	1051206
SRR29440095	20	3	17	1	10	658625	10	494960	0.176471	0.058824	1916169	1424538
SRR29440098	25	0	25	0	0	882344	0	652375	0.000000	0.000000	1835013	1172006
SRR29440179	26	0	26	0	0	978157	0	824054	0.000000	0.000000	1930687	1101227
SRR29440211	52	0	52	0	0	593097	0	459000	0.000000	0.000000	1846315	1376848
SRR29440257	23	7	16	1	8	607851	8	458310	0.437500	0.062500	1843071	1374399
SRR29440267	41	0	41	0	0	635218	0	530193	0.000000	0.000000	2005620	1490665
SRR29440276	27	0	27	0	0	844971	0	648527	0.000000	0.000000	1816331	1162417
SRR29440300	811	778	33	5	266415	748980	120011	549890	23.575758	0.151515	1934880	1408523
SRR29440309	20	3	17	1	3	844979	3	685513	0.176471	0.058824	1872853	1185043
SRR29440315	31	5	26	1	9	839930	9	648242	0.192308	0.038462	1815500	1162909
SRR29440324	22	0	22	0	0	882344	0	651089	0.000000	0.000000	1832213	1170795
SRR29440342	22	0	22	0	0	990397	0	795062	0.000000	0.000000	1884156	1085367
SRR29440408	78	14	64	4	111	109850	111	14371	0.218750	0.062500	1814862	1786807
SRR29440430	35	0	35	0	0	593097	0	453573	0.000000	0.000000	1831089	1365610
SRR29440434	23	3	20	1	223	990867	188	779046	0.150000	0.050000	1854448	1070897
SRR29440445	32	0	32	0	0	653292	0	511491	0.000000	0.000000	1840528	1319873
SRR29440452	49	0	49	0	0	836038	0	649785	0.000000	0.000000	1819743	1165392
SRR29440457	42	0	42	0	0	895483	0	646203	0.000000	0.000000	1813914	1154901
SRR29440459	38	10	28	2	23	790443	23	571122	0.357143	0.071429	1842708	1258568
SRR29440461	30	3	27	1	37	607851	37	458495	0.111111	0.037037	1843642	1374593
SRR29440466	42	0	42	0	0	863043	0	711349	0.000000	0.000000	1879980	1172244
SRR29440471	44	4	40	1	14	675578	11	589783	0.100000	0.025000	2010785	1423461
SRR29440480	38	0	38	0	0	610117	0	455578	0.000000	0.000000	1835321	1368117
SRR29440519	39	0	39	0	0	662115	0	568860	0.000000	0.000000	2022873	1462298
SRR29440535	83	69	14	1	1749	875830	1192	649593	4.928571	0.071429	1816752	1160315
SRR29440546	2	0	2	0	0	635481	0	526768	0.000000	0.000000	1987486	1475348
SRR29446982	108	69	39	1	1826	856184	1461	673826	1.769231	0.025641	1863545	1189142
SRR29446988	1	0	1	0	0	852836	0	649458	0.000000	0.000000	1818912	1162653
SRR29446989	8	5	3	1	9	852845	9	648182	1.666667	0.333333	1815238	1160551
SRR29446990	36	5	31	1	9	852845	9	642088	0.161290	0.032258	1798683	1148509
SRR29446991	47	0	47	0	0	852836	0	669309	0.000000	0.000000	1842015	1169826
SRR29446992	41	0	41	0	0	895483	0	658774	0.000000	0.000000	1831752	1162385
SRR29446996	52	6	46	1	8498	847601	3421	665773	0.130435	0.021739	1834196	1166847
SRR29447003	18	0	18	0	0	1044680	0	826351	0.000000	0.000000	1918332	1087030
SRR29447006	58	0	58	0	0	969006	0	755099	0.000000	0.000000	1856847	1099661
SRR29447030	102	75	27	1	1915	862918	1438	705849	2.777778	0.037037	1868049	1165680
SRR29447036	12	0	12	0	0	658615	0	493657	0.000000	0.000000	1893620	1403542
SRR29447064	15	0	15	0	0	607851	0	460358	0.000000	0.000000	1847694	1377461
SRR29447066	51	0	51	0	0	660775	0	520498	0.000000	0.000000	1849067	1318223
SRR29447069	99	11	88	2	1000	857135	997	648992	0.125000	0.022727	1835807	1178383
SRR29447089	38	3	35	1	3	856184	3	652052	0.085714	0.028571	1837431	1181397
SRR29447093	29	0	29	0	0	869797	0	663952	0.000000	0.000000	1830750	1162893
SRR29447094	22	0	22	0	0	869797	0	669035	0.000000	0.000000	1840564	1168775
SRR29447095	31	7	24	1	8	1012047	8	851441	0.291667	0.041667	1821880	951617
SRR29447096	70	0	70	0	0	836837	0	644832	0.000000	0.000000	1805349	1155523
SRR29447097	26	0	26	0	0	1044680	0	827014	0.000000	0.000000	1920548	1088717
SRR29447114	90	3	87	1	64	716699	59	568605	0.034483	0.011494	1922094	1365147
SRR29447139	42	15	27	3	14149	653509	10921	554263	0.555556	0.111111	1988551	1443706
SRR29447147	34	9	25	1	23	836125	23	648474	0.360000	0.040000	1815806	1162592
SRR29447156	35	7	28	1	9517	663397	4409	537133	0.250000	0.035714	1866535	1322838
SRR29447166	57	0	57	0	0	632278	0	543646	0.000000	0.000000	1973393	1450747
SRR29447169	230	182	48	2	8810	977803	7251	764785	3.791667	0.041667	1860799	1101547
SRR29447184	182	117	65	2	57432	869921	9885	721413	1.800000	0.030769	1893580	1173997
SRR29447190	31	0	31	0	0	869797	0	667926	0.000000	0.000000	1839189	1168490
SRR29447216	705	657	48	4	96595	1044706	30320	859989	13.687500	0.083333	1953997	1092135
SRR29447224	38	0	38	0	0	1012047	0	833255	0.000000	0.000000	1802056	945602
SRR29447274	36	0	36	0	0	610117	0	455753	0.000000	0.000000	1836661	1369342
SRR29447277	42	0	42	0	0	635218	0	524652	0.000000	0.000000	1973682	1465291
SRR29447278	13	5	8	1	9	856193	9	665762	0.625000	0.125000	1859648	1188258
SRR29447279	5	4	1	1	6872	847731	2555	670504	4.000000	1.000000	1843023	1171895
SRR29447280	39	10	29	2	15	844986	15	663431	0.344828	0.068966	1843321	1173429
SRR29447281	24	0	24	0	0	865155	0	653839	0.000000	0.000000	1840138	1177385
SRR29447289	19	0	19	0	0	844979	0	686274	0.000000	0.000000	1872975	1184250
SRR29447292	27	3	24	1	5	451743	5	299985	0.125000	0.041667	1872236	1568030
SRR29447305	31	9	22	2	245	895483	66	709876	0.409091	0.090909	1876796	1157205
SRR29447322	13	0	13	0	0	658615	0	493394	0.000000	0.000000	1893252	1403363
SRR29447339	36	0	36	0	0	607617	0	459932	0.000000	0.000000	1849357	1379082
SRR29447361	36	0	36	0	0	859436	0	648481	0.000000	0.000000	1827703	1174404
SRR29447367	16	6	10	1	18	1026161	18	812941	0.600000	0.100000	1869691	1052974
SRR29447368	20	0	20	0	0	607851	0	455735	0.000000	0.000000	1834850	1367856
SRR29447403	68	3	65	1	32	864981	32	651383	0.046154	0.015385	1836657	1174439
SRR29447409	20	5	15	1	9	845109	9	669696	0.333333	0.066667	1842572	1171158
SRR29447426	56	3	53	1	37	593134	37	459807	0.056604	0.018868	1848230	1378233
SRR29447427	38	3	35	1	37	607851	36	458943	0.085714	0.028571	1844160	1374994
SRR29447473	58	5	53	1	9	862919	9	681092	0.094340	0.018868	1862756	1176358
SRR29447474	26	6	20	1	30	610147	30	457736	0.300000	0.050000	1840630	1372436
SRR29447493	393	334	59	1	8797	699353	7306	533436	5.661017	0.016949	1869781	1326701
SRR29447510	47	0	47	0	0	635218	0	531547	0.000000	0.000000	2012070	1495821
SRR29447525	12	0	12	0	0	882353	0	647430	0.000000	0.000000	1821813	1163258
SRR29447543	24	0	24	0	0	607851	0	454946	0.000000	0.000000	1834144	1367912
SRR29447548	19	0	19	0	0	865155	0	647758	0.000000	0.000000	1825856	1166815
SRR29447565	7	0	7	0	0	967097	0	787117	0.000000	0.000000	1901793	1115632
SRR29447570	35	3	32	1	5	790443	4	571695	0.093750	0.031250	1844364	1260200
SRR29447580	47	0	47	0	0	864972	0	651845	0.000000	0.000000	1836140	1173546
SRR29447613	4	0	4	0	0	845540	0	640147	0.000000	0.000000	1795403	1148031
SRR29447616	26	5	21	1	9	859436	9	652179	0.238095	0.047619	1837569	1180680
SRR29447649	32	8	24	2	12	852925	12	648644	0.333333	0.083333	1816190	1160420
SRR29447650	60	10	50	2	59	594956	58	461036	0.200000	0.040000	1847434	1375970
SRR29447672	52	5	47	1	3274	675578	2739	550953	0.106383	0.021277	1973502	1424824
SRR29447681	43	0	43	0	0	969006	0	757349	0.000000	0.000000	1862564	1103320
SRR29447701	49	8	41	2	31	864981	31	650335	0.195122	0.048780	1833184	1172013
SRR29447713	34	3	31	1	3	978157	3	823353	0.096774	0.032258	1948712	1120732
SRR29447720	36	0	36	0	0	1012047	0	854722	0.000000	0.000000	1828470	955288
SRR29447723	15	0	15	0	0	607851	0	457627	0.000000	0.000000	1840437	1372139
SRR29447737	27	0	27	0	0	990397	0	793050	0.000000	0.000000	1896992	1099776
SRR29447747	26	9	17	1	15	1011287	14	798737	0.529412	0.058824	1871380	1069727
SRR29447778	27	0	27	0	0	864981	0	651489	0.000000	0.000000	1830853	1168224
SRR29447845	162	92	70	1	1607	1042981	1601	838456	1.314286	0.014286	1926487	1086924
SRR29447848	46	0	46	0	0	895483	0	648811	0.000000	0.000000	1818137	1157643
SRR29447849	22	0	22	0	0	716908	0	518417	0.000000	0.000000	1925402	1406185
SRR29447893	33	0	33	0	0	864972	0	647794	0.000000	0.000000	1813618	1155029
SRR29447917	0	0	0	0	0	845540	0	650289	0.000000	0.000000	1819935	1164003
SRR29447934	39	9	30	2	1728	869797	120	668795	0.300000	0.066667	1840216	1168440
SRR29447968	61	0	61	0	0	1042965	0	819289	0.000000	0.000000	1912629	1083169
SRR29447977	22	0	22	0	0	610117	0	459969	0.000000	0.000000	1847972	1377745
SRR29450103	38	0	38	0	0	691070	0	522220	0.000000	0.000000	1847238	1306802
SRR29450120	14	5	9	1	9	845541	9	648971	0.555556	0.111111	1816068	1161488
SRR29450143	20	0	20	0	0	844979	0	664295	0.000000	0.000000	1845824	1175085
SRR29450153	33	0	33	0	0	610117	0	454508	0.000000	0.000000	1831958	1366114
SRR29450159	26	0	26	0	0	859436	0	666868	0.000000	0.000000	1845048	1176271
SRR29450161	27	0	27	0	0	882344	0	651666	0.000000	0.000000	1831884	1169425
SRR29450175	195	57	138	6	4978	726164	4520	592996	0.413043	0.043478	1884725	1290691
SRR29450201	29	0	29	0	0	653292	0	511408	0.000000	0.000000	1840865	1320429
SRR29450204	21	0	21	0	0	1190324	0	957866	0.000000	0.000000	1893370	918565
SRR29450205	743	694	49	4	129423	1045427	27980	838252	14.163265	0.081633	1919089	1075263
SRR29450248	22	0	22	0	0	844979	0	650518	0.000000	0.000000	1821921	1166370
SRR29450297	34	6	28	1	9	1012056	9	856272	0.214286	0.035714	1829657	955258
SRR29450301	21	3	18	1	9	856193	9	668346	0.166667	0.055556	1868370	1194661
SRR29450333	8	4	4	1	3153	853698	3148	651356	1.000000	0.250000	1814830	1161589
SRR29450334	20	4	16	1	955	658615	597	491053	0.250000	0.062500	1885193	1397601
SRR29450335	147	90	57	4	57128	870358	1367	650386	1.578947	0.070175	1816654	1162393
SRR29450336	26	5	21	1	9	844980	9	685996	0.238095	0.047619	1871907	1184266
SRR29450337	18	0	18	0	0	836102	0	649464	0.000000	0.000000	1819510	1165019
SRR29450340	26	0	26	0	0	836047	0	644715	0.000000	0.000000	1794751	1143923
SRR29450344	36	3	33	1	24	856208	23	650712	0.090909	0.030303	1835741	1180792
SRR29450348	288	178	110	4	25182	974915	25000	762877	1.618182	0.036364	1864761	1103791
SRR29450349	57	7	50	1	11	691081	11	521154	0.140000	0.020000	1844506	1305052
SRR29450359	39	3	36	1	37	593134	37	458561	0.083333	0.027778	1844300	1375359
SRR29450363	81	4	77	1	6	836852	6	668099	0.051948	0.012987	1838971	1169965
SRR29450392	12	5	7	1	9	852845	9	647888	0.714286	0.142857	1815240	1160361
SRR29450399	40	3	37	1	7	845108	7	667110	0.081081	0.027027	1835177	1166874
SRR29450402	159	123	36	3	5397	978186	5389	828290	3.416667	0.083333	1932472	1098541
SRR29450403	156	115	41	1	7313	1052150	4505	822896	2.804878	0.024390	1897440	1067893
SRR29450414	2	0	2	0	0	845540	0	671538	0.000000	0.000000	1845636	1173054
SRR29450424	52	0	52	0	0	978070	0	769332	0.000000	0.000000	1869792	1097524
SRR29450453	31	0	31	0	0	862910	0	679872	0.000000	0.000000	1860941	1175662
SRR29450458	35	0	35	0	0	864972	0	648618	0.000000	0.000000	1829921	1170434
SRR29450485	37	3	34	1	9	856193	9	642398	0.088235	0.029412	1808941	1163291
SRR29450489	64	18	46	2	24132	901195	13183	703840	0.391304	0.043478	1862365	1149980
SRR29450502	31	0	31	0	0	610117	0	456703	0.000000	0.000000	1838315	1370502
SRR29450506	43	3	40	1	37	610117	36	479458	0.075000	0.025000	1870140	1383742
SRR29450511	518	453	65	3	8853	716699	8843	561359	6.969231	0.046154	1964892	1411344
SRR29450543	25	5	20	1	9	882353	9	652174	0.250000	0.050000	1834831	1172300
SRR29450544	42	10	32	2	10	716709	10	518667	0.312500	0.062500	1924344	1405763
SRR29450554	20	4	16	1	9	882353	9	651858	0.250000	0.062500	1832515	1170093
SRR29450575	23	0	23	0	0	839930	0	644842	0.000000	0.000000	1806550	1156667
SRR29450593	44	9	35	2	21	1064457	19	835630	0.257143	0.057143	1903032	1066357
SRR29450600	63	3	60	1	5	653292	5	511617	0.050000	0.016667	1841000	1320530
SRR29450601	26	3	23	1	9	895621	9	697565	0.130435	0.043478	1855906	1149824
SRR29450602	30	3	27	1	16	969022	16	758177	0.111111	0.037037	1860755	1101162
SRR29450603	43	0	43	0	0	856184	0	687896	0.000000	0.000000	1890920	1201346
SRR29450604	44	8	36	2	41	869797	41	664311	0.222222	0.055556	1831923	1163603
SRR29450605	1	0	1	0	0	856193	0	670596	0.000000	0.000000	1873840	1199214
SRR29450606	40	9	31	1	15	1026161	14	804108	0.290323	0.032258	1861117	1053705
SRR29450614	22	0	22	0	0	607851	0	458323	0.000000	0.000000	1844469	1375565
SRR29450616	48	0	48	0	0	895483	0	654335	0.000000	0.000000	1806912	1142770
SRR29450630	40	8	32	2	13	869797	13	667299	0.250000	0.062500	1837823	1167290
SRR29450642	356	317	39	1	24079	655476	17804	639578	8.128205	0.025641	2112025	1503727
SRR29450663	50	3	47	1	28	610117	28	458369	0.063830	0.021277	1843200	1374180
SRR29450677	51	5	46	1	7266	1030062	2332	829342	0.108696	0.021739	1871400	1043943
SRR29450687	18	0	18	0	0	607851	0	458897	0.000000	0.000000	1845195	1375758
SRR29450699	34	5	29	1	6	610117	5	459992	0.172414	0.034483	1848642	1378660
SRR29450711	41	5	36	1	9	869797	9	546129	0.138889	0.027778	1500840	951080
SRR29450717	68	27	41	1	6626	1044680	2495	725719	0.658537	0.024390	1715869	978798
SRR29450739	45	6	39	1	6	870349	6	650807	0.153846	0.025641	1835228	1179745
SRR29450784	34	0	34	0	0	607851	0	415444	0.000000	0.000000	1707333	1277340
SRR29450798	44	13	31	2	7617	870422	2468	643871	0.419355	0.064516	1780475	1129550
SRR29450799	35	0	35	0	0	110284	0	15010	0.000000	0.000000	1823484	1794010
SRR29450823	35	5	30	1	17	895612	14	713941	0.166667	0.033333	1885828	1162540
SRR29450834	82	52	30	2	1718	869797	761	668527	1.733333	0.066667	1840761	1169147
SRR29450835	42	10	32	2	8586	857969	3474	683034	0.312500	0.062500	1880275	1194074
SRR29450884	33	0	33	0	0	660775	0	520765	0.000000	0.000000	1848613	1317607
SRR29450987	4	0	4	0	0	845540	0	668335	0.000000	0.000000	1838936	1168675
SRR29450991	18	5	13	1	9	637234	9	491924	0.384615	0.076923	1837140	1327115
SRR29450994	36	12	24	2	86	610154	86	445809	0.500000	0.083333	1808181	1348660
SRR29451004	27	3	24	1	10	610127	10	457946	0.125000	0.041667	1842991	1373276
SRR29451008	26	0	26	0	0	856184	0	649714	0.000000	0.000000	1831850	1177703
SRR29451013	37	3	34	1	10	716709	10	571154	0.088235	0.029412	1946876	1387941
SRR29451020	20	0	20	0	0	844979	0	685027	0.000000	0.000000	1870676	1183331
SRR29451025	30	0	30	0	0	593097	0	459576	0.000000	0.000000	1847265	1377563
SRR29451039	31	3	28	1	37	610154	37	456890	0.107143	0.035714	1839674	1371381
SRR29451040	10	0	10	0	0	990397	0	790961	0.000000	0.000000	1895255	1099841
SRR29451044	56	7	49	1	7	110291	7	15543	0.142857	0.020408	1834015	1804337
SRR29451055	44	3	41	1	13	635218	13	529227	0.073171	0.024390	1988436	1474536
SRR29458624	29	0	29	0	0	658615	0	482825	0.000000	0.000000	1859140	1381348
SRR29458628	31	6	25	1	9368	847731	3716	664157	0.240000	0.040000	1829685	1162436
SRR29458634	100	73	27	1	12413	990397	8718	792251	2.703704	0.037037	1888850	1093531
SRR29458639	26	6	20	1	34	856218	34	649286	0.300000	0.050000	1828899	1175345
SRR29458643	56	0	56	0	0	1012055	0	646961	0.000000	0.000000	1371411	704927
SRR29458644	25	6	19	1	2964	716703	1758	482100	0.315789	0.052632	1735963	1257392
SRR29458647	26	0	26	0	0	110284	0	13305	0.000000	0.000000	1759067	1731340
SRR29458660	33	0	33	0	0	856184	0	644027	0.000000	0.000000	1796000	1145964
SRR29458662	34	7	27	2	80	865235	78	628414	0.259259	0.074074	1763452	1125036
SRR29458675	26	5	21	1	15	967097	15	794658	0.238095	0.047619	1897358	1100843
SRR29458676	81	37	44	4	34525	974479	1834	715822	0.840909	0.090909	1739255	1021665
SRR29458716	1	0	1	0	0	607851	0	461430	0.000000	0.000000	1852606	1381554
SRR29458719	267	188	79	3	56522	857642	8776	643559	2.379747	0.037975	1781255	1132332
SRR29458734	139	110	29	2	14285	856708	5631	633622	3.793103	0.068966	1756558	1119931
SRR29458754	46	0	46	0	0	110284	0	11830	0.000000	0.000000	1684387	1658744
SRR29458764	44	4	40	1	4	969010	4	755778	0.100000	0.025000	1857509	1099080
SRR29458776	34	4	30	1	5	1005624	5	774569	0.133333	0.033333	1894307	1111983
SRR29458801	45	21	24	3	6555	872438	1586	656584	0.875000	0.125000	1812807	1151415
SRR29458805	44	9	35	1	12	844979	12	635995	0.257143	0.028571	1765956	1120837
SRR29458811	19	4	15	1	7	607851	7	457194	0.266667	0.066667	1839510	1371544
SRR29458819	26	0	26	0	0	864981	0	649737	0.000000	0.000000	1829408	1168565
SRR29458826	30	4	26	1	4	610121	4	455652	0.153846	0.038462	1836078	1368885
SRR29458827	18	0	18	0	0	658615	0	449449	0.000000	0.000000	1757706	1309625
SRR29458836	65	6	59	1	3481	1044680	1510	818266	0.101695	0.016949	1904633	1080593
SRR29458845	58	12	46	2	15121	612118	7100	465889	0.260870	0.043478	1837156	1360146
SRR29458875	2	0	2	0	0	716908	0	514855	0.000000	0.000000	1914747	1398102
SRR29458877	32	0	32	0	0	658615	0	468863	0.000000	0.000000	1835480	1367981
SRR29458886	28	0	28	0	0	616739	0	457829	0.000000	0.000000	1874703	1418654
SRR29458887	8	3	5	1	9	865164	9	647649	0.600000	0.200000	1825309	1166478
SRR29458893	32	0	32	0	0	844993	0	638467	0.000000	0.000000	1787254	1142097
SRR29458898	16	0	16	0	0	658615	0	493014	0.000000	0.000000	1892060	1402514
SRR29458899	798	736	62	5	113250	1063856	102143	842634	11.870968	0.080645	1900718	1071393
SRR29458900	19	0	19	0	0	990397	0	790265	0.000000	0.000000	1892224	1099056
SRR29458901	20	10	10	2	28	865164	28	648881	1.000000	0.200000	1828895	1169091
SRR29458902	20	0	20	0	0	844979	0	653755	0.000000	0.000000	1811598	1152109
SRR29458904	36	0	36	0	0	639543	0	552950	0.000000	0.000000	2026409	1491134
SRR29458905	54	0	54	0	0	969006	0	760346	0.000000	0.000000	1866757	1104708
SRR29458906	9	0	9	0	0	869797	0	654037	0.000000	0.000000	1808507	1148779
SRR29458907	45	6	39	1	6	990403	6	785159	0.153846	0.025641	1883332	1093878
SRR29458908	4	0	4	0	0	869797	0	662006	0.000000	0.000000	1824404	1157623
SRR29458909	2495	2308	187	27	466912	1140522	289273	807551	12.342246	0.144385	1787067	1222591
SRR29458910	24	7	17	2	3480	845400	2486	683339	0.411765	0.117647	1866563	1180693
SRR29458926	17	0	17	0	0	658615	0	389900	0.000000	0.000000	1499183	1111005
SRR29458927	27	5	22	1	5	607851	5	447325	0.227273	0.045455	1810901	1350947
SRR29458929	60	17	43	1	29464	875830	14823	604832	0.395349	0.023256	1667555	1056073
SRR29458934	23	0	23	0	0	856184	0	638826	0.000000	0.000000	1800676	1156780
SRR29458943	35	14	21	2	15511	639856	5452	464575	0.666667	0.095238	1778665	1292026
SRR29458949	3	0	3	0	0	978752	0	814193	0.000000	0.000000	1929665	1106200
SRR29458952	40	0	40	0	0	852836	0	647479	0.000000	0.000000	1813543	1158741
SRR29458957	34	0	34	0	0	852925	0	610647	0.000000	0.000000	1699323	1082430
SRR29458966	37	7	30	1	7	836109	7	647516	0.233333	0.033333	1814401	1161581
SRR29458967	89	3	86	1	4	635218	4	529808	0.034884	0.011628	1991814	1476552
SRR29458969	39	0	39	0	0	594545	0	463474	0.000000	0.000000	1891161	1429781
SRR29458971	46	3	43	1	57	639543	57	537902	0.069767	0.023256	2014989	1490276
SRR29458972	30	0	30	0	0	844979	0	647298	0.000000	0.000000	1813174	1159965
SRR29458973	141	85	56	2	12619	635477	8320	539112	1.517857	0.035714	2002285	1477914
SRR29458974	35	3	32	1	32	852836	32	649713	0.093750	0.031250	1820242	1163417
SRR29458976	129	28	101	2	12561	839238	10561	693421	0.277228	0.019802	1888882	1194638
SRR29458977	25	3	22	1	7	863034	4	717785	0.136364	0.045455	1893789	1180883
SRR29458978	259	223	36	2	5794	114772	5794	22222	6.194445	0.055556	1849507	1811465
SRR29459000	60	5	55	1	9	852845	9	626579	0.090909	0.018182	1752803	1116013
SRR29459013	102	72	30	3	4057	640629	1745	460469	2.400000	0.100000	1744042	1260752
SRR29459037	25	0	25	0	0	863034	0	695408	0.000000	0.000000	1865288	1170280
SRR29459040	23	8	15	2	7799	978752	5786	753236	0.533333	0.133333	1802696	1037153
SRR29459055	2	0	2	0	0	716908	0	500302	0.000000	0.000000	1867022	1366261
SRR29459078	18	0	18	0	0	658615	0	493293	0.000000	0.000000	1911695	1421423
SRR29459088	34	0	34	0	0	593097	0	455042	0.000000	0.000000	1835826	1369442
SRR29459095	39	3	36	1	124	1027030	124	824153	0.083333	0.027778	1846093	1023370
SRR29459109	22	0	22	0	0	845109	0	660010	0.000000	0.000000	1819624	1157521
SRR29459111	59	9	50	2	17	1043013	17	821573	0.180000	0.040000	1910505	1083473
SRR29459113	109	23	86	3	89291	898243	11906	666810	0.267442	0.034884	1767935	1090440
SRR29459115	60	16	44	1	9643	653318	7452	533546	0.363636	0.022727	1947988	1423576
SRR29459130	29	0	29	0	0	978157	0	721355	0.000000	0.000000	1714277	981692
SRR29459134	51	6	45	1	31003	635218	5951	421918	0.133333	0.022222	1675734	1263045
SRR29459141	2	0	2	0	0	587010	0	479911	0.000000	0.000000	1893758	1409041
SRR29459186	26	10	16	3	191	746546	159	585765	0.625000	0.187500	1936578	1342205
SRR29459213	89	3	86	1	3	969006	3	625535	0.034884	0.011628	1535006	900764
SRR29459223	39	25	14	1	889	978157	451	830866	1.785714	0.071429	1956571	1121108
SRR29459239	30	0	30	0	0	844979	0	669543	0.000000	0.000000	1842540	1172017
SRR29459241	198	173	25	1	57123	621666	3353	462713	6.920000	0.040000	1849873	1377071
SRR29459247	40	0	40	0	0	653292	0	534473	0.000000	0.000000	1871671	1333324
SRR29459265	34	3	31	1	3	836102	3	631097	0.096774	0.032258	1767928	1130314
SRR29459268	38	12	26	2	110	978157	107	827155	0.461538	0.076923	1943471	1118173
SRR29459279	11	0	11	0	0	643717	0	476951	0.000000	0.000000	1827650	1342502
SRR29459281	24	0	24	0	0	831456	0	698341	0.000000	0.000000	1958406	1267218
SRR29459283	220	187	33	3	5678	978681	3304	815453	5.666667	0.090909	1928983	1106760
SRR29459286	45	0	45	0	0	654559	0	456001	0.000000	0.000000	1827787	1361167
SRR29459290	50	13	37	2	5630	1044680	1159	817878	0.351351	0.054054	1904039	1080148
SRR29459293	24	0	24	0	0	607851	0	455112	0.000000	0.000000	1835633	1369207
SRR29459300	40	0	40	0	0	653292	0	509344	0.000000	0.000000	1835188	1316621
SRR29459324	24	5	19	1	9	856193	9	646360	0.263158	0.052632	1820454	1169302
SRR29459326	6	0	6	0	0	635542	0	446978	0.000000	0.000000	1737094	1297992
SRR29459343	52	10	42	2	575	856193	301	634471	0.238095	0.047619	1762740	1122168
SRR29459344	43	7	36	2	7	790450	7	557390	0.194444	0.055556	1813856	1240604
SRR29459352	45	6	39	1	8	716908	8	485571	0.153846	0.025641	1817419	1331718
SRR29459359	242	191	51	3	25681	597129	12135	427782	3.745098	0.058824	1710111	1271674
SRR29459377	28	0	28	0	0	610117	0	455151	0.000000	0.000000	1834104	1367859
SRR29459383	46	3	43	1	10	876082	9	655062	0.069767	0.023256	1793726	1130238
SRR29459390	25	0	25	0	0	662115	0	488884	0.000000	0.000000	1736623	1252922
SRR29459394	58	3	55	1	22	836102	22	622210	0.054545	0.018182	1736477	1109379
SRR29459395	25	16	9	3	15464	589632	5641	452793	1.777778	0.333333	1814072	1352142
SRR29459433	44	0	44	0	0	856184	0	638297	0.000000	0.000000	1799667	1156102
SRR29459448	48	3	45	1	3	895621	3	706484	0.066667	0.022222	1870815	1153534
SRR29459455	29	0	29	0	0	865164	0	647110	0.000000	0.000000	1823544	1165030
SRR29459456	68	4	64	1	4	989282	4	763749	0.062500	0.015625	1841452	1074206
SRR29459468	42	0	42	0	0	635218	0	487928	0.000000	0.000000	1889803	1414407
SRR29459492	23	0	23	0	0	856184	0	688771	0.000000	0.000000	1892496	1202392
SRR29459498	32	3	29	1	16	607851	16	457381	0.103448	0.034483	1840620	1372212
SRR29459514	55	4	51	1	9	864981	9	639941	0.078431	0.019608	1803955	1151847
SRR29459527	35	0	35	0	0	1044680	0	820495	0.000000	0.000000	1907199	1080749
SRR29459530	111	86	25	3	56937	621666	2321	480592	3.440000	0.120000	1868072	1380905
SRR29459538	95	60	35	4	13409	865540	5940	699114	1.714286	0.114286	1855552	1158553
SRR29459546	84	17	67	3	43	1042971	43	822019	0.253731	0.044776	1913175	1083945
SRR29459560	23	4	19	1	11	607862	11	432305	0.210526	0.052632	1757727	1314288
SRR29459561	32	0	32	0	0	1005624	0	774030	0.000000	0.000000	1894760	1112435
SRR29459569	51	7	44	2	85	607932	82	437345	0.159091	0.045455	1776023	1327367
SRR29459585	40	0	40	0	0	660775	0	517007	0.000000	0.000000	1839996	1311976
SRR29462689	45	7	38	1	12189	1014677	7086	851329	0.184211	0.026316	1821169	951149
SRR29462713	64	4	60	1	175	610292	69	458425	0.066667	0.016667	1844442	1375275
SRR29462714	21	0	21	0	0	635481	0	526807	0.000000	0.000000	1988530	1475947
SRR29462719	28	0	28	0	0	869797	0	667636	0.000000	0.000000	1837606	1166789
SRR29462739	1399	1146	253	21	297637	910799	279150	744182	4.529644	0.083004	1845733	1372456
SRR29462740	30	0	30	0	0	864972	0	651284	0.000000	0.000000	1828062	1164411
SRR29462749	36	0	36	0	0	660775	0	522580	0.000000	0.000000	1851587	1319502
SRR29462866	38	28	10	2	3237	978157	749	828156	2.800000	0.200000	1951151	1118724
SRR29462877	47	7	40	2	10	1044683	10	819107	0.175000	0.050000	1906408	1081042
SRR29462880	33	12	21	3	24	978161	24	823022	0.571429	0.142857	1941831	1113665
SRR29462885	52	3	49	1	3	635218	3	527085	0.061224	0.020408	1999257	1487359
SRR29462888	19	0	19	0	0	746546	0	596719	0.000000	0.000000	1958975	1353450
SRR29462913	15	0	15	0	0	658615	0	493680	0.000000	0.000000	1894297	1403835
SRR29462921	393	362	31	3	24159	613461	18206	514560	11.677420	0.096774	1972360	1478437
SRR29462928	42	0	42	0	0	839238	0	645803	0.000000	0.000000	1817919	1167672
SRR29462935	30	4	26	1	4	716703	4	518130	0.153846	0.038462	1906021	1387727
SRR29462955	26	0	26	0	0	974714	0	766913	0.000000	0.000000	1868233	1097971
SRR29462961	163	120	43	2	5290	978164	5279	834522	2.790698	0.046512	1941679	1103216
SRR29462988	39	11	28	2	28	607857	28	460160	0.392857	0.071429	1848541	1378414
SRR29462996	19	3	16	1	37	852836	37	646359	0.187500	0.062500	1811470	1157710
SRR29462997	28	0	28	0	0	607851	0	455486	0.000000	0.000000	1835825	1369060
SRR29462998	45	0	45	0	0	593097	0	458835	0.000000	0.000000	1846202	1376795
SRR29462999	66	11	55	2	3192	855572	3187	670809	0.200000	0.036364	1838828	1167367
SRR29463009	29	0	29	0	0	869788	0	669000	0.000000	0.000000	1841197	1169416
SRR29463088	181	91	90	2	6639	635467	4767	537701	1.011111	0.022222	1997403	1474534
SRR29463096	3	0	3	0	0	658615	0	493428	0.000000	0.000000	1892311	1402568
SRR29463108	13	0	13	0	0	845540	0	647029	0.000000	0.000000	1811859	1158853
SRR29463115	36	0	36	0	0	978157	0	825214	0.000000	0.000000	1932126	1101921
SRR29463122	48	3	45	1	10	593097	10	459854	0.066667	0.022222	1848948	1378701
SRR29463133	24	8	16	2	12	869800	12	644230	0.500000	0.125000	1804351	1152847
SRR29463141	39	0	39	0	0	660775	0	542428	0.000000	0.000000	1875972	1328133
SRR29463152	0	0	0	0	0	679346	0	564599	0.000000	0.000000	2004441	1441637
SRR29463156	47	0	47	0	0	610117	0	459466	0.000000	0.000000	1846475	1376255
SRR29463170	41	3	38	1	94	978251	94	830610	0.078947	0.026316	1953484	1118115
SRR29463194	291	264	27	3	57467	869796	10250	661045	9.777778	0.111111	1830325	1162793
SRR29463200	53	12	41	2	32	844980	31	650136	0.292683	0.048780	1820131	1165503
SRR29463201	25	5	20	1	9	869809	9	669865	0.250000	0.050000	1841529	1168338
SRR29463207	21	0	21	0	0	856196	0	663963	0.000000	0.000000	1856746	1186479
SRR29463211	38	0	38	0	0	989282	0	774231	0.000000	0.000000	1858025	1079429
SRR29463220	38	6	32	1	8817	865532	4262	668810	0.187500	0.031250	1840162	1168776
SRR29463245	12	0	12	0	0	658615	0	499430	0.000000	0.000000	1893928	1397689
SRR29463247	52	0	52	0	0	635218	0	529783	0.000000	0.000000	1989444	1474898
SRR29463249	5	0	5	0	0	852836	0	648884	0.000000	0.000000	1817229	1161196
SRR29463250	26	5	21	1	5145	1012506	4136	846568	0.238095	0.047619	1811250	944313
SRR29463252	40	10	30	2	24	978163	24	828385	0.333333	0.066667	1945672	1111373
SRR29463255	62	5	57	1	9	990397	9	795328	0.087719	0.017544	1901421	1103342
SRR29463258	7	0	7	0	0	658618	0	492447	0.000000	0.000000	1890787	1401599
SRR29463260	21	0	21	0	0	882353	0	647597	0.000000	0.000000	1821327	1162881
SRR29463261	22	0	22	0	0	990397	0	793171	0.000000	0.000000	1897642	1101724
SRR29463299	371	320	51	3	9089	700092	7275	530725	6.274510	0.058824	1851010	1309827
SRR29463303	50	0	50	0	0	978157	0	827208	0.000000	0.000000	1949958	1118170
SRR29463315	30	12	18	2	14067	872419	7550	661935	0.666667	0.111111	1824038	1158327
SRR29463349	45	0	45	0	0	636570	0	625008	0.000000	0.000000	2118232	1510475
SRR29463356	266	219	47	1	50259	635481	9004	532698	4.659575	0.021277	2005550	1487447
SRR29463361	123	57	66	2	5665	864993	4422	657221	0.863636	0.030303	1837686	1171355
SRR29463370	4	4	0	1	9	882353	9	655171	0.000000	0.000000	1839645	1174582
SRR29463371	3	0	3	0	0	882344	0	652187	0.000000	0.000000	1831530	1169163
SRR29463372	41	17	24	3	5476	863053	3274	711885	0.708333	0.125000	1879819	1171781
SRR29463393	65	15	50	3	32	1044701	32	822171	0.300000	0.060000	1911346	1083749
SRR29463396	26	0	26	0	0	864981	0	646293	0.000000	0.000000	1818063	1160475
SRR29463417	116	45	71	4	10884	856193	6998	670050	0.633803	0.056338	1852986	1182556
SRR29463418	30	9	21	1	15	1026161	14	813564	0.428571	0.047619	1870784	1053598
SRR29463436	30	0	30	0	0	856184	0	649354	0.000000	0.000000	1830875	1177139
SRR29463450	66	40	26	2	53862	115285	6354	22478	1.538462	0.076923	1847555	1810060
SRR29463453	50	0	50	0	0	844979	0	650277	0.000000	0.000000	1820621	1165336
SRR29463454	16	0	16	0	0	895492	0	695210	0.000000	0.000000	1865753	1157898
SRR29463458	27	0	27	0	0	856184	0	666561	0.000000	0.000000	1863707	1191689
SRR29463463	16	0	16	0	0	865155	0	648233	0.000000	0.000000	1827150	1167636
SRR29463465	58	3	55	1	209	593306	157	452168	0.054545	0.018182	1822674	1362241
SRR29463505	43	10	33	3	75	110355	75	15159	0.303030	0.090909	1834311	1804857
SRR29463513	1628	1563	65	3	131272	658179	33125	514139	24.046154	0.046154	1964235	1466877
SRR29463569	54	11	43	1	52	639595	52	527774	0.255814	0.023256	1977645	1463818
SRR29463583	15	0	15	0	0	882344	0	653241	0.000000	0.000000	1837196	1173141
SRR29463611	28	6	22	2	762	853322	750	669209	0.272727	0.090909	1840799	1168708
SRR29463613	38	0	38	0	0	658215	0	568493	0.000000	0.000000	2008568	1450092
SRR29463630	37	0	37	0	0	716699	0	557598	0.000000	0.000000	1922052	1374744
SRR29463640	979	916	63	3	146857	753521	53580	595493	14.539682	0.047619	1968491	1370093
SRR29463648	7	0	7	0	0	658615	0	493919	0.000000	0.000000	1894437	1404212
SRR29463667	25	0	25	0	0	790443	0	574817	0.000000	0.000000	1850397	1263400
SRR29463671	100	7	93	2	13	895496	13	647951	0.075269	0.021505	1815878	1155891
SRR29463681	6	0	6	0	0	593097	0	451369	0.000000	0.000000	1823600	1360714
SRR29475330	27	4	23	1	9	882353	9	652963	0.173913	0.043478	1835454	1172006
SRR29475353	9	0	9	0	0	865155	0	649117	0.000000	0.000000	1815647	1155662
SRR29475400	46	0	46	0	0	658182	0	466506	0.000000	0.000000	1779923	1322391
SRR29475436	16	0	16	0	0	679346	0	574115	0.000000	0.000000	2019951	1447161
SRR29475451	15	7	8	1	730	716703	675	499356	0.875000	0.125000	1783128	1292087
SRR29475452	42	0	42	0	0	607851	0	443289	0.000000	0.000000	1796667	1340459
SRR29475497	31	0	31	0	0	610117	0	448288	0.000000	0.000000	1811494	1350702
SRR29475504	41	12	29	2	52	1183426	52	963074	0.413793	0.068966	1900321	933145
SRR29475509	39	6	33	1	16	607851	16	449171	0.181818	0.030303	1817437	1356049
SRR29475593	52	28	24	3	104246	746546	21847	516964	1.166667	0.125000	1752589	1228477
SRR29475614	68	0	68	0	0	716908	0	497234	0.000000	0.000000	1852522	1354142
SRR29475632	13	3	10	1	3	643720	3	452287	0.300000	0.100000	1810221	1343037
SRR29475660	48	0	48	0	0	635218	0	485570	0.000000	0.000000	1861553	1394676
SRR29475770	34	0	34	0	0	839930	0	660489	0.000000	0.000000	1823742	1159211
SRR29475827	50	0	50	0	0	1044680	0	826134	0.000000	0.000000	1916995	1086530
SRR29475856	101	5	96	1	9	836047	9	638248	0.052083	0.010417	1798272	1148868
SRR29475857	23	3	20	1	9	865164	9	646366	0.150000	0.050000	1821879	1164019
SRR29475870	170	110	60	1	53922	856184	5796	653917	1.833333	0.016667	1826227	1167764
SRR29475871	39	0	39	0	0	864981	0	629644	0.000000	0.000000	1772678	1132104
SRR29475896	25	0	25	0	0	869797	0	661477	0.000000	0.000000	1824210	1158353
SRR29475904	89	28	61	4	15731	865070	7494	658418	0.459016	0.065574	1749656	1091503
SRR29475909	47	5	42	1	1669	882344	1497	613465	0.119048	0.023810	1716193	1092048
SRR29475936	49	3	46	1	9	895621	9	693521	0.065217	0.021739	1837152	1133668
SRR29475938	32	3	29	1	16	660791	16	519916	0.103448	0.034483	1847247	1316547
SRR29475939	3	0	3	0	0	607851	0	456219	0.000000	0.000000	1837048	1369854
SRR29475940	38	4	34	1	6	636576	6	564873	0.117647	0.029412	2047969	1497400
SRR29475941	31	0	31	0	0	692244	0	530649	0.000000	0.000000	1800949	1259506
SRR29475945	39	9	30	2	8686	610117	4472	467723	0.300000	0.066667	1843192	1364747
SRR29475962	199	81	118	4	97414	733241	16912	563658	0.686441	0.033898	1874420	1303332
SRR29475977	49	0	49	0	0	610117	0	426295	0.000000	0.000000	1756281	1314253
SRR29475987	57	3	54	1	3	969006	3	755031	0.055556	0.018519	1857067	1100114
SRR29475990	26	0	26	0	0	616739	0	457297	0.000000	0.000000	1871626	1416466
SRR29476024	44	9	35	2	61	856193	61	647375	0.257143	0.057143	1824059	1172113
SRR29476040	17	3	14	1	3	865163	3	643329	0.214286	0.071429	1812616	1157531
SRR29476080	28	3	25	1	522	869788	200	659502	0.120000	0.040000	1820535	1156465
SRR29476115	38	0	38	0	0	593097	0	454386	0.000000	0.000000	1832912	1367045
SRR29476116	19	6	13	1	18	988559	18	837609	0.461538	0.076923	1948648	1105145
SRR29476117	153	118	35	3	15798	847604	7323	664013	3.371428	0.085714	1831497	1164825
SRR29476121	12	0	12	0	0	658615	0	492463	0.000000	0.000000	1891797	1402656
SRR29476180	17	0	17	0	0	882353	0	667014	0.000000	0.000000	1844138	1164947
SRR29476211	2174	2078	96	26	340048	887902	303358	734148	21.645834	0.270833	1850232	1209275
SRR29476217	33	6	27	2	233	990397	233	816394	0.222222	0.074074	1879981	1060546
SRR29476232	11	0	11	0	0	856193	0	646862	0.000000	0.000000	1819054	1166934
SRR29476238	48	0	48	0	0	982997	0	804637	0.000000	0.000000	1901895	1087152
SRR29479967	51	7	44	2	9	610126	9	459437	0.159091	0.045455	1848525	1378786
SRR29479972	17	0	17	0	0	865155	0	650396	0.000000	0.000000	1832316	1170684
SRR29479974	40	4	36	1	6	593103	6	456668	0.111111	0.027778	1841593	1373750
SRR29479987	109	32	77	2	2868	635228	1398	537995	0.415584	0.025974	1942045	1421272
SRR29479996	44	0	44	0	0	610117	0	457935	0.000000	0.000000	1842257	1373303
SRR29480017	43	0	43	0	0	109751	0	14965	0.000000	0.000000	1833403	1804784
SRR29480032	22	5	17	1	10	856184	10	652364	0.294118	0.058824	1839092	1182376
SRR29480053	23	6	17	1	12	870349	11	649114	0.352941	0.058824	1829248	1175823
SRR29480059	106	57	49	2	983	864981	498	645883	1.163265	0.040816	1818525	1162495
SRR29480071	29	0	29	0	0	839238	0	649141	0.000000	0.000000	1828560	1175311
SRR29480095	24	0	24	0	0	616739	0	463296	0.000000	0.000000	1893824	1432656
SRR29480118	29	6	23	1	10443	836679	5875	663442	0.260870	0.043478	1828667	1163220
SRR29480123	32	0	32	0	0	658215	0	568790	0.000000	0.000000	2027696	1468414
SRR29480130	14	0	14	0	0	658615	0	489118	0.000000	0.000000	1880635	1394846
SRR29480142	2	0	2	0	0	990397	0	787374	0.000000	0.000000	1888433	1097019
SRR29480149	285	232	53	2	12454	990410	12079	800628	4.377358	0.037736	1901513	1099268
SRR29480152	41	0	41	0	0	636570	0	624106	0.000000	0.000000	2113767	1506451
SRR29480172	29	0	29	0	0	607851	0	456483	0.000000	0.000000	1837018	1369527
SRR29480222	42	12	30	2	16	865171	16	667550	0.400000	0.066667	1849798	1173438
SRR29480223	20	0	20	0	0	895932	0	645247	0.000000	0.000000	1807513	1149692
SRR29480233	46	0	46	0	0	969006	0	757373	0.000000	0.000000	1860027	1100425
SRR29480236	12	0	12	0	0	593261	0	449137	0.000000	0.000000	1822345	1363342
SRR29480239	28	0	28	0	0	856193	0	650547	0.000000	0.000000	1834347	1179223
SRR29480290	45	9	36	1	14594	610239	7547	478786	0.250000	0.027778	1868553	1383781
SRR29480318	26	3	23	1	4	658619	4	481440	0.130435	0.043478	1856493	1379044
SRR29480322	37	0	37	0	0	852925	0	641945	0.000000	0.000000	1797229	1147511
SRR29480323	27	6	21	1	9	864981	9	647103	0.285714	0.047619	1822806	1164741
SRR29480324	30	0	30	0	0	869797	0	658432	0.000000	0.000000	1814364	1151040
SRR29480326	20	5	15	1	9	852845	9	648109	0.333333	0.066667	1815931	1160308
SRR29480327	46	5	41	1	14793	635228	2615	525155	0.121951	0.024390	1979624	1470086
SRR29480328	7	0	7	0	0	978157	0	814200	0.000000	0.000000	1913092	1093551
SRR29480329	50	5	45	1	9	852845	9	664333	0.111111	0.022222	1831435	1162754
SRR29480330	43	9	34	1	7134	978157	3901	818742	0.264706	0.029412	1933490	1108866
SRR29480331	76	3	73	1	9	836846	9	646098	0.041096	0.013699	1809928	1158346
SRR29480343	18	0	18	0	0	875830	0	636907	0.000000	0.000000	1754420	1111868
SRR29480344	30	0	30	0	0	869797	0	667062	0.000000	0.000000	1837091	1166222
SRR29480357	67	6	61	1	10382	663397	3422	529031	0.098361	0.016393	1851386	1312426
SRR29480366	1	0	1	0	0	610117	0	457713	0.000000	0.000000	1831362	1362538
SRR29480367	3	0	3	0	0	610117	0	453381	0.000000	0.000000	1820418	1354364
SRR29480379	32	5	27	1	241	845108	62	665445	0.185185	0.037037	1832428	1165247
SRR29480384	13	0	13	0	0	658615	0	490406	0.000000	0.000000	1885401	1398516
SRR29480396	38	12	26	2	113	607851	113	458441	0.461538	0.076923	1843113	1373924
SRR29480412	72	0	72	0	0	690556	0	525669	0.000000	0.000000	1855352	1310493
SRR29480433	36	3	33	1	3	610117	3	439547	0.090909	0.030303	1799263	1345983
SRR29480448	39	0	39	0	0	610117	0	458657	0.000000	0.000000	1845221	1375912
SRR29480467	36	0	36	0	0	852925	0	666902	0.000000	0.000000	1835782	1165195
SRR29480479	26	0	26	0	0	607851	0	458960	0.000000	0.000000	1841243	1371834
SRR29480484	37	0	37	0	0	746546	0	586116	0.000000	0.000000	1949519	1354808
SRR29480485	32	0	32	0	0	109739	0	15695	0.000000	0.000000	1836233	1807182
SRR29480489	46	15	31	1	19441	874437	7731	577514	0.483871	0.032258	1561164	982615
SRR29480508	26	6	20	1	8	607851	8	455351	0.300000	0.050000	1836089	1369990
SRR29480509	57	13	44	1	19604	665424	10274	533730	0.295455	0.022727	1855069	1314077
SRR29480514	435	394	41	3	13425	644015	10295	557114	9.609756	0.073171	2020994	1489647
SRR29480535	1783	1753	30	15	364745	1117535	210702	881570	58.433334	0.500000	1911492	1067146
SRR29480562	304	287	17	2	8837	755343	6862	600009	16.882353	0.117647	1968598	1366344
SRR29480581	37	4	33	1	9	882353	9	643764	0.121212	0.030303	1812161	1156702
SRR29480589	24	0	24	0	0	865164	0	647266	0.000000	0.000000	1824661	1165606
SRR29480639	70	3	67	1	115	836952	114	653399	0.044776	0.014925	1810128	1150323
SRR29480642	11	0	11	0	0	110284	0	14313	0.000000	0.000000	1820397	1791641
SRR29480644	20	3	17	1	14	658615	9	477679	0.176471	0.058824	1847507	1372248
SRR29480666	386	323	63	2	91990	976996	14009	772613	5.126984	0.031746	1873327	1100977
SRR29480702	21	0	21	0	0	844980	0	642580	0.000000	0.000000	1798185	1150521
SRR29480712	44	0	44	0	0	844979	0	650432	0.000000	0.000000	1820771	1165100
SRR29480754	26	0	26	0	0	856184	0	667146	0.000000	0.000000	1864609	1192085
SRR29480764	9	0	9	0	0	990397	0	774093	0.000000	0.000000	1857072	1081164
SRR29480765	44	4	40	1	9	667199	9	522960	0.100000	0.025000	1871268	1342273
SRR29480805	22	0	22	0	0	882344	0	646415	0.000000	0.000000	1818635	1161125
SRR29480807	31	0	31	0	0	790443	0	557570	0.000000	0.000000	1813016	1240903
SRR29480818	26	5	21	1	9	607851	9	457817	0.238095	0.047619	1842759	1373862
SRR29480819	31	0	31	0	0	640609	0	477313	0.000000	0.000000	1799572	1298337
SRR29480845	29	6	23	1	21	978178	21	820503	0.260870	0.043478	1943689	1118675
SRR29480875	67	12	55	3	16	856196	16	651442	0.218182	0.054545	1836320	1180499
SRR29480888	62	6	56	1	43	653292	43	504724	0.107143	0.017857	1819661	1305155
SRR29480903	2351	2213	138	20	308915	897246	248851	715652	16.036232	0.144928	1862228	1276058
SRR29480912	45	0	45	0	0	593097	0	447914	0.000000	0.000000	1815096	1355049
SRR29480917	28	0	28	0	0	643717	0	455125	0.000000	0.000000	1817870	1348825
SRR29480924	86	11	75	2	14	836054	14	664240	0.146667	0.026667	1829156	1163534
SRR29480962	9	0	9	0	0	658615	0	491666	0.000000	0.000000	1889481	1400857
SRR29488951	19	0	19	0	0	869797	0	643723	0.000000	0.000000	1801857	1150462
SRR29488956	51	7	44	2	8	839238	8	639815	0.159091	0.045455	1807060	1162103
SRR29488997	54	0	54	0	0	852925	0	648507	0.000000	0.000000	1816340	1160839
SRR29488999	38	5	33	1	5415	844979	3324	681782	0.151515	0.030303	1863989	1178736
SRR29489000	39	0	39	0	0	869788	0	667228	0.000000	0.000000	1837359	1166361
SRR29489075	20	0	20	0	0	869797	0	649582	0.000000	0.000000	1819147	1162552
SRR29489104	54	0	54	0	0	856184	0	670723	0.000000	0.000000	1854132	1182778
SRR29489110	36	0	36	0	0	988473	0	808427	0.000000	0.000000	1896470	1099608
SRR29489177	49	0	49	0	0	852845	0	646638	0.000000	0.000000	1810712	1157088
SRR29489178	45	3	42	1	3	869788	3	669313	0.071429	0.023810	1838195	1166052
SRR29489203	18	0	18	0	0	865164	0	651648	0.000000	0.000000	1835495	1173455
SRR29489205	58	0	58	0	0	969006	0	756697	0.000000	0.000000	1858501	1100019
SRR29489226	33	0	33	0	0	635218	0	527111	0.000000	0.000000	2001310	1489777
SRR29489240	18	6	12	1	7010	872419	2960	668601	0.500000	0.083333	1839569	1167686
SRR29489241	342	310	32	3	42406	613871	10616	496237	9.687500	0.093750	1893222	1397377
SRR29489268	44	8	36	2	811	1044683	789	820606	0.222222	0.055556	1909331	1083460
SRR29489273	17	3	14	1	160	1006554	120	842222	0.214286	0.071429	1926883	1080049
SRR29489290	71	18	53	2	762	978171	363	828266	0.339623	0.037736	1951344	1118788
SRR29489291	29	4	25	1	19	610117	19	458733	0.160000	0.040000	1845151	1375934
SRR29489292	610	518	92	5	65378	1044680	60491	829281	5.630435	0.054348	1922706	1088628
SRR29489301	16	5	11	1	9	870358	9	649115	0.454545	0.090909	1828935	1175591
SRR29489307	21	0	21	0	0	637225	0	491129	0.000000	0.000000	1835536	1326099
SRR29489311	30	0	30	0	0	869797	0	671026	0.000000	0.000000	1844064	1170345
SRR29489320	23	0	23	0	0	637234	0	489663	0.000000	0.000000	1831480	1323300
SRR29489337	39	3	36	1	10	662125	10	567682	0.083333	0.027778	2018959	1459814
SRR29489348	50	0	50	0	0	635218	0	527821	0.000000	0.000000	2000495	1487924
SRR29489349	21	4	17	1	10	607851	10	457575	0.235294	0.058824	1842148	1374121
SRR29489360	31	9	22	1	10955	872419	5340	665291	0.409091	0.045455	1832337	1163969
SRR29489378	30	0	30	0	0	610117	0	459780	0.000000	0.000000	1846368	1376523
SRR29489392	41	3	38	1	43	990397	36	809583	0.078947	0.026316	1886076	1073433
SRR29489393	62	0	62	0	0	988473	0	799631	0.000000	0.000000	1878042	1085390
SRR29489411	9	5	4	1	9	869797	9	672742	1.250000	0.250000	1848092	1174201
SRR29489422	4	0	4	0	0	869797	0	672371	0.000000	0.000000	1847924	1174065
SRR29489427	75	6	69	1	20	856184	16	651448	0.086957	0.014493	1835237	1179724
SRR29489450	39	0	39	0	0	110284	0	14624	0.000000	0.000000	1821460	1792444
SRR29489491	70	27	43	2	916	978157	463	822259	0.627907	0.046512	1938734	1111249
SRR29489514	56	4	52	1	10	662115	10	565596	0.076923	0.019231	2007630	1451223
SRR29489522	368	321	47	3	21625	978681	11375	835443	6.829787	0.063830	1963595	1125449
SRR29489563	64	0	64	0	0	870349	0	649770	0.000000	0.000000	1832653	1178238
SRR29489583	32	0	32	0	0	1042965	0	825995	0.000000	0.000000	1919615	1087337
SRR29489584	25	5	20	1	8147	1014669	3154	850045	0.250000	0.050000	1818411	948408
SRR29489585	28	10	18	1	76	869797	76	667809	0.555556	0.055556	1838009	1167226
SRR29489593	35	6	29	1	11	1042964	11	820058	0.206897	0.034483	1908993	1083865
SRR29489597	36	0	36	0	0	658615	0	491624	0.000000	0.000000	1888339	1400421
SRR29489612	407	351	56	3	52979	869921	29074	740513	6.267857	0.053571	1902239	1167559
SRR29489626	38	3	35	1	3	895495	3	692532	0.085714	0.028571	1858314	1152668
SRR29489637	35	5	30	1	9	864981	9	651980	0.166667	0.033333	1835751	1173006
SRR29489643	1056	943	113	10	239858	963303	219089	778963	8.345133	0.088496	1828415	1159830
SRR29489654	38	0	38	0	0	660775	0	517240	0.000000	0.000000	1839453	1311373
SRR29489656	20	0	20	0	0	969006	0	754941	0.000000	0.000000	1855399	1098305
SRR29489657	46	0	46	0	0	974455	0	765355	0.000000	0.000000	1863080	1092379
SRR29489659	333	280	53	2	8804	644022	6897	530299	5.283019	0.037736	1955313	1450594
SRR29489667	70	40	30	1	663	610117	663	479200	1.333333	0.033333	1868523	1382457
SRR29489670	45	4	41	1	4	635218	4	519942	0.097561	0.024390	1980860	1475693
SRR29489676	36	3	33	1	7	990397	7	792433	0.090909	0.030303	1897282	1100898
SRR29489703	31	6	25	1	73693	658615	6183	479725	0.240000	0.040000	1851975	1373638
SRR29489704	44	12	32	2	7631	872419	1953	656848	0.375000	0.062500	1814577	1152208
SRR29489726	17	0	17	0	0	869196	0	654801	0.000000	0.000000	1858848	1207637
SRR29489745	131	23	108	2	3652	841048	3649	650142	0.212963	0.018519	1827791	1176868
SRR29489763	18	0	18	0	0	616739	0	460620	0.000000	0.000000	1865109	1409787
SRR29489765	20	3	17	1	3	658615	3	493079	0.176471	0.058824	1893272	1403545
SRR29489767	30	0	30	0	0	658615	0	482028	0.000000	0.000000	1880502	1402181
SRR29489770	39	0	39	0	0	865155	0	651815	0.000000	0.000000	1836670	1173986
SRR29489785	20	0	20	0	0	607851	0	460048	0.000000	0.000000	1848583	1378267
SRR29489786	20	0	20	0	0	616739	0	463951	0.000000	0.000000	1894994	1433533
SRR29489794	40	15	25	2	11183	855547	5754	666443	0.600000	0.080000	1835279	1165755
SRR29489795	56	15	41	1	577	690567	572	549927	0.365854	0.024390	1883856	1319077
SRR29489815	93	30	63	2	918	1026161	488	807823	0.476190	0.031746	1867864	1056155
SRR29489852	1033	919	114	13	225163	259471	130793	145875	8.061403	0.114035	1835194	1804908
SRR29489853	29	0	29	0	0	856193	0	646922	0.000000	0.000000	1822970	1171606
SRR29489854	1144	1095	49	4	151757	687489	62326	558824	22.346939	0.081633	1965978	1431958
SRR29489855	25	14	11	3	12490	872422	5544	661694	1.272727	0.272727	1820896	1154529
SRR29489856	23	0	23	0	0	610117	0	457345	0.000000	0.000000	1839858	1371628
SRR29489857	15	0	15	0	0	658615	0	495324	0.000000	0.000000	1899333	1407249
SRR29489858	43	3	40	1	13	593097	12	447938	0.075000	0.025000	1821913	1362368
SRR29489859	31	0	31	0	0	658615	0	492716	0.000000	0.000000	1891770	1402676
SRR29489860	10	3	7	1	7	658615	7	492620	0.428571	0.142857	1890752	1401319
SRR29489861	42	6	36	1	18	978157	18	825394	0.166667	0.027778	1947052	1116719
SRR29489862	10	0	10	0	0	607851	0	460287	0.000000	0.000000	1848876	1378678
SRR29489863	59	10	49	2	556	865528	198	648872	0.204082	0.040816	1830107	1170400
SRR29489901	57	13	44	2	5334	869983	4365	669811	0.295455	0.045455	1842940	1170427
SRR29489918	1129	1035	94	13	191491	806347	171287	649939	11.010638	0.138298	1844302	1310207
SRR29489929	300	248	52	3	6595	870253	6119	666208	4.769231	0.057692	1833974	1164793
SRR29489934	25	5	20	1	5171	658615	5151	490760	0.250000	0.050000	1883745	1396437
SRR29491033	15	0	15	0	0	658615	0	493242	0.000000	0.000000	1892501	1402882
SRR29491094	573	538	35	4	96690	1078930	86567	878481	15.371428	0.114286	1857626	1027460
SRR29491097	73	11	62	1	1446	870349	1446	664431	0.177419	0.016129	1855972	1185610
SRR29491098	65	9	56	1	109	716699	105	516908	0.160714	0.017857	1917512	1400446
SRR29491119	26	0	26	0	0	862918	0	647480	0.000000	0.000000	1812772	1158026
SRR29491125	144	125	19	2	57846	621705	1293	458634	6.578948	0.105263	1841698	1372109
SRR29491135	11	0	11	0	0	643717	0	478277	0.000000	0.000000	1842065	1349894
SRR29491144	75	36	39	2	7112	746546	6472	587823	0.923077	0.051282	1956385	1359563
SRR29491155	20	7	13	1	8	716703	8	519880	0.538462	0.076923	1846847	1336816
SRR29491156	232	169	63	6	124016	278182	100225	130491	2.682540	0.095238	1819311	1775299
SRR29491157	36	0	36	0	0	856184	0	647258	0.000000	0.000000	1823627	1171885
SRR29491160	178	76	102	2	59882	856184	4218	665539	0.745098	0.019608	1848787	1179861
SRR29491162	56	3	53	1	29	1042965	7	823297	0.056604	0.018868	1914347	1084843
SRR29491199	605	522	83	4	160505	1034374	138004	814440	6.289156	0.048193	1913320	1105868
SRR29491201	76	18	58	1	20470	878122	9220	683954	0.310345	0.017241	1818883	1134704
SRR29491205	75	15	60	3	799	978157	370	771989	0.250000	0.050000	1835288	1058888
SRR29491210	91	14	77	3	8238	857973	3529	663879	0.181818	0.038961	1842980	1176410
SRR29491234	28	0	28	0	0	607851	0	456961	0.000000	0.000000	1838284	1370671
SRR29491267	34	0	34	0	0	869797	0	636617	0.000000	0.000000	1778980	1136764
SRR29491285	22	0	22	0	0	864981	0	667475	0.000000	0.000000	1849299	1173517
SRR29491286	53	0	53	0	0	635218	0	519474	0.000000	0.000000	1978086	1473258
SRR29491294	21	0	21	0	0	607851	0	456876	0.000000	0.000000	1841577	1373020
SRR29491362	13	0	13	0	0	658615	0	494018	0.000000	0.000000	1894874	1404261
SRR29491369	29	0	29	0	0	658615	0	491307	0.000000	0.000000	1888353	1400555
SRR29491371	24	0	24	0	0	607851	0	450907	0.000000	0.000000	1821689	1358931
SRR29491391	118	102	16	1	4820	882344	3011	657995	6.375000	0.062500	1836444	1169153
SRR29491405	54	0	54	0	0	844971	0	645023	0.000000	0.000000	1807209	1156359
SRR29491413	47	0	47	0	0	990397	0	787288	0.000000	0.000000	1888890	1097578
SRR29491421	27	12	15	3	16	865165	16	621615	0.800000	0.200000	1743349	1111112
SRR29491470	48	7	41	1	3305	869797	2546	666599	0.170732	0.024390	1836037	1165359
SRR29491488	52	4	48	1	9	864981	9	648952	0.083333	0.020833	1830363	1170089
SRR29491495	134	101	33	1	57006	882360	4055	654858	3.060606	0.030303	1836309	1170708
SRR29491509	14	0	14	0	0	658615	0	494114	0.000000	0.000000	1895954	1405343
SRR29491524	58	37	21	1	271	616739	271	458020	1.761905	0.047619	1871647	1416624
SRR29491525	37	0	37	0	0	852836	0	629454	0.000000	0.000000	1756077	1118665
SRR29491526	3	0	3	0	0	836837	0	645112	0.000000	0.000000	1807379	1156702
SRR29491527	1	0	1	0	0	836837	0	645534	0.000000	0.000000	1807561	1156695
SRR29491539	41	13	28	2	9391	640609	4641	486913	0.464286	0.071429	1825588	1316104
SRR29491543	27	0	27	0	0	865155	0	647842	0.000000	0.000000	1825637	1166736
SRR29491544	25	0	25	0	0	988559	0	833613	0.000000	0.000000	1941280	1100829
SRR29491581	27	5	22	1	13	836102	13	647974	0.227273	0.045455	1814396	1161757
SRR29491612	48	5	43	1	47	662115	47	564630	0.116279	0.023256	2016982	1460447
SRR29491635	36	4	32	1	12	978157	10	828689	0.125000	0.031250	1952602	1119198
SRR29491656	1973	1897	76	9	192016	987263	110918	811900	24.960526	0.118421	1902845	1109456
SRR29491664	44	5	39	1	13	882360	10	625506	0.128205	0.025641	1758643	1120853
SRR29491676	25	3	22	1	9	850554	9	650451	0.136364	0.045455	1791189	1133980
SRR29491677	30	3	27	1	9	865164	9	645034	0.111111	0.037037	1818031	1161754
SRR29491715	31	3	28	1	4	1006554	4	844202	0.107143	0.035714	1917889	1069213
SRR29491722	1688	1649	39	13	360149	1071314	202825	802096	42.282051	0.333333	1850114	1096171
SRR29491736	49	0	49	0	0	109739	0	14581	0.000000	0.000000	1824589	1796315
SRR29491737	43	16	27	3	26	852925	21	664634	0.592593	0.111111	1832696	1164038
SRR29491742	86	38	48	1	24724	621388	868	424143	0.791667	0.020833	1721381	1285370
SRR29491760	65	7	58	1	2674	635218	1752	516427	0.120690	0.017241	1947298	1446001
SRR29491766	10	0	10	0	0	658615	0	490566	0.000000	0.000000	1885634	1398870
SRR29491783	64	7	57	1	15	836062	15	647397	0.122807	0.017544	1814301	1161631
SRR29491784	66	18	48	3	9940	1044680	4605	813492	0.375000	0.062500	1897860	1077342
SRR29491798	58	23	35	3	30	844983	30	657605	0.657143	0.085714	1827980	1163573
SRR29491819	50	7	43	1	4025	868997	3977	643050	0.162791	0.023256	1800568	1149947
SRR29491823	25	0	25	0	0	865155	0	617323	0.000000	0.000000	1735097	1106580
SRR29491828	54	0	54	0	0	1026161	0	795633	0.000000	0.000000	1842813	1041943
SRR29491835	33	3	30	1	139	1044680	38	816233	0.100000	0.033333	1900989	1078606
SRR29491840	20	0	20	0	0	607851	0	456658	0.000000	0.000000	1838473	1370998
SRR29491859	53	0	53	0	0	662115	0	554737	0.000000	0.000000	2001315	1454498
SRR29491946	22	5	17	1	9	869797	9	647870	0.294118	0.058824	1812609	1157475
SRR29491964	35	4	31	1	4	607851	4	457708	0.129032	0.032258	1843138	1374303
SRR29491968	162	133	29	2	2563	852845	1424	668561	4.586207	0.068966	1839339	1167690
SRR29491969	23	0	23	0	0	869797	0	664107	0.000000	0.000000	1829854	1161247
SRR29492024	30	5	25	1	9	865164	9	643515	0.200000	0.040000	1815064	1160339
SRR29506618	33	0	33	0	0	863034	0	696848	0.000000	0.000000	1853197	1160736
SRR29506636	39	7	32	2	80	110284	74	13541	0.218750	0.062500	1815324	1786844
SRR29506647	63	4	59	1	7	610124	7	439003	0.067797	0.016949	1775812	1325101
SRR29506676	14	0	14	0	0	616739	0	451600	0.000000	0.000000	1860395	1410401
SRR29506710	27	0	27	0	0	607851	0	456101	0.000000	0.000000	1829372	1362935
SRR29506724	21	0	21	0	0	643717	0	447678	0.000000	0.000000	1798113	1333872
SRR29506750	10	0	10	0	0	658615	0	491956	0.000000	0.000000	1888670	1400392
SRR29506758	26	7	19	1	3824	607851	2357	466565	0.368421	0.052632	1846027	1365882
SRR29506763	49	22	27	1	5584	844979	5584	672599	0.814815	0.037037	1860936	1180609
SRR29506764	23	0	23	0	0	658615	0	494036	0.000000	0.000000	1895514	1405023
SRR29506765	46	0	46	0	0	844979	0	650845	0.000000	0.000000	1822140	1166498
SRR29506767	164	128	36	2	7571	1064890	5650	845653	3.555556	0.055556	1919315	1074047
SRR29506777	26	0	26	0	0	746546	0	596067	0.000000	0.000000	1959145	1354234
SRR29506787	56	7	49	2	17	870366	17	649971	0.142857	0.040816	1828096	1173849
SRR29506792	29	3	26	1	64	895483	53	685456	0.115385	0.038462	1840082	1141881
SRR29506794	34	4	30	1	1162	869797	29	662419	0.133333	0.033333	1825027	1159079
SRR29506803	39	8	31	2	11	110291	11	13882	0.258065	0.064516	1817516	1789301
SRR29506829	84	4	80	1	61	1043013	49	825321	0.050000	0.012500	1917631	1087048
SRR29506832	50	4	46	1	50	593097	50	449674	0.086957	0.021739	1818307	1357546
SRR29506833	31	13	18	1	4879	876095	4041	691516	0.722222	0.055556	1844144	1150881
SRR29506878	367	346	21	1	24165	992417	18444	844910	16.476191	0.047619	1952098	1103979
SRR29506884	100	40	60	3	1383	870366	787	616658	0.666667	0.050000	1731926	1110316
SRR29506896	6	0	6	0	0	607851	0	454041	0.000000	0.000000	1829256	1363520
SRR29506897	34	0	34	0	0	660775	0	515557	0.000000	0.000000	1835840	1308131
SRR29506956	110	96	14	1	3663	923712	3402	713453	6.857143	0.071429	1897441	1180851
SRR29506959	53	0	53	0	0	1044680	0	816640	0.000000	0.000000	1900394	1077555
SRR29506973	52	10	42	2	7932	1052150	6038	819535	0.238095	0.047619	1893495	1068258
SRR29506975	5	0	5	0	0	635542	0	519177	0.000000	0.000000	1961018	1457908
SRR29506996	61	10	51	3	14	1042979	10	820554	0.196078	0.058824	1895368	1068215
SRR29507022	278	217	61	2	12847	602515	6961	470797	3.557377	0.032787	1843641	1368586
SRR29507044	34	9	25	1	4736	663351	4733	498229	0.360000	0.040000	1894210	1404350
SRR29507052	45	3	42	1	37	607617	36	460384	0.071429	0.023810	1850648	1380220
SRR29507053	35	0	35	0	0	978157	0	822147	0.000000	0.000000	1941561	1113964
SRR29507059	26	6	20	2	8	1064460	7	840531	0.300000	0.100000	1911428	1070451
SRR29507076	7	0	7	0	0	593097	0	454525	0.000000	0.000000	1832722	1366321
SRR29507129	58	12	46	1	24334	598917	14687	466400	0.260870	0.021739	1833087	1358988
SRR29507131	40	5	35	1	9	1012056	9	827329	0.142857	0.028571	1788383	937570
SRR29507139	29	6	23	1	12	607863	9	456701	0.260870	0.043478	1838597	1371115
SRR29507145	833	756	77	3	112335	770271	37910	619907	9.818182	0.038961	1984255	1355090
SRR29507157	117	61	56	2	1804	870349	1169	650698	1.089286	0.035714	1832213	1176153
SRR29507173	56	17	39	3	25112	850704	8609	659983	0.435897	0.076923	1814035	1147948
SRR29507203	57	6	51	2	12	856193	12	664301	0.117647	0.039216	1826817	1156255
SRR29507239	23	14	9	1	89471	658615	13631	451209	1.555556	0.111111	1785326	1333799
SRR29507241	55	0	55	0	0	989282	0	761888	0.000000	0.000000	1839180	1073603
SRR29507272	42	0	42	0	0	978157	0	830736	0.000000	0.000000	1956722	1121931
SRR29507280	69	0	69	0	0	635218	0	524768	0.000000	0.000000	1934883	1429028
SRR29507283	13	0	13	0	0	658615	0	492934	0.000000	0.000000	1892951	1403399
SRR29507289	28	5	23	1	9	856193	9	648286	0.217391	0.043478	1827646	1174715
SRR29507292	28	3	25	1	22	865160	22	647751	0.120000	0.040000	1825956	1167010
SRR29507294	64	4	60	1	14	989282	13	765975	0.066667	0.016667	1846305	1077105
SRR29507313	13	0	13	0	0	658615	0	493368	0.000000	0.000000	1891907	1401356
SRR29507317	35	3	32	1	10	616749	10	461461	0.093750	0.031250	1885443	1426258
SRR29507330	181	142	39	2	56468	874561	8253	700750	3.641026	0.051282	1843144	1139811
SRR29507359	28	0	28	0	0	885701	0	696739	0.000000	0.000000	1851331	1155253
SRR29507363	34	4	30	1	5	790448	5	566553	0.133333	0.033333	1838152	1258393
SRR29507369	62	9	53	2	12	610129	12	454439	0.169811	0.037736	1833528	1366841
SRR29507384	24	4	20	1	4	869797	4	640262	0.200000	0.050000	1793975	1145482
SRR29507450	53	3	50	1	9	856193	9	643591	0.060000	0.020000	1814661	1166071
SRR29507543	57	10	47	2	7355	865665	1918	710622	0.212766	0.042553	1879652	1171804
SRR29507561	24	3	21	1	9	865169	9	649565	0.142857	0.047619	1827859	1167367
SRR29507563	47	0	47	0	0	667199	0	515396	0.000000	0.000000	1880669	1362133
SRR29507599	4	0	4	0	0	607851	0	455683	0.000000	0.000000	1836374	1369649
SRR29507600	48	9	39	2	13	852845	13	643635	0.230769	0.051282	1801826	1150682
SRR29507705	8	0	8	0	0	660775	0	512012	0.000000	0.000000	1827549	1301992
SRR29507714	36	0	36	0	0	852836	0	650099	0.000000	0.000000	1820360	1163375
SRR29507729	16	7	9	1	8	716703	8	547416	0.777778	0.111111	1942480	1403301
SRR29507730	46	11	35	2	19	864991	19	650663	0.314286	0.057143	1833322	1171528
SRR29507731	15	0	15	0	0	856184	0	663135	0.000000	0.000000	1853464	1184704
SRR29507732	15	0	15	0	0	990397	0	822973	0.000000	0.000000	1893937	1067884
SRR29507745	55	15	40	2	987	594034	982	457589	0.375000	0.050000	1840012	1372537
SRR29507751	0	0	0	0	0	660775	0	519259	0.000000	0.000000	1846986	1315798
SRR29507756	34	5	29	1	9	859436	9	644665	0.172414	0.034483	1817212	1167222
SRR29507759	33	11	22	2	74	746556	74	595138	0.500000	0.090909	1957430	1353465
SRR29507783	56	0	56	0	0	593097	0	457261	0.000000	0.000000	1848918	1379729
SRR29507807	16	6	10	1	18	988559	18	840831	0.600000	0.100000	1954105	1107668
SRR29507846	38	5	33	1	3066	658615	2928	486368	0.151515	0.030303	1890393	1406797
SRR29507857	50	3	47	1	3	593097	3	455229	0.063830	0.021277	1835423	1368869
SRR29507974	60	12	48	2	18	852845	16	663126	0.250000	0.041667	1805866	1142122
SRR29507983	70	7	63	2	33	862939	31	671611	0.111111	0.031746	1842495	1164326
SRR29507984	50	6	44	1	10	593097	10	449483	0.136364	0.022727	1820389	1357455
SRR29508032	46	4	42	1	4	844983	4	684791	0.095238	0.023810	1871117	1183291
SRR29508035	25	0	25	0	0	607851	0	457532	0.000000	0.000000	1842336	1373884
SRR29508039	39	0	39	0	0	989667	0	770517	0.000000	0.000000	1865266	1092345
SRR29508040	81	30	51	2	189	716699	176	518474	0.588235	0.039216	1923101	1404500
SRR29508045	339	310	29	2	20167	848489	15166	675073	10.689655	0.068966	1841471	1166387
SRR29508081	57	11	46	1	12318	872419	5473	661649	0.239130	0.021739	1826062	1159701
SRR29508122	24	0	24	0	0	865155	0	644223	0.000000	0.000000	1816088	1160579
SRR29508151	477	403	74	2	8351	837431	7637	660214	5.445946	0.027027	1813508	1151682
SRR29508155	54	0	54	0	0	844979	0	659665	0.000000	0.000000	1831492	1165540
SRR29508159	71	13	58	1	973	1071287	585	868334	0.224138	0.017241	1837460	956605
SRR29508160	31	0	31	0	0	844971	0	646084	0.000000	0.000000	1810109	1158193
SRR29508164	54	4	50	1	10	844971	10	649251	0.080000	0.020000	1818731	1164156
SRR29508203	22	0	22	0	0	865155	0	646587	0.000000	0.000000	1822079	1164556
SRR29508206	26	0	26	0	0	1026161	0	810435	0.000000	0.000000	1865377	1051191
SRR29508207	623	555	68	1	129865	772613	28737	593268	8.161765	0.014706	1922284	1321440
SRR29508213	446	383	63	1	44816	608293	34099	468928	6.079365	0.015873	1845029	1376311
SRR29508228	94	31	63	5	16922	1064466	12569	807370	0.492063	0.079365	1847981	1039846
SRR29508233	30	0	30	0	0	716908	0	508450	0.000000	0.000000	1885716	1375333
SRR29508234	38	0	38	0	0	856184	0	668083	0.000000	0.000000	1866772	1193094
SRR29508235	48	5	43	1	7	610117	7	456607	0.116279	0.023256	1837969	1370253
SRR29508237	11	6	5	1	6	716703	6	545547	1.200000	0.200000	1919075	1382087
SRR29508242	36	0	36	0	0	845108	0	662213	0.000000	0.000000	1836027	1166764
SRR29508248	124	99	25	1	1111	978157	1110	819573	3.960000	0.040000	1939325	1114352
SRR29508261	41	0	41	0	0	716908	0	492109	0.000000	0.000000	1864221	1371591
SRR29508290	67	3	64	1	72	690628	72	522524	0.046875	0.015625	1849071	1309285
SRR29508314	58	9	49	1	21294	716699	9931	549886	0.183673	0.020408	1900388	1359923
SRR29508339	23	0	23	0	0	1026161	0	755888	0.000000	0.000000	1713240	956940
SRR29508347	80	51	29	2	2621	856560	1029	650415	1.758621	0.068966	1829815	1174650
SRR29508357	33	0	33	0	0	1044680	0	825983	0.000000	0.000000	1918228	1087408
SRR29508372	29	3	26	1	37	607888	37	458460	0.115385	0.038462	1842847	1374251
SRR29508379	78	3	75	1	3	653321	3	548150	0.040000	0.013333	2001693	1465219
SRR29508380	37	12	25	2	28	856193	28	663335	0.480000	0.080000	1853746	1184433
SRR29508381	44	7	37	2	89	1038992	89	817456	0.189189	0.054054	1913041	1089971
SRR29508385	42	0	42	0	0	593097	0	455181	0.000000	0.000000	1835280	1368833
SRR29508409	142	103	39	3	4085	844979	2332	647274	2.641026	0.076923	1809229	1155572
SRR29508412	48	0	48	0	0	870349	0	647080	0.000000	0.000000	1821671	1169318
SRR29508418	68	3	65	1	3	978073	3	764354	0.046154	0.015385	1862596	1095411
SRR29508473	53	3	50	1	6	1043019	6	823267	0.060000	0.020000	1913632	1085260
SRR29508478	76	6	70	2	135	609626	134	402414	0.085714	0.028571	1657225	1240639
SRR29508480	82	29	53	3	1297	1071287	622	855737	0.547170	0.056604	1829268	962546
SRR29508484	148	115	33	2	60486	1044680	12038	836671	3.484848	0.060606	1929622	1087535
SRR29508494	41	6	35	1	18	1064457	18	839135	0.171429	0.028571	1908798	1068972
SRR29508496	13	0	13	0	0	658615	0	491975	0.000000	0.000000	1889937	1401246
SRR29508511	39	0	39	0	0	856551	0	648629	0.000000	0.000000	1827752	1174419
SRR29508527	38	3	35	1	34	110369	24	13861	0.085714	0.028571	1796533	1768954
SRR29508528	17	3	14	1	5	451748	5	298157	0.214286	0.071429	1864187	1561241
SRR29508533	62	7	55	1	7	690574	7	520932	0.127273	0.018182	1844867	1306441
SRR29508535	25	0	25	0	0	864972	0	632879	0.000000	0.000000	1782473	1137628
SRR29508538	71	18	53	3	16931	847613	7338	654863	0.339623	0.056604	1810504	1151220
SRR29508539	39	10	29	2	16	610117	14	477014	0.344828	0.068966	1865254	1380331
SRR29508545	15	3	12	1	10	658625	10	479936	0.250000	0.083333	1855277	1378268
SRR29508549	27	0	27	0	0	1026161	0	805206	0.000000	0.000000	1855467	1046173
SRR29508555	42	0	42	0	0	593097	0	455809	0.000000	0.000000	1837128	1369860
SRR29508565	26	0	26	0	0	865164	0	638320	0.000000	0.000000	1790968	1141220
SRR29508573	71	12	59	1	1446	870349	1446	669177	0.203390	0.016949	1870399	1196341
SRR29508600	117	48	69	2	4814	969058	1198	754703	0.695652	0.028986	1854888	1095435
SRR29508601	43	0	43	0	0	864981	0	647997	0.000000	0.000000	1826371	1167928
SRR29508602	38	0	38	0	0	869788	0	647344	0.000000	0.000000	1813820	1159114
SRR29508606	43	0	43	0	0	869788	0	646722	0.000000	0.000000	1812584	1158776
SRR29508622	22	3	19	1	28	990397	19	811667	0.157895	0.052632	1873248	1057788
SRR29508631	58	3	55	1	31	636570	31	561599	0.054545	0.018182	2040988	1492970
SRR29508634	102	13	89	2	27	1042965	27	821261	0.146067	0.022472	1910048	1082943
SRR29508637	63	16	47	1	76	982997	76	821447	0.340426	0.021277	1932815	1102269
SRR29508645	109	70	39	1	1537	978157	1055	810273	1.794872	0.025641	1923672	1103876
SRR29508650	33	0	33	0	0	869797	0	666643	0.000000	0.000000	1834991	1164485
SRR29508669	41	0	41	0	0	869797	0	657079	0.000000	0.000000	1816939	1154767
SRR29508673	90	9	81	2	21	864993	21	647685	0.111111	0.024691	1826789	1167960
SRR29508711	18	0	18	0	0	658615	0	491010	0.000000	0.000000	1886332	1398846
SRR29508740	22	0	22	0	0	869797	0	638807	0.000000	0.000000	1791394	1143972
SRR29508756	30	0	30	0	0	869788	0	662695	0.000000	0.000000	1826516	1159556
SRR29508785	54	6	48	1	3543	1064457	1285	829554	0.125000	0.020833	1891270	1061190
SRR29508814	64	18	46	3	15690	898260	7976	701566	0.391304	0.065217	1859704	1147389
SRR29508846	28	0	28	0	0	882344	0	649202	0.000000	0.000000	1827030	1167036
SRR29508857	32	0	32	0	0	856184	0	618765	0.000000	0.000000	1738728	1115625
SRR29508858	32	5	27	1	9	865164	9	649553	0.185185	0.037037	1827331	1166281
SRR29508867	20	0	20	0	0	1026161	0	801884	0.000000	0.000000	1857494	1050883
SRR29508875	32	17	15	2	3770	1064457	1934	840631	1.133333	0.133333	1912817	1071689
SRR29508896	12	0	12	0	0	988559	0	837134	0.000000	0.000000	1947228	1103956
SRR29508897	21	0	21	0	0	658615	0	494218	0.000000	0.000000	1896154	1405525
SRR29508898	48	0	48	0	0	885701	0	714548	0.000000	0.000000	1886484	1172320
SRR29508899	91	0	91	0	0	856184	0	649480	0.000000	0.000000	1830645	1176889
SRR29508919	210	161	49	2	6135	978157	5678	832230	3.285714	0.040816	1938915	1101491
SRR29508923	52	7	45	2	22	1044680	22	823096	0.155556	0.044444	1899615	1071943
SRR29508924	40	5	35	1	12	856184	12	645374	0.142857	0.028571	1796464	1144194
SRR29508931	17	0	17	0	0	658615	0	494982	0.000000	0.000000	1898628	1407060
SRR29508937	74	9	65	1	824	109499	251	17139	0.138462	0.015385	1834441	1804033
SRR29664596	32	3	29	1	37	610154	37	461201	0.103448	0.034483	1851014	1380141
SRR29664622	7	0	7	0	0	1012047	0	853984	0.000000	0.000000	1827314	954697
SRR29664631	74	47	27	4	1945	1183620	1551	934124	1.740741	0.148148	1871998	921329
SRR29664674	26	0	26	0	0	607851	0	455164	0.000000	0.000000	1834123	1367663
SRR29664713	77	3	74	1	10	632288	10	520467	0.040541	0.013514	1952981	1453021
SRR29664753	19	14	5	3	20902	1030238	4393	855170	2.800000	0.600000	1824995	953185
SRR29664788	32	3	29	1	9	844980	9	687147	0.103448	0.034483	1875472	1186822
SRR29664793	2	0	2	0	0	856193	0	668736	0.000000	0.000000	1869585	1195736
SRR29664795	24	5	19	1	9	845109	9	670215	0.263158	0.052632	1843210	1172238
SRR29664802	29	3	26	1	3	978157	3	826328	0.115385	0.038462	1933739	1102638
SRR29664812	42	0	42	0	0	109739	0	15827	0.000000	0.000000	1836464	1807064
SRR29664822	40	10	30	1	5361	1064457	5357	842123	0.333333	0.033333	1913425	1071090
SRR29664826	55	10	45	2	134	836065	90	664269	0.222222	0.044444	1845864	1175852
SRR29664844	41	24	17	1	21416	889112	15393	693346	1.411765	0.058824	1837142	1147581
SRR29664878	15	0	15	0	0	593097	0	458663	0.000000	0.000000	1844931	1375688
SRR29664879	5	0	5	0	0	635481	0	526824	0.000000	0.000000	1988435	1476033
SRR29664881	44	0	44	0	0	594956	0	461189	0.000000	0.000000	1847331	1375632
SRR29664898	57	0	57	0	0	856184	0	651415	0.000000	0.000000	1836785	1180938
SRR29664931	42	13	29	3	5424	844980	3992	667505	0.448276	0.103448	1837544	1169092
SRR29664952	1364	1321	43	4	108184	1186642	38207	996405	30.720930	0.093023	1939216	931226
SRR29665044	31	0	31	0	0	607851	0	459417	0.000000	0.000000	1846787	1377035
SRR31466583	22	0	22	0	0	607851	0	460483	0.000000	0.000000	1850138	1379565
SRR31466603	96	51	45	2	1442	610131	1042	473469	1.133333	0.044444	1857029	1374325
SRR31466604	6	0	6	0	0	716703	0	544940	0.000000	0.000000	1917331	1380496
SRR31466611	508	409	99	4	69398	1173277	58511	943960	4.131313	0.040404	1894179	954852
SRR31466618	42	5	37	1	6	1190324	6	923817	0.135135	0.027027	1876894	932666
SRR31466630	57	3	54	1	79	790443	6	565107	0.055556	0.018519	1830638	1251244
SRR31466652	31	5	26	1	9	867692	9	703070	0.192308	0.038462	1858928	1156916
SRR31466664	26	0	26	0	0	607851	0	458370	0.000000	0.000000	1844083	1375222
SRR31466729	73	0	73	0	0	635218	0	527514	0.000000	0.000000	1982417	1470176
SRR31466737	30	0	30	0	0	859436	0	648566	0.000000	0.000000	1824803	1171121
SRR31466752	33	7	26	1	4009	990397	3234	802451	0.269231	0.038462	1854966	1046678
SRR31466761	12	0	12	0	0	845109	0	665079	0.000000	0.000000	1830087	1163089
SRR31466764	38	7	31	1	8	716908	8	514798	0.225806	0.032258	1912323	1396736
SRR31466782	32	3	29	1	3	856187	3	648852	0.103448	0.034483	1828300	1175595
SRR31466792	30	0	30	0	0	895492	0	684544	0.000000	0.000000	1835978	1138168
SRR31466795	70	10	60	1	87295	658182	13308	504868	0.166667	0.016667	1954072	1457912
SRR31466811	47	0	47	0	0	978157	0	790410	0.000000	0.000000	1879241	1079831
SRR31466825	282	230	52	4	22141	901951	6763	702995	4.423077	0.076923	1870166	1156383
SRR31466834	28	5	23	1	9	863043	9	717792	0.217391	0.043478	1893672	1180782
SRR31466855	26	0	26	0	0	658615	0	491607	0.000000	0.000000	1887451	1399072
SRR31466857	48	5	43	1	9	856193	9	646964	0.116279	0.023256	1822726	1170780
SRR31466864	37	0	37	0	0	593261	0	443363	0.000000	0.000000	1805912	1351684
SRR31466895	166	129	37	4	13745	988799	13713	834664	3.486486	0.108108	1943947	1103024
SRR31466914	2311	2058	253	35	383941	777359	299060	579706	8.134387	0.138340	1846780	1538986
SRR31466926	59	42	17	2	1047	865164	438	650460	2.470588	0.117647	1830894	1169527
SRR31466947	22	6	16	1	18	1006554	18	851515	0.375000	0.062500	1945501	1090101
SRR31467006	22	0	22	0	0	876095	0	689307	0.000000	0.000000	1838760	1147416
SRR31467009	16	10	6	1	21857	665175	13755	539085	1.666667	0.166667	1857669	1316096
SRR31467022	66	0	66	0	0	869788	0	641550	0.000000	0.000000	1796802	1147988
SRR31467023	1	0	1	0	0	607851	0	454783	0.000000	0.000000	1833208	1367058
SRR31467024	9	7	2	1	7	607858	7	456111	3.500000	0.500000	1837400	1370140
SRR31467025	2	0	2	0	0	607851	0	455275	0.000000	0.000000	1835590	1368724
SRR31467026	25	0	25	0	0	869797	0	667423	0.000000	0.000000	1835990	1164938
SRR31467055	17	3	14	1	10	716713	10	548123	0.214286	0.071429	1926954	1387130
SRR31467058	52	11	41	3	16	856192	16	649261	0.268293	0.073171	1826226	1172509
SRR31467081	30	5	25	1	9	865164	9	647505	0.200000	0.040000	1824425	1165861
SRR31467088	56	8	48	2	27	607851	27	456165	0.166667	0.041667	1837396	1369941
SRR31467101	24	7	17	1	23	865155	22	651486	0.411765	0.058824	1836652	1173888
SRR31467109	1444	1387	57	6	183822	890700	166662	713372	24.333334	0.105263	1904230	1294406
SRR31467124	6	0	6	0	0	658618	0	493195	0.000000	0.000000	1892498	1402872
SRR31467137	13	0	13	0	0	923712	0	709057	0.000000	0.000000	1888397	1176104
SRR31467139	64	18	46	1	1284	969006	650	750554	0.391304	0.021739	1848294	1094631
SRR31467140	61	6	55	1	6694	872410	2350	665603	0.109091	0.018182	1835096	1165344
SRR31467141	48	3	45	1	3	856184	3	636399	0.066667	0.022222	1794576	1151321
SRR31467160	39	0	39	0	0	660775	0	513759	0.000000	0.000000	1830864	1304657
SRR31467163	15	7	8	1	12	661764	12	543313	0.875000	0.125000	1868870	1321629
SRR31467212	34	3	31	1	167	895932	51	612655	0.096774	0.032258	1714537	1090679
SRR31467245	38	5	33	1	9	593097	9	457787	0.151515	0.030303	1841926	1373407
SRR31467263	22	0	22	0	0	658615	0	491758	0.000000	0.000000	1890631	1402061
SRR31467288	41	0	41	0	0	607851	0	457271	0.000000	0.000000	1841216	1372967
SRR31467291	41	0	41	0	0	610117	0	419773	0.000000	0.000000	1715578	1279026
SRR31467300	45	16	29	2	21423	874450	10607	662002	0.551724	0.068966	1824012	1158838
SRR31467322	61	12	49	1	75	109810	74	14789	0.244898	0.020408	1826757	1798411
SRR31467323	27	0	27	0	0	607851	0	458245	0.000000	0.000000	1843301	1374289
SRR31467340	42	5	37	1	8388	610473	2813	474468	0.135135	0.027027	1860553	1378130
SRR31467344	13	0	13	0	0	988559	0	840826	0.000000	0.000000	1953843	1108118
SRR31467346	245	198	47	3	22285	1044680	19748	825997	4.212766	0.063830	1915446	1083963
SRR31467374	44	0	44	0	0	1012055	0	828343	0.000000	0.000000	1791160	939454
SRR31467387	13	7	6	1	8	716703	8	545319	1.166667	0.166667	1919695	1382714
SRR31467394	34	0	34	0	0	864981	0	644728	0.000000	0.000000	1814646	1158758
SRR31467397	74	3	71	1	3	587001	3	471787	0.042254	0.014085	1877487	1396991
SRR31467404	4710	2174	2536	64	161891	754756	91252	631064	0.857256	0.025237	1897713	1306352
SRR31467447	50	12	38	2	32	607851	31	455034	0.315789	0.052632	1833103	1367096
SRR31467451	164	72	92	2	55458	863065	2157	648074	0.782609	0.021739	1819142	1160852
SRR31467457	18	0	18	0	0	658615	0	490525	0.000000	0.000000	1903519	1416324
SRR31470325	36	0	36	0	0	716704	0	505446	0.000000	0.000000	1864781	1360350
SRR31470326	19	0	19	0	0	658615	0	490996	0.000000	0.000000	1885689	1398199
SRR31470330	46	9	37	2	14	593097	14	457839	0.243243	0.054054	1843262	1374321
SRR31470345	25	0	25	0	0	864972	0	652371	0.000000	0.000000	1838480	1175147
SRR31470375	0	0	0	0	0	856184	0	651351	0.000000	0.000000	1833309	1177493
SRR31470382	18	0	18	0	0	610117	0	455568	0.000000	0.000000	1838709	1371037
SRR31470423	14	0	14	0	0	643717	0	474843	0.000000	0.000000	1835022	1345137
SRR31470433	8	6	2	1	10504	664386	4057	542442	3.000000	0.500000	1867465	1320287
SRR31470434	2	0	2	0	0	661764	0	548282	0.000000	0.000000	1877711	1327618
SRR31470435	39	0	39	0	0	593097	0	457448	0.000000	0.000000	1841699	1373282
SRR31470437	57	0	57	0	0	1044680	0	822976	0.000000	0.000000	1913658	1085175
SRR31470438	7	7	0	1	8	716703	8	548501	0.000000	0.000000	1927302	1386910
SRR31470439	3	0	3	0	0	607851	0	456940	0.000000	0.000000	1839472	1371466
SRR31470451	2667	2303	364	79	399970	867846	373603	707646	6.326923	0.217033	1855604	1507261
SRR31470460	29	0	29	0	0	978157	0	829518	0.000000	0.000000	1939726	1105990
SRR31470466	27	0	27	0	0	607851	0	459305	0.000000	0.000000	1846939	1377157
SRR31470503	63	3	60	1	37	593097	36	457215	0.050000	0.016667	1842812	1374530
SRR31470514	13	0	13	0	0	658615	0	492892	0.000000	0.000000	1892228	1402781
SRR31470529	45	11	34	2	8462	847602	2309	673457	0.323529	0.058824	1849536	1170906
SRR31470532	21	0	21	0	0	865155	0	648016	0.000000	0.000000	1826528	1167326
SRR31470550	385	323	62	3	8876	999267	7148	851343	5.209677	0.048387	1931368	1083336
SRR31470588	3	0	3	0	0	856184	0	648001	0.000000	0.000000	1825938	1172504
SRR31470604	50	9	41	2	146	978157	137	821145	0.219512	0.048780	1937552	1110943
SRR31470652	499	465	34	4	15925	123554	13513	27788	13.676471	0.117647	1833296	1797076
SRR31470655	14	0	14	0	0	746546	0	593043	0.000000	0.000000	1970355	1367876
SRR31470674	187	130	57	3	41937	674135	32219	545188	2.280702	0.052632	1861426	1318113
SRR31470698	42	0	42	0	0	869196	0	644463	0.000000	0.000000	1841255	1197881
SRR31470712	26	3	23	1	3	616742	3	460203	0.130435	0.043478	1881718	1424017
SRR31470715	31	0	31	0	0	869788	0	670278	0.000000	0.000000	1842579	1169266
SRR31470747	62	7	55	2	68	990397	68	788382	0.127273	0.036364	1889927	1097196
SRR31470768	876	836	40	2	87528	653391	20836	490618	20.900000	0.050000	1904238	1420906
SRR31470789	66	0	66	0	0	662115	0	566924	0.000000	0.000000	2013773	1455396
SRR31470811	89	0	89	0	0	978070	0	766031	0.000000	0.000000	1865239	1096273
SRR31470861	43	0	43	0	0	856184	0	645911	0.000000	0.000000	1800346	1148399
SRR31470870	23	0	23	0	0	692244	0	543469	0.000000	0.000000	1833682	1281160
SRR31470889	42	26	16	2	29650	643267	17513	483866	1.625000	0.125000	1813569	1311892
SRR31470901	30	12	18	2	11973	848190	5893	657154	0.666667	0.111111	1813778	1152367
SRR31470908	20	0	20	0	0	716703	0	558963	0.000000	0.000000	1931541	1388734
SRR31470946	83	48	35	1	1446	862918	758	702916	1.371429	0.028571	1862626	1162433
SRR31470983	1	0	1	0	0	607851	0	456468	0.000000	0.000000	1837763	1370457
SRR31470984	4	0	4	0	0	607851	0	452255	0.000000	0.000000	1826042	1361337
SRR31471013	30	0	30	0	0	607851	0	456735	0.000000	0.000000	1839325	1371481
SRR31471021	35	0	35	0	0	869788	0	644476	0.000000	0.000000	1803654	1152071
SRR31471049	95	59	36	2	1052	1042978	493	821131	1.638889	0.055556	1910784	1083925
SRR31471053	2	0	2	0	0	1064667	0	839914	0.000000	0.000000	1908423	1067599
SRR31471054	3	0	3	0	0	1064667	0	839876	0.000000	0.000000	1908961	1068052
SRR31471056	38	11	27	1	14	593261	14	438995	0.407407	0.037037	1790673	1339341
SRR31471057	28	0	28	0	0	658615	0	491596	0.000000	0.000000	1888386	1400019
SRR31471060	27	3	24	1	3	607851	3	456260	0.125000	0.041667	1837860	1370012
SRR31471066	64	3	61	1	9	895621	9	692860	0.049180	0.016393	1846198	1144367
SRR31471075	15	0	15	0	0	658615	0	489265	0.000000	0.000000	1882097	1396314
SRR31471089	29	0	29	0	0	607851	0	455024	0.000000	0.000000	1833587	1366692
SRR31471109	15	0	15	0	0	658615	0	490200	0.000000	0.000000	1901977	1415174
SRR31471112	7	0	7	0	0	716703	0	547875	0.000000	0.000000	1924568	1385062
SRR31471127	58	9	49	2	21	1044680	18	823469	0.183673	0.040816	1914081	1084983
SRR31471142	34	0	34	0	0	864972	0	645314	0.000000	0.000000	1820164	1163824
SRR31471144	41	9	32	2	293	690567	278	517123	0.281250	0.062500	1835618	1299455
SRR31471159	274	207	67	3	77431	978157	10320	819794	3.089552	0.044776	1924735	1105625
SRR31471179	31	5	26	1	14	790443	13	556898	0.192308	0.038462	1809098	1239204
SRR31471253	19	0	19	0	0	658615	0	493059	0.000000	0.000000	1891617	1402256
SRR31471300	26	0	26	0	0	1012055	0	832521	0.000000	0.000000	1800655	945017
SRR31471306	33	9	24	2	44	844993	38	646544	0.375000	0.083333	1810572	1158505
SRR31502708	70	8	62	2	31	852845	31	644217	0.129032	0.032258	1807021	1155370
SRR31502734	22	3	19	1	9	856193	9	648207	0.157895	0.052632	1828458	1175257
SRR31502741	70	6	64	2	223	593097	82	474277	0.093750	0.031250	1859864	1377759
SRR31502751	46	18	28	3	13284	1014678	5276	840918	0.642857	0.107143	1801851	939503
SRR31502753	24	0	24	0	0	593261	0	446068	0.000000	0.000000	1812742	1355819
SRR31505125	33	5	28	1	9	844980	9	643558	0.178571	0.035714	1804098	1154699
SRR31505133	47	0	47	0	0	1064457	0	833221	0.000000	0.000000	1897424	1062550
SRR31505134	112	74	38	1	22513	1190324	16785	944864	1.947368	0.026316	1877830	918690
SRR31505135	54	4	50	1	5	660780	5	511709	0.080000	0.020000	1825648	1302048
SRR31505146	49	12	37	2	15377	978157	5205	826302	0.324324	0.054054	1933211	1101823
SRR31505147	30	10	20	2	15	856184	14	649802	0.500000	0.100000	1832853	1178348
SRR31505199	62	0	62	0	0	923502	0	758588	0.000000	0.000000	1858352	1108825
SRR31505205	16	0	16	0	0	658615	0	493480	0.000000	0.000000	1893632	1403351
SRR31505223	35	0	35	0	0	882353	0	651836	0.000000	0.000000	1830873	1168425
SRR31505229	4	0	4	0	0	716703	0	545016	0.000000	0.000000	1918648	1382158
SRR31505230	58	4	54	1	4	969010	4	759885	0.074074	0.018519	1865277	1103894
SRR31505327	71	14	57	2	4795	614230	735	439600	0.245614	0.035088	1796413	1342821
SRR5061048	10	0	10	0	0	844980	0	642515	0.000000	0.000000	1800637	1151939
SRR5061056	52	3	49	1	37	610117	37	462134	0.061224	0.020408	1854742	1382850
SRR5061063	18	5	13	1	9	856193	9	648697	0.384615	0.076923	1827930	1175023
SRR5061064	37	9	28	1	8627	847602	3793	686540	0.321429	0.035714	1874668	1186452
SRR5061071	14	3	11	1	37	610154	37	483380	0.272727	0.090909	1879129	1390647
SRR5061106	25	0	25	0	0	852925	0	651416	0.000000	0.000000	1823096	1165008
SRR5061112	42	3	39	1	15	690567	15	524921	0.076923	0.025641	1853090	1311483
SRR5061116	26	12	14	2	17	1086132	17	891778	0.857143	0.142857	1819837	907701
SRR5061137	38	6	32	1	13572	978157	4747	833671	0.187500	0.031250	1946730	1109822
SRR5061139	35	0	35	0	0	1042965	0	829959	0.000000	0.000000	1926121	1091708
SRR5061167	59	9	50	2	62	844971	62	662209	0.180000	0.040000	1827575	1162588
SRR5061168	16	0	16	0	0	610117	0	461349	0.000000	0.000000	1851556	1380466
SRR5061191	27	0	27	0	0	862918	0	721278	0.000000	0.000000	1898312	1179632
SRR5061204	38	0	38	0	0	856184	0	668157	0.000000	0.000000	1867898	1194117
SRR5061219	26	6	20	1	18	1042965	18	830969	0.300000	0.050000	1928210	1091799
SRR5061242	81	4	77	1	256	969262	245	759314	0.051948	0.012987	1865650	1105083
SRR5061244	12	0	12	0	0	1064457	0	848631	0.000000	0.000000	1924532	1076287
SRR5061245	113	75	38	4	13253	978807	11545	833884	1.973684	0.105263	1960256	1122950
SRR5061255	19	4	15	1	9	882353	9	655124	0.266667	0.066667	1842770	1177049
SRR5061280	19	0	19	0	0	856184	0	652452	0.000000	0.000000	1839005	1182578
SRR5061345	25	3	22	1	3507	611891	191	461849	0.136364	0.045455	1853368	1381810
SRR5061355	49	23	26	4	11496	857997	4689	679568	0.884615	0.153846	1875270	1191831
SRR5061362	65	22	43	4	24	109520	24	16342	0.511628	0.093023	1841795	1812094
SRR5061429	324	276	48	1	8797	644015	6918	535049	5.750000	0.020833	1984136	1471171
SRR5061442	43	8	35	2	24	836108	24	670995	0.228571	0.057143	1844936	1174265
SRR5061451	83	6	77	1	883	856184	399	648669	0.077922	0.012987	1825688	1172557
SRR5061459	348	280	68	3	8827	648367	7360	537849	4.117647	0.044118	2007540	1490519
SRR5061465	25	5	20	1	15	978157	15	831029	0.250000	0.050000	1957051	1121590
SRR5061468	17	0	17	0	0	856184	0	671066	0.000000	0.000000	1875627	1199704
SRR5061472	33	0	33	0	0	1012055	0	801428	0.000000	0.000000	1730213	907000
SRR5061479	36	0	36	0	0	864972	0	653194	0.000000	0.000000	1840963	1176960
SRR5061526	3770	3485	285	46	447047	1084129	349669	916757	12.228070	0.161404	1941105	1160944
SRR5061528	40	3	37	1	1531	844971	17	672995	0.081081	0.027027	1849304	1176507
SRR5061533	328	287	41	1	8797	644015	6978	559581	7.000000	0.024390	2028283	1494374
SRR5061537	54	6	48	2	59	856243	38	359918	0.125000	0.041667	932897	573136
SRR5061558	25	0	25	0	0	607851	0	461851	0.000000	0.000000	1853659	1382321
SRR5061579	21	10	11	2	34	882353	34	662390	0.909091	0.181818	1847759	1176346
SRR5061585	112	84	28	2	5672	970357	5672	770450	3.000000	0.071429	1881463	1107987
SRR5061588	25	0	25	0	0	610117	0	461023	0.000000	0.000000	1851123	1380139
SRR5061590	131	100	31	3	6222	653509	6024	561679	3.225806	0.096774	2007968	1455520
SRR5061603	27	3	24	1	32	869788	32	649630	0.125000	0.041667	1819266	1162960
SRR5061626	58	0	58	0	0	895483	0	701622	0.000000	0.000000	1897146	1190823
SRR5061628	51	7	44	2	61	1044680	13	829943	0.159091	0.045455	1925635	1091099
SRR5061636	324	279	45	2	13854	872991	10000	672916	6.200000	0.044444	1848159	1174320
SRR5061645	44	12	32	2	6937	978165	1094	835408	0.375000	0.062500	1964580	1125922
SRR5061648	64	0	64	0	0	1044680	0	830608	0.000000	0.000000	1926591	1091648
SRR5061670	19	0	19	0	0	852925	0	705062	0.000000	0.000000	1882339	1184319
SRR5061680	75	10	65	3	10	109523	10	17367	0.153846	0.046154	1838434	1807794
SRR5061682	52	3	49	1	22	864972	22	649142	0.061224	0.020408	1829730	1170047
SRR5061696	37	3	34	1	32	852845	32	672286	0.088235	0.029412	1848398	1174143
SRR5061699	32	3	29	1	37	593134	37	461620	0.103448	0.034483	1853363	1382084
SRR5061701	28	5	23	1	9	862919	9	721986	0.217391	0.043478	1902160	1181223
SRR5062212	12	0	12	0	0	831456	0	701497	0.000000	0.000000	1968325	1274332
SRR5062226	36	0	36	0	0	110272	0	16821	0.000000	0.000000	1842591	1811935
SRR5062236	38	0	38	0	0	593097	0	460880	0.000000	0.000000	1851902	1381315
SRR5062265	8	0	8	0	0	865164	0	650888	0.000000	0.000000	1834216	1172759
SRR5062271	24	0	24	0	0	1044680	0	829295	0.000000	0.000000	1924107	1090476
SRR5062280	37	0	37	0	0	716699	0	519678	0.000000	0.000000	1925953	1405805
SRR5062287	50	0	50	0	0	1044680	0	827362	0.000000	0.000000	1920819	1088379
SRR5062296	14	0	14	0	0	856184	0	668520	0.000000	0.000000	1869330	1195463
SRR5062309	17	0	17	0	0	885701	0	702887	0.000000	0.000000	1863746	1162903
SRR5062321	28	0	28	0	0	844979	0	651408	0.000000	0.000000	1823895	1167549
SRR5062324	19	4	15	1	12	110284	12	17897	0.266667	0.066667	1848585	1817093
SRR5062336	2	0	2	0	0	863034	0	721777	0.000000	0.000000	1900803	1185737
SRR5062338	473	390	83	4	42826	629244	37792	492310	4.698795	0.048193	1849362	1380723
SRR5062340	3	0	3	0	0	110284	0	15840	0.000000	0.000000	1837933	1808025
SRR5062363	4	0	4	0	0	110284	0	16270	0.000000	0.000000	1841681	1811370
SRR5062371	47	3	44	1	4	1042961	4	822834	0.068182	0.022727	1912879	1084540
SRR5062372	37	9	28	1	31	869788	31	675140	0.321429	0.035714	1853452	1177619
SRR5062384	26	0	26	0	0	852836	0	651512	0.000000	0.000000	1823381	1165824
SRR5062390	40	13	27	2	4775	849468	4774	653952	0.481481	0.074074	1813096	1157096
SRR5062407	29	0	29	0	0	982473	0	839949	0.000000	0.000000	1962738	1118997
SRR5062426	46	10	36	2	33	653328	33	563051	0.277778	0.055556	2027526	1475088
SRR5062461	19	0	19	0	0	869788	0	672878	0.000000	0.000000	1849274	1175041
SRR5062463	39	8	31	1	22	1064479	16	848060	0.258065	0.032258	1923657	1076027
SRR5062468	24	7	17	2	11	607858	11	461842	0.411765	0.117647	1853672	1382235
SRR5062505	1701	1568	133	17	281526	946769	257770	775647	11.789474	0.127820	1865920	1323776
SRR5062509	33	0	33	0	0	635218	0	532632	0.000000	0.000000	1997345	1479387
SRR5062516	76	45	31	2	80613	642054	7658	465893	1.451613	0.064516	1854371	1382902
SRR5062538	99	54	45	3	1909	1026161	1022	840791	1.200000	0.066667	1902471	1063100
SRR5062599	848	787	61	5	93357	673747	85428	579076	12.901639	0.081967	2033312	1478849
SRR5062601	32	3	29	1	162	856184	162	689876	0.103448	0.034483	1894753	1203877
SRR5062609	32	0	32	0	0	839238	0	650739	0.000000	0.000000	1834279	1179302
SRR5062610	30	5	25	1	9	885710	9	701420	0.200000	0.040000	1861048	1161781
SRR5062614	9	0	9	0	0	869800	0	673119	0.000000	0.000000	1849277	1174871
SRR5062639	39	0	39	0	0	969006	0	763610	0.000000	0.000000	1870865	1106028
SRR5062647	42	0	42	0	0	864972	0	650772	0.000000	0.000000	1821795	1160200
SRR5062653	60	11	49	1	691	110263	686	16174	0.224490	0.020408	1834972	1806238
SRR5062657	89	0	89	0	0	895483	0	651338	0.000000	0.000000	1824608	1161768
SRR5062698	57	7	50	1	7	869804	7	672814	0.140000	0.020000	1849282	1174961
SRR5062704	191	169	22	1	7182	870247	6960	673263	7.681818	0.045455	1849218	1174922
SRR5062705	34	0	34	0	0	844980	0	671261	0.000000	0.000000	1845897	1174089
SRR5062715	34	4	30	1	23	636593	23	627770	0.133333	0.033333	2129822	1518661
SRR5063275	49	0	49	0	0	969006	0	762761	0.000000	0.000000	1855442	1091084
SRR5063277	18	0	18	0	0	895612	0	717680	0.000000	0.000000	1892818	1167544
SRR5063287	35	3	32	1	7	1012055	7	822825	0.093750	0.031250	1776113	930314
SRR5063293	51	0	51	0	0	978070	0	771389	0.000000	0.000000	1877015	1103188
SRR5063294	41	5	36	1	6429	612118	1707	478511	0.138889	0.027778	1867334	1381432
SRR5063301	38	0	38	0	0	716908	0	519220	0.000000	0.000000	1927842	1407855
SRR5063302	60	9	51	1	6841	1042965	2483	827812	0.176471	0.019608	1922109	1087607
SRR5063307	24	0	24	0	0	653292	0	515701	0.000000	0.000000	1853068	1329153
SRR5063335	57	0	57	0	0	635218	0	533173	0.000000	0.000000	1998047	1479846
SRR5063340	42	7	35	1	8	1012047	8	857248	0.200000	0.028571	1831501	956674
SRR5063354	332	321	11	1	8778	932490	7261	726033	29.181818	0.090909	1905702	1183826
SRR5063372	47	19	28	4	96	593107	93	461029	0.678571	0.142857	1852321	1381483
SRR5063374	11	3	8	1	9	844980	9	686297	0.375000	0.125000	1874429	1185655
SRR5063401	20	0	20	0	0	607851	0	461527	0.000000	0.000000	1853022	1381872
SRR5063402	47	0	47	0	0	594545	0	501256	0.000000	0.000000	1964461	1468820
SRR5063425	349	264	85	1	19646	670587	13973	533349	3.105882	0.011765	1943641	1424662
SRR5063433	25	0	25	0	0	978157	0	823388	0.000000	0.000000	1949970	1118574
SRR5063458	37	13	24	2	13615	1012055	4627	798142	0.541667	0.083333	1707635	888759
SRR5063478	55	9	46	1	39582	989118	7273	768849	0.195652	0.021739	1876436	1106140
SRR5063523	37	4	33	1	46	1012047	46	854438	0.121212	0.030303	1826214	953055
SRR5063533	36	3	33	1	3	978157	3	833538	0.090909	0.030303	1961688	1124123
SRR5063540	99	3	96	1	3	836038	3	651348	0.031250	0.010417	1823765	1167919
SRR5063548	41	0	41	0	0	974455	0	769533	0.000000	0.000000	1872649	1099327
SRR5063569	38	10	28	2	46	852836	45	648727	0.357143	0.071429	1817919	1161928
SRR5063576	58	3	55	1	162	653318	141	557974	0.054545	0.018182	2015289	1467291
SRR5063593	41	0	41	0	0	632278	0	461808	0.000000	0.000000	1758331	1309881
SRR5063598	2	0	2	0	0	856184	0	673635	0.000000	0.000000	1864506	1190683
SRR5063606	31	11	20	2	47	1086142	46	891546	0.550000	0.100000	1819500	907203
SRR5063612	29	0	29	0	0	636570	0	626580	0.000000	0.000000	2126706	1516451
SRR5063616	23	0	23	0	0	990397	0	795964	0.000000	0.000000	1902329	1103590
SRR5063624	25	18	7	2	25508	858866	12531	657226	2.571429	0.285714	1814578	1154099
SRR5063626	28	7	21	1	8	716699	8	570395	0.333333	0.047619	1946840	1388201
SRR5063631	20	3	17	1	10	593271	10	450321	0.176471	0.058824	1825075	1365367
SRR5063663	74	0	74	0	0	836047	0	648807	0.000000	0.000000	1817491	1164132
SRR5063682	11	5	6	1	9	865164	9	653744	0.833333	0.166667	1842086	1177794
SRR5063683	3	0	3	0	0	856193	0	670123	0.000000	0.000000	1872875	1197636
SRR5063686	28	7	21	2	238	882344	236	650882	0.333333	0.095238	1831419	1170065
SRR5063689	29	0	29	0	0	895483	0	712114	0.000000	0.000000	1881795	1160134
SRR5063702	19	0	19	0	0	864972	0	648887	0.000000	0.000000	1829866	1170103
SRR5063709	22	0	22	0	0	863034	0	718132	0.000000	0.000000	1894383	1181316
SRR5063710	22	8	14	2	13	607859	13	459902	0.571429	0.142857	1847351	1377596
SRR5063711	21	3	18	1	9	865164	9	653090	0.166667	0.055556	1840911	1177061
SRR5063720	32	3	29	1	11	852836	11	651018	0.103448	0.034483	1822739	1165197
SRR5063726	36	6	30	1	16	1012047	16	830734	0.200000	0.033333	1796021	941879
SRR5063729	7	0	7	0	0	856184	0	672467	0.000000	0.000000	1862250	1189287
SRR5063736	31	0	31	0	0	607851	0	460896	0.000000	0.000000	1850336	1379753
SRR5063741	32	0	32	0	0	862910	0	650006	0.000000	0.000000	1820688	1163711
SRR5063742	40	6	34	1	14	1052150	14	830488	0.176471	0.029412	1912458	1077064
SRR5063765	22	0	22	0	0	610117	0	460809	0.000000	0.000000	1850320	1379500
SRR5063775	67	18	49	2	31	763070	29	609971	0.367347	0.040816	1914918	1301784
SRR5063781	58	18	40	1	306	716908	306	521035	0.450000	0.025000	1930284	1408729
SRR5063796	34	0	34	0	0	610117	0	482389	0.000000	0.000000	1877116	1388999
SRR5064065	35	4	31	1	6	978163	6	834531	0.129032	0.032258	1963517	1125158
SRR5064067	33	0	33	0	0	110284	0	18100	0.000000	0.000000	1849008	1817310
SRR5064099	6	0	6	0	0	856193	0	648421	0.000000	0.000000	1809161	1156320
SRR5064102	21	5	16	1	9	852925	9	644550	0.312500	0.062500	1806007	1153826
SRR5064129	15	0	15	0	0	856184	0	669853	0.000000	0.000000	1872633	1197787
SRR5064160	37	0	37	0	0	653292	0	515215	0.000000	0.000000	1851651	1327883
SRR5064173	1298	1237	61	8	176513	1086619	157814	860103	20.278688	0.131148	1918495	1086801
SRR5064184	36	0	36	0	0	895612	0	718733	0.000000	0.000000	1894775	1168907
SRR5064191	58	0	58	0	0	852836	0	651673	0.000000	0.000000	1824417	1166178
SRR5064193	44	7	37	1	8	716908	8	521656	0.189189	0.027027	1928741	1407074
SRR5064204	110	70	40	1	1835	839238	1434	655190	1.750000	0.025000	1844085	1184714
SRR5064211	63	8	55	2	1283	852840	425	671949	0.145455	0.036364	1847466	1173672
SRR5064227	5	0	5	0	0	863034	0	718691	0.000000	0.000000	1895382	1181876
SRR5064263	29	0	29	0	0	636570	0	625319	0.000000	0.000000	2125384	1516531
SRR5064301	34	0	34	0	0	109739	0	16242	0.000000	0.000000	1841080	1811518
SRR5064302	42	4	38	1	4	593101	4	458173	0.105263	0.026316	1843559	1374926
SRR5064303	54	12	42	2	2661	978070	1256	770341	0.285714	0.047619	1874419	1101385
SRR5064313	34	0	34	0	0	593097	0	460816	0.000000	0.000000	1851349	1380657
SRR5064314	19	0	19	0	0	852925	0	672199	0.000000	0.000000	1846907	1172951
SRR5064315	39	6	33	2	1975	845252	112	649580	0.181818	0.060606	1818721	1164251
SRR5064325	35	5	30	1	28	635246	16	527628	0.166667	0.033333	1973245	1461634
SRR5064367	34	0	34	0	0	610117	0	456406	0.000000	0.000000	1839127	1371183
SRR5064369	46	3	43	1	22	844971	22	665977	0.069767	0.023256	1850013	1177933
SRR5064380	36	0	36	0	0	990397	0	788460	0.000000	0.000000	1889529	1097412
SRR5064404	42	3	39	1	9	856193	9	650813	0.076923	0.025641	1834823	1179701
SRR5064406	24	11	13	2	35	869801	22	666149	0.846154	0.153846	1835659	1166262
SRR5064407	56	17	39	2	4346	635218	3748	530714	0.435897	0.051282	2007200	1492124
SRR5064421	95	61	34	4	6940	114965	5846	23985	1.794118	0.117647	1852349	1814034
SRR5064427	40	0	40	0	0	110284	0	10773	0.000000	0.000000	1701691	1675240
SRR5064448	43	0	43	0	0	610117	0	461078	0.000000	0.000000	1852120	1380941
SRR5064463	32	0	32	0	0	610117	0	457036	0.000000	0.000000	1847416	1377911
SRR5064467	339	319	20	1	8797	998464	7275	805296	15.950000	0.050000	1896045	1097677
SRR5064528	4	0	4	0	0	844979	0	648755	0.000000	0.000000	1817589	1163602
SRR5064533	33	3	30	1	7	895483	7	716219	0.100000	0.033333	1890396	1166045
SRR5064544	50	20	30	3	10763	896876	9383	662611	0.666667	0.100000	1826770	1155539
SRR5064546	34	5	29	1	15	978157	15	826353	0.172414	0.034483	1934778	1103891
SRR7281504	21	0	21	0	0	610117	0	458722	0.000000	0.000000	1844766	1375527
SRR7281514	47	3	44	1	3	852839	3	648351	0.068182	0.022727	1816445	1161503
SRR7281520	32	0	32	0	0	859436	0	650218	0.000000	0.000000	1832721	1177593
SRR7281529	35	0	35	0	0	1038992	0	817321	0.000000	0.000000	1911591	1088752
SRR7281542	16	3	13	1	9	856193	9	651783	0.230769	0.076923	1837161	1181433
SRR7281569	76	20	56	3	1461	870364	1460	670316	0.357143	0.053571	1873623	1198040
SRR7281577	234	167	67	5	6004	973998	5119	808438	2.492537	0.074627	1934804	1122554
SRR7281580	35	9	26	1	11812	716699	6636	564435	0.346154	0.038462	1936254	1382995
SRR7281581	53	0	53	0	0	870349	0	690423	0.000000	0.000000	1892180	1200877
SRR7281609	23	0	23	0	0	978157	0	829221	0.000000	0.000000	1939251	1105765
SRR7281622	27	0	27	0	0	974714	0	772415	0.000000	0.000000	1879471	1103589
SRR7281630	35	0	35	0	0	610117	0	455526	0.000000	0.000000	1836076	1368793
SRR7281632	157	131	26	3	3983	113040	3895	21782	5.038462	0.115385	1853470	1815520
SRR7281633	49	0	49	0	0	639543	0	531521	0.000000	0.000000	1992203	1473903
SRR7281642	46	0	46	0	0	856184	0	673399	0.000000	0.000000	1863972	1190353
SRR7281650	39	7	32	1	8	716908	8	520076	0.218750	0.031250	1928793	1408230
SRR7281652	28	0	28	0	0	863034	0	719769	0.000000	0.000000	1897539	1183175
SRR7281668	33	0	33	0	0	836047	0	670069	0.000000	0.000000	1828397	1158006
SRR7281670	4	0	4	0	0	607859	0	460090	0.000000	0.000000	1848310	1378228
SRR7281672	49	7	42	1	7	864988	7	673243	0.166667	0.023810	1863420	1183817
SRR7281674	24	3	21	1	6	882353	6	648230	0.142857	0.047619	1821309	1162964
SRR7281699	43	0	43	0	0	716699	0	543947	0.000000	0.000000	1931790	1390540
SRR7281702	858	704	154	2	129013	1012501	30865	823638	4.571429	0.012987	1871674	1058975
SRR7281713	102	0	102	0	0	635218	0	552601	0.000000	0.000000	2034451	1497106
SRR7281717	24	0	24	0	0	660775	0	522725	0.000000	0.000000	1853076	1320673
SRR7281737	26	0	26	0	0	856184	0	669746	0.000000	0.000000	1872580	1197709
SRR7281743	29	0	29	0	0	839238	0	650720	0.000000	0.000000	1833856	1179220
SRR7281758	50	5	45	1	6	988473	6	801475	0.111111	0.022222	1881948	1087024
SRR7281762	294	229	65	2	83688	870339	2450	650123	3.523077	0.030769	1802914	1147813
SRR7281764	406	355	51	4	83690	726263	59812	570439	6.960784	0.078431	1868788	1343886
SRR7281769	30	3	27	1	10	616749	10	465083	0.111111	0.037037	1899566	1436992
SRR7281809	62	15	47	2	822	978157	453	834444	0.319149	0.042553	1962912	1124834
SRR7281848	7	0	7	0	0	856196	0	665867	0.000000	0.000000	1860765	1189182
SRR7281849	23	0	23	0	0	869797	0	666247	0.000000	0.000000	1835443	1165488
SRR7281873	36	0	36	0	0	978157	0	827042	0.000000	0.000000	1935117	1102911
SRR7281907	67	0	67	0	0	856184	0	650784	0.000000	0.000000	1835677	1180425
SRR7281908	24	0	24	0	0	692244	0	545813	0.000000	0.000000	1839003	1284760
SRR7281953	40	9	31	1	15	1026161	14	812895	0.290323	0.032258	1874165	1056022
SRR7281977	24	5	19	1	755	870087	749	663968	0.263158	0.052632	1831697	1163613
SRR7281983	4	0	4	0	0	844979	0	651425	0.000000	0.000000	1824143	1167968
SRR7281987	44	0	44	0	0	609496	0	461524	0.000000	0.000000	1853234	1381909
SRR7281988	0	0	0	0	0	607859	0	461431	0.000000	0.000000	1852384	1381242
SRR7282008	88	46	42	2	6552	1042965	3150	822494	1.095238	0.047619	1913124	1085550
SRR7282009	42	0	42	0	0	895492	0	714113	0.000000	0.000000	1886197	1163381
SRR7282015	25	0	25	0	0	1086132	0	890422	0.000000	0.000000	1815707	904974
SRR7282052	50	0	50	0	0	969006	0	760918	0.000000	0.000000	1866900	1104209
SRR7282063	374	314	60	3	57655	856485	11408	663164	5.233333	0.050000	1849376	1183773
SRR7282076	73	3	70	1	9	856193	9	651990	0.042857	0.014286	1838525	1182117
SRR7282078	31	5	26	1	9	859436	9	652535	0.192308	0.038462	1838822	1182028
SRR7282109	240	146	94	3	58108	856200	4214	655927	1.553192	0.031915	1841392	1181052
SRR7282126	12	0	12	0	0	845540	0	650971	0.000000	0.000000	1821303	1164987
SRR7282161	19	0	19	0	0	607851	0	460712	0.000000	0.000000	1850121	1379659
SRR7282164	38	3	35	1	3	862913	3	647142	0.085714	0.028571	1812813	1158740
SRR7282175	26	5	21	1	9	844980	9	649438	0.238095	0.047619	1819698	1164762
SRR7282207	38	7	31	1	7	852843	7	648992	0.225806	0.032258	1818771	1162510
SRR7282219	197	158	39	2	57185	865066	9092	654447	4.051282	0.051282	1827890	1163205
SRR7282221	29	4	25	1	13	716908	13	519648	0.160000	0.040000	1927695	1407523
SRR7282231	170	124	46	1	53625	869796	7517	716796	2.695652	0.021739	1879899	1167677
SRR7282238	51	0	51	0	0	869788	0	670646	0.000000	0.000000	1844993	1171774
SRR7282244	18	0	18	0	0	856184	0	653616	0.000000	0.000000	1836675	1179327
SRR7282259	167	126	41	3	59192	1044680	4061	832385	3.073171	0.073171	1926499	1089529
SRR7282263	32	0	32	0	0	636570	0	625871	0.000000	0.000000	2122411	1513792
SRR7282266	28	0	28	0	0	869788	0	651817	0.000000	0.000000	1824604	1166573
SRR7282269	37	10	27	1	4010	609496	3654	478821	0.370370	0.037037	1867495	1382201
SRR7282309	14	0	14	0	0	882344	0	652550	0.000000	0.000000	1834135	1171374
SRR7282318	25	0	25	0	0	790443	0	573834	0.000000	0.000000	1848311	1262119
SRR7282335	65	0	65	0	0	1044680	0	823095	0.000000	0.000000	1914042	1085040
SRR7282361	53	0	53	0	0	856184	0	672512	0.000000	0.000000	1862535	1189722
SRR7282397	566	537	29	2	24430	982027	20021	839310	18.517241	0.068966	1967431	1119092
SRR7282428	187	137	50	1	4820	865115	3270	679265	2.740000	0.020000	1866722	1182253
SRR7282452	14	0	14	0	0	856184	0	668493	0.000000	0.000000	1868318	1195065
SRR7282456	50	5	45	1	35	1044680	35	822799	0.111111	0.022222	1913108	1085054
SRR7282471	40	3	37	1	9	856193	9	666926	0.081081	0.027027	1864637	1192164
SRR7282474	15	0	15	0	0	856193	0	668681	0.000000	0.000000	1869389	1195678
SRR7282475	38	0	38	0	0	690567	0	523478	0.000000	0.000000	1850780	1310193
SRR7282667	59	16	43	2	17621	1014669	7246	840948	0.372093	0.046512	1800295	937928
SRR7282689	23	4	19	1	77	990397	7	793315	0.210526	0.052632	1897840	1100671
SRR7282691	17	0	17	0	0	869797	0	648788	0.000000	0.000000	1817410	1161480
SRR7282698	52	8	44	2	135	869797	61	669266	0.181818	0.045455	1842296	1170336
SRR7282714	17	0	17	0	0	716704	0	518362	0.000000	0.000000	1924585	1406111
SRR7282716	12	0	12	0	0	658615	0	495139	0.000000	0.000000	1898373	1406688
SRR7282720	43	0	43	0	0	594535	0	500728	0.000000	0.000000	1983254	1488372
SRR7282721	19	3	16	1	220	869788	220	671183	0.187500	0.062500	1846315	1173083
SRR7282722	1935	1848	87	22	323061	1000514	296143	823369	21.241379	0.252874	1848243	1173368
SRR7282729	17	0	17	0	0	616739	0	463232	0.000000	0.000000	1892509	1431793
SRR7282732	43	0	43	0	0	610117	0	460587	0.000000	0.000000	1850058	1379511
SRR7282739	32	6	26	1	7	609503	7	460471	0.230769	0.038462	1849406	1378838
SRR7282742	47	9	38	2	20	978157	20	823910	0.236842	0.052632	1929616	1100543
SRR7282749	28	7	21	2	43	610123	43	458939	0.333333	0.095238	1844600	1375393
SRR7282785	42	0	42	0	0	969006	0	759793	0.000000	0.000000	1867277	1105941
SRR7282816	22	0	22	0	0	610117	0	456517	0.000000	0.000000	1837152	1369909
SRR7282817	64	11	53	3	23	990400	23	794293	0.207547	0.056604	1899377	1102213
SRR7282818	7	0	7	0	0	856193	0	651956	0.000000	0.000000	1837511	1181451
SRR7282825	14	0	14	0	0	616739	0	462358	0.000000	0.000000	1871618	1414663
SRR7282826	26	0	26	0	0	610117	0	457726	0.000000	0.000000	1842081	1373247
SRR7282876	53	0	53	0	0	839238	0	652288	0.000000	0.000000	1838150	1181596
SRR7282884	36	0	36	0	0	660775	0	541892	0.000000	0.000000	1873856	1326118
SRR7282892	56	0	56	0	0	836846	0	649340	0.000000	0.000000	1817642	1163582
SRR7282920	24	0	24	0	0	653292	0	513456	0.000000	0.000000	1846799	1324648
SRR7282924	16	3	13	1	3	610120	3	460428	0.230769	0.076923	1848958	1378649
SRR7282927	45	3	42	1	3	660778	3	520015	0.071429	0.023810	1847265	1316538
SRR7282942	11	0	11	0	0	865155	0	650782	0.000000	0.000000	1835025	1173617
SRR7282946	56	3	53	1	9	836846	9	647796	0.056604	0.018868	1804126	1151125
SRR7282955	56	5	51	1	8	594964	8	457374	0.098039	0.019608	1836197	1368403
SRR7282982	61	14	47	2	126	593097	114	457745	0.297872	0.042553	1843122	1374218
SRR7282988	58	4	54	1	13	1044680	13	825198	0.074074	0.018519	1917723	1086180
SRR7283005	23	0	23	0	0	844980	0	684687	0.000000	0.000000	1870734	1183841
SRR7283006	23	0	23	0	0	895612	0	713462	0.000000	0.000000	1884985	1163368
SRR7283008	23	0	23	0	0	844980	0	690290	0.000000	0.000000	1881707	1190875
SRR7283010	82	0	82	0	0	594535	0	501263	0.000000	0.000000	1986025	1490465
SRR7283013	85	32	53	2	960	660781	959	541043	0.603774	0.037736	1872759	1325731
SRR7283031	96	0	96	0	0	594545	0	501635	0.000000	0.000000	1965762	1469998
SRR7283032	0	0	0	0	0	978157	0	831021	0.000000	0.000000	1956821	1121653
SRR7283033	8	6	2	1	18	978157	18	824181	3.000000	0.500000	1943746	1114308
SRR7283056	14	0	14	0	0	643717	0	454896	0.000000	0.000000	1816884	1348120
SRR7283063	46	10	36	1	721	593097	721	480098	0.277778	0.027778	1871376	1385625
SRR7283073	36	0	36	0	0	662115	0	565523	0.000000	0.000000	2019589	1462266
SRR7283112	7	0	7	0	0	865155	0	649308	0.000000	0.000000	1830189	1170031
SRR7283115	1	0	1	0	0	863043	0	716550	0.000000	0.000000	1891240	1178909
SRR7283148	32	7	25	1	7	978164	7	828510	0.280000	0.040000	1953371	1120574
SRR7283151	18	3	15	1	3	607851	3	460350	0.200000	0.066667	1849362	1379005
SRR7283156	31	0	31	0	0	862918	0	647697	0.000000	0.000000	1814432	1159970
SRR7283161	22	4	18	1	10	616749	9	464622	0.222222	0.055556	1898045	1435909
SRR7283168	38	0	38	0	0	895612	0	716918	0.000000	0.000000	1891690	1166709
SRR7283177	10	9	1	1	15	1026161	14	799281	9.000000	1.000000	1851997	1046207
SRR7283240	46	3	43	1	32	869788	32	648206	0.069767	0.023256	1815361	1160890
SRR7283255	528	408	120	3	40692	787578	39305	635128	3.400000	0.025000	1907135	1293989
SRR7283267	9	6	3	1	18	1026161	18	802862	2.000000	0.333333	1859089	1051583
SRR7283282	32	0	32	0	0	635218	0	531869	0.000000	0.000000	2013816	1496483
SRR7283309	32	10	22	2	41	610117	21	477905	0.454545	0.090909	1866840	1381407
SRR7283310	32	4	28	1	19	989667	19	774584	0.142857	0.035714	1871748	1094731
SRR7283344	38	0	38	0	0	869797	0	670849	0.000000	0.000000	1844538	1171973
SRR7283346	56	5	51	1	10	691070	10	515592	0.098039	0.019608	1831219	1295568
SRR7283358	81	12	69	1	65	836038	65	647262	0.173913	0.014493	1816430	1162773
SRR7283371	69	5	64	1	6	769249	6	614026	0.078125	0.015625	1917140	1297904
SRR7283406	19	0	19	0	0	610117	0	461075	0.000000	0.000000	1850939	1380142
SRR7283417	18	3	15	1	4	110284	4	15823	0.200000	0.066667	1838127	1808336
SRR7283434	15	7	8	2	8	1011287	8	798245	0.875000	0.250000	1870083	1069032
SRR7283436	21	0	21	0	0	593261	0	448171	0.000000	0.000000	1821461	1363389
SRR7283462	23	0	23	0	0	610117	0	458637	0.000000	0.000000	1845255	1376012
SRR7283467	448	411	37	3	25221	1005670	19732	799843	11.108109	0.081081	1876196	1083943
SRR7283469	248	200	48	2	105941	888867	7106	662011	4.166667	0.041667	1850108	1185599
SRR7283480	69	14	55	2	892	856193	481	654081	0.254545	0.036364	1841261	1183288
SRR7283481	18	0	18	0	0	636570	0	626123	0.000000	0.000000	2125504	1515777
SRR7283526	48	0	48	0	0	864972	0	652642	0.000000	0.000000	1839433	1176088
SRR7283530	1423	1383	40	3	97449	1026906	30136	825417	34.575001	0.075000	1849473	1024752
SRR7283532	40	0	40	0	0	635481	0	524895	0.000000	0.000000	2005001	1494843
SRR7283535	63	20	43	3	8870	1044718	2102	825656	0.465116	0.069767	1917237	1086282
SRR7283576	68	0	68	0	0	656264	0	564548	0.000000	0.000000	2021796	1466041
SRR7283579	10	0	10	0	0	863034	0	715575	0.000000	0.000000	1888890	1177822
SRR7283589	68	45	23	3	9334	874579	6435	674274	1.956522	0.130435	1864463	1186600
SRR7283598	50	3	47	1	3	836041	3	684457	0.063830	0.021277	1869599	1183349
SRR7283603	45	0	45	0	0	864972	0	651242	0.000000	0.000000	1834972	1173727
SRR7283838	6	0	6	0	0	869797	0	672095	0.000000	0.000000	1844270	1170429
SRR7283839	50	0	50	0	0	716699	0	519605	0.000000	0.000000	1928490	1408070
SRR7283843	25	0	25	0	0	607851	0	460181	0.000000	0.000000	1848831	1378612
SRR7283848	25	3	22	1	3	895483	3	713450	0.136364	0.045455	1883937	1161479
SRR7283850	49	11	38	1	14487	978157	5163	818844	0.289474	0.026316	1945104	1121924
SRR7283887	36	0	36	0	0	836038	0	652420	0.000000	0.000000	1826165	1169762
SRR7283900	65	0	65	0	0	635218	0	529928	0.000000	0.000000	2007630	1492660
SRR7283915	144	60	84	3	7433	1044519	3389	832213	0.714286	0.035714	1926997	1090100
SRR7283921	79	19	60	1	973	856551	969	656254	0.316667	0.016667	1843682	1183576
SRR7283922	60	27	33	2	90234	976954	1075	760212	0.818182	0.060606	1866464	1105843
SRR7283931	99	67	32	1	1782	844971	1395	651729	2.093750	0.031250	1822147	1165930
SRR7283938	32	9	23	2	1561	863043	503	717131	0.391304	0.086957	1892201	1179714
SRR7283951	25	3	22	1	3	607854	3	461561	0.136364	0.045455	1852324	1381324
SRR7283959	55	7	48	2	11	978157	11	832170	0.145833	0.041667	1960912	1124819
SRR7284015	947	814	133	4	99117	991380	32105	837980	6.120301	0.030075	1929796	1104942
SRR7284018	28	0	28	0	0	610117	0	460370	0.000000	0.000000	1849758	1379116
SRR7284020	36	0	36	0	0	862910	0	651842	0.000000	0.000000	1824971	1166554
SRR7284023	34	0	34	0	0	852925	0	675060	0.000000	0.000000	1852018	1175480
SRR7284032	44	16	28	3	12492	872419	7731	669444	0.571429	0.107143	1841770	1169788
SRR7284037	50	0	50	0	0	844979	0	687237	0.000000	0.000000	1875270	1186560
SRR7284053	25	0	25	0	0	836058	0	674394	0.000000	0.000000	1851629	1178873
SRR7284055	22	5	17	1	9	852845	9	651811	0.294118	0.058824	1825096	1166576
SRR7284071	7	3	4	1	7	865656	7	713841	0.750000	0.250000	1886363	1174249
SRR7284119	39	7	32	1	7	856191	7	668431	0.218750	0.031250	1867823	1194417
SRR7284130	16	0	16	0	0	863043	0	715090	0.000000	0.000000	1888078	1176741
SRR7284137	305	275	30	1	8797	848192	4587	654823	9.166667	0.033333	1825650	1165672
SRR7284161	22	0	22	0	0	746546	0	599744	0.000000	0.000000	1985256	1376648
SRR9082412	69	3	66	1	3	635218	3	523828	0.045455	0.015152	2005383	1488363
SRR9082427	41	0	41	0	0	969006	0	758818	0.000000	0.000000	1863418	1102469
SRR9082431	9	0	9	0	0	882344	0	652509	0.000000	0.000000	1833149	1170072
SRR9082432	16	0	16	0	0	658615	0	495482	0.000000	0.000000	1899781	1407982
SRR9082437	32	5	27	1	9	852845	9	650296	0.185185	0.037037	1821246	1164305
SRR9082448	36	0	36	0	0	844979	0	651530	0.000000	0.000000	1823596	1167544
SRR9082454	44	7	37	1	728	1044680	728	825760	0.189189	0.027027	1918229	1087427
SRR9082455	41	3	38	1	22	852925	22	647469	0.078947	0.026316	1812871	1158775
SRR9082465	30	5	25	1	9	844980	9	665860	0.200000	0.040000	1850653	1178436
SRR9082475	81	47	34	2	9676	653519	9576	562272	1.382353	0.058824	2010715	1457172
SRR9082486	280	246	34	5	42409	1094382	33853	900715	7.235294	0.147059	1835129	940432
SRR9082490	30	0	30	0	0	1064457	0	847343	0.000000	0.000000	1922797	1075651
SRR9082491	27	0	27	0	0	882344	0	654247	0.000000	0.000000	1839727	1175003
SRR9082507	93	8	85	1	40	836038	30	649258	0.094118	0.011765	1819833	1165638
SRR9082510	52	6	46	1	11	1064457	11	842014	0.130435	0.021739	1913282	1071019
SRR9082561	379	325	54	3	38142	693258	32862	545702	6.018518	0.055556	1836466	1305124
SRR9082574	12	0	12	0	0	856193	0	663024	0.000000	0.000000	1848856	1179002
SRR9082575	41	6	35	1	8555	1064457	6415	841162	0.171429	0.028571	1912019	1070509
SRR9082599	36	8	28	1	874	653318	873	557876	0.285714	0.035714	2000205	1451670
SRR9082642	35	3	32	1	7	844979	7	688452	0.093750	0.031250	1878133	1188480
SRR9082646	90	50	40	2	713	691074	436	515270	1.250000	0.050000	1828540	1293860
SRR9082652	44	0	44	0	0	852836	0	649604	0.000000	0.000000	1818418	1161577
SRR9082692	24	0	24	0	0	610117	0	461190	0.000000	0.000000	1851203	1380167
SRR9082718	34	0	34	0	0	660775	0	521759	0.000000	0.000000	1851166	1319424
SRR9082726	40	3	37	1	23	610117	8	453112	0.081081	0.027027	1829689	1364349
SRR9082743	27	0	27	0	0	610117	0	461074	0.000000	0.000000	1851400	1380504
SRR9082746	21	3	18	1	3	1026161	3	806644	0.166667	0.055556	1866365	1055849
SRR9082792	67	0	67	0	0	836846	0	649459	0.000000	0.000000	1819256	1164926
SRR9082809	66	12	54	1	30	923502	30	756888	0.222222	0.018519	1856569	1107272
SRR9082816	70	15	55	1	8977	769378	8208	613783	0.272727	0.018182	1917087	1297661
SRR9082830	56	0	56	0	0	969006	0	754654	0.000000	0.000000	1856088	1099368
SRR9082831	30	0	30	0	0	978157	0	829143	0.000000	0.000000	1953917	1119991
SRR9082858	41	15	26	1	59	978216	59	827937	0.576923	0.038462	1936155	1103937
SRR9082862	28	3	25	1	3	1183429	3	963564	0.120000	0.040000	1914751	947187
SRR9082864	72	19	53	4	43	864993	43	670156	0.358491	0.075472	1856671	1178932
SRR9082867	274	232	42	2	8806	1038992	8260	813510	5.523809	0.047619	1889442	1071205
SRR9082870	18	5	13	1	9	869797	9	665892	0.384615	0.076923	1834908	1165419
SRR9082885	31	5	26	1	9	856193	9	664174	0.192308	0.038462	1844104	1174499
SRR9082892	30	0	30	0	0	607617	0	458972	0.000000	0.000000	1846667	1377152
SRR9082905	7	0	7	0	0	856193	0	651399	0.000000	0.000000	1830936	1175179
SRR9082912	67	30	37	2	5463	114369	4807	19067	0.810811	0.054054	1811304	1783720
SRR9082916	40	0	40	0	0	110369	0	15343	0.000000	0.000000	1837933	1808369
SRR9082917	27	0	27	0	0	660775	0	522069	0.000000	0.000000	1852129	1319957
SRR9082922	27	0	27	0	0	610117	0	459011	0.000000	0.000000	1845361	1375751
SRR9082955	24	0	24	0	0	607851	0	460491	0.000000	0.000000	1851008	1379668
SRR9082963	63	10	53	1	884	789585	884	550186	0.188679	0.018868	1721179	1182922
SRR9082992	16	5	11	1	9	836102	9	651096	0.454545	0.090909	1823116	1167370
SRR9083006	47	0	47	0	0	864981	0	649154	0.000000	0.000000	1829915	1169665
SRR9083026	47	4	43	1	12	109751	12	15480	0.093023	0.023256	1825151	1796513
SRR9083046	63	11	52	2	23	1038997	23	814239	0.211538	0.038462	1891916	1072168
SRR9083079	39	0	39	0	0	636570	0	624333	0.000000	0.000000	2117246	1509887
SRR9083115	31	0	31	0	0	610117	0	458712	0.000000	0.000000	1845150	1375437
SRR9083127	40	10	30	1	73	593112	72	460236	0.333333	0.033333	1849671	1379339
SRR9083146	28	0	28	0	0	856184	0	668452	0.000000	0.000000	1869042	1195136
SRR9083169	77	9	68	1	41	969047	41	756252	0.132353	0.014706	1846987	1083974
SRR9083171	19	0	19	0	0	856184	0	670477	0.000000	0.000000	1874044	1198680
SRR9083177	21	0	21	0	0	869797	0	670480	0.000000	0.000000	1844267	1171579
SRR9083181	45	9	36	2	25	1038992	25	817674	0.250000	0.055556	1911606	1089597
SRR9083185	22	0	22	0	0	1005624	0	785829	0.000000	0.000000	1915672	1123379
SRR9083186	33	5	28	1	9	869797	9	668559	0.178571	0.035714	1838828	1167483
SRR9083226	68	0	68	0	0	109739	0	15874	0.000000	0.000000	1838657	1809167
SRR9083235	38	0	38	0	0	978157	0	824873	0.000000	0.000000	1945861	1115985
SRR9083243	68	3	65	1	37	587038	37	458987	0.046154	0.015385	1871435	1403913
SRR9083262	181	103	78	4	3969	896114	3257	668593	1.320513	0.051282	1835618	1159964
SRR9083278	16	0	16	0	0	852925	0	668706	0.000000	0.000000	1840262	1168905
SRR9083304	77	0	77	0	0	635218	0	527979	0.000000	0.000000	2002910	1490139
SRR9083310	38	6	32	2	14	716709	14	514499	0.187500	0.062500	1907637	1393776
SRR9083353	13	0	13	0	0	865155	0	647386	0.000000	0.000000	1825703	1167150
SRR9083381	21	0	21	0	0	610117	0	458432	0.000000	0.000000	1843725	1374629
SRR9087018	35	4	31	1	5	990644	5	779610	0.129032	0.032258	1864042	1081028
SRR9087042	33	5	28	1	9	836047	9	648703	0.178571	0.035714	1816850	1163631
SRR9087045	52	0	52	0	0	1026161	0	826663	0.000000	0.000000	1885241	1056399
SRR9087048	45	5	40	1	442	110181	101	15681	0.125000	0.025000	1836261	1806922
SRR9087049	42	0	42	0	0	864972	0	649525	0.000000	0.000000	1831624	1171360
SRR9087053	55	0	55	0	0	635481	0	522318	0.000000	0.000000	1995544	1488018
SRR9087078	29	0	29	0	0	593097	0	455365	0.000000	0.000000	1836027	1369538
SRR9087117	165	84	81	3	16692	864569	5141	655435	1.037037	0.037037	1837539	1180934
SRR9087118	44	3	41	1	3	691070	3	522609	0.073171	0.024390	1847694	1307156
SRR9087125	19	0	19	0	0	869797	0	666865	0.000000	0.000000	1836271	1165898
SRR9087127	19	0	19	0	0	1026161	0	801717	0.000000	0.000000	1857072	1051472
SRR9087133	26	5	21	1	9	836102	9	645854	0.238095	0.047619	1810139	1159253
SRR9087139	116	15	101	2	896	836791	893	647501	0.148515	0.019802	1812896	1160800
SRR9087910	38	0	38	0	0	856184	0	648876	0.000000	0.000000	1830021	1176443
SRR9087912	24	12	12	2	3736	1012047	2977	849813	1.000000	0.166667	1818791	948950
SRR9087919	48	0	48	0	0	1064457	0	845436	0.000000	0.000000	1919452	1074341
SRR9087924	35	6	29	2	8	978162	8	829843	0.206897	0.068966	1940368	1106264
SRR9087949	161	112	49	2	41280	992052	35506	839923	2.285714	0.040816	1937068	1104179
SRR9087980	57	5	52	1	9	869797	9	657103	0.096154	0.019231	1822598	1158446
SRR9087986	18	0	18	0	0	607851	0	460086	0.000000	0.000000	1848426	1378161
SRR9088006	43	0	43	0	0	856184	0	651451	0.000000	0.000000	1837690	1181412
SRR9088022	45	15	30	2	21	990644	20	766163	0.500000	0.066667	1846849	1076895
SRR9088024	36	0	36	0	0	110284	0	14919	0.000000	0.000000	1828576	1799426
SRR9088030	8	0	8	0	0	990397	0	794962	0.000000	0.000000	1901927	1103458
SRR9088060	31	0	31	0	0	690567	0	519796	0.000000	0.000000	1841788	1303624
SRR9088114	45	0	45	0	0	844971	0	671357	0.000000	0.000000	1845506	1174054
SRR9088125	7	3	4	1	4	110284	4	16218	0.750000	0.250000	1838536	1808457
SRR9088133	53	0	53	0	0	856184	0	652496	0.000000	0.000000	1838364	1181814
SRR9088140	24	5	19	1	8644	865540	3667	718072	0.263158	0.052632	1892900	1175769
SRR9088142	109	88	21	2	2961	616742	2948	495304	4.190476	0.095238	1930134	1441747
SRR9088150	20	5	15	1	9	865164	9	650179	0.333333	0.066667	1831850	1170374
SRR9088152	87	45	42	1	1549	110272	888	14189	1.071429	0.023810	1736941	1709866
SRR9088157	7	0	7	0	0	852925	0	644755	0.000000	0.000000	1804660	1152776
SRR9088158	28	3	25	1	37	607851	37	458858	0.120000	0.040000	1843855	1374202
SRR9088160	111	78	33	2	3109	978157	1979	831850	2.363636	0.060606	1958980	1122708
SRR9088166	40	5	35	1	9	869797	9	669589	0.142857	0.028571	1843232	1170556
SRR9088171	33	0	33	0	0	852845	0	644526	0.000000	0.000000	1806571	1154051
SRR9088199	67	7	60	2	80	109579	80	16057	0.116667	0.033333	1836032	1806666
SRR9088202	27	0	27	0	0	636570	0	613231	0.000000	0.000000	2111312	1514703
SRR9088217	26	0	26	0	0	852836	0	647929	0.000000	0.000000	1815277	1160279
SRR9088224	18	0	18	0	0	658615	0	494694	0.000000	0.000000	1897557	1406175
SRR9088225	117	83	34	1	2657	593097	1562	479800	2.441176	0.029412	1871497	1385842
SRR9088228	29	5	24	1	10398	872419	2935	633923	0.208333	0.041667	1748230	1108180
SRR9088244	48	0	48	0	0	653318	0	559934	0.000000	0.000000	2007646	1457822
SRR9088259	196	156	40	6	31054	1107999	26112	821216	3.900000	0.150000	1666036	850863
SRR9088264	56	0	56	0	0	969006	0	758867	0.000000	0.000000	1863514	1103384
SRR9088271	71	37	34	1	53613	856184	5571	653554	1.088235	0.029412	1825051	1167101
SRR9088283	47	9	38	2	17	110284	17	14690	0.236842	0.052632	1823756	1794952
SRR9088326	32	0	32	0	0	978157	0	818572	0.000000	0.000000	1920222	1095578
SRR9088366	25	5	20	1	9	1012056	9	844535	0.250000	0.050000	1809784	943875
SRR9088373	71	4	67	1	9	856193	9	652532	0.059701	0.014925	1840279	1182934
SRR9088377	32	0	32	0	0	978157	0	831159	0.000000	0.000000	1957201	1121902
SRR9088411	51	0	51	0	0	1043031	0	825967	0.000000	0.000000	1919515	1088081
SRR9088422	37	9	28	3	45	844984	45	661063	0.321429	0.107143	1837258	1169414
SRR9088424	44	0	44	0	0	1026161	0	800343	0.000000	0.000000	1853390	1048577
SRR9088439	145	86	59	1	4592	852836	3016	662469	1.457627	0.016949	1829282	1162474
SRR9088449	47	7	40	2	2135	110369	879	11669	0.175000	0.050000	1678427	1652847
SRR9088466	51	0	51	0	0	864972	0	650968	0.000000	0.000000	1833336	1170715
SRR9088473	28	3	25	1	4	1183620	4	928124	0.120000	0.040000	1862954	917952
SRR9088476	5	0	5	0	0	978157	0	830776	0.000000	0.000000	1956701	1121741
SRR9088511	36	4	32	1	6	451743	6	299116	0.125000	0.031250	1865906	1562154
SRR9088533	23	0	23	0	0	1026161	0	806525	0.000000	0.000000	1865853	1055849
SRR9088542	27	0	27	0	0	593261	0	444420	0.000000	0.000000	1807888	1353024
SRR9088550	39	6	33	1	18	978157	18	830567	0.181818	0.030303	1956567	1121701
SRR9088563	57	4	53	1	10467	716908	815	521580	0.075472	0.018868	1927950	1406066
SRR9088575	524	407	117	4	148101	684138	22493	527267	3.478632	0.034188	1954545	1436260
SRR9088577	42	6	36	1	11	1042961	11	754420	0.166667	0.027778	1778117	1019071
SRR9088589	22	0	22	0	0	1042965	0	823060	0.000000	0.000000	1900035	1070690
SRR9088611	12	0	12	0	0	658615	0	494788	0.000000	0.000000	1897854	1406716
SRR9088628	22	0	22	0	0	856184	0	669270	0.000000	0.000000	1871290	1196763
SRR9088630	88	3	85	1	49	836886	49	670400	0.035294	0.011765	1846017	1174855
SRR9088631	48	5	43	1	9	852845	9	664751	0.116279	0.023256	1831636	1162573
SRR9088646	38	0	38	0	0	978157	0	826468	0.000000	0.000000	1948779	1116889
SRR9088653	18	0	18	0	0	864972	0	652125	0.000000	0.000000	1838551	1175794
SRR9088656	57	3	54	1	34	653318	34	559768	0.055556	0.018519	2015414	1466625
SRR9088673	30	0	30	0	0	859436	0	631226	0.000000	0.000000	1767927	1133624
SRR9088693	40	0	40	0	0	660775	0	518497	0.000000	0.000000	1841811	1312467
SRR9088694	26	0	26	0	0	1190324	0	978222	0.000000	0.000000	1914176	920170
SRR9088708	45	3	42	1	5	1042970	5	824407	0.071429	0.023810	1916645	1085735
SRR9088733	66	7	59	2	35	653328	35	525925	0.118644	0.033898	1990013	1471525
SRR9088749	25	0	25	0	0	865155	0	650884	0.000000	0.000000	1834576	1172659
SRR9088751	24	5	19	1	15	978157	15	822671	0.263158	0.052632	1927535	1099575
SRR9088770	23	3	20	1	22	451765	22	299026	0.150000	0.050000	1868188	1564234
SRR9088785	0	0	0	0	0	635481	0	525804	0.000000	0.000000	1983038	1472203
SRR9088792	48	0	48	0	0	844979	0	665978	0.000000	0.000000	1850748	1178245
SRR9088804	25	0	25	0	0	844993	0	645291	0.000000	0.000000	1808092	1157310
SRR9088818	366	335	31	3	58670	986917	55327	821821	10.806452	0.096774	1925224	1106174
SRR9088829	37	4	33	1	10	864972	10	652702	0.121212	0.030303	1840020	1176572
SRR9088851	22	9	13	1	91	852925	91	671721	0.692308	0.076923	1846800	1172930
SRR9088857	26	5	21	1	8	716704	8	518538	0.238095	0.047619	1924704	1405997
SRR9088866	37	3	34	1	3	836041	3	649861	0.088235	0.029412	1819556	1165142
SRR9088889	61	15	46	2	21927	898903	10669	647614	0.326087	0.043478	1716313	1052952
Node_1	4	0	4	0	0	109499	0	17361	0.000000	0.000000	1846735	1816132
Node_2	1	0	1	0	0	109739	0	15992	0.000000	0.000000	1840859	1811347
Node_3	1	0	1	0	0	109739	0	17160	0.000000	0.000000	1845633	1815273
Node_4	3	3	0	1	4	109739	4	16542	0.000000	0.000000	1843751	1813977
Node_5	6	4	2	1	12	109751	12	18142	2.000000	0.500000	1845843	1815539
Node_6	1	0	1	0	0	109739	0	18424	0.000000	0.000000	1848513	1817930
Node_7	8	0	8	0	0	109739	0	18758	0.000000	0.000000	1854513	1816434
Node_8	4	0	4	0	0	109739	0	18771	0.000000	0.000000	1855124	1817035
Node_9	19	0	19	0	0	110284	0	16222	0.000000	0.000000	1838961	1808876
Node_10	2	0	2	0	0	110369	0	14104	0.000000	0.000000	1820029	1791750
Node_11	2	0	2	0	0	110369	0	15470	0.000000	0.000000	1840263	1810629
Node_12	5	0	5	0	0	110369	0	18430	0.000000	0.000000	1852870	1814487
Node_13	1	0	1	0	0	110369	0	18633	0.000000	0.000000	1853816	1815264
Node_14	7	6	1	2	97	110369	97	19624	6.000000	2.000000	1854907	1816354
Node_15	0	0	0	0	0	110284	0	19539	0.000000	0.000000	1854911	1816358
Node_16	0	0	0	0	0	110284	0	19539	0.000000	0.000000	1854934	1816381
Node_17	0	0	0	0	0	110284	0	19626	0.000000	0.000000	1855306	1816718
Node_18	2	0	2	0	0	110284	0	17897	0.000000	0.000000	1848739	1817242
Node_19	3	0	3	0	0	110284	0	18192	0.000000	0.000000	1849821	1818027
Node_20	22	0	22	0	0	110284	0	16675	0.000000	0.000000	1843526	1812856
Node_21	19	0	19	0	0	110284	0	16065	0.000000	0.000000	1840029	1810130
Node_22	0	0	0	0	0	110284	0	16998	0.000000	0.000000	1845495	1814704
Node_23	0	0	0	0	0	110284	0	17006	0.000000	0.000000	1845621	1814817
Node_24	0	0	0	0	0	110284	0	20776	0.000000	0.000000	1856083	1817226
Node_25	5	0	5	0	0	110284	0	21810	0.000000	0.000000	1859711	1820010
Node_26	0	0	0	0	0	110284	0	21810	0.000000	0.000000	1859713	1820012
Node_27	1	0	1	0	0	110284	0	21962	0.000000	0.000000	1860242	1820445
Node_28	1	0	1	0	0	110284	0	22028	0.000000	0.000000	1861111	1820559
Node_29	1	0	1	0	0	110284	0	15185	0.000000	0.000000	1834307	1804657
Node_30	0	0	0	0	0	110284	0	22028	0.000000	0.000000	1861111	1820559
Node_31	0	0	0	0	0	110284	0	22028	0.000000	0.000000	1861144	1820592
Node_32	4	4	0	1	12	110284	12	22028	0.000000	0.000000	1861144	1820604
Node_33	16	5	11	1	1354	110272	940	22019	0.454545	0.090909	1861164	1821155
Node_34	0	0	0	0	0	109739	0	21500	0.000000	0.000000	1861704	1821690
Node_35	0	0	0	0	0	109739	0	21500	0.000000	0.000000	1861704	1821690
Node_36	0	0	0	0	0	109739	0	21500	0.000000	0.000000	1861705	1821691
Node_37	0	0	0	0	0	109739	0	21500	0.000000	0.000000	1861705	1821691
Node_38	0	0	0	0	0	109739	0	22851	0.000000	0.000000	1864187	1823841
Node_39	7	0	7	0	0	109739	0	16171	0.000000	0.000000	1839795	1810400
Node_40	7	0	7	0	0	109739	0	16670	0.000000	0.000000	1842556	1813043
Node_41	4	0	4	0	0	109739	0	22930	0.000000	0.000000	1864279	1823933
Node_42	141	121	20	2	1655	109739	1655	22931	6.050000	0.100000	1864340	1824216
Node_43	12	6	6	1	17	109516	17	22716	1.000000	0.166667	1864460	1824334
Node_44	0	0	0	0	0	109499	0	22699	0.000000	0.000000	1864500	1824374
Node_45	6557	1284	5273	31	109499	109499	22923	22923	0.243505	0.005879	1868891	1868891
Node_46	8	7	1	1	32	451743	32	300107	7.000000	1.000000	1872945	1568330
Node_47	2	0	2	0	0	451743	0	300219	0.000000	0.000000	1873220	1568503
Node_48	1886	1743	143	19	297613	451743	258806	300270	12.188811	0.132867	1873453	1825333
Node_49	9494	3037	6457	63	155990	155990	57992	57992	0.470342	0.009757	1902998	1902998
Node_50	0	0	0	0	0	0	0	0	0.000000	0.000000	1953242	1953242
Node_51	899	853	46	17	137364	722108	86544	603087	18.543478	0.369565	1931336	1385307
Node_52	16	0	16	0	0	690567	0	525010	0.000000	0.000000	1854337	1312639
Node_53	11	0	11	0	0	690567	0	523673	0.000000	0.000000	1851229	1310501
Node_54	0	0	0	0	0	690567	0	550301	0.000000	0.000000	1884925	1319941
Node_55	6	0	6	0	0	690567	0	550335	0.000000	0.000000	1885124	1320138
Node_56	25	6	19	1	11	690567	11	550872	0.315789	0.052632	1886557	1321241
Node_57	2	0	2	0	0	691070	0	519590	0.000000	0.000000	1841192	1302780
Node_58	2	0	2	0	0	691070	0	524279	0.000000	0.000000	1853937	1312216
Node_59	3	0	3	0	0	691070	0	524606	0.000000	0.000000	1854636	1312759
Node_60	3	0	3	0	0	691070	0	524746	0.000000	0.000000	1855066	1313077
Node_61	20	6	14	1	514	691070	226	525276	0.428571	0.071429	1855671	1314004
Node_62	4	0	4	0	0	690556	0	528037	0.000000	0.000000	1874846	1330514
Node_63	0	0	0	0	0	690556	0	536353	0.000000	0.000000	1890651	1336237
Node_64	17	0	17	0	0	690556	0	562025	0.000000	0.000000	1919393	1342409
Node_65	589	524	65	11	115015	690556	63104	562061	8.061539	0.169231	1919465	1382627
Node_66	406	342	64	12	207171	644797	195348	576212	5.343750	0.187500	1983511	1598643
Node_67	2130	1915	215	27	302181	438064	260443	381716	8.906977	0.125581	1984310	1852538
Node_68	830	787	43	5	144798	667199	86314	535459	18.302326	0.116279	1905780	1416307
Node_69	68	5	63	1	9	587010	9	479937	0.079365	0.015873	1893834	1409100
Node_70	13	5	8	1	15	587001	15	480212	0.625000	0.125000	1894350	1409503
Node_71	7	0	7	0	0	587001	0	492722	0.000000	0.000000	1909632	1418909
Node_72	43	7	36	2	1402	587001	1401	493477	0.194444	0.055556	1912206	1420869
Node_73	0	0	0	0	0	607851	0	460303	0.000000	0.000000	1849066	1378703
Node_74	0	0	0	0	0	607851	0	460334	0.000000	0.000000	1849120	1378741
Node_75	1	0	1	0	0	607851	0	460566	0.000000	0.000000	1849593	1379045
Node_76	0	0	0	0	0	607851	0	459377	0.000000	0.000000	1846586	1376795
Node_77	3	0	3	0	0	607851	0	459508	0.000000	0.000000	1847042	1377159
Node_78	2	0	2	0	0	607851	0	459360	0.000000	0.000000	1846419	1376633
Node_79	0	0	0	0	0	607851	0	460006	0.000000	0.000000	1848114	1377947
Node_80	0	0	0	0	0	607851	0	460112	0.000000	0.000000	1848449	1378188
Node_81	0	0	0	0	0	607851	0	460164	0.000000	0.000000	1848585	1378305
Node_82	2	0	2	0	0	607851	0	460164	0.000000	0.000000	1848617	1378337
Node_83	0	0	0	0	0	607851	0	460400	0.000000	0.000000	1849246	1378871
Node_84	0	0	0	0	0	607851	0	460651	0.000000	0.000000	1849883	1379435
Node_85	3	0	3	0	0	607851	0	477896	0.000000	0.000000	1869972	1384678
Node_86	0	0	0	0	0	607851	0	478107	0.000000	0.000000	1870502	1385106
Node_87	0	0	0	0	0	607851	0	478774	0.000000	0.000000	1872193	1386536
Node_88	4	0	4	0	0	607851	0	479318	0.000000	0.000000	1873342	1387333
Node_89	3	0	3	0	0	607851	0	460347	0.000000	0.000000	1848845	1378692
Node_90	5	0	5	0	0	607851	0	459623	0.000000	0.000000	1847633	1377671
Node_91	1	0	1	0	0	607851	0	460695	0.000000	0.000000	1850180	1379730
Node_92	4	3	1	1	3	607851	3	479417	3.000000	1.000000	1873781	1387699
Node_93	1	0	1	0	0	607851	0	479555	0.000000	0.000000	1873976	1387862
Node_94	0	0	0	0	0	607851	0	479580	0.000000	0.000000	1874125	1387992
Node_95	5	0	5	0	0	607851	0	459816	0.000000	0.000000	1848431	1378365
Node_96	0	0	0	0	0	607851	0	479605	0.000000	0.000000	1874288	1388092
Node_97	0	0	0	0	0	607851	0	460706	0.000000	0.000000	1850319	1379759
Node_98	3	0	3	0	0	607851	0	458485	0.000000	0.000000	1844654	1375492
Node_99	1	0	1	0	0	607851	0	461652	0.000000	0.000000	1853340	1382113
Node_100	2	0	2	0	0	607851	0	459223	0.000000	0.000000	1846971	1377264
Node_101	3	0	3	0	0	607851	0	460776	0.000000	0.000000	1849212	1377918
Node_102	0	0	0	0	0	607851	0	460571	0.000000	0.000000	1849580	1379153
Node_103	2	0	2	0	0	607851	0	460637	0.000000	0.000000	1849828	1379367
Node_104	4	0	4	0	0	607851	0	462046	0.000000	0.000000	1852002	1380083
Node_105	5	0	5	0	0	607851	0	462146	0.000000	0.000000	1852406	1380429
Node_106	2	0	2	0	0	607851	0	462204	0.000000	0.000000	1852546	1380546
Node_107	1	0	1	0	0	607851	0	463082	0.000000	0.000000	1855024	1382383
Node_108	1	0	1	0	0	607851	0	475383	0.000000	0.000000	1863824	1380577
Node_109	2	0	2	0	0	607851	0	475486	0.000000	0.000000	1864189	1380873
Node_110	0	0	0	0	0	607851	0	480322	0.000000	0.000000	1875518	1388488
Node_111	0	0	0	0	0	607851	0	480393	0.000000	0.000000	1875706	1388613
Node_112	1	0	1	0	0	607851	0	480686	0.000000	0.000000	1876547	1389212
Node_113	0	0	0	0	0	607851	0	480693	0.000000	0.000000	1876554	1389219
Node_114	0	0	0	0	0	607851	0	480741	0.000000	0.000000	1876629	1389274
Node_115	4	0	4	0	0	607851	0	464263	0.000000	0.000000	1854150	1380372
Node_116	0	0	0	0	0	607851	0	461956	0.000000	0.000000	1853866	1382402
Node_117	2	0	2	0	0	607851	0	465626	0.000000	0.000000	1857979	1383341
Node_118	11	9	2	1	247	607851	247	483558	4.500000	0.500000	1879950	1390214
Node_119	0	0	0	0	0	607851	0	485413	0.000000	0.000000	1882072	1391022
Node_120	1	0	1	0	0	607851	0	485420	0.000000	0.000000	1882080	1391027
Node_121	3	0	3	0	0	607851	0	461815	0.000000	0.000000	1852967	1381813
Node_122	4	0	4	0	0	607851	0	461928	0.000000	0.000000	1853510	1382203
Node_123	0	0	0	0	0	607851	0	458591	0.000000	0.000000	1844884	1375712
Node_124	0	0	0	0	0	607851	0	457986	0.000000	0.000000	1842730	1373885
Node_125	0	0	0	0	0	607851	0	458759	0.000000	0.000000	1844753	1375431
Node_126	4	0	4	0	0	607851	0	457705	0.000000	0.000000	1842616	1373957
Node_127	0	0	0	0	0	607851	0	459364	0.000000	0.000000	1846491	1376848
Node_128	2	0	2	0	0	607851	0	459812	0.000000	0.000000	1847837	1377926
Node_129	5	0	5	0	0	607851	0	459851	0.000000	0.000000	1847976	1378019
Node_130	1	0	1	0	0	607851	0	460002	0.000000	0.000000	1848378	1378275
Node_131	28	0	28	0	0	607851	0	461603	0.000000	0.000000	1852970	1381792
Node_132	1	0	1	0	0	607851	0	461616	0.000000	0.000000	1853054	1381844
Node_133	0	0	0	0	0	607851	0	461698	0.000000	0.000000	1853163	1381928
Node_134	2	0	2	0	0	607851	0	461709	0.000000	0.000000	1853312	1382061
Node_135	1	0	1	0	0	607851	0	462194	0.000000	0.000000	1854493	1382961
Node_136	0	0	0	0	0	607851	0	459508	0.000000	0.000000	1846348	1376870
Node_137	0	0	0	0	0	607851	0	462203	0.000000	0.000000	1854517	1382985
Node_138	0	0	0	0	0	607851	0	462357	0.000000	0.000000	1855147	1383483
Node_139	1	0	1	0	0	607851	0	485504	0.000000	0.000000	1882381	1391275
Node_140	3	0	3	0	0	607851	0	481620	0.000000	0.000000	1872726	1384704
Node_141	1	0	1	0	0	607851	0	482975	0.000000	0.000000	1876272	1387592
Node_142	25	4	21	1	8	607859	8	461576	0.190476	0.047619	1852738	1381568
Node_143	0	0	0	0	0	607851	0	459258	0.000000	0.000000	1845676	1375412
Node_144	3	0	3	0	0	607851	0	460349	0.000000	0.000000	1848498	1377627
Node_145	3	0	3	0	0	607851	0	462684	0.000000	0.000000	1854108	1381825
Node_146	1	0	1	0	0	607851	0	484032	0.000000	0.000000	1879254	1389712
Node_147	8	0	8	0	0	607851	0	459834	0.000000	0.000000	1847438	1377583
Node_148	0	0	0	0	0	607851	0	460448	0.000000	0.000000	1849372	1378914
Node_149	1	0	1	0	0	607851	0	461169	0.000000	0.000000	1851004	1380267
Node_150	0	0	0	0	0	607851	0	484357	0.000000	0.000000	1879816	1390113
Node_151	42	27	15	2	1861	607851	1831	487220	1.800000	0.133333	1884359	1392364
Node_152	0	0	0	0	0	607617	0	487032	0.000000	0.000000	1884476	1392432
Node_153	0	0	0	0	0	607617	0	487520	0.000000	0.000000	1884994	1392869
Node_154	0	0	0	0	0	607617	0	487520	0.000000	0.000000	1884999	1392874
Node_155	4	0	4	0	0	607617	0	487522	0.000000	0.000000	1885021	1392893
Node_156	1	0	1	0	0	610117	0	461227	0.000000	0.000000	1851434	1380535
Node_157	0	0	0	0	0	610117	0	462049	0.000000	0.000000	1853916	1382292
Node_158	0	0	0	0	0	610117	0	462153	0.000000	0.000000	1854115	1382444
Node_159	4	0	4	0	0	610117	0	462177	0.000000	0.000000	1854140	1382469
Node_160	0	0	0	0	0	610117	0	462181	0.000000	0.000000	1854147	1382476
Node_161	0	0	0	0	0	610117	0	462518	0.000000	0.000000	1854625	1382767
Node_162	2	0	2	0	0	610117	0	462534	0.000000	0.000000	1854682	1382824
Node_163	7	0	7	0	0	610117	0	458923	0.000000	0.000000	1845324	1376009
Node_164	6	0	6	0	0	610117	0	478312	0.000000	0.000000	1869030	1383369
Node_165	3	0	3	0	0	610117	0	478481	0.000000	0.000000	1869627	1383883
Node_166	3	0	3	0	0	610117	0	483463	0.000000	0.000000	1879351	1390804
Node_167	0	0	0	0	0	610117	0	483521	0.000000	0.000000	1879526	1390955
Node_168	2	0	2	0	0	610117	0	483529	0.000000	0.000000	1879539	1390961
Node_169	37	7	30	2	72	610117	36	458370	0.233333	0.066667	1834263	1364707
Node_170	0	0	0	0	0	610117	0	483543	0.000000	0.000000	1879571	1390989
Node_171	0	0	0	0	0	610117	0	483543	0.000000	0.000000	1879571	1390989
Node_172	0	0	0	0	0	610117	0	483543	0.000000	0.000000	1879571	1390989
Node_173	0	0	0	0	0	610117	0	483544	0.000000	0.000000	1879573	1390991
Node_174	0	0	0	0	0	610117	0	483868	0.000000	0.000000	1879982	1391268
Node_175	0	0	0	0	0	610117	0	483898	0.000000	0.000000	1880062	1391316
Node_176	1	0	1	0	0	610117	0	460329	0.000000	0.000000	1848657	1378403
Node_177	3	0	3	0	0	610117	0	461748	0.000000	0.000000	1852592	1381310
Node_178	3	0	3	0	0	610117	0	461819	0.000000	0.000000	1852708	1381404
Node_179	0	0	0	0	0	610117	0	484066	0.000000	0.000000	1880357	1391524
Node_180	3	0	3	0	0	610117	0	484339	0.000000	0.000000	1880874	1391924
Node_181	11	0	11	0	0	610117	0	458834	0.000000	0.000000	1845481	1376016
Node_182	0	0	0	0	0	610117	0	459959	0.000000	0.000000	1848721	1378472
Node_183	8	3	5	1	13	610117	13	461466	0.600000	0.200000	1852424	1381250
Node_184	0	0	0	0	0	610117	0	480880	0.000000	0.000000	1873447	1386234
Node_185	7	0	7	0	0	610117	0	482096	0.000000	0.000000	1876457	1388440
Node_186	3	0	3	0	0	610117	0	460525	0.000000	0.000000	1849666	1379221
Node_187	0	0	0	0	0	610117	0	460567	0.000000	0.000000	1849374	1378965
Node_188	1	0	1	0	0	610117	0	461423	0.000000	0.000000	1851535	1380681
Node_189	4	0	4	0	0	610117	0	461737	0.000000	0.000000	1852526	1381470
Node_190	3	0	3	0	0	610117	0	457073	0.000000	0.000000	1841075	1372177
Node_191	0	0	0	0	0	610117	0	458363	0.000000	0.000000	1844071	1374693
Node_192	4	0	4	0	0	610117	0	459279	0.000000	0.000000	1846645	1376642
Node_193	1	0	1	0	0	610117	0	461772	0.000000	0.000000	1852666	1381560
Node_194	0	0	0	0	0	610117	0	482772	0.000000	0.000000	1877984	1389789
Node_195	0	0	0	0	0	610117	0	482927	0.000000	0.000000	1878506	1390209
Node_196	0	0	0	0	0	610117	0	482927	0.000000	0.000000	1878517	1390213
Node_197	6	0	6	0	0	610117	0	457519	0.000000	0.000000	1842356	1373544
Node_198	0	0	0	0	0	610117	0	458827	0.000000	0.000000	1845064	1375526
Node_199	4	0	4	0	0	610117	0	458986	0.000000	0.000000	1845561	1375943
Node_200	0	0	0	0	0	610117	0	482932	0.000000	0.000000	1878543	1390239
Node_201	0	0	0	0	0	610117	0	482940	0.000000	0.000000	1878554	1390250
Node_202	1	0	1	0	0	610117	0	483039	0.000000	0.000000	1878912	1390520
Node_203	0	0	0	0	0	610117	0	478911	0.000000	0.000000	1872598	1386306
Node_204	1	0	1	0	0	610117	0	478950	0.000000	0.000000	1872983	1386657
Node_205	3	0	3	0	0	610117	0	481300	0.000000	0.000000	1875585	1387850
Node_206	0	0	0	0	0	610117	0	483248	0.000000	0.000000	1879232	1390718
Node_207	12	0	12	0	0	610117	0	484634	0.000000	0.000000	1881374	1392384
Node_208	1	0	1	0	0	610117	0	460108	0.000000	0.000000	1850896	1380467
Node_209	0	0	0	0	0	610117	0	484634	0.000000	0.000000	1883006	1394016
Node_210	0	0	0	0	0	610117	0	461358	0.000000	0.000000	1851816	1380737
Node_211	2	0	2	0	0	610117	0	461360	0.000000	0.000000	1851857	1380776
Node_212	0	0	0	0	0	610117	0	462189	0.000000	0.000000	1854928	1383016
Node_213	0	0	0	0	0	610117	0	462215	0.000000	0.000000	1855016	1383095
Node_214	2	0	2	0	0	610117	0	483476	0.000000	0.000000	1880125	1391298
Node_215	0	0	0	0	0	610117	0	460889	0.000000	0.000000	1851270	1380322
Node_216	0	0	0	0	0	610117	0	461030	0.000000	0.000000	1851583	1380533
Node_217	1444	1413	31	3	118924	654559	40145	521511	45.580647	0.096774	1907493	1390373
Node_218	0	0	0	0	0	610117	0	509926	0.000000	0.000000	1916525	1398014
Node_219	1	0	1	0	0	610117	0	512586	0.000000	0.000000	1921644	1401924
Node_220	7	0	7	0	0	610117	0	457729	0.000000	0.000000	1843392	1374059
Node_221	0	0	0	0	0	610117	0	512586	0.000000	0.000000	1921646	1401926
Node_222	1	0	1	0	0	610117	0	512851	0.000000	0.000000	1922044	1402313
Node_223	2	0	2	0	0	610117	0	513623	0.000000	0.000000	1924795	1404850
Node_224	0	0	0	0	0	610117	0	513623	0.000000	0.000000	1924795	1404850
Node_225	0	0	0	0	0	610117	0	513626	0.000000	0.000000	1924807	1404861
Node_226	9	3	6	1	1863	610117	499	513626	0.500000	0.166667	1924807	1405482
Node_227	2	0	2	0	0	609496	0	469203	0.000000	0.000000	1863115	1388769
Node_228	0	0	0	0	0	609496	0	469340	0.000000	0.000000	1863375	1388969
Node_229	28	0	28	0	0	609496	0	496967	0.000000	0.000000	1895900	1399369
Node_230	3	0	3	0	0	609496	0	496967	0.000000	0.000000	1895926	1399383
Node_231	0	0	0	0	0	609496	0	498959	0.000000	0.000000	1900775	1403370
Node_232	94	82	12	5	22739	609496	9786	519116	6.833333	0.416667	1934255	1411868
Node_233	67	56	11	2	18582	607617	7241	518713	5.090909	0.181818	1934572	1422313
Node_234	42	0	42	0	0	593097	0	457079	0.000000	0.000000	1842398	1374223
Node_235	2	0	2	0	0	593097	0	476917	0.000000	0.000000	1867855	1383379
Node_236	0	0	0	0	0	593097	0	477207	0.000000	0.000000	1870126	1385421
Node_237	0	0	0	0	0	593097	0	477451	0.000000	0.000000	1870605	1385784
Node_238	0	0	0	0	0	593097	0	477838	0.000000	0.000000	1871536	1386615
Node_239	1	0	1	0	0	593097	0	479464	0.000000	0.000000	1875692	1389775
Node_240	1	0	1	0	0	593097	0	480389	0.000000	0.000000	1872898	1386750
Node_241	0	0	0	0	0	593097	0	461060	0.000000	0.000000	1851978	1381141
Node_242	2	0	2	0	0	593097	0	481344	0.000000	0.000000	1876127	1389154
Node_243	0	0	0	0	0	593097	0	481496	0.000000	0.000000	1876536	1389437
Node_244	1	0	1	0	0	593097	0	481716	0.000000	0.000000	1877463	1390162
Node_245	0	0	0	0	0	593097	0	481969	0.000000	0.000000	1877824	1390462
Node_246	10	0	10	0	0	593097	0	457466	0.000000	0.000000	1842824	1374424
Node_247	0	0	0	0	0	593097	0	481970	0.000000	0.000000	1877829	1390467
Node_248	3	0	3	0	0	593097	0	482279	0.000000	0.000000	1879952	1392506
Node_249	5	0	5	0	0	593097	0	458270	0.000000	0.000000	1844798	1375806
Node_250	0	0	0	0	0	593097	0	482279	0.000000	0.000000	1879972	1392526
Node_251	0	0	0	0	0	593097	0	482279	0.000000	0.000000	1880374	1392806
Node_252	6	0	6	0	0	593097	0	483392	0.000000	0.000000	1882605	1394308
Node_253	3	0	3	0	0	593097	0	483514	0.000000	0.000000	1882812	1394366
Node_254	0	0	0	0	0	593097	0	483518	0.000000	0.000000	1882816	1394366
Node_255	0	0	0	0	0	593097	0	459247	0.000000	0.000000	1847165	1377547
Node_256	0	0	0	0	0	593097	0	461212	0.000000	0.000000	1852842	1381906
Node_257	0	0	0	0	0	593097	0	461772	0.000000	0.000000	1854435	1383047
Node_258	9	0	9	0	0	593097	0	478120	0.000000	0.000000	1873718	1389027
Node_259	0	0	0	0	0	593097	0	479506	0.000000	0.000000	1881513	1394980
Node_260	2	0	2	0	0	593097	0	479522	0.000000	0.000000	1884174	1397357
Node_261	0	0	0	0	0	593097	0	479522	0.000000	0.000000	1884186	1397366
Node_262	1	0	1	0	0	593097	0	460544	0.000000	0.000000	1850831	1380403
Node_263	0	0	0	0	0	593097	0	479663	0.000000	0.000000	1884552	1397701
Node_264	1	0	1	0	0	593097	0	479664	0.000000	0.000000	1884553	1397701
Node_265	1	0	1	0	0	593097	0	483864	0.000000	0.000000	1892684	1402895
Node_266	4	0	4	0	0	593097	0	516704	0.000000	0.000000	1945737	1431554
Node_267	1	0	1	0	0	593097	0	458617	0.000000	0.000000	1844955	1375606
Node_268	0	0	0	0	0	653292	0	519071	0.000000	0.000000	1873140	1347143
Node_269	1212	1194	18	7	310331	869196	153433	655513	66.333336	0.388889	1860205	1220137
Node_270	458	445	13	2	132454	774152	122057	648476	34.230770	0.153846	1875184	1301826
Node_271	4	0	4	0	0	692244	0	544894	0.000000	0.000000	1837530	1283826
Node_272	30	22	8	2	9419	692244	9419	546811	2.750000	0.250000	1841832	1289584
Node_273	346	337	9	2	39666	689380	38280	572960	37.444443	0.222222	1877777	1338483
Node_274	0	0	0	0	0	653292	0	514066	0.000000	0.000000	1848185	1325758
Node_275	11	0	11	0	0	653292	0	535241	0.000000	0.000000	1873258	1334525
Node_276	0	0	0	0	0	653292	0	515749	0.000000	0.000000	1853247	1329318
Node_277	2	0	2	0	0	653292	0	536888	0.000000	0.000000	1878082	1337979
Node_278	2	0	2	0	0	653292	0	537001	0.000000	0.000000	1878293	1338158
Node_279	16	0	16	0	0	653292	0	540697	0.000000	0.000000	1883413	1342449
Node_280	0	0	0	0	0	653292	0	540968	0.000000	0.000000	1883985	1342565
Node_281	2	0	2	0	0	653292	0	540968	0.000000	0.000000	1883985	1342565
Node_282	0	0	0	0	0	653292	0	544634	0.000000	0.000000	1905006	1361452
Node_283	0	0	0	0	0	653292	0	544634	0.000000	0.000000	1905006	1361452
Node_284	3	0	3	0	0	653292	0	546330	0.000000	0.000000	1906842	1362415
Node_285	45	29	16	2	14307	665582	14307	527917	1.812500	0.125000	1852291	1328213
Node_286	796	770	26	6	108344	653292	98036	546397	29.615385	0.230769	1907741	1416657
Node_287	1	0	1	0	0	593097	0	459250	0.000000	0.000000	1847641	1377772
Node_288	1	0	1	0	0	593097	0	457744	0.000000	0.000000	1843794	1374979
Node_289	3	0	3	0	0	593097	0	458847	0.000000	0.000000	1846749	1377093
Node_290	0	0	0	0	0	593097	0	459801	0.000000	0.000000	1849173	1378923
Node_291	0	0	0	0	0	593097	0	480764	0.000000	0.000000	1874512	1388096
Node_292	3	0	3	0	0	593097	0	480807	0.000000	0.000000	1874668	1388205
Node_293	10	0	10	0	0	593097	0	492122	0.000000	0.000000	1908080	1416736
Node_294	2	0	2	0	0	593097	0	492122	0.000000	0.000000	1908081	1416737
Node_295	5	0	5	0	0	593097	0	525279	0.000000	0.000000	1973090	1455275
Node_296	4	0	4	0	0	593261	0	449279	0.000000	0.000000	1822829	1363685
Node_297	5	0	5	0	0	593261	0	449501	0.000000	0.000000	1823030	1363701
Node_298	1	0	1	0	0	593261	0	449930	0.000000	0.000000	1824644	1364995
Node_299	2	0	2	0	0	593261	0	450673	0.000000	0.000000	1826320	1366280
Node_300	4	0	4	0	0	593261	0	450676	0.000000	0.000000	1826326	1366286
Node_301	8	3	5	1	28	593261	23	450676	0.600000	0.200000	1826331	1366319
Node_302	16	0	16	0	0	643717	0	479510	0.000000	0.000000	1844891	1351560
Node_303	0	0	0	0	0	643717	0	453400	0.000000	0.000000	1813860	1345846
Node_304	0	0	0	0	0	643717	0	455443	0.000000	0.000000	1818845	1349513
Node_305	3	0	3	0	0	643717	0	456011	0.000000	0.000000	1820226	1350645
Node_306	1	0	1	0	0	643717	0	481346	0.000000	0.000000	1849878	1355350
Node_307	568	531	37	5	105459	643717	35532	511066	14.351352	0.135135	1881514	1390251
Node_308	18	3	15	1	136	593233	133	491561	0.200000	0.066667	1887337	1395577
Node_309	49	30	19	2	3716	593097	3716	554320	1.578947	0.105263	2004520	1470446
Node_310	4	0	4	0	0	594956	0	462073	0.000000	0.000000	1850680	1378502
Node_311	9	5	4	1	4953	594956	4953	462116	1.250000	0.250000	1850915	1382763
Node_312	1	0	1	0	0	660775	0	538042	0.000000	0.000000	1869081	1324454
Node_313	0	0	0	0	0	660775	0	539940	0.000000	0.000000	1871734	1325346
Node_314	0	0	0	0	0	660775	0	540552	0.000000	0.000000	1873073	1326336
Node_315	2	0	2	0	0	660775	0	541835	0.000000	0.000000	1874712	1327280
Node_316	0	0	0	0	0	660775	0	542762	0.000000	0.000000	1876587	1328623
Node_317	0	0	0	0	0	660775	0	522157	0.000000	0.000000	1852115	1320185
Node_318	2	0	2	0	0	660775	0	543808	0.000000	0.000000	1878594	1330036
Node_319	8	0	8	0	0	661764	0	549069	0.000000	0.000000	1879634	1328858
Node_320	2	0	2	0	0	661764	0	545261	0.000000	0.000000	1873991	1325147
Node_321	74	23	51	3	1129	661764	1112	549545	0.450980	0.058824	1880730	1330715
Node_322	30	6	24	1	16	660775	16	519459	0.250000	0.041667	1847528	1316204
Node_323	3	0	3	0	0	660775	0	521914	0.000000	0.000000	1851869	1320018
Node_324	4	0	4	0	0	660775	0	522064	0.000000	0.000000	1852149	1320165
Node_325	8	0	8	0	0	660775	0	522911	0.000000	0.000000	1854022	1321505
Node_326	2	0	2	0	0	790443	0	574149	0.000000	0.000000	1849267	1262851
Node_327	0	0	0	0	0	790443	0	572688	0.000000	0.000000	1846820	1261752
Node_328	9	3	6	1	37	790443	37	574658	0.500000	0.166667	1850296	1263662
Node_329	3	0	3	0	0	790443	0	571805	0.000000	0.000000	1844748	1260082
Node_330	0	0	0	0	0	790443	0	571789	0.000000	0.000000	1844317	1259775
Node_331	4	0	4	0	0	790443	0	573339	0.000000	0.000000	1847438	1261667
Node_332	0	0	0	0	0	790443	0	575290	0.000000	0.000000	1851266	1264190
Node_333	581	553	28	6	213689	790443	74879	576240	19.750000	0.214286	1852708	1319464
Node_334	0	0	0	0	0	660775	0	524855	0.000000	0.000000	1856987	1323738
Node_335	2	0	2	0	0	660775	0	525127	0.000000	0.000000	1857614	1324170
Node_336	13	0	13	0	0	660775	0	520673	0.000000	0.000000	1848897	1317574
Node_337	1	0	1	0	0	660775	0	542139	0.000000	0.000000	1875446	1327568
Node_338	0	0	0	0	0	660775	0	543486	0.000000	0.000000	1878260	1329676
Node_339	1	0	1	0	0	660775	0	543975	0.000000	0.000000	1879420	1330406
Node_340	0	0	0	0	0	660775	0	545831	0.000000	0.000000	1882239	1332486
Node_341	0	0	0	0	0	660775	0	545851	0.000000	0.000000	1882263	1332489
Node_342	0	0	0	0	0	660775	0	546578	0.000000	0.000000	1883141	1333211
Node_343	0	0	0	0	0	660775	0	554181	0.000000	0.000000	1890792	1338176
Node_344	0	0	0	0	0	660775	0	554502	0.000000	0.000000	1891240	1338508
Node_345	0	0	0	0	0	660775	0	554505	0.000000	0.000000	1891278	1338542
Node_346	361	331	30	4	81188	660775	75224	554631	11.033334	0.133333	1891431	1402582
Node_347	13	0	13	0	0	590003	0	489897	0.000000	0.000000	1891679	1402815
Node_348	8	5	3	1	15	590003	15	489967	1.666667	0.333333	1891901	1402982
Node_349	222	181	41	6	9143	590003	8801	551498	4.414634	0.146341	2005426	1474358
Node_350	2538	1821	717	59	206879	586963	196659	550596	2.539749	0.082287	2007676	1580083
Node_351	3	0	3	0	0	839238	0	695264	0.000000	0.000000	1894483	1198778
Node_352	8	0	8	0	0	839238	0	672888	0.000000	0.000000	1862491	1190273
Node_353	9	0	9	0	0	839238	0	675930	0.000000	0.000000	1868594	1193053
Node_354	17	0	17	0	0	839238	0	675960	0.000000	0.000000	1868634	1193059
Node_355	10	0	10	0	0	839238	0	650507	0.000000	0.000000	1833010	1178117
Node_356	12	0	12	0	0	839238	0	651003	0.000000	0.000000	1834742	1179379
Node_357	0	0	0	0	0	839238	0	676143	0.000000	0.000000	1868888	1193246
Node_358	45	14	31	2	1814	839238	1814	698068	0.451613	0.064516	1899516	1204091
Node_359	242	133	109	2	19199	837433	17029	696336	1.220183	0.018349	1899610	1219529
Node_360	2	0	2	0	0	856184	0	660910	0.000000	0.000000	1846961	1182152
Node_361	13	0	13	0	0	856184	0	659459	0.000000	0.000000	1843241	1179901
Node_362	8	0	8	0	0	856184	0	652307	0.000000	0.000000	1838118	1181865
Node_363	1	0	1	0	0	856184	0	653355	0.000000	0.000000	1841191	1183969
Node_364	0	0	0	0	0	856184	0	653425	0.000000	0.000000	1841311	1184043
Node_365	1	0	1	0	0	856184	0	674391	0.000000	0.000000	1866313	1191973
Node_366	1	0	1	0	0	856184	0	651469	0.000000	0.000000	1835202	1179225
Node_367	2	0	2	0	0	856184	0	675518	0.000000	0.000000	1867445	1191977
Node_368	46	0	46	0	0	856184	0	674112	0.000000	0.000000	1865708	1191484
Node_369	0	0	0	0	0	856184	0	675625	0.000000	0.000000	1867393	1191807
Node_370	5	0	5	0	0	856184	0	676516	0.000000	0.000000	1869101	1193083
Node_371	11	0	11	0	0	856184	0	685486	0.000000	0.000000	1878073	1193528
Node_372	0	0	0	0	0	856184	0	685524	0.000000	0.000000	1878196	1193596
Node_373	3	0	3	0	0	856184	0	686066	0.000000	0.000000	1878915	1193763
Node_374	114	96	18	2	58042	856184	9946	686083	5.333333	0.111111	1878933	1193781
Node_375	39	5	34	1	9	856193	9	670157	0.147059	0.029412	1872987	1197719
Node_376	23	0	23	0	0	856184	0	667738	0.000000	0.000000	1865519	1192231
Node_377	0	0	0	0	0	856184	0	670349	0.000000	0.000000	1873342	1197922
Node_378	0	0	0	0	0	856184	0	670370	0.000000	0.000000	1873507	1198022
Node_379	94	50	44	1	1572	856184	1572	670463	1.136364	0.022727	1873641	1198111
Node_380	35	0	35	0	0	870349	0	651373	0.000000	0.000000	1835194	1179729
Node_381	11	0	11	0	0	870349	0	669586	0.000000	0.000000	1871544	1197001
Node_382	8	0	8	0	0	870349	0	669586	0.000000	0.000000	1871556	1197001
Node_383	0	0	0	0	0	870349	0	652440	0.000000	0.000000	1838097	1181065
Node_384	9	0	9	0	0	870349	0	654415	0.000000	0.000000	1840554	1181782
Node_385	0	0	0	0	0	870349	0	654836	0.000000	0.000000	1841766	1182722
Node_386	21	19	2	1	784	870349	773	661418	9.500000	0.500000	1851524	1186492
Node_387	6	0	6	0	0	870349	0	670570	0.000000	0.000000	1874088	1198348
Node_388	9	0	9	0	0	870349	0	690670	0.000000	0.000000	1893580	1202139
Node_389	0	0	0	0	0	870349	0	691296	0.000000	0.000000	1896651	1205054
Node_390	1	0	1	0	0	870349	0	692236	0.000000	0.000000	1899211	1206447
Node_391	0	0	0	0	0	870349	0	698225	0.000000	0.000000	1906387	1208093
Node_392	124	114	10	3	88299	870349	8105	698241	11.400000	0.300000	1906458	1208161
Node_393	4	0	4	0	0	864972	0	672189	0.000000	0.000000	1861874	1182577
Node_394	2	0	2	0	0	864972	0	654087	0.000000	0.000000	1841662	1176704
Node_395	2	0	2	0	0	864972	0	652853	0.000000	0.000000	1840049	1176459
Node_396	2	0	2	0	0	864972	0	654651	0.000000	0.000000	1842958	1177573
Node_397	1	0	1	0	0	864972	0	654958	0.000000	0.000000	1843365	1177621
Node_398	5	0	5	0	0	864972	0	674915	0.000000	0.000000	1866902	1184537
Node_399	3	0	3	0	0	864972	0	650402	0.000000	0.000000	1834335	1172911
Node_400	0	0	0	0	0	864972	0	674933	0.000000	0.000000	1867151	1184743
Node_401	4	4	0	1	9	864981	9	673741	0.000000	0.000000	1864830	1184720
Node_402	3	0	3	0	0	864972	0	676627	0.000000	0.000000	1869305	1186412
Node_403	2	0	2	0	0	864972	0	658793	0.000000	0.000000	1842105	1172985
Node_404	0	0	0	0	0	864972	0	662318	0.000000	0.000000	1850228	1177553
Node_405	4	0	4	0	0	864972	0	663829	0.000000	0.000000	1852064	1178010
Node_406	7	0	7	0	0	864972	0	652401	0.000000	0.000000	1838722	1175329
Node_407	0	0	0	0	0	864972	0	652867	0.000000	0.000000	1840073	1176326
Node_408	1	0	1	0	0	864972	0	664104	0.000000	0.000000	1852758	1178442
Node_409	0	0	0	0	0	864972	0	664105	0.000000	0.000000	1852759	1178443
Node_410	20	0	20	0	0	864972	0	664106	0.000000	0.000000	1852820	1178503
Node_411	11	0	11	0	0	864972	0	664148	0.000000	0.000000	1852890	1178545
Node_412	11	0	11	0	0	864972	0	650975	0.000000	0.000000	1835641	1173819
Node_413	6	0	6	0	0	864972	0	653228	0.000000	0.000000	1841429	1177560
Node_414	11	0	11	0	0	864972	0	653336	0.000000	0.000000	1841852	1177681
Node_415	2	0	2	0	0	864981	0	652640	0.000000	0.000000	1834192	1170575
Node_416	0	0	0	0	0	864981	0	668996	0.000000	0.000000	1853012	1175970
Node_417	0	0	0	0	0	864981	0	672752	0.000000	0.000000	1859409	1178691
Node_418	1	0	1	0	0	864981	0	650403	0.000000	0.000000	1830239	1168630
Node_419	0	0	0	0	0	864981	0	674066	0.000000	0.000000	1861056	1179002
Node_420	0	0	0	0	0	864981	0	675213	0.000000	0.000000	1863852	1180916
Node_421	2	0	2	0	0	864981	0	650936	0.000000	0.000000	1833013	1170999
Node_422	159	123	36	2	56772	864981	1401	675340	3.416667	0.055556	1864186	1181126
Node_423	0	0	0	0	0	864981	0	650815	0.000000	0.000000	1833154	1171896
Node_424	4	0	4	0	0	864981	0	651844	0.000000	0.000000	1835969	1173514
Node_425	6	3	3	1	9	864981	9	675728	1.000000	0.333333	1866997	1183771
Node_426	13	0	13	0	0	864972	0	651754	0.000000	0.000000	1836971	1174094
Node_427	4	0	4	0	0	865155	0	650818	0.000000	0.000000	1834133	1172155
Node_428	2	0	2	0	0	865155	0	651764	0.000000	0.000000	1836593	1173731
Node_429	0	0	0	0	0	865164	0	652360	0.000000	0.000000	1837696	1174678
Node_430	6	0	6	0	0	865164	0	652750	0.000000	0.000000	1839058	1175696
Node_431	4	3	1	1	9	865164	9	652969	3.000000	1.000000	1839643	1176070
Node_432	0	0	0	0	0	865155	0	653043	0.000000	0.000000	1839836	1176189
Node_433	0	0	0	0	0	865155	0	654639	0.000000	0.000000	1843408	1178972
Node_434	0	0	0	0	0	865155	0	654639	0.000000	0.000000	1843418	1178975
Node_435	3	0	3	0	0	865160	0	650833	0.000000	0.000000	1831741	1170009
Node_436	0	0	0	0	0	865160	0	649282	0.000000	0.000000	1830486	1170173
Node_437	10	3	7	1	5	865160	5	651936	0.428571	0.142857	1835379	1172606
Node_438	0	0	0	0	0	865155	0	655846	0.000000	0.000000	1844665	1178994
Node_439	1	0	1	0	0	865155	0	656133	0.000000	0.000000	1845045	1179019
Node_440	1	0	1	0	0	865155	0	656255	0.000000	0.000000	1845280	1179167
Node_441	11	0	11	0	0	865155	0	649776	0.000000	0.000000	1831897	1171018
Node_442	4	0	4	0	0	865155	0	656255	0.000000	0.000000	1845357	1179221
Node_443	0	0	0	0	0	865155	0	669719	0.000000	0.000000	1856943	1178722
Node_444	0	0	0	0	0	865155	0	669938	0.000000	0.000000	1857719	1179354
Node_445	0	0	0	0	0	865155	0	670744	0.000000	0.000000	1859820	1180821
Node_446	0	0	0	0	0	865155	0	671597	0.000000	0.000000	1861501	1181947
Node_447	0	0	0	0	0	865155	0	648718	0.000000	0.000000	1829307	1169291
Node_448	0	0	0	0	0	865155	0	649969	0.000000	0.000000	1832398	1171370
Node_449	0	0	0	0	0	865155	0	653304	0.000000	0.000000	1836716	1172458
Node_450	0	0	0	0	0	865155	0	655061	0.000000	0.000000	1841022	1175032
Node_451	4	0	4	0	0	865155	0	653804	0.000000	0.000000	1842215	1177845
Node_452	2	0	2	0	0	865155	0	653897	0.000000	0.000000	1842443	1177976
Node_453	10	5	5	1	9	865164	9	649315	1.000000	0.200000	1829986	1169132
Node_454	10	0	10	0	0	865155	0	645340	0.000000	0.000000	1816218	1159889
Node_455	0	0	0	0	0	865155	0	649853	0.000000	0.000000	1831979	1170701
Node_456	0	0	0	0	0	865155	0	651688	0.000000	0.000000	1837145	1174439
Node_457	1	0	1	0	0	865155	0	653923	0.000000	0.000000	1842540	1178032
Node_458	4	0	4	0	0	865155	0	656751	0.000000	0.000000	1845417	1178078
Node_459	1	0	1	0	0	865155	0	675684	0.000000	0.000000	1867691	1184314
Node_460	2	0	2	0	0	865155	0	675690	0.000000	0.000000	1867697	1184318
Node_461	2	0	2	0	0	865155	0	678248	0.000000	0.000000	1871368	1186057
Node_462	7	0	7	0	0	865155	0	678248	0.000000	0.000000	1871377	1186066
Node_463	22	13	9	1	9591	865155	757	678330	1.444444	0.111111	1871509	1186160
Node_464	116	110	6	3	58892	865115	4134	687863	18.333334	0.500000	1881323	1189324
Node_465	6	0	6	0	0	864972	0	687749	0.000000	0.000000	1881363	1189342
Node_466	4	4	0	1	9	882353	9	670647	0.000000	0.000000	1852767	1170487
Node_467	0	0	0	0	0	882344	0	673048	0.000000	0.000000	1857428	1172783
Node_468	12	0	12	0	0	882344	0	673798	0.000000	0.000000	1859773	1174632
Node_469	33	0	33	0	0	882344	0	655709	0.000000	0.000000	1841304	1175757
Node_470	15	11	4	2	16	882360	16	655633	2.750000	0.500000	1838264	1171987
Node_471	0	0	0	0	0	882344	0	656101	0.000000	0.000000	1839931	1173230
Node_472	0	0	0	0	0	882344	0	658949	0.000000	0.000000	1845570	1176542
Node_473	2	0	2	0	0	882344	0	677870	0.000000	0.000000	1865966	1176944
Node_474	1	0	1	0	0	882344	0	653975	0.000000	0.000000	1838214	1173613
Node_475	2	0	2	0	0	882344	0	662852	0.000000	0.000000	1848752	1176840
Node_476	254	250	4	2	9883	882344	9410	664300	62.500000	0.500000	1850842	1177338
Node_477	1	0	1	0	0	882344	0	653558	0.000000	0.000000	1838250	1173874
Node_478	6	0	6	0	0	882344	0	660889	0.000000	0.000000	1846191	1176055
Node_479	0	0	0	0	0	882344	0	653344	0.000000	0.000000	1837531	1173618
Node_480	0	0	0	0	0	882344	0	654232	0.000000	0.000000	1838466	1173672
Node_481	0	0	0	0	0	882344	0	662258	0.000000	0.000000	1848322	1176913
Node_482	0	0	0	0	0	882344	0	664887	0.000000	0.000000	1852072	1178014
Node_483	0	0	0	0	0	882344	0	652011	0.000000	0.000000	1834603	1172273
Node_484	2	0	2	0	0	882344	0	655182	0.000000	0.000000	1842922	1177155
Node_485	3	0	3	0	0	882344	0	665477	0.000000	0.000000	1853632	1179021
Node_486	3	0	3	0	0	882344	0	665549	0.000000	0.000000	1853784	1179122
Node_487	0	0	0	0	0	882353	0	652845	0.000000	0.000000	1836528	1173192
Node_488	3	0	3	0	0	882353	0	652952	0.000000	0.000000	1836817	1173393
Node_489	8	4	4	1	9	882353	9	654740	1.000000	0.250000	1839448	1173990
Node_490	0	0	0	0	0	882344	0	665735	0.000000	0.000000	1854002	1179131
Node_491	38	12	26	1	34871	882344	11325	687566	0.461538	0.038462	1877205	1184601
Node_492	4	0	4	0	0	864972	0	685553	0.000000	0.000000	1877683	1185066
Node_493	0	0	0	0	0	864972	0	685560	0.000000	0.000000	1877882	1185258
Node_494	15	7	8	1	907	864972	907	691511	0.875000	0.125000	1885501	1189688
Node_495	9	4	5	1	1964	864972	1032	692126	0.800000	0.200000	1886379	1190022
Node_496	3	0	3	0	0	864972	0	692139	0.000000	0.000000	1886407	1190037
Node_497	2	0	2	0	0	864972	0	699293	0.000000	0.000000	1893595	1190497
Node_498	245	241	4	4	58490	864972	14444	699725	60.250000	1.000000	1894142	1199363
Node_499	27	12	15	1	1393	856184	1393	708295	0.800000	0.066667	1926329	1213474
Node_500	0	0	0	0	0	856184	0	708296	0.000000	0.000000	1926330	1213474
Node_501	9	0	9	0	0	856184	0	708302	0.000000	0.000000	1926359	1213496
Node_502	1	0	1	0	0	859436	0	650703	0.000000	0.000000	1833633	1178226
Node_503	2	0	2	0	0	859436	0	652908	0.000000	0.000000	1839900	1182481
Node_504	7	0	7	0	0	859436	0	648031	0.000000	0.000000	1826372	1173497
Node_505	1	0	1	0	0	859436	0	652324	0.000000	0.000000	1837972	1180987
Node_506	5	0	5	0	0	859436	0	670259	0.000000	0.000000	1854741	1182274
Node_507	0	0	0	0	0	859436	0	672144	0.000000	0.000000	1859002	1185004
Node_508	106	51	55	4	12424	859436	8854	672946	0.927273	0.072727	1861111	1188277
Node_509	0	0	0	0	0	856193	0	674740	0.000000	0.000000	1866806	1189422
Node_510	52	48	4	3	24958	856193	2488	674875	12.000000	0.750000	1875469	1192773
Node_511	4	0	4	0	0	856184	0	708703	0.000000	0.000000	1926760	1213496
Node_512	9	5	4	1	47862	856184	6089	708903	1.250000	0.250000	1927041	1213635
Node_513	15	0	15	0	0	856184	0	672893	0.000000	0.000000	1863326	1190107
Node_514	10	0	10	0	0	856184	0	673206	0.000000	0.000000	1864419	1190853
Node_515	12	0	12	0	0	856184	0	675331	0.000000	0.000000	1867302	1191899
Node_516	0	0	0	0	0	856184	0	652283	0.000000	0.000000	1846902	1185022
Node_517	0	0	0	0	0	856184	0	652470	0.000000	0.000000	1847616	1185515
Node_518	3	0	3	0	0	856184	0	675585	0.000000	0.000000	1876528	1195512
Node_519	0	0	0	0	0	856184	0	677759	0.000000	0.000000	1878714	1195535
Node_520	0	0	0	0	0	856184	0	678585	0.000000	0.000000	1879713	1195815
Node_521	15	0	15	0	0	856184	0	652857	0.000000	0.000000	1841372	1183758
Node_522	17	0	17	0	0	856184	0	675000	0.000000	0.000000	1867385	1191883
Node_523	2	0	2	0	0	856184	0	679580	0.000000	0.000000	1881383	1196990
Node_524	103	100	3	3	58962	856184	15760	709505	33.333332	1.000000	1927734	1214137
Node_525	0	0	0	0	0	856184	0	653114	0.000000	0.000000	1840769	1183545
Node_526	2	0	2	0	0	856184	0	670074	0.000000	0.000000	1872700	1197748
Node_527	3	0	3	0	0	856184	0	668314	0.000000	0.000000	1868591	1194917
Node_528	0	0	0	0	0	856184	0	682055	0.000000	0.000000	1885099	1199153
Node_529	0	0	0	0	0	856184	0	684553	0.000000	0.000000	1888097	1199924
Node_530	0	0	0	0	0	856184	0	685971	0.000000	0.000000	1891866	1202476
Node_531	2	0	2	0	0	856184	0	686680	0.000000	0.000000	1893264	1203460
Node_532	4	0	4	0	0	856184	0	686687	0.000000	0.000000	1893271	1203467
Node_533	0	0	0	0	0	856184	0	686723	0.000000	0.000000	1893422	1203567
Node_534	2	0	2	0	0	856184	0	686733	0.000000	0.000000	1893433	1203578
Node_535	13	0	13	0	0	856184	0	649388	0.000000	0.000000	1831474	1177238
Node_536	0	0	0	0	0	856184	0	668967	0.000000	0.000000	1869402	1195344
Node_537	0	0	0	0	0	856184	0	669538	0.000000	0.000000	1871378	1196617
Node_538	0	0	0	0	0	856184	0	686837	0.000000	0.000000	1893719	1203766
Node_539	10	0	10	0	0	856193	0	668703	0.000000	0.000000	1869469	1195833
Node_540	6	3	3	1	9	856193	9	669487	1.000000	0.333333	1871523	1196929
Node_541	6	0	6	0	0	856184	0	671338	0.000000	0.000000	1876012	1199950
Node_542	17	0	17	0	0	856184	0	687665	0.000000	0.000000	1895755	1205108
Node_543	34	6	28	2	19	856193	19	671027	0.214286	0.071429	1875036	1199643
Node_544	108	72	36	2	1618	856184	1212	652281	2.000000	0.055556	1836193	1179403
Node_545	28	8	20	2	12	856196	12	666606	0.400000	0.100000	1863288	1190742
Node_546	0	0	0	0	0	856193	0	668783	0.000000	0.000000	1869937	1195916
Node_547	0	0	0	0	0	856193	0	668852	0.000000	0.000000	1870174	1196079
Node_548	5	5	0	1	9	856193	9	668930	0.000000	0.000000	1870412	1196232
Node_549	0	0	0	0	0	856184	0	669297	0.000000	0.000000	1871102	1196649
Node_550	0	0	0	0	0	856184	0	690549	0.000000	0.000000	1896936	1204996
Node_551	5	0	5	0	0	856184	0	686033	0.000000	0.000000	1887303	1198562
Node_552	2	0	2	0	0	856184	0	664798	0.000000	0.000000	1858291	1187867
Node_553	0	0	0	0	0	856184	0	686728	0.000000	0.000000	1888964	1199655
Node_554	0	0	0	0	0	856184	0	687732	0.000000	0.000000	1891530	1201448
Node_555	0	0	0	0	0	856184	0	689633	0.000000	0.000000	1894945	1203762
Node_556	1	0	1	0	0	856184	0	690041	0.000000	0.000000	1895161	1204180
Node_557	0	0	0	0	0	856184	0	690921	0.000000	0.000000	1897317	1205470
Node_558	1	0	1	0	0	856184	0	691741	0.000000	0.000000	1899016	1206398
Node_559	2	0	2	0	0	856184	0	669388	0.000000	0.000000	1870790	1196603
Node_560	6	0	6	0	0	856184	0	649767	0.000000	0.000000	1831624	1177448
Node_561	2	0	2	0	0	856184	0	689006	0.000000	0.000000	1893213	1202878
Node_562	2	0	2	0	0	856184	0	689423	0.000000	0.000000	1893747	1203115
Node_563	1	0	1	0	0	856184	0	650682	0.000000	0.000000	1833956	1179169
Node_564	11	0	11	0	0	856184	0	651337	0.000000	0.000000	1835427	1180229
Node_565	4	0	4	0	0	856184	0	667515	0.000000	0.000000	1865916	1193788
Node_566	0	0	0	0	0	856184	0	667629	0.000000	0.000000	1866419	1194061
Node_567	7	0	7	0	0	856184	0	689762	0.000000	0.000000	1894587	1203602
Node_568	1	0	1	0	0	856184	0	690301	0.000000	0.000000	1896278	1204672
Node_569	16	8	8	2	31	856193	31	651970	1.000000	0.250000	1832388	1176158
Node_570	8	0	8	0	0	856184	0	653859	0.000000	0.000000	1837311	1179551
Node_571	0	0	0	0	0	856184	0	669196	0.000000	0.000000	1870928	1196527
Node_572	0	0	0	0	0	856184	0	670356	0.000000	0.000000	1873636	1198391
Node_573	6	0	6	0	0	856184	0	670901	0.000000	0.000000	1874904	1199205
Node_574	0	0	0	0	0	856184	0	671000	0.000000	0.000000	1875190	1199399
Node_575	2	0	2	0	0	856184	0	691505	0.000000	0.000000	1899233	1206725
Node_576	2	0	2	0	0	856184	0	692603	0.000000	0.000000	1900885	1207728
Node_577	17	0	17	0	0	856184	0	693310	0.000000	0.000000	1902169	1208779
Node_578	0	0	0	0	0	856184	0	688396	0.000000	0.000000	1892199	1201785
Node_579	3	0	3	0	0	856184	0	693376	0.000000	0.000000	1902238	1208794
Node_580	12	0	12	0	0	856184	0	693788	0.000000	0.000000	1903070	1209236
Node_581	57	0	57	0	0	856184	0	670607	0.000000	0.000000	1874304	1198796
Node_582	1	0	1	0	0	856184	0	670845	0.000000	0.000000	1874662	1199004
Node_583	4	0	4	0	0	856184	0	670858	0.000000	0.000000	1874682	1199021
Node_584	44	17	27	1	1313	856184	1313	693856	0.629630	0.037037	1903170	1209276
Node_585	2	0	2	0	0	856184	0	709909	0.000000	0.000000	1928358	1214461
Node_586	30	0	30	0	0	856184	0	652340	0.000000	0.000000	1834013	1177171
Node_587	0	0	0	0	0	856184	0	654854	0.000000	0.000000	1841830	1182584
Node_588	26	0	26	0	0	856551	0	652333	0.000000	0.000000	1835847	1178804
Node_589	260	243	17	3	58734	856551	4043	656404	14.294118	0.176471	1844227	1184308
Node_590	2	0	2	0	0	856184	0	664989	0.000000	0.000000	1853628	1185666
Node_591	85	71	14	3	26428	856184	4595	667625	5.071429	0.214286	1856502	1185871
Node_592	285	238	47	5	74454	856184	27477	710716	5.063830	0.106383	1929167	1220298
Node_593	0	0	0	0	0	836038	0	650440	0.000000	0.000000	1821389	1166287
Node_594	6	0	6	0	0	836038	0	652624	0.000000	0.000000	1826497	1169900
Node_595	17	0	17	0	0	836038	0	652648	0.000000	0.000000	1826550	1169907
Node_596	60	4	56	1	217	836038	94	688580	0.071429	0.017857	1880509	1190724
Node_597	0	0	0	0	0	836038	0	688590	0.000000	0.000000	1880628	1190814
Node_598	2	0	2	0	0	836038	0	688629	0.000000	0.000000	1880680	1190829
Node_599	0	0	0	0	0	836038	0	688638	0.000000	0.000000	1880697	1190845
Node_600	3	0	3	0	0	836102	0	651415	0.000000	0.000000	1823826	1167866
Node_601	18	0	18	0	0	836102	0	651459	0.000000	0.000000	1823951	1167957
Node_602	3	0	3	0	0	836102	0	649576	0.000000	0.000000	1818785	1164597
Node_603	4	0	4	0	0	836102	0	649601	0.000000	0.000000	1818851	1164627
Node_604	5	5	0	1	9	836102	9	649904	0.000000	0.000000	1820222	1165379
Node_605	10	0	10	0	0	836102	0	651528	0.000000	0.000000	1824215	1168104
Node_606	1	0	1	0	0	836102	0	672102	0.000000	0.000000	1848511	1176261
Node_607	5	0	5	0	0	836102	0	672129	0.000000	0.000000	1848544	1176289
Node_608	49	4	45	1	55	836102	55	672131	0.088889	0.022222	1848546	1176346
Node_609	52	0	52	0	0	836047	0	670231	0.000000	0.000000	1829853	1159358
Node_610	1	0	1	0	0	836047	0	671471	0.000000	0.000000	1846104	1175045
Node_611	0	0	0	0	0	836047	0	671535	0.000000	0.000000	1855043	1178471
Node_612	0	0	0	0	0	836047	0	671720	0.000000	0.000000	1855588	1178695
Node_613	1	0	1	0	0	836047	0	672728	0.000000	0.000000	1856828	1178695
Node_614	15	0	15	0	0	836058	0	674461	0.000000	0.000000	1852047	1179230
Node_615	37	17	20	3	88	836058	88	691076	0.850000	0.150000	1883175	1192875
Node_616	0	0	0	0	0	836047	0	691150	0.000000	0.000000	1892289	1196319
Node_617	1	0	1	0	0	836047	0	691301	0.000000	0.000000	1892599	1196488
Node_618	21	3	18	1	9	836047	9	691301	0.166667	0.055556	1892599	1196497
Node_619	3	0	3	0	0	836038	0	691793	0.000000	0.000000	1893497	1197095
Node_620	20	3	17	1	9	836846	9	650369	0.176471	0.058824	1821261	1166268
Node_621	1	0	1	0	0	844971	0	672441	0.000000	0.000000	1848040	1175946
Node_622	2	0	2	0	0	844971	0	668336	0.000000	0.000000	1855858	1181857
Node_623	10	0	10	0	0	844971	0	689920	0.000000	0.000000	1881468	1191042
Node_624	0	0	0	0	0	844971	0	690086	0.000000	0.000000	1882661	1192143
Node_625	3	0	3	0	0	852925	0	668293	0.000000	0.000000	1839171	1167444
Node_626	0	0	0	0	0	852925	0	669542	0.000000	0.000000	1842987	1170098
Node_627	2	0	2	0	0	852925	0	675261	0.000000	0.000000	1852405	1175647
Node_628	2	0	2	0	0	852925	0	671014	0.000000	0.000000	1845192	1171637
Node_629	1	0	1	0	0	852925	0	671195	0.000000	0.000000	1845592	1171814
Node_630	5	0	5	0	0	852925	0	675373	0.000000	0.000000	1852586	1175741
Node_631	10	0	10	0	0	852925	0	675537	0.000000	0.000000	1852908	1175931
Node_632	5	0	5	0	0	852925	0	672207	0.000000	0.000000	1847738	1173602
Node_633	2	0	2	0	0	852925	0	705193	0.000000	0.000000	1882797	1184656
Node_634	24	0	24	0	0	852925	0	705268	0.000000	0.000000	1883029	1184848
Node_635	1	0	1	0	0	852925	0	705323	0.000000	0.000000	1883129	1184882
Node_636	7	5	2	1	9	852925	9	706855	2.500000	0.500000	1885035	1185250
Node_637	0	0	0	0	0	852925	0	706857	0.000000	0.000000	1885037	1185250
Node_638	7	0	7	0	0	852925	0	647371	0.000000	0.000000	1812425	1157987
Node_639	25	0	25	0	0	852925	0	647510	0.000000	0.000000	1813196	1158513
Node_640	3	0	3	0	0	852925	0	706859	0.000000	0.000000	1885039	1185252
Node_641	143	122	21	3	4400	852925	2882	706859	5.809524	0.142857	1885039	1185332
Node_642	7	5	2	1	9	852845	9	706779	2.500000	0.500000	1885040	1185342
Node_643	0	0	0	0	0	862910	0	651891	0.000000	0.000000	1825097	1166608
Node_644	3	0	3	0	0	862918	0	661600	0.000000	0.000000	1831983	1163901
Node_645	6	3	3	1	8	862918	8	661791	1.000000	0.333333	1832698	1164466
Node_646	1	0	1	0	0	862910	0	662360	0.000000	0.000000	1834315	1165559
Node_647	13	0	13	0	0	862910	0	663365	0.000000	0.000000	1836772	1167180
Node_648	1	0	1	0	0	862918	0	724923	0.000000	0.000000	1905325	1184231
Node_649	1	0	1	0	0	862918	0	725154	0.000000	0.000000	1905747	1184538
Node_650	2	0	2	0	0	862918	0	725217	0.000000	0.000000	1905849	1184612
Node_651	5	3	2	1	8	862918	8	733902	1.500000	0.500000	1912641	1182147
Node_652	0	0	0	0	0	862918	0	736529	0.000000	0.000000	1917347	1185246
Node_653	25	11	14	2	1506	862918	1502	736599	0.785714	0.142857	1917460	1185275
Node_654	19	7	12	1	15717	867683	9506	719256	0.583333	0.083333	1884410	1167627
Node_655	12	4	8	1	9327	865656	4308	723927	0.500000	0.125000	1897497	1177366
Node_656	0	0	0	0	0	863034	0	727386	0.000000	0.000000	1903910	1181670
Node_657	5	0	5	0	0	863034	0	728587	0.000000	0.000000	1906039	1183003
Node_658	9	0	9	0	0	863034	0	728626	0.000000	0.000000	1906117	1183063
Node_659	0	0	0	0	0	863034	0	719972	0.000000	0.000000	1897838	1183387
Node_660	0	0	0	0	0	863034	0	720347	0.000000	0.000000	1898533	1183857
Node_661	3	0	3	0	0	863034	0	729801	0.000000	0.000000	1908339	1184381
Node_662	13	7	6	1	6668	863043	6668	748110	1.166667	0.166667	1927201	1182005
Node_663	5	0	5	0	0	863043	0	717308	0.000000	0.000000	1893164	1180060
Node_664	9	4	5	1	4	863043	4	719016	0.800000	0.200000	1895982	1182144
Node_665	2	0	2	0	0	863043	0	754579	0.000000	0.000000	1937314	1189146
Node_666	0	0	0	0	0	863043	0	754902	0.000000	0.000000	1937821	1189531
Node_667	0	0	0	0	0	863043	0	754936	0.000000	0.000000	1937855	1189565
Node_668	0	0	0	0	0	863043	0	754970	0.000000	0.000000	1937923	1189598
Node_669	6	5	1	1	9	863043	9	754977	5.000000	1.000000	1937936	1189618
Node_670	0	0	0	0	0	863034	0	755062	0.000000	0.000000	1938134	1189788
Node_671	0	0	0	0	0	863034	0	756586	0.000000	0.000000	1940911	1191496
Node_672	0	0	0	0	0	863034	0	717261	0.000000	0.000000	1892031	1179843
Node_673	16	0	16	0	0	863034	0	721806	0.000000	0.000000	1900875	1185785
Node_674	1317	1305	12	5	77433	863034	58344	757767	108.750000	0.416667	1942664	1192857
Node_675	4	0	4	0	0	885701	0	701833	0.000000	0.000000	1862279	1162364
Node_676	2	0	2	0	0	885701	0	703533	0.000000	0.000000	1865132	1163727
Node_677	4	0	4	0	0	885701	0	703600	0.000000	0.000000	1865201	1163729
Node_678	553	537	16	2	103286	885701	21524	720259	33.562500	0.125000	1897467	1183323
Node_679	420	418	2	2	21389	862910	21389	758041	209.000000	1.000000	1943103	1192986
Node_680	0	0	0	0	0	862910	0	763913	0.000000	0.000000	1952247	1194638
Node_681	0	0	0	0	0	862910	0	763917	0.000000	0.000000	1965603	1207655
Node_682	0	0	0	0	0	862910	0	763925	0.000000	0.000000	1965707	1207759
Node_683	4	0	4	0	0	862910	0	685841	0.000000	0.000000	1872555	1183390
Node_684	2	0	2	0	0	862910	0	763925	0.000000	0.000000	1965751	1207803
Node_685	170	156	14	4	38806	862910	23194	763925	11.142858	0.285714	1965808	1207860
Node_686	28	21	7	2	27936	862910	13027	764684	3.000000	0.285714	1966695	1210532
Node_687	7	0	7	0	0	869788	0	671057	0.000000	0.000000	1845946	1172544
Node_688	0	0	0	0	0	869788	0	649906	0.000000	0.000000	1819866	1163303
Node_689	4	0	4	0	0	869788	0	671503	0.000000	0.000000	1846870	1173097
Node_690	1	0	1	0	0	869788	0	671703	0.000000	0.000000	1847156	1173296
Node_691	36	7	29	2	1447	869797	285	664932	0.241379	0.068966	1833076	1163826
Node_692	5	0	5	0	0	869797	0	669255	0.000000	0.000000	1841109	1168361
Node_693	0	0	0	0	0	869797	0	669500	0.000000	0.000000	1841482	1168594
Node_694	0	0	0	0	0	869797	0	671498	0.000000	0.000000	1844918	1170765
Node_695	0	0	0	0	0	869797	0	671587	0.000000	0.000000	1845167	1170941
Node_696	6	5	1	1	9	869797	9	671874	5.000000	1.000000	1845814	1171330
Node_697	0	0	0	0	0	869788	0	672138	0.000000	0.000000	1846434	1171841
Node_698	10	0	10	0	0	869788	0	670840	0.000000	0.000000	1843798	1170023
Node_699	5	0	5	0	0	869788	0	664487	0.000000	0.000000	1829257	1160107
Node_700	5	0	5	0	0	869788	0	671015	0.000000	0.000000	1844141	1170258
Node_701	0	0	0	0	0	869788	0	672736	0.000000	0.000000	1847730	1172638
Node_702	0	0	0	0	0	869788	0	672761	0.000000	0.000000	1847793	1172695
Node_703	26	0	26	0	0	869797	0	673689	0.000000	0.000000	1850122	1175665
Node_704	5	0	5	0	0	869797	0	673711	0.000000	0.000000	1850144	1175665
Node_705	12	5	7	1	9	869797	9	673715	0.714286	0.142857	1850153	1175682
Node_706	1	0	1	0	0	869788	0	675120	0.000000	0.000000	1851959	1175926
Node_707	0	0	0	0	0	869788	0	673162	0.000000	0.000000	1849985	1175532
Node_708	0	0	0	0	0	869788	0	673405	0.000000	0.000000	1850333	1175738
Node_709	3	0	3	0	0	869788	0	675316	0.000000	0.000000	1853741	1177796
Node_710	4	0	4	0	0	869788	0	677032	0.000000	0.000000	1855514	1178217
Node_711	2	0	2	0	0	869797	0	668729	0.000000	0.000000	1841105	1169266
Node_712	5	0	5	0	0	869797	0	671193	0.000000	0.000000	1845756	1172587
Node_713	23	0	23	0	0	869797	0	672247	0.000000	0.000000	1848356	1174374
Node_714	11	4	7	1	4	869801	4	667543	0.571429	0.142857	1838785	1168128
Node_715	9	0	9	0	0	869797	0	667626	0.000000	0.000000	1838556	1167937
Node_716	2	0	2	0	0	869797	0	669591	0.000000	0.000000	1842618	1170071
Node_717	8	0	8	0	0	869797	0	669585	0.000000	0.000000	1842494	1169824
Node_718	3	0	3	0	0	869797	0	669601	0.000000	0.000000	1842585	1169910
Node_719	0	0	0	0	0	869797	0	668210	0.000000	0.000000	1840035	1168642
Node_720	3	0	3	0	0	869797	0	670399	0.000000	0.000000	1844635	1171391
Node_721	0	0	0	0	0	869797	0	671235	0.000000	0.000000	1846062	1172326
Node_722	0	0	0	0	0	869797	0	671728	0.000000	0.000000	1846944	1173064
Node_723	2	0	2	0	0	869797	0	676708	0.000000	0.000000	1873026	1190888
Node_724	0	0	0	0	0	869797	0	676811	0.000000	0.000000	1873399	1191235
Node_725	3	0	3	0	0	869797	0	671830	0.000000	0.000000	1846025	1171659
Node_726	4	0	4	0	0	869797	0	672064	0.000000	0.000000	1846374	1171989
Node_727	9	5	4	1	9	869797	9	678381	1.250000	0.250000	1875268	1191692
Node_728	0	0	0	0	0	869797	0	678381	0.000000	0.000000	1875271	1191695
Node_729	0	0	0	0	0	869797	0	678384	0.000000	0.000000	1875320	1191741
Node_730	0	0	0	0	0	869797	0	678434	0.000000	0.000000	1875395	1191794
Node_731	21	11	10	2	17	869797	17	669556	1.100000	0.200000	1842688	1169996
Node_732	1	0	1	0	0	869797	0	678501	0.000000	0.000000	1875588	1191926
Node_733	1	0	1	0	0	869797	0	678680	0.000000	0.000000	1875893	1192148
Node_734	1	0	1	0	0	869797	0	669308	0.000000	0.000000	1841801	1169478
Node_735	0	0	0	0	0	869797	0	678744	0.000000	0.000000	1876012	1192196
Node_736	2	0	2	0	0	869797	0	679147	0.000000	0.000000	1876993	1192861
Node_737	0	0	0	0	0	869797	0	679247	0.000000	0.000000	1877249	1193075
Node_738	0	0	0	0	0	869797	0	679247	0.000000	0.000000	1877256	1193075
Node_739	1	0	1	0	0	869797	0	669179	0.000000	0.000000	1841533	1169831
Node_740	8	0	8	0	0	869797	0	669355	0.000000	0.000000	1841998	1170079
Node_741	0	0	0	0	0	869797	0	679251	0.000000	0.000000	1877264	1193076
Node_742	0	0	0	0	0	869797	0	679251	0.000000	0.000000	1877264	1193076
Node_743	0	0	0	0	0	869797	0	679251	0.000000	0.000000	1877264	1193076
Node_744	9	5	4	1	9	869797	9	679290	1.250000	0.250000	1877338	1193134
Node_745	3	0	3	0	0	869788	0	680552	0.000000	0.000000	1879505	1194405
Node_746	101	90	11	2	2539	869800	1911	674654	8.181818	0.181818	1851356	1175331
Node_747	4	0	4	0	0	869788	0	675196	0.000000	0.000000	1852446	1176210
Node_748	8	0	8	0	0	869797	0	649138	0.000000	0.000000	1816135	1159603
Node_749	0	0	0	0	0	869797	0	649501	0.000000	0.000000	1817002	1160202
Node_750	19	16	3	1	29997	875830	13268	663723	5.333333	0.333333	1831879	1164924
Node_751	6	0	6	0	0	869797	0	662206	0.000000	0.000000	1834505	1166153
Node_752	7	5	2	1	9	869797	9	663206	2.500000	0.500000	1837004	1167921
Node_753	8	0	8	0	0	869788	0	675657	0.000000	0.000000	1853035	1176316
Node_754	1	0	1	0	0	869788	0	681025	0.000000	0.000000	1880073	1194438
Node_755	6	0	6	0	0	869788	0	681119	0.000000	0.000000	1880248	1194583
Node_756	2	0	2	0	0	869788	0	681119	0.000000	0.000000	1880250	1194585
Node_757	4	0	4	0	0	869788	0	661486	0.000000	0.000000	1834588	1166878
Node_758	0	0	0	0	0	869788	0	666795	0.000000	0.000000	1839019	1168380
Node_759	4	0	4	0	0	869788	0	679509	0.000000	0.000000	1856246	1173441
Node_760	0	0	0	0	0	869788	0	671703	0.000000	0.000000	1845582	1172561
Node_761	3	0	3	0	0	869788	0	673197	0.000000	0.000000	1848607	1174317
Node_762	3	0	3	0	0	869788	0	672502	0.000000	0.000000	1848589	1174530
Node_763	0	0	0	0	0	869788	0	674540	0.000000	0.000000	1851119	1176167
Node_764	35	5	30	1	9	869797	9	649085	0.166667	0.033333	1818205	1161995
Node_765	0	0	0	0	0	869788	0	674554	0.000000	0.000000	1851215	1176219
Node_766	0	0	0	0	0	869788	0	674559	0.000000	0.000000	1851222	1176219
Node_767	13	8	5	1	42	869788	40	684857	1.600000	0.200000	1862336	1177272
Node_768	0	0	0	0	0	869788	0	649223	0.000000	0.000000	1818408	1162517
Node_769	5	0	5	0	0	876095	0	693706	0.000000	0.000000	1848879	1153863
Node_770	30	8	22	2	13	876095	13	694696	0.363636	0.090909	1850911	1155001
Node_771	1140	1127	13	5	37287	876082	26293	701574	86.692307	0.384615	1871305	1174314
Node_772	5	0	5	0	0	869788	0	699549	0.000000	0.000000	1876176	1177954
Node_773	12	0	12	0	0	869788	0	671830	0.000000	0.000000	1845894	1171817
Node_774	2	0	2	0	0	869788	0	705708	0.000000	0.000000	1883994	1182412
Node_775	1	0	1	0	0	869788	0	717738	0.000000	0.000000	1898554	1185806
Node_776	245	237	8	3	70783	869788	16860	723878	29.625000	0.375000	1926304	1204738
Node_777	0	0	0	0	0	852836	0	764809	0.000000	0.000000	1991625	1227404
Node_778	0	0	0	0	0	852836	0	664605	0.000000	0.000000	1835160	1166421
Node_779	3	0	3	0	0	852836	0	672089	0.000000	0.000000	1847896	1173962
Node_780	0	0	0	0	0	852836	0	764809	0.000000	0.000000	1991626	1227405
Node_781	9	5	4	1	9	852845	9	672377	1.250000	0.250000	1848532	1174214
Node_782	15	0	15	0	0	852836	0	649988	0.000000	0.000000	1820319	1163426
Node_783	0	0	0	0	0	852836	0	670190	0.000000	0.000000	1844715	1171599
Node_784	1	0	1	0	0	852836	0	670884	0.000000	0.000000	1846332	1172575
Node_785	0	0	0	0	0	852836	0	668429	0.000000	0.000000	1842464	1170186
Node_786	9	0	9	0	0	852836	0	669406	0.000000	0.000000	1843461	1170217
Node_787	12	0	12	0	0	852836	0	652232	0.000000	0.000000	1825789	1167097
Node_788	2	0	2	0	0	852836	0	652302	0.000000	0.000000	1825970	1167210
Node_789	0	0	0	0	0	852836	0	652302	0.000000	0.000000	1825973	1167210
Node_790	5	0	5	0	0	852836	0	648235	0.000000	0.000000	1816313	1160610
Node_791	0	0	0	0	0	852836	0	696198	0.000000	0.000000	1868350	1175509
Node_792	0	0	0	0	0	852836	0	696270	0.000000	0.000000	1868857	1175978
Node_793	6	0	6	0	0	852836	0	697371	0.000000	0.000000	1871981	1178066
Node_794	0	0	0	0	0	852836	0	697563	0.000000	0.000000	1872637	1178566
Node_795	0	0	0	0	0	852836	0	697704	0.000000	0.000000	1872963	1178748
Node_796	7	0	7	0	0	852836	0	649099	0.000000	0.000000	1818717	1162224
Node_797	0	0	0	0	0	852836	0	649857	0.000000	0.000000	1820429	1163326
Node_798	16	0	16	0	0	852836	0	668803	0.000000	0.000000	1842882	1170163
Node_799	0	0	0	0	0	852836	0	698536	0.000000	0.000000	1874333	1179518
Node_800	0	0	0	0	0	852836	0	699934	0.000000	0.000000	1877357	1181553
Node_801	0	0	0	0	0	852836	0	701159	0.000000	0.000000	1878636	1181820
Node_802	0	0	0	0	0	852836	0	701898	0.000000	0.000000	1879504	1182621
Node_803	0	0	0	0	0	852836	0	702091	0.000000	0.000000	1879739	1182794
Node_804	6	0	6	0	0	852836	0	702486	0.000000	0.000000	1880288	1183194
Node_805	7	0	7	0	0	852836	0	702492	0.000000	0.000000	1880294	1183194
Node_806	28	23	5	1	580	852836	580	764817	4.600000	0.200000	1991644	1227419
Node_807	35	0	35	0	0	852836	0	650410	0.000000	0.000000	1821245	1164240
Node_808	1	0	1	0	0	852836	0	650945	0.000000	0.000000	1822796	1165216
Node_809	1	0	1	0	0	852836	0	651418	0.000000	0.000000	1823922	1165934
Node_810	16	0	16	0	0	852836	0	651891	0.000000	0.000000	1824790	1166570
Node_811	0	0	0	0	0	852836	0	764844	0.000000	0.000000	1991672	1227447
Node_812	0	0	0	0	0	852836	0	764844	0.000000	0.000000	1991685	1227447
Node_813	920	906	14	5	48286	852836	46614	764855	64.714287	0.357143	1991712	1234325
Node_814	13	0	13	0	0	844971	0	649317	0.000000	0.000000	1818803	1163981
Node_815	8	0	8	0	0	844971	0	652104	0.000000	0.000000	1823025	1166220
Node_816	13	0	13	0	0	844971	0	652374	0.000000	0.000000	1823902	1166573
Node_817	7	0	7	0	0	844979	0	666129	0.000000	0.000000	1851169	1178531
Node_818	7	0	7	0	0	845109	0	671067	0.000000	0.000000	1844252	1172718
Node_819	4	0	4	0	0	845109	0	671837	0.000000	0.000000	1846413	1174148
Node_820	0	0	0	0	0	845109	0	672428	0.000000	0.000000	1847643	1175183
Node_821	1	0	1	0	0	845109	0	672433	0.000000	0.000000	1847656	1175193
Node_822	1	0	1	0	0	845109	0	672437	0.000000	0.000000	1847766	1175292
Node_823	13	5	8	1	9	845109	9	672514	0.625000	0.125000	1847847	1175303
Node_824	5	0	5	0	0	845108	0	672646	0.000000	0.000000	1848114	1175499
Node_825	1	0	1	0	0	845108	0	672666	0.000000	0.000000	1848203	1175557
Node_826	10	5	5	1	3071	845108	1768	689327	1.000000	0.200000	1879335	1189487
Node_827	3	0	3	0	0	844979	0	689305	0.000000	0.000000	1879465	1189505
Node_828	0	0	0	0	0	844979	0	673318	0.000000	0.000000	1850333	1174650
Node_829	1	0	1	0	0	844979	0	673980	0.000000	0.000000	1851729	1175498
Node_830	21	0	21	0	0	844979	0	694221	0.000000	0.000000	1890489	1195147
Node_831	0	0	0	0	0	844979	0	671403	0.000000	0.000000	1846660	1174737
Node_832	16	5	11	1	9	844980	9	646416	0.454545	0.090909	1810538	1158887
Node_833	1	0	1	0	0	844979	0	671424	0.000000	0.000000	1846686	1174739
Node_834	13	0	13	0	0	844979	0	672057	0.000000	0.000000	1848518	1175851
Node_835	7	0	7	0	0	844979	0	653780	0.000000	0.000000	1826479	1166196
Node_836	9	0	9	0	0	844979	0	664821	0.000000	0.000000	1847208	1176032
Node_837	2	0	2	0	0	844979	0	688737	0.000000	0.000000	1878895	1188959
Node_838	4	0	4	0	0	844979	0	667503	0.000000	0.000000	1854078	1180741
Node_839	3	0	3	0	0	844979	0	689248	0.000000	0.000000	1880348	1190001
Node_840	35	0	35	0	0	844979	0	651515	0.000000	0.000000	1824364	1168095
Node_841	2	0	2	0	0	844979	0	689656	0.000000	0.000000	1881381	1190742
Node_842	8	0	8	0	0	844979	0	673145	0.000000	0.000000	1862562	1181770
Node_843	10	0	10	0	0	844979	0	695416	0.000000	0.000000	1890431	1192408
Node_844	2	0	2	0	0	844979	0	695416	0.000000	0.000000	1890431	1192408
Node_845	1	0	1	0	0	844979	0	695421	0.000000	0.000000	1890458	1192423
Node_846	1	0	1	0	0	844979	0	695483	0.000000	0.000000	1890622	1192513
Node_847	3	3	0	1	8	844979	8	695816	0.000000	0.000000	1891118	1192834
Node_848	1	0	1	0	0	844980	0	690714	0.000000	0.000000	1882423	1188297
Node_849	2	0	2	0	0	844980	0	694626	0.000000	0.000000	1889780	1193275
Node_850	0	0	0	0	0	844980	0	694636	0.000000	0.000000	1889834	1193311
Node_851	0	0	0	0	0	844980	0	694787	0.000000	0.000000	1890015	1193471
Node_852	27	5	22	1	9	844980	9	694894	0.227273	0.045455	1890194	1193552
Node_853	0	0	0	0	0	844979	0	694996	0.000000	0.000000	1890391	1193656
Node_854	0	0	0	0	0	844979	0	687379	0.000000	0.000000	1875721	1186874
Node_855	3	0	3	0	0	844979	0	695032	0.000000	0.000000	1890450	1193698
Node_856	0	0	0	0	0	844979	0	697062	0.000000	0.000000	1892858	1194148
Node_857	5	0	5	0	0	844979	0	668158	0.000000	0.000000	1854773	1181266
Node_858	4	0	4	0	0	844979	0	685966	0.000000	0.000000	1873778	1185248
Node_859	0	0	0	0	0	844979	0	688373	0.000000	0.000000	1878921	1188950
Node_860	1	0	1	0	0	844993	0	648132	0.000000	0.000000	1814162	1160526
Node_861	0	0	0	0	0	844993	0	649491	0.000000	0.000000	1817705	1162706
Node_862	14	0	14	0	0	845540	0	650431	0.000000	0.000000	1820323	1164244
Node_863	3	0	3	0	0	845540	0	650868	0.000000	0.000000	1821154	1164793
Node_864	11	0	11	0	0	845540	0	671943	0.000000	0.000000	1846446	1173640
Node_865	0	0	0	0	0	845540	0	672579	0.000000	0.000000	1847704	1174510
Node_866	3	0	3	0	0	845540	0	672832	0.000000	0.000000	1848108	1174787
Node_867	23	7	16	1	547	845540	235	673033	0.437500	0.062500	1848548	1175594
Node_868	156	140	16	3	3468	844993	2234	673718	8.750000	0.187500	1849796	1175936
Node_869	2	0	2	0	0	844979	0	690423	0.000000	0.000000	1881706	1190762
Node_870	0	0	0	0	0	844979	0	697224	0.000000	0.000000	1893073	1194324
Node_871	45	14	31	1	21332	850553	10633	666032	0.451613	0.032258	1834655	1167413
Node_872	10	0	10	0	0	844979	0	687361	0.000000	0.000000	1876278	1186976
Node_873	2	0	2	0	0	844979	0	687452	0.000000	0.000000	1876525	1187163
Node_874	1	0	1	0	0	844979	0	687493	0.000000	0.000000	1876465	1187214
Node_875	2	0	2	0	0	844979	0	687805	0.000000	0.000000	1877003	1187558
Node_876	2	0	2	0	0	844979	0	681245	0.000000	0.000000	1865280	1180093
Node_877	2	0	2	0	0	844979	0	687823	0.000000	0.000000	1877140	1187635
Node_878	3	0	3	0	0	844979	0	688478	0.000000	0.000000	1878267	1188433
Node_879	0	0	0	0	0	844979	0	689118	0.000000	0.000000	1879377	1189249
Node_880	7	0	7	0	0	844979	0	689368	0.000000	0.000000	1879953	1189636
Node_881	5	0	5	0	0	844979	0	689368	0.000000	0.000000	1879964	1189647
Node_882	10	0	10	0	0	844979	0	689516	0.000000	0.000000	1880238	1189906
Node_883	4	0	4	0	0	844979	0	689625	0.000000	0.000000	1880641	1190203
Node_884	2	0	2	0	0	844979	0	697288	0.000000	0.000000	1893169	1194398
Node_885	1	0	1	0	0	844979	0	702258	0.000000	0.000000	1904065	1199973
Node_886	8	3	5	1	8	844979	8	702258	0.600000	0.200000	1904066	1199982
Node_887	7	0	7	0	0	844971	0	702470	0.000000	0.000000	1904367	1200079
Node_888	0	0	0	0	0	844971	0	702475	0.000000	0.000000	1904372	1200079
Node_889	18	0	18	0	0	844971	0	760928	0.000000	0.000000	2001542	1239158
Node_890	0	0	0	0	0	844971	0	761092	0.000000	0.000000	2002693	1240243
Node_891	0	0	0	0	0	844971	0	761092	0.000000	0.000000	2002693	1240243
Node_892	46	23	23	2	11690	844971	8282	761092	1.000000	0.086957	2002693	1245701
Node_893	3	0	3	0	0	836837	0	755775	0.000000	0.000000	2002693	1245701
Node_894	0	0	0	0	0	836837	0	755775	0.000000	0.000000	2002693	1245701
Node_895	4	0	4	0	0	836837	0	755775	0.000000	0.000000	2002693	1245701
Node_896	3	0	3	0	0	839930	0	665171	0.000000	0.000000	1836314	1167590
Node_897	276	237	39	4	13930	839930	8219	665403	6.076923	0.102564	1836960	1169551
Node_898	12	3	9	1	9	836846	9	670269	0.333333	0.111111	1843752	1173224
Node_899	2	0	2	0	0	836837	0	671849	0.000000	0.000000	1848846	1176843
Node_900	0	0	0	0	0	895483	0	651378	0.000000	0.000000	1824720	1161848
Node_901	4	0	4	0	0	895612	0	717949	0.000000	0.000000	1893663	1168230
Node_902	3	3	0	1	9	895621	9	710167	0.000000	0.000000	1878100	1157728
Node_903	2	0	2	0	0	895612	0	718944	0.000000	0.000000	1895095	1168992
Node_904	0	0	0	0	0	895612	0	719774	0.000000	0.000000	1896043	1169100
Node_905	11	0	11	0	0	895612	0	714353	0.000000	0.000000	1886907	1163233
Node_906	8	0	8	0	0	895612	0	719912	0.000000	0.000000	1896278	1169280
Node_907	0	0	0	0	0	895612	0	719973	0.000000	0.000000	1896342	1169340
Node_908	1	0	1	0	0	895612	0	720228	0.000000	0.000000	1897049	1169745
Node_909	3	0	3	0	0	895612	0	720683	0.000000	0.000000	1897876	1170302
Node_910	3	0	3	0	0	895612	0	720873	0.000000	0.000000	1898155	1170546
Node_911	60	16	44	1	129	895612	129	720876	0.363636	0.022727	1898158	1170546
Node_912	8	0	8	0	0	895483	0	720934	0.000000	0.000000	1911946	1183907
Node_913	0	0	0	0	0	895492	0	693813	0.000000	0.000000	1861998	1155251
Node_914	3	3	0	1	9	895492	9	695686	0.000000	0.000000	1866845	1158397
Node_915	15	0	15	0	0	895483	0	695721	0.000000	0.000000	1866889	1158424
Node_916	1	0	1	0	0	895483	0	715346	0.000000	0.000000	1887826	1164058
Node_917	6	5	1	1	9	895492	9	714459	5.000000	1.000000	1887264	1164138
Node_918	2	0	2	0	0	895483	0	716482	0.000000	0.000000	1890644	1166110
Node_919	2	0	2	0	0	895483	0	717625	0.000000	0.000000	1892975	1167685
Node_920	24	0	24	0	0	895483	0	717668	0.000000	0.000000	1893090	1167757
Node_921	0	0	0	0	0	895483	0	719347	0.000000	0.000000	1901424	1171246
Node_922	0	0	0	0	0	895483	0	719436	0.000000	0.000000	1901589	1171322
Node_923	18	0	18	0	0	895483	0	719854	0.000000	0.000000	1902377	1171767
Node_924	15	0	15	0	0	895483	0	702093	0.000000	0.000000	1897997	1191318
Node_925	25	9	16	3	481	895932	136	646477	0.562500	0.187500	1810819	1152354
Node_926	8	0	8	0	0	895483	0	660504	0.000000	0.000000	1835041	1164967
Node_927	0	0	0	0	0	895483	0	660763	0.000000	0.000000	1835698	1165496
Node_928	21	0	21	0	0	895483	0	678418	0.000000	0.000000	1856950	1171732
Node_929	1	0	1	0	0	895483	0	702321	0.000000	0.000000	1898720	1191839
Node_930	0	0	0	0	0	895483	0	734528	0.000000	0.000000	1938085	1195810
Node_931	2	0	2	0	0	895483	0	734572	0.000000	0.000000	1938162	1195885
Node_932	7	0	7	0	0	895483	0	736589	0.000000	0.000000	1941158	1197272
Node_933	1160	1142	18	4	133867	895483	47694	737233	63.444443	0.222222	1942603	1224295
Node_934	0	0	0	0	0	836837	0	721916	0.000000	0.000000	1944270	1225946
Node_935	5	0	5	0	0	836837	0	665480	0.000000	0.000000	1847937	1176821
Node_936	85	0	85	0	0	836837	0	647550	0.000000	0.000000	1813876	1161138
Node_937	10	0	10	0	0	836837	0	666013	0.000000	0.000000	1850705	1178888
Node_938	0	0	0	0	0	836837	0	721918	0.000000	0.000000	1944272	1225948
Node_939	11	5	6	1	799	836837	799	757300	0.833333	0.166667	2018400	1256710
Node_940	1	0	1	0	0	836038	0	756501	0.000000	0.000000	2018400	1256710
Node_941	1	0	1	0	0	836038	0	756508	0.000000	0.000000	2018465	1256767
Node_942	7	0	7	0	0	836038	0	655378	0.000000	0.000000	1824169	1163141
Node_943	251	171	80	6	11983	836038	9891	756508	2.137500	0.075000	2018465	1261480
Node_944	123	63	60	1	12507	831325	11648	756186	1.050000	0.016667	2023186	1274587
Node_945	3604	3426	178	98	448033	822048	418721	749358	19.247190	0.550562	2024899	1555374
Node_946	0	0	0	0	0	1086132	0	894339	0.000000	0.000000	1824703	910095
Node_947	504	495	9	3	111005	1086132	86801	894760	55.000000	0.333333	1825733	966711
Node_948	1	0	1	0	0	1012047	0	857379	0.000000	0.000000	1832718	957773
Node_949	0	0	0	0	0	1012047	0	863654	0.000000	0.000000	1858014	980059
Node_950	6	0	6	0	0	1012047	0	863757	0.000000	0.000000	1858441	980396
Node_951	0	0	0	0	0	1012055	0	852140	0.000000	0.000000	1823576	952472
Node_952	5	0	5	0	0	1012055	0	853707	0.000000	0.000000	1826930	954370
Node_953	4	0	4	0	0	1012055	0	853812	0.000000	0.000000	1827086	954453
Node_954	0	0	0	0	0	1012055	0	817462	0.000000	0.000000	1760288	919714
Node_955	2	0	2	0	0	1012055	0	830318	0.000000	0.000000	1795826	942761
Node_956	3	3	0	1	8	1012055	8	854515	0.000000	0.000000	1828363	955238
Node_957	0	0	0	0	0	1012047	0	852792	0.000000	0.000000	1824222	951887
Node_958	9	0	9	0	0	1012047	0	855281	0.000000	0.000000	1829516	956051
Node_959	3	0	3	0	0	1012047	0	856022	0.000000	0.000000	1830544	956536
Node_960	4	0	4	0	0	1012047	0	856375	0.000000	0.000000	1830827	956314
Node_961	5	0	5	0	0	1012047	0	852971	0.000000	0.000000	1824943	953131
Node_962	0	0	0	0	0	1012047	0	853620	0.000000	0.000000	1826234	953906
Node_963	0	0	0	0	0	1012047	0	856656	0.000000	0.000000	1831501	956827
Node_964	24	0	24	0	0	1012047	0	857174	0.000000	0.000000	1832726	957808
Node_965	0	0	0	0	0	1012047	0	857425	0.000000	0.000000	1833165	958087
Node_966	1	0	1	0	0	1012047	0	857430	0.000000	0.000000	1833171	958088
Node_967	0	0	0	0	0	1012047	0	857464	0.000000	0.000000	1833269	958164
Node_968	0	0	0	0	0	1012047	0	857594	0.000000	0.000000	1833465	958334
Node_969	0	0	0	0	0	1012047	0	864342	0.000000	0.000000	1859495	981021
Node_970	3392	3270	122	109	416378	1012047	400286	864342	26.803278	0.893443	1859495	1353257
Node_971	2	0	2	0	0	637234	0	492127	0.000000	0.000000	1837671	1327464
Node_972	1	0	1	0	0	637234	0	492168	0.000000	0.000000	1837779	1327532
Node_973	5	5	0	1	9	637234	9	492764	0.000000	0.000000	1838974	1328317
Node_974	184	176	8	2	16180	637225	12360	493602	22.000000	0.250000	1840746	1336820
Node_975	6	0	6	0	0	640609	0	486489	0.000000	0.000000	1823551	1314151
Node_976	130	127	3	3	20001	640609	14083	490336	42.333332	1.000000	1832661	1331231
Node_977	142	83	59	1	11333	628055	7105	487211	1.406780	0.016949	1845417	1340262
Node_978	596	496	100	11	182612	628055	159791	495741	4.960000	0.110000	1878911	1473496
Node_979	8663	2145	6518	65	57503	513412	44730	465458	0.329089	0.009972	2030235	1590424
Node_980	1391	1281	110	34	337088	475739	317047	449535	11.645454	0.309091	2081875	1938203
Node_981	4889	1833	3056	60	74752	152198	69813	146035	0.599804	0.019634	2081996	2000078
Node_982	3025	2926	99	68	495486	1071287	385819	871050	29.555555	0.686869	1856093	1254120
Node_983	778	720	58	11	228204	923502	177798	761092	12.413794	0.189655	1862992	1259108
Node_984	348	298	50	5	116697	762703	72105	610770	5.960000	0.100000	1876293	1316445
Node_985	15	0	15	0	0	693602	0	551570	0.000000	0.000000	1902834	1341843
Node_986	2042	1929	113	22	372280	1083539	341081	896909	17.070797	0.194690	1846785	1227439
Node_987	354	294	60	7	79864	836553	69228	676293	4.900000	0.116667	1862987	1229906
Node_988	4	0	4	0	0	782685	0	633694	0.000000	0.000000	1886699	1252983
Node_989	0	0	0	0	0	1026906	0	839880	0.000000	0.000000	1867809	1032432
Node_990	0	0	0	0	0	1026906	0	833022	0.000000	0.000000	1877068	1046173
Node_991	785	674	111	9	226934	1026906	130692	844524	6.072072	0.081081	1890235	1099213
Node_992	0	0	0	0	0	1026161	0	829366	0.000000	0.000000	1891600	1057543
Node_993	5	0	5	0	0	1026161	0	807446	0.000000	0.000000	1867790	1056645
Node_994	6	0	6	0	0	1026161	0	807059	0.000000	0.000000	1867083	1056171
Node_995	14	0	14	0	0	1026161	0	805434	0.000000	0.000000	1863614	1053785
Node_996	24	0	24	0	0	1026161	0	807477	0.000000	0.000000	1867932	1056673
Node_997	0	0	0	0	0	1026161	0	808123	0.000000	0.000000	1869121	1057289
Node_998	0	0	0	0	0	1026161	0	830789	0.000000	0.000000	1894120	1058740
Node_999	4	0	4	0	0	1026161	0	832698	0.000000	0.000000	1896034	1058747
Node_1000	147	117	30	3	5479	1026161	5351	826637	3.900000	0.100000	1884028	1057955
Node_1001	0	0	0	0	0	1026161	0	813856	0.000000	0.000000	1871766	1054181
Node_1002	0	0	0	0	0	1026161	0	815281	0.000000	0.000000	1874095	1055201
Node_1003	24	0	24	0	0	1026161	0	815408	0.000000	0.000000	1874355	1055340
Node_1004	0	0	0	0	0	1026161	0	838102	0.000000	0.000000	1899440	1059218
Node_1005	0	0	0	0	0	1026161	0	861852	0.000000	0.000000	1923558	1064499
Node_1006	0	0	0	0	0	1026161	0	861922	0.000000	0.000000	1923649	1064539
Node_1007	3	0	3	0	0	1026161	0	863944	0.000000	0.000000	1926152	1065063
Node_1008	1	0	1	0	0	1026161	0	874551	0.000000	0.000000	1937379	1069217
Node_1009	1502	1429	73	13	211837	1026161	135522	881102	19.575342	0.178082	1945586	1102998
Node_1010	6	0	6	0	0	990644	0	783404	0.000000	0.000000	1867667	1079471
Node_1011	564	526	38	1	65618	1011287	55969	799828	13.842105	0.026316	1873240	1086232
Node_1012	1	0	1	0	0	990644	0	783887	0.000000	0.000000	1873873	1086506
Node_1013	4	0	4	0	0	990644	0	792207	0.000000	0.000000	1885190	1089429
Node_1014	110	81	29	2	48620	990644	10875	797874	2.793103	0.068966	1891924	1090433
Node_1015	0	0	0	0	0	989282	0	775079	0.000000	0.000000	1861186	1081865
Node_1016	1	0	1	0	0	989282	0	797879	0.000000	0.000000	1893175	1091507
Node_1017	5	5	0	1	9	989282	9	797880	0.000000	0.000000	1893184	1091516
Node_1018	17	10	7	1	5254	989282	4571	797912	1.428571	0.142857	1893216	1091530
Node_1019	248	222	26	4	27377	988111	24668	853863	8.538462	0.153846	1954050	1122784
Node_1020	25	3	22	1	3	971693	3	844070	0.136364	0.045455	1965018	1129282
Node_1021	258	226	32	3	28653	971693	28285	851187	7.062500	0.093750	1973335	1141528
Node_1022	0	0	0	0	0	988473	0	813716	0.000000	0.000000	1902965	1101002
Node_1023	2153	2069	84	8	74561	988473	68541	814174	24.630953	0.095238	1903890	1120358
Node_1024	23	0	23	0	0	969006	0	759149	0.000000	0.000000	1866082	1105024
Node_1025	0	0	0	0	0	969006	0	773931	0.000000	0.000000	1880879	1107684
Node_1026	2	0	2	0	0	969006	0	774916	0.000000	0.000000	1882690	1108407
Node_1027	11	0	11	0	0	969006	0	763710	0.000000	0.000000	1872758	1107290
Node_1028	8	0	8	0	0	969006	0	769156	0.000000	0.000000	1881582	1108049
Node_1029	3	0	3	0	0	969006	0	760138	0.000000	0.000000	1865526	1103866
Node_1030	2	0	2	0	0	969006	0	761212	0.000000	0.000000	1866845	1104065
Node_1031	0	0	0	0	0	969006	0	770065	0.000000	0.000000	1882504	1108061
Node_1032	13	0	13	0	0	969006	0	770249	0.000000	0.000000	1882690	1108063
Node_1033	0	0	0	0	0	969006	0	770296	0.000000	0.000000	1882749	1108077
Node_1034	0	0	0	0	0	969006	0	759287	0.000000	0.000000	1864914	1103815
Node_1035	0	0	0	0	0	969006	0	770298	0.000000	0.000000	1882786	1108079
Node_1036	7	0	7	0	0	969006	0	770624	0.000000	0.000000	1883180	1108173
Node_1037	1	0	1	0	0	969006	0	767908	0.000000	0.000000	1878151	1106559
Node_1038	9	0	9	0	0	974455	0	771640	0.000000	0.000000	1877052	1101730
Node_1039	41	15	26	1	259	974714	199	773503	0.576923	0.038462	1880756	1104048
Node_1040	416	405	11	3	59116	974455	54685	774620	36.818180	0.272727	1882774	1109755
Node_1041	9	0	9	0	0	969006	0	772424	0.000000	0.000000	1883584	1110028
Node_1042	4	0	4	0	0	969006	0	777618	0.000000	0.000000	1890646	1110113
Node_1043	38	24	14	2	256	969006	256	778059	1.714286	0.142857	1892353	1110616
Node_1044	7	0	7	0	0	969006	0	778059	0.000000	0.000000	1892353	1110616
Node_1045	28	0	28	0	0	990397	0	795781	0.000000	0.000000	1903701	1104145
Node_1046	3	0	3	0	0	990397	0	791578	0.000000	0.000000	1897039	1101205
Node_1047	40	0	40	0	0	990397	0	791111	0.000000	0.000000	1895198	1100327
Node_1048	0	0	0	0	0	990397	0	793469	0.000000	0.000000	1899765	1102242
Node_1049	1	0	1	0	0	990397	0	796218	0.000000	0.000000	1904536	1104426
Node_1050	5	0	5	0	0	990397	0	796729	0.000000	0.000000	1904485	1104076
Node_1051	9	0	9	0	0	990397	0	797073	0.000000	0.000000	1905201	1104432
Node_1052	19	0	19	0	0	990397	0	796669	0.000000	0.000000	1904832	1104304
Node_1053	4	0	4	0	0	990397	0	796752	0.000000	0.000000	1904982	1104374
Node_1054	0	0	0	0	0	990397	0	797836	0.000000	0.000000	1906862	1105137
Node_1055	23	0	23	0	0	990397	0	798162	0.000000	0.000000	1907510	1105497
Node_1056	3	0	3	0	0	990397	0	822881	0.000000	0.000000	1928366	1102121
Node_1057	30	0	30	0	0	990397	0	824977	0.000000	0.000000	1932071	1104011
Node_1058	0	0	0	0	0	990397	0	828758	0.000000	0.000000	1938228	1106636
Node_1059	0	0	0	0	0	990397	0	828903	0.000000	0.000000	1938452	1106692
Node_1060	2	0	2	0	0	990397	0	825051	0.000000	0.000000	1931969	1104140
Node_1061	2	0	2	0	0	990397	0	824727	0.000000	0.000000	1897270	1069480
Node_1062	10	0	10	0	0	990397	0	825373	0.000000	0.000000	1898204	1069913
Node_1063	0	0	0	0	0	990397	0	828098	0.000000	0.000000	1935824	1104897
Node_1064	23	0	23	0	0	990397	0	837136	0.000000	0.000000	1944957	1105735
Node_1065	8	0	8	0	0	990397	0	840880	0.000000	0.000000	1948761	1106070
Node_1066	2	0	2	0	0	990397	0	865056	0.000000	0.000000	1974103	1111251
Node_1067	7	0	7	0	0	990397	0	865084	0.000000	0.000000	1974191	1111293
Node_1068	1	0	1	0	0	990397	0	865333	0.000000	0.000000	1974618	1111497
Node_1069	1203	1177	26	4	97070	990397	68743	866914	45.269230	0.153846	1977404	1125848
Node_1070	0	0	0	0	0	969006	0	867808	0.000000	0.000000	1988636	1129597
Node_1071	2	0	2	0	0	969006	0	867811	0.000000	0.000000	1988640	1129598
Node_1072	0	0	0	0	0	969006	0	868257	0.000000	0.000000	1989094	1129607
Node_1073	5	0	5	0	0	989667	0	798203	0.000000	0.000000	1897949	1099424
Node_1074	468	426	42	3	46999	989667	37111	799680	10.142858	0.071429	1899586	1115088
Node_1075	2	0	2	0	0	969006	0	786525	0.000000	0.000000	1900226	1115456
Node_1076	5	0	5	0	0	969006	0	786537	0.000000	0.000000	1900260	1115480
Node_1077	32	0	32	0	0	969006	0	760757	0.000000	0.000000	1867725	1106465
Node_1078	22	0	22	0	0	969006	0	761500	0.000000	0.000000	1869159	1107148
Node_1079	4	0	4	0	0	969006	0	757699	0.000000	0.000000	1862529	1103088
Node_1080	2	0	2	0	0	978070	0	774159	0.000000	0.000000	1880174	1103471
Node_1081	0	0	0	0	0	978070	0	770893	0.000000	0.000000	1875954	1102391
Node_1082	1	0	1	0	0	978070	0	774655	0.000000	0.000000	1881008	1103766
Node_1083	421	412	9	2	111460	978070	55277	774672	45.777779	0.222222	1881050	1109239
Node_1084	0	0	0	0	0	969006	0	772708	0.000000	0.000000	1883375	1109431
Node_1085	3	0	3	0	0	969006	0	772756	0.000000	0.000000	1883477	1109504
Node_1086	0	0	0	0	0	969006	0	774678	0.000000	0.000000	1885762	1111028
Node_1087	6	0	6	0	0	969006	0	800554	0.000000	0.000000	1917254	1120014
Node_1088	4	0	4	0	0	969006	0	870623	0.000000	0.000000	1996858	1134292
Node_1089	1	0	1	0	0	969006	0	870623	0.000000	0.000000	1996859	1134293
Node_1090	246	189	57	6	25840	969006	23812	870623	3.315789	0.105263	1996859	1139662
Node_1091	45	3	42	1	3	963451	3	871080	0.071429	0.023810	2015923	1153170
Node_1092	1276	1250	26	14	231740	963448	203957	883812	48.076923	0.538462	2029472	1306595
Node_1093	177	171	6	5	89083	782685	83632	729713	28.500000	0.833333	2039645	1395199
Node_1094	290	208	82	3	71195	693602	70093	646183	2.536585	0.036585	2043120	1464543
Node_1095	606	561	45	8	145720	626393	143179	580078	12.466666	0.177778	2043772	1605426
Node_1096	4045	3561	484	97	394696	483311	352973	439758	7.357438	0.200413	2053361	1931322
Node_1097	0	0	0	0	0	1005624	0	787329	0.000000	0.000000	1917706	1123934
Node_1098	591	498	93	10	196866	1005624	167375	787428	5.354839	0.107527	1918111	1233982
Node_1099	10	3	7	1	3	1042964	3	823972	0.428571	0.142857	1914798	1085820
Node_1100	5	0	5	0	0	1042961	0	825414	0.000000	0.000000	1916809	1086307
Node_1101	34	5	29	1	22	1042961	22	825421	0.172414	0.034483	1916843	1086334
Node_1102	11	7	4	2	9	1052150	9	831837	1.750000	0.500000	1914035	1077308
Node_1103	781	753	28	6	112091	1052150	99983	831914	26.892857	0.214286	1914158	1086541
Node_1104	269	256	13	4	123768	1042961	30401	826552	19.692308	0.307692	1918723	1096020
Node_1105	2	0	2	0	0	1042965	0	828973	0.000000	0.000000	1924100	1089069
Node_1106	12	0	12	0	0	1042965	0	829259	0.000000	0.000000	1924560	1089248
Node_1107	0	0	0	0	0	1042965	0	825145	0.000000	0.000000	1918759	1087015
Node_1108	0	0	0	0	0	1042965	0	829358	0.000000	0.000000	1925124	1089527
Node_1109	47	6	41	1	53	1042965	52	831004	0.146341	0.024390	1928326	1091874
Node_1110	0	0	0	0	0	1042965	0	831069	0.000000	0.000000	1928475	1091918
Node_1111	6	0	6	0	0	1042965	0	832384	0.000000	0.000000	1929927	1091991
Node_1112	21	6	15	1	22	1042965	22	832386	0.400000	0.066667	1930742	1092473
Node_1113	33	6	27	1	91	1042965	82	856724	0.222222	0.037037	1953452	1092271
Node_1114	18	3	15	1	66	1043031	66	862140	0.200000	0.066667	1957440	1094199
Node_1115	48	16	32	4	1765	1064667	1164	843353	0.500000	0.125000	1915137	1071215
Node_1116	17	0	17	0	0	1064457	0	845251	0.000000	0.000000	1918477	1072855
Node_1117	4	0	4	0	0	1064457	0	847389	0.000000	0.000000	1921213	1073294
Node_1118	1	0	1	0	0	1064457	0	842255	0.000000	0.000000	1913826	1070988
Node_1119	3	0	3	0	0	1064457	0	847629	0.000000	0.000000	1921647	1073522
Node_1120	11	4	7	1	9	1064457	9	848910	0.571429	0.142857	1923763	1074554
Node_1121	3	0	3	0	0	1064457	0	850669	0.000000	0.000000	1926894	1076218
Node_1122	1	0	1	0	0	1064457	0	850669	0.000000	0.000000	1926895	1076219
Node_1123	2	0	2	0	0	1064457	0	842223	0.000000	0.000000	1914341	1071688
Node_1124	51	17	34	2	136	1064457	136	848672	0.500000	0.058824	1924622	1076331
Node_1125	0	0	0	0	0	1064457	0	848730	0.000000	0.000000	1924793	1076395
Node_1126	0	0	0	0	0	1064457	0	848757	0.000000	0.000000	1924830	1076407
Node_1127	5	0	5	0	0	1064457	0	852939	0.000000	0.000000	1928762	1075720
Node_1128	4	0	4	0	0	1064457	0	852963	0.000000	0.000000	1928840	1075749
Node_1129	8	0	8	0	0	1064457	0	852967	0.000000	0.000000	1928853	1075753
Node_1130	0	0	0	0	0	1064457	0	854068	0.000000	0.000000	1930586	1076612
Node_1131	1322	1285	37	12	212999	1064457	187513	854910	34.729729	0.324324	1931595	1091861
Node_1132	5	0	5	0	0	1044680	0	829921	0.000000	0.000000	1924861	1090533
Node_1133	0	0	0	0	0	1044680	0	830049	0.000000	0.000000	1925163	1090676
Node_1134	7	0	7	0	0	1044680	0	830063	0.000000	0.000000	1925238	1090711
Node_1135	7	0	7	0	0	1044680	0	824307	0.000000	0.000000	1916195	1086411
Node_1136	0	0	0	0	0	1044680	0	828800	0.000000	0.000000	1921274	1087257
Node_1137	2	0	2	0	0	1044680	0	831349	0.000000	0.000000	1925483	1089076
Node_1138	0	0	0	0	0	1044680	0	831364	0.000000	0.000000	1925516	1089094
Node_1139	1	0	1	0	0	1044680	0	826173	0.000000	0.000000	1918798	1087434
Node_1140	14	6	8	1	18	1044680	18	827220	0.750000	0.125000	1920956	1088964
Node_1141	6	0	6	0	0	1044680	0	827608	0.000000	0.000000	1921529	1089335
Node_1142	0	0	0	0	0	1044680	0	828269	0.000000	0.000000	1922704	1089714
Node_1143	1	0	1	0	0	1044680	0	832518	0.000000	0.000000	1927478	1090369
Node_1144	2	0	2	0	0	1044680	0	832519	0.000000	0.000000	1927509	1090391
Node_1145	0	0	0	0	0	1044680	0	829962	0.000000	0.000000	1926066	1090372
Node_1146	0	0	0	0	0	1044680	0	832297	0.000000	0.000000	1928136	1091248
Node_1147	0	0	0	0	0	1044680	0	834282	0.000000	0.000000	1931902	1091860
Node_1148	3	0	3	0	0	1044680	0	834889	0.000000	0.000000	1932955	1092274
Node_1149	4	0	4	0	0	1044680	0	838370	0.000000	0.000000	1936524	1092425
Node_1150	0	0	0	0	0	1044680	0	838399	0.000000	0.000000	1936577	1092443
Node_1151	13	0	13	0	0	1044680	0	827481	0.000000	0.000000	1920475	1087848
Node_1152	0	0	0	0	0	1044680	0	830887	0.000000	0.000000	1924982	1089147
Node_1153	0	0	0	0	0	1044680	0	831028	0.000000	0.000000	1925228	1089271
Node_1154	0	0	0	0	0	1044680	0	831041	0.000000	0.000000	1925289	1089307
Node_1155	0	0	0	0	0	1044680	0	841539	0.000000	0.000000	1939735	1092455
Node_1156	0	0	0	0	0	1044680	0	828358	0.000000	0.000000	1922836	1089876
Node_1157	0	0	0	0	0	1044680	0	841543	0.000000	0.000000	1939881	1092587
Node_1158	11	6	5	1	11	1044680	11	829891	1.200000	0.200000	1923854	1089471
Node_1159	133	122	11	2	56991	1044680	3532	844231	11.090909	0.181818	1942591	1092996
Node_1160	2	0	2	0	0	1043013	0	844740	0.000000	0.000000	1943518	1093126
Node_1161	2	0	2	0	0	1043013	0	837294	0.000000	0.000000	1930938	1088358
Node_1162	4	0	4	0	0	1043013	0	837469	0.000000	0.000000	1931271	1088574
Node_1163	7	0	7	0	0	1043013	0	832886	0.000000	0.000000	1927362	1089958
Node_1164	0	0	0	0	0	1043013	0	840511	0.000000	0.000000	1935694	1090341
Node_1165	20	12	8	1	1651	1043013	1651	854712	1.500000	0.125000	1953603	1093182
Node_1166	53	42	11	2	4934	1042965	2079	889268	3.818182	0.181818	1989172	1098141
Node_1167	5	0	5	0	0	1042965	0	832323	0.000000	0.000000	1928865	1090339
Node_1168	1	0	1	0	0	1042965	0	832376	0.000000	0.000000	1929063	1090483
Node_1169	10	0	10	0	0	1042965	0	890319	0.000000	0.000000	1991781	1098273
Node_1170	1	0	1	0	0	1042965	0	845184	0.000000	0.000000	1939155	1093281
Node_1171	0	0	0	0	0	1042965	0	907249	0.000000	0.000000	2008733	1103005
Node_1172	0	0	0	0	0	1042965	0	907468	0.000000	0.000000	2009166	1103243
Node_1173	141	124	17	5	27147	1042965	27147	907610	7.294117	0.294118	2010003	1114231
Node_1174	502	482	20	8	172967	1030971	152015	895618	24.100000	0.400000	2010010	1130476
Node_1175	0	0	0	0	0	1183426	0	967933	0.000000	0.000000	1923069	951372
Node_1176	3057	2989	68	51	419752	1183426	394839	969636	43.955883	0.750000	1925920	1115290
Node_1177	3	0	3	0	0	1038992	0	819700	0.000000	0.000000	1916458	1091632
Node_1178	1	0	1	0	0	1038992	0	821248	0.000000	0.000000	1917551	1092070
Node_1179	0	0	0	0	0	1038992	0	822048	0.000000	0.000000	1918750	1092716
Node_1180	750	702	48	5	179721	1038992	152651	823311	14.625000	0.104167	1920891	1116380
Node_1181	2	0	2	0	0	1011286	0	809836	0.000000	0.000000	1926790	1117153
Node_1182	0	0	0	0	0	1011286	0	811378	0.000000	0.000000	1935430	1120895
Node_1183	630	596	34	7	192209	1011286	180951	887039	17.529411	0.205882	2018608	1257662
Node_1184	2495	2416	79	23	312127	881603	230675	765507	30.582279	0.291139	2018746	1355822
Node_1185	1431	1270	161	29	265364	743290	251682	676460	7.888199	0.180124	2022034	1555792
Node_1186	1896	1770	126	32	381585	989768	294630	837866	14.047619	0.253968	1931654	1319023
Node_1187	1316	1270	46	5	138408	967097	46213	807045	27.608696	0.108696	1922238	1118733
Node_1188	119	76	43	2	7874	959473	7874	818547	1.767442	0.046512	1946014	1130262
Node_1189	352	344	8	3	8292	982997	6937	826158	43.000000	0.375000	1944263	1109083
Node_1190	5	4	1	1	4316	982473	4316	840496	4.000000	1.000000	1963934	1124045
Node_1191	0	0	0	0	0	988559	0	841189	0.000000	0.000000	1955731	1108851
Node_1192	9	0	9	0	0	988559	0	842976	0.000000	0.000000	1958605	1110676
Node_1193	0	0	0	0	0	988559	0	850814	0.000000	0.000000	1969287	1113935
Node_1194	0	0	0	0	0	988559	0	842584	0.000000	0.000000	1957826	1109931
Node_1195	2	0	2	0	0	988559	0	851644	0.000000	0.000000	1970772	1114728
Node_1196	1449	1423	26	7	89821	988559	81368	852006	54.730770	0.269231	1971240	1125224
Node_1197	18	5	13	1	531	978157	531	843823	0.384615	0.076923	1974743	1127547
Node_1198	90	75	15	1	22672	978157	18303	843878	5.000000	0.066667	1974908	1127669
Node_1199	897	842	55	3	108232	978752	90451	820547	15.309091	0.054545	1941669	1111905
Node_1200	116	100	16	2	22447	978157	18076	850536	6.250000	0.125000	1981627	1127735
Node_1201	49	0	49	0	0	978157	0	831537	0.000000	0.000000	1957798	1122217
Node_1202	0	0	0	0	0	978157	0	838789	0.000000	0.000000	1965141	1122224
Node_1203	21	15	6	2	14394	978157	4973	840787	2.500000	0.333333	1968278	1123723
Node_1204	11	5	6	1	15	978157	15	833831	0.833333	0.166667	1959772	1121503
Node_1205	0	0	0	0	0	978157	0	831585	0.000000	0.000000	1958421	1122748
Node_1206	18	0	18	0	0	978157	0	832649	0.000000	0.000000	1960216	1123408
Node_1207	3	0	3	0	0	978157	0	833257	0.000000	0.000000	1961100	1123942
Node_1208	0	0	0	0	0	978157	0	832013	0.000000	0.000000	1959170	1122923
Node_1209	0	0	0	0	0	978157	0	832752	0.000000	0.000000	1960263	1123399
Node_1210	0	0	0	0	0	978157	0	832762	0.000000	0.000000	1960321	1123447
Node_1211	0	0	0	0	0	978157	0	832817	0.000000	0.000000	1960470	1123557
Node_1212	0	0	0	0	0	978157	0	840328	0.000000	0.000000	1968049	1131059
Node_1213	1	0	1	0	0	978157	0	834011	0.000000	0.000000	1962042	1124236
Node_1214	1	0	1	0	0	978157	0	841941	0.000000	0.000000	1970651	1132476
Node_1215	7	3	4	1	34	978157	34	842194	0.750000	0.250000	1971308	1132761
Node_1216	2	0	2	0	0	978157	0	842275	0.000000	0.000000	1971437	1132809
Node_1217	0	0	0	0	0	978157	0	842333	0.000000	0.000000	1971550	1132875
Node_1218	3	0	3	0	0	978157	0	831362	0.000000	0.000000	1957981	1122375
Node_1219	0	0	0	0	0	978157	0	831951	0.000000	0.000000	1959161	1122972
Node_1220	7	6	1	1	18	978157	18	831961	6.000000	1.000000	1959190	1122993
Node_1221	3	0	3	0	0	978157	0	835923	0.000000	0.000000	1965541	1126118
Node_1222	1	0	1	0	0	978157	0	843653	0.000000	0.000000	1973779	1134076
Node_1223	1	0	1	0	0	978157	0	843661	0.000000	0.000000	1973845	1134136
Node_1224	0	0	0	0	0	978157	0	842832	0.000000	0.000000	1971729	1125897
Node_1225	0	0	0	0	0	978157	0	828295	0.000000	0.000000	1937614	1104836
Node_1226	8	0	8	0	0	978157	0	830678	0.000000	0.000000	1956291	1121236
Node_1227	3	0	3	0	0	978157	0	830836	0.000000	0.000000	1956660	1121542
Node_1228	0	0	0	0	0	978157	0	832541	0.000000	0.000000	1959655	1123170
Node_1229	8	0	8	0	0	978157	0	833409	0.000000	0.000000	1961311	1124053
Node_1230	0	0	0	0	0	978157	0	835130	0.000000	0.000000	1964148	1125608
Node_1231	0	0	0	0	0	978157	0	844169	0.000000	0.000000	1973861	1126929
Node_1232	5	3	2	1	10	978157	10	852492	1.500000	0.500000	1991894	1129666
Node_1233	3	0	3	0	0	978157	0	860346	0.000000	0.000000	2000651	1137798
Node_1234	8	0	8	0	0	978157	0	834826	0.000000	0.000000	1963989	1125507
Node_1235	6	0	6	0	0	978157	0	835541	0.000000	0.000000	1964969	1125869
Node_1236	9	0	9	0	0	978157	0	831668	0.000000	0.000000	1957992	1121889
Node_1237	0	0	0	0	0	978157	0	835694	0.000000	0.000000	1965210	1125913
Node_1238	0	0	0	0	0	978157	0	835712	0.000000	0.000000	1965236	1125924
Node_1239	7	0	7	0	0	978157	0	832683	0.000000	0.000000	1959741	1123108
Node_1240	0	0	0	0	0	978157	0	832683	0.000000	0.000000	1960042	1123421
Node_1241	7	0	7	0	0	978157	0	833740	0.000000	0.000000	1961850	1124338
Node_1242	1	0	1	0	0	978157	0	829416	0.000000	0.000000	1939165	1105299
Node_1243	5	0	5	0	0	978157	0	833984	0.000000	0.000000	1962225	1124485
Node_1244	0	0	0	0	0	978157	0	835944	0.000000	0.000000	1965574	1126109
Node_1245	5	3	2	1	34	978157	34	860450	1.500000	0.500000	2000858	1137872
Node_1246	2	0	2	0	0	978157	0	829787	0.000000	0.000000	1955201	1120845
Node_1247	11	5	6	1	15	978157	15	835538	0.833333	0.166667	1964835	1126030
Node_1248	1	0	1	0	0	978157	0	834196	0.000000	0.000000	1962656	1124439
Node_1249	6	0	6	0	0	978157	0	836006	0.000000	0.000000	1965638	1126130
Node_1250	6	3	3	1	5	978157	5	860615	1.000000	0.333333	2001077	1137947
Node_1251	9	0	9	0	0	1006554	0	854429	0.000000	0.000000	1951234	1093409
Node_1252	691	672	19	3	113575	1006554	107510	854794	35.368420	0.157895	1951990	1121065
Node_1253	0	0	0	0	0	978157	0	830122	0.000000	0.000000	1955774	1121093
Node_1254	4	0	4	0	0	978157	0	830970	0.000000	0.000000	1956965	1121563
Node_1255	0	0	0	0	0	978157	0	860617	0.000000	0.000000	2001079	1137947
Node_1256	5	0	5	0	0	978157	0	831040	0.000000	0.000000	1956765	1120934
Node_1257	2	0	2	0	0	978157	0	840062	0.000000	0.000000	1966497	1122517
Node_1258	0	0	0	0	0	978157	0	860716	0.000000	0.000000	2001184	1137953
Node_1259	0	0	0	0	0	978157	0	864637	0.000000	0.000000	2005107	1137955
Node_1260	18	0	18	0	0	978157	0	821232	0.000000	0.000000	1925967	1099638
Node_1261	0	0	0	0	0	978157	0	825367	0.000000	0.000000	1932833	1102597
Node_1262	2	0	2	0	0	978157	0	827208	0.000000	0.000000	1936141	1104282
Node_1263	21	0	21	0	0	978157	0	830317	0.000000	0.000000	1941417	1106860
Node_1264	5	5	0	1	2733	978157	2733	864637	0.000000	0.000000	2005131	1137967
Node_1265	107	100	7	4	24072	978157	15822	864657	14.285714	0.571429	2005153	1137967
Node_1266	159	142	17	2	77523	978157	24718	867008	8.352942	0.117647	2007783	1141044
Node_1267	12	0	12	0	0	973474	0	865866	0.000000	0.000000	2009474	1142674
Node_1268	3	0	3	0	0	973474	0	865869	0.000000	0.000000	2009477	1142674
Node_1269	1309	1267	42	9	80332	973474	75511	865912	30.166666	0.214286	2009520	1156333
Node_1270	1999	1845	154	32	366527	959442	293231	857674	11.980519	0.207792	2011826	1347839
Node_1271	957	877	80	18	287859	750292	267615	674520	10.962500	0.225000	2050569	1522155
Node_1272	2	0	2	0	0	763039	0	615271	0.000000	0.000000	1938978	1316539
Node_1273	255	250	5	1	8797	769249	7344	616094	50.000000	0.200000	1921675	1307451
Node_1274	67	18	49	3	3207	763039	3204	615723	0.367347	0.061224	1939916	1317592
Node_1275	4710	1336	3374	65	63973	762640	53297	615864	0.395969	0.019265	1941480	1346610
Node_1276	387	339	48	6	73195	729219	59150	620130	7.062500	0.125000	1976110	1388625
Node_1277	1	0	1	0	0	1190324	0	964272	0.000000	0.000000	1918981	937890
Node_1278	825	816	9	2	120283	1190324	47626	984400	90.666664	0.222222	1939477	942271
Node_1279	2	0	2	0	0	1183620	0	982309	0.000000	0.000000	1940679	942809
Node_1280	4	0	4	0	0	1183620	0	983964	0.000000	0.000000	1942808	943591
Node_1281	8	0	8	0	0	1183620	0	1000323	0.000000	0.000000	1962345	948398
Node_1282	301	266	35	5	76396	1183620	61091	1002252	7.600000	0.142857	1964549	979180
Node_1283	2764	2511	253	63	460138	1150326	355422	984368	9.924901	0.249012	1975708	1175868
Node_1284	3063	2968	95	43	450806	930799	336870	801645	31.242105	0.452632	2002217	1413347
Node_1285	606	524	82	18	201710	692446	124747	602939	6.390244	0.219512	2016657	1507370
Node_1286	230	187	43	8	76995	599418	73038	540618	4.348837	0.186047	2062761	1590563
Node_1287	3919	2625	1294	86	233978	537195	188260	486832	2.028594	0.066461	2069807	1744323
Node_1288	1	0	1	0	0	616739	0	465213	0.000000	0.000000	1900133	1437239
Node_1289	0	0	0	0	0	616739	0	465272	0.000000	0.000000	1900516	1437563
Node_1290	0	0	0	0	0	616739	0	465398	0.000000	0.000000	1900604	1437699
Node_1291	2	0	2	0	0	616739	0	465570	0.000000	0.000000	1901640	1438383
Node_1292	0	0	0	0	0	616739	0	463090	0.000000	0.000000	1893135	1432267
Node_1293	1	0	1	0	0	616739	0	464512	0.000000	0.000000	1897613	1435602
Node_1294	1	0	1	0	0	616739	0	495617	0.000000	0.000000	1931127	1442516
Node_1295	2	0	2	0	0	616739	0	495739	0.000000	0.000000	1931588	1442814
Node_1296	0	0	0	0	0	616739	0	495777	0.000000	0.000000	1931819	1442843
Node_1297	0	0	0	0	0	616739	0	463066	0.000000	0.000000	1892501	1432087
Node_1298	2	0	2	0	0	616739	0	464801	0.000000	0.000000	1897425	1435307
Node_1299	6	0	6	0	0	616739	0	464979	0.000000	0.000000	1898080	1435751
Node_1300	2	0	2	0	0	616739	0	496052	0.000000	0.000000	1932185	1443129
Node_1301	683	664	19	2	43749	616739	19423	496322	34.947369	0.105263	1933097	1451566
Node_1302	0	0	0	0	0	594545	0	496326	0.000000	0.000000	1933233	1451685
Node_1303	7	0	7	0	0	594545	0	501982	0.000000	0.000000	1967108	1470958
Node_1304	7	0	7	0	0	658615	0	492473	0.000000	0.000000	1908413	1419526
Node_1305	5	0	5	0	0	658615	0	493456	0.000000	0.000000	1911727	1421694
Node_1306	3	0	3	0	0	658615	0	494559	0.000000	0.000000	1915213	1423957
Node_1307	7	0	7	0	0	658615	0	493135	0.000000	0.000000	1894252	1404548
Node_1308	0	0	0	0	0	658615	0	494861	0.000000	0.000000	1898174	1406663
Node_1309	2	0	2	0	0	658615	0	494981	0.000000	0.000000	1898745	1407134
Node_1310	1	0	1	0	0	658615	0	495780	0.000000	0.000000	1900428	1408083
Node_1311	10	3	7	1	3	658618	3	494351	0.428571	0.142857	1896317	1405391
Node_1312	5	0	5	0	0	658615	0	492769	0.000000	0.000000	1893382	1403922
Node_1313	0	0	0	0	0	658615	0	494607	0.000000	0.000000	1897210	1406060
Node_1314	0	0	0	0	0	658615	0	495031	0.000000	0.000000	1898190	1406699
Node_1315	0	0	0	0	0	658615	0	494812	0.000000	0.000000	1898164	1406749
Node_1316	0	0	0	0	0	658615	0	495313	0.000000	0.000000	1899505	1407562
Node_1317	0	0	0	0	0	658615	0	495937	0.000000	0.000000	1900968	1408397
Node_1318	2	0	2	0	0	658615	0	495268	0.000000	0.000000	1898666	1406843
Node_1319	5	0	5	0	0	658615	0	495627	0.000000	0.000000	1900159	1408262
Node_1320	2	0	2	0	0	658615	0	495631	0.000000	0.000000	1900343	1408268
Node_1321	2	0	2	0	0	658615	0	495761	0.000000	0.000000	1900628	1408415
Node_1322	2	0	2	0	0	658615	0	495850	0.000000	0.000000	1900832	1408495
Node_1323	2	0	2	0	0	658615	0	496198	0.000000	0.000000	1901646	1408883
Node_1324	1	0	1	0	0	658615	0	494550	0.000000	0.000000	1896610	1405608
Node_1325	5	0	5	0	0	658615	0	495357	0.000000	0.000000	1899080	1407212
Node_1326	2	0	2	0	0	658615	0	495184	0.000000	0.000000	1899197	1407379
Node_1327	2	0	2	0	0	658615	0	494689	0.000000	0.000000	1897556	1406124
Node_1328	2	0	2	0	0	658615	0	494879	0.000000	0.000000	1898192	1406665
Node_1329	2	0	2	0	0	658615	0	494970	0.000000	0.000000	1898482	1406887
Node_1330	0	0	0	0	0	658615	0	495264	0.000000	0.000000	1898990	1407137
Node_1331	0	0	0	0	0	658615	0	493623	0.000000	0.000000	1894052	1403873
Node_1332	3	0	3	0	0	658615	0	493075	0.000000	0.000000	1893663	1404000
Node_1333	1	0	1	0	0	658615	0	494047	0.000000	0.000000	1895684	1405099
Node_1334	0	0	0	0	0	658615	0	494511	0.000000	0.000000	1897194	1406176
Node_1335	2	0	2	0	0	658615	0	495392	0.000000	0.000000	1899460	1407470
Node_1336	8	0	8	0	0	658615	0	495098	0.000000	0.000000	1897794	1406447
Node_1337	3	0	3	0	0	658615	0	495148	0.000000	0.000000	1898354	1406669
Node_1338	2	0	2	0	0	658615	0	495148	0.000000	0.000000	1898354	1406669
Node_1339	0	0	0	0	0	658615	0	495268	0.000000	0.000000	1898761	1406977
Node_1340	1	0	1	0	0	658615	0	495671	0.000000	0.000000	1900113	1407911
Node_1341	3	0	3	0	0	658615	0	495796	0.000000	0.000000	1900644	1408294
Node_1342	1	0	1	0	0	658615	0	493319	0.000000	0.000000	1894188	1404099
Node_1343	0	0	0	0	0	658615	0	493957	0.000000	0.000000	1895586	1404948
Node_1344	2	0	2	0	0	658615	0	495796	0.000000	0.000000	1900684	1408309
Node_1345	1	0	1	0	0	658615	0	495817	0.000000	0.000000	1900738	1408332
Node_1346	1	0	1	0	0	658615	0	495893	0.000000	0.000000	1900961	1408489
Node_1347	0	0	0	0	0	658615	0	495893	0.000000	0.000000	1900962	1408490
Node_1348	0	0	0	0	0	658615	0	495893	0.000000	0.000000	1900962	1408490
Node_1349	0	0	0	0	0	658615	0	495937	0.000000	0.000000	1901020	1408497
Node_1350	0	0	0	0	0	658615	0	495943	0.000000	0.000000	1901046	1408517
Node_1351	0	0	0	0	0	658615	0	496264	0.000000	0.000000	1901922	1409053
Node_1352	1	0	1	0	0	658615	0	494185	0.000000	0.000000	1914547	1423608
Node_1353	5	0	5	0	0	658615	0	494220	0.000000	0.000000	1914770	1423813
Node_1354	0	0	0	0	0	658615	0	493907	0.000000	0.000000	1913586	1423072
Node_1355	2	0	2	0	0	658615	0	503435	0.000000	0.000000	1905707	1405760
Node_1356	1	0	1	0	0	658615	0	492015	0.000000	0.000000	1909312	1420324
Node_1357	4	0	4	0	0	658615	0	492889	0.000000	0.000000	1911376	1421719
Node_1358	0	0	0	0	0	658615	0	503574	0.000000	0.000000	1924198	1424030
Node_1359	0	0	0	0	0	658615	0	503859	0.000000	0.000000	1925314	1424901
Node_1360	0	0	0	0	0	658615	0	504005	0.000000	0.000000	1925854	1425229
Node_1361	3	0	3	0	0	658615	0	504350	0.000000	0.000000	1926762	1425768
Node_1362	2	0	2	0	0	658615	0	505072	0.000000	0.000000	1928782	1427097
Node_1363	1	0	1	0	0	658615	0	505084	0.000000	0.000000	1928795	1427098
Node_1364	1699	1675	24	3	125211	658615	36309	505088	69.791664	0.125000	1928802	1441465
Node_1365	5	0	5	0	0	594545	0	509803	0.000000	0.000000	1976414	1473272
Node_1366	70	8	62	2	17	594545	17	509840	0.129032	0.032258	1976643	1473445
Node_1367	39	0	39	0	0	594535	0	501921	0.000000	0.000000	1987201	1491563
Node_1368	18	0	18	0	0	594535	0	502174	0.000000	0.000000	1988232	1492288
Node_1369	581	517	64	8	175695	594535	149199	510317	8.078125	0.125000	1998643	1651703
Node_1370	15	0	15	0	0	632278	0	539296	0.000000	0.000000	1997412	1475878
Node_1371	690	587	103	1	64947	632278	24679	547919	5.699029	0.009709	2006670	1493613
Node_1372	4	0	4	0	0	831456	0	702478	0.000000	0.000000	1970350	1275150
Node_1373	31	4	27	1	15	831456	15	702795	0.148148	0.037037	1971065	1275529
Node_1374	2	0	2	0	0	923712	0	715307	0.000000	0.000000	1901564	1183238
Node_1375	864	825	39	4	182542	923712	94284	719156	21.153847	0.102564	1907841	1264263
Node_1376	1262	1238	24	4	198823	831456	131017	703861	51.583332	0.166667	1973631	1318063
Node_1377	31	0	31	0	0	789585	0	663604	0.000000	0.000000	1974364	1318604
Node_1378	3792	3718	74	15	338893	789585	219607	663884	50.243244	0.202703	1978244	1454213
Node_1379	3	0	3	0	0	635218	0	553245	0.000000	0.000000	2014237	1479811
Node_1380	3	0	3	0	0	635218	0	555249	0.000000	0.000000	2037648	1500597
Node_1381	0	0	0	0	0	635218	0	554222	0.000000	0.000000	2034167	1498478
Node_1382	1	0	1	0	0	635218	0	530663	0.000000	0.000000	2010061	1494625
Node_1383	0	0	0	0	0	635218	0	555029	0.000000	0.000000	2036036	1499448
Node_1384	2	0	2	0	0	635218	0	556457	0.000000	0.000000	2039307	1501243
Node_1385	3	0	3	0	0	635218	0	533288	0.000000	0.000000	2016405	1498126
Node_1386	0	0	0	0	0	635218	0	533326	0.000000	0.000000	2016446	1498166
Node_1387	0	0	0	0	0	635218	0	554269	0.000000	0.000000	2035058	1499302
Node_1388	0	0	0	0	0	635218	0	555881	0.000000	0.000000	2039057	1501539
Node_1389	0	0	0	0	0	635218	0	557647	0.000000	0.000000	2041396	1502512
Node_1390	5	0	5	0	0	635218	0	557647	0.000000	0.000000	2041396	1502512
Node_1391	8	0	8	0	0	635218	0	529120	0.000000	0.000000	2007507	1493859
Node_1392	5	0	5	0	0	635218	0	529569	0.000000	0.000000	2008449	1494421
Node_1393	2	0	2	0	0	635218	0	530149	0.000000	0.000000	2009903	1495303
Node_1394	3	0	3	0	0	635218	0	557651	0.000000	0.000000	2041422	1502538
Node_1395	0	0	0	0	0	635218	0	531768	0.000000	0.000000	2012817	1496080
Node_1396	8	0	8	0	0	635218	0	531969	0.000000	0.000000	2013396	1496534
Node_1397	0	0	0	0	0	635218	0	557673	0.000000	0.000000	2041476	1502569
Node_1398	16	0	16	0	0	635218	0	557673	0.000000	0.000000	2041476	1502569
Node_1399	36	0	36	0	0	635218	0	531098	0.000000	0.000000	2009413	1493557
Node_1400	6	0	6	0	0	635218	0	558989	0.000000	0.000000	2043084	1502860
Node_1401	1	0	1	0	0	635218	0	558989	0.000000	0.000000	2043084	1502860
Node_1402	6	0	6	0	0	635218	0	559035	0.000000	0.000000	2043210	1502927
Node_1403	9	0	9	0	0	635218	0	565728	0.000000	0.000000	2050147	1502932
Node_1404	7	0	7	0	0	635218	0	565728	0.000000	0.000000	2050289	1503056
Node_1405	28	0	28	0	0	635218	0	532762	0.000000	0.000000	1997698	1479637
Node_1406	10	0	10	0	0	635218	0	554206	0.000000	0.000000	2019351	1479935
Node_1407	9	7	2	1	2647	635218	1177	585065	3.500000	0.500000	2069891	1503438
Node_1408	4	3	1	1	10	635228	10	539894	3.000000	1.000000	2003616	1478317
Node_1409	6	0	6	0	0	635218	0	540110	0.000000	0.000000	2004356	1478881
Node_1410	17	0	17	0	0	635218	0	540381	0.000000	0.000000	2022875	1497151
Node_1411	11	3	8	1	7	635218	7	585305	0.375000	0.125000	2070439	1503753
Node_1412	1712	1671	41	4	96839	635218	59947	586837	40.756096	0.097561	2072083	1530372
Node_1413	0	0	0	0	0	600483	0	582690	0.000000	0.000000	2092815	1541888
Node_1414	23	0	23	0	0	653318	0	560143	0.000000	0.000000	2022431	1472457
Node_1415	2	0	2	0	0	662115	0	570895	0.000000	0.000000	2027477	1465356
Node_1416	8	0	8	0	0	662115	0	571674	0.000000	0.000000	2029130	1466218
Node_1417	321	305	16	1	8797	662115	7144	572024	19.062500	0.062500	2030018	1475587
Node_1418	863	815	48	2	99447	679346	85045	575701	16.979166	0.041667	2024329	1475754
Node_1419	0	0	0	0	0	653318	0	565185	0.000000	0.000000	2032723	1477771
Node_1420	5	0	5	0	0	653318	0	566563	0.000000	0.000000	2037058	1480228
Node_1421	169	142	27	1	4897	658215	4539	570855	5.259259	0.037037	2032805	1476754
Node_1422	11	0	11	0	0	653318	0	566892	0.000000	0.000000	2035318	1478785
Node_1423	15	0	15	0	0	653318	0	569018	0.000000	0.000000	2039646	1480722
Node_1424	0	0	0	0	0	746546	0	596130	0.000000	0.000000	1978563	1373340
Node_1425	5	0	5	0	0	746546	0	598757	0.000000	0.000000	1982812	1375136
Node_1426	0	0	0	0	0	746546	0	597807	0.000000	0.000000	1981543	1374840
Node_1427	0	0	0	0	0	746546	0	598020	0.000000	0.000000	1962816	1356019
Node_1428	1	0	1	0	0	746546	0	599776	0.000000	0.000000	1984310	1375769
Node_1429	11	6	5	1	33	746546	33	601258	1.200000	0.200000	1987497	1377503
Node_1430	4	0	4	0	0	746546	0	601648	0.000000	0.000000	1988067	1377681
Node_1431	2	0	2	0	0	746546	0	603034	0.000000	0.000000	1989454	1377684
Node_1432	2051	2014	37	7	235745	746546	132214	603163	54.432434	0.189189	1989605	1378058
Node_1433	82	65	17	1	89536	743712	23272	603806	3.823529	0.058824	1990647	1378583
Node_1434	319	313	6	5	74072	769779	59837	620670	52.166668	0.833333	1987232	1379464
Node_1435	2269	2229	40	12	302379	743712	195189	616894	55.724998	0.300000	2006789	1460971
Node_1436	72	61	11	1	3127	656264	1747	567193	5.545455	0.090909	2033844	1478575
Node_1437	15	5	10	1	674	653992	674	525892	0.500000	0.100000	1960305	1438263
Node_1438	1	0	1	0	0	653318	0	564710	0.000000	0.000000	2021462	1466969
Node_1439	20	0	20	0	0	653318	0	564816	0.000000	0.000000	2032308	1477698
Node_1440	14	0	14	0	0	653318	0	563774	0.000000	0.000000	2030013	1476854
Node_1441	532	496	36	3	40397	675578	16545	592051	13.777778	0.083333	2016659	1436433
Node_1442	417	414	3	1	11390	653509	11281	562603	138.000000	0.333333	2010083	1456859
Node_1443	0	0	0	0	0	653509	0	563558	0.000000	0.000000	2013138	1458706
Node_1444	113	107	6	2	72972	653509	7109	564926	17.833334	0.333333	2014971	1460031
Node_1445	0	0	0	0	0	653318	0	564959	0.000000	0.000000	2015168	1460126
Node_1446	1129	1106	23	2	30538	653318	30440	604449	48.086956	0.086957	2055085	1461387
Node_1447	4	0	4	0	0	653318	0	605071	0.000000	0.000000	2074568	1480574
Node_1448	2	0	2	0	0	653318	0	605367	0.000000	0.000000	2075332	1480981
Node_1449	4	0	4	0	0	662115	0	569174	0.000000	0.000000	2023607	1462808
Node_1450	17	0	17	0	0	662115	0	571108	0.000000	0.000000	2026595	1464631
Node_1451	333	312	21	1	8797	662115	7204	571478	14.857142	0.047619	2027515	1473897
Node_1452	10	0	10	0	0	653318	0	605407	0.000000	0.000000	2075396	1481024
Node_1453	0	0	0	0	0	653318	0	605531	0.000000	0.000000	2076313	1481817
Node_1454	2	0	2	0	0	653318	0	608457	0.000000	0.000000	2080422	1482946
Node_1455	2396	2364	32	4	119600	653318	83364	608457	73.875000	0.125000	2080422	1517009
Node_1456	0	0	0	0	0	716699	0	567434	0.000000	0.000000	1942545	1386723
Node_1457	3	0	3	0	0	716699	0	570419	0.000000	0.000000	1948158	1389732
Node_1458	2	0	2	0	0	716699	0	572643	0.000000	0.000000	1951425	1391074
Node_1459	9	0	9	0	0	716699	0	572644	0.000000	0.000000	1951494	1391138
Node_1460	69	20	49	1	1322	716699	1322	573314	0.408163	0.020408	1952670	1391690
Node_1461	2	0	2	0	0	716703	0	546992	0.000000	0.000000	1923993	1385196
Node_1462	1	0	1	0	0	716703	0	548108	0.000000	0.000000	1925589	1385889
Node_1463	2	0	2	0	0	716703	0	548364	0.000000	0.000000	1926733	1386762
Node_1464	0	0	0	0	0	716703	0	548776	0.000000	0.000000	1946377	1405707
Node_1465	2	0	2	0	0	716703	0	548843	0.000000	0.000000	1946742	1405978
Node_1466	22	0	22	0	0	716703	0	548617	0.000000	0.000000	1927673	1387175
Node_1467	0	0	0	0	0	716703	0	560232	0.000000	0.000000	1935417	1391251
Node_1468	0	0	0	0	0	716703	0	562482	0.000000	0.000000	1942020	1395538
Node_1469	4	0	4	0	0	716703	0	563118	0.000000	0.000000	1943685	1396341
Node_1470	2	0	2	0	0	716703	0	563118	0.000000	0.000000	1958393	1411044
Node_1471	618	570	48	3	70397	716703	61401	563418	11.875000	0.062500	1962636	1414967
Node_1472	0	0	0	0	0	716699	0	565936	0.000000	0.000000	1977491	1418699
Node_1473	3	0	3	0	0	716699	0	519122	0.000000	0.000000	1925978	1406753
Node_1474	0	0	0	0	0	716699	0	519724	0.000000	0.000000	1926949	1407028
Node_1475	0	0	0	0	0	716699	0	520192	0.000000	0.000000	1928368	1408105
Node_1476	2	0	2	0	0	716699	0	519736	0.000000	0.000000	1928384	1408652
Node_1477	1	0	1	0	0	716704	0	519623	0.000000	0.000000	1928024	1408296
Node_1478	8	3	5	1	6	716704	6	526697	0.600000	0.200000	1935723	1409110
Node_1479	12	4	8	1	5	716704	5	527233	0.500000	0.125000	1936967	1410067
Node_1480	1	0	1	0	0	716699	0	527453	0.000000	0.000000	1937827	1410750
Node_1481	1	0	1	0	0	716699	0	553331	0.000000	0.000000	1963806	1414163
Node_1482	0	0	0	0	0	716699	0	553929	0.000000	0.000000	1964695	1414488
Node_1483	23	0	23	0	0	716908	0	517096	0.000000	0.000000	1921969	1403576
Node_1484	7	0	7	0	0	716908	0	519310	0.000000	0.000000	1928035	1407783
Node_1485	0	0	0	0	0	716908	0	522617	0.000000	0.000000	1932305	1409052
Node_1486	4	0	4	0	0	716908	0	522953	0.000000	0.000000	1933182	1409621
Node_1487	4	0	4	0	0	716908	0	523263	0.000000	0.000000	1933904	1410135
Node_1488	1	0	1	0	0	716908	0	523358	0.000000	0.000000	1934251	1410311
Node_1489	9	0	9	0	0	716908	0	517621	0.000000	0.000000	1922385	1404179
Node_1490	5	0	5	0	0	716908	0	513056	0.000000	0.000000	1913479	1399988
Node_1491	4	0	4	0	0	716908	0	517968	0.000000	0.000000	1923772	1404961
Node_1492	4	0	4	0	0	716908	0	521320	0.000000	0.000000	1931392	1409259
Node_1493	3	0	3	0	0	716908	0	522689	0.000000	0.000000	1933114	1409750
Node_1494	0	0	0	0	0	716908	0	524415	0.000000	0.000000	1935069	1410445
Node_1495	366	363	3	2	163075	716908	6619	525540	121.000000	0.666667	1937227	1411124
Node_1496	1	0	1	0	0	716699	0	558202	0.000000	0.000000	1970318	1415600
Node_1497	4	0	4	0	0	716699	0	558259	0.000000	0.000000	1970380	1415602
Node_1498	3	0	3	0	0	716699	0	601134	0.000000	0.000000	2013973	1423777
Node_1499	17	0	17	0	0	716699	0	601150	0.000000	0.000000	2014003	1423794
Node_1500	2737	2686	51	14	309228	716699	207056	602668	52.666668	0.274510	2015556	1490640
Node_1501	1428	1399	29	2	130095	658182	28797	511533	48.241379	0.068966	1965240	1468834
Node_1502	7	0	7	0	0	635481	0	534337	0.000000	0.000000	2013456	1494055
Node_1503	4	0	4	0	0	635481	0	527613	0.000000	0.000000	1989909	1476965
Node_1504	12	0	12	0	0	635481	0	527806	0.000000	0.000000	1991487	1478141
Node_1505	15	8	7	1	61	635542	61	524323	1.142857	0.142857	1976939	1468136
Node_1506	1	0	1	0	0	635481	0	527286	0.000000	0.000000	1989921	1476929
Node_1507	32	6	26	1	1867	635481	1867	527968	0.230769	0.038462	1992422	1478636
Node_1508	0	0	0	0	0	635481	0	528076	0.000000	0.000000	2011160	1497285
Node_1509	1	0	1	0	0	635481	0	528153	0.000000	0.000000	2011686	1497716
Node_1510	39	0	39	0	0	635481	0	535645	0.000000	0.000000	2019322	1497870
Node_1511	4	0	4	0	0	639543	0	538254	0.000000	0.000000	2016333	1491362
Node_1512	1	0	1	0	0	639543	0	555270	0.000000	0.000000	2034330	1496086
Node_1513	35	3	32	1	3	639543	3	562852	0.093750	0.031250	2042285	1496400
Node_1514	109	92	17	2	62368	639540	11665	562974	5.411765	0.117647	2042838	1500802
Node_1515	0	0	0	0	0	635481	0	559787	0.000000	0.000000	2045862	1503444
Node_1516	0	0	0	0	0	635481	0	560039	0.000000	0.000000	2046199	1503572
Node_1517	812	790	22	2	92705	635481	36739	563814	35.909092	0.090909	2050961	1512919
Node_1518	1	0	1	0	0	636570	0	626775	0.000000	0.000000	2126708	1516578
Node_1519	15	0	15	0	0	636570	0	627302	0.000000	0.000000	2127599	1517295
Node_1520	0	0	0	0	0	636570	0	626601	0.000000	0.000000	2124389	1514941
Node_1521	0	0	0	0	0	636570	0	627211	0.000000	0.000000	2127926	1517379
Node_1522	1	0	1	0	0	636570	0	627522	0.000000	0.000000	2128394	1517712
Node_1523	0	0	0	0	0	636570	0	627526	0.000000	0.000000	2128401	1517714
Node_1524	0	0	0	0	0	636570	0	628009	0.000000	0.000000	2130424	1519102
Node_1525	6	0	6	0	0	636570	0	626916	0.000000	0.000000	2124733	1514464
Node_1526	6	0	6	0	0	636570	0	628033	0.000000	0.000000	2130502	1519129
Node_1527	1	0	1	0	0	636570	0	636570	0.000000	0.000000	2231314	1594744
Node_1528	0	0	0	0	0	636570	0	636570	0.000000	0.000000	2231314	1594744
Node_1529	1	0	1	0	0	636570	0	636570	0.000000	0.000000	2231314	1594744
Node_1530	4	0	4	0	0	636570	0	636570	0.000000	0.000000	2231314	1594744
Node_1531	2760	2682	78	6	99402	636570	99402	636570	34.384617	0.076923	2231314	1620831
Node_1532	0	0	0	0	0	610483	0	610483	0.000000	0.000000	2231314	1620831
Node_1533	477	448	29	3	40474	610483	40474	610483	15.448276	0.103448	2231314	1630831
Node_1534	53	10	43	2	4460	600483	4460	600483	0.232558	0.046512	2231314	1632757
Node_1535	860	824	36	8	190658	598557	190658	598557	22.888889	0.222222	2231314	1810398
Node_1536	5707	3039	2668	86	112864	420916	112864	420916	1.139055	0.032234	2231314	1872084
Node_1537	863	776	87	20	240198	359230	240198	359230	8.919540	0.229885	2231314	2099879
Node_1538	2999	777	2222	48	49881	131435	49881	131435	0.349685	0.021602	2231314	2145568
Node_1539	505	216	289	15	85746	85746	85746	85746	0.747405	0.051903	2231314	2231314
Node_1540	0	0	0	0	0	0	0	0	0.000000	0.000000	2231314	2231314
