variant	af	filter-pvalue	lrt-pvalue	beta	beta-std-err	variant_h2	notes
group_2184	9.50E-01	6.80E-07	7.52E-01	2.55E-02	8.06E-02	8.05E-03	
aptB	9.50E-01	1.43E-01	4.49E-02	-1.30E-01	6.48E-02	5.11E-02	
purK	9.50E-01	3.26E-11	9.17E-02	1.37E-01	8.13E-02	4.30E-02	
pnp	9.49E-01	1.21E-01	5.36E-02	-1.25E-01	6.45E-02	4.92E-02	
essC	9.49E-01	2.43E-01	8.75E-01	1.35E-02	8.63E-02	4.00E-03	
group_2092	9.49E-01	1.61E-01	8.46E-01	-1.68E-02	8.64E-02	4.95E-03	
group_525	9.49E-01	7.42E-06	7.42E-01	-3.34E-02	1.02E-01	8.40E-03	
ypdA	9.49E-01	4.74E-01	4.09E-01	5.06E-02	6.12E-02	2.11E-02	
urdA	9.48E-01	6.48E-03	9.17E-01	-6.97E-03	6.68E-02	2.66E-03	
group_1674	9.47E-01	4.40E-09	6.07E-01	4.17E-02	8.10E-02	1.31E-02	
group_3959	9.47E-01	2.67E-01	8.66E-01	1.39E-02	8.18E-02	4.32E-03	
group_4883	9.45E-01	2.51E-01	8.29E-01	-2.36E-02	1.09E-01	5.51E-03	
kduD	9.45E-01	2.51E-01	8.29E-01	-2.36E-02	1.09E-01	5.51E-03	
kdgA_2	9.45E-01	2.51E-01	8.29E-01	-2.36E-02	1.09E-01	5.51E-03	
esaA	9.45E-01	1.71E-01	8.94E-01	1.04E-02	7.80E-02	3.39E-03	
cysK	9.45E-01	5.02E-02	7.71E-01	1.52E-02	5.23E-02	7.42E-03	
carB_1	9.45E-01	1.47E-01	9.42E-01	5.69E-03	7.82E-02	1.86E-03	
group_2647	9.45E-01	6.59E-13	2.21E-02	1.85E-01	8.07E-02	5.83E-02	
ulaA_2	9.44E-01	5.12E-07	1.91E-03	2.06E-01	6.63E-02	7.90E-02	
uidA	9.43E-01	2.00E-02	7.44E-02	1.27E-01	7.11E-02	4.55E-02	
dinG_2	9.43E-01	1.08E-02	3.91E-01	7.12E-02	8.29E-02	2.19E-02	
radA	9.43E-01	8.26E-05	4.15E-01	-4.09E-02	5.01E-02	2.08E-02	
group_831	9.43E-01	3.86E-05	4.92E-02	1.15E-01	5.84E-02	5.01E-02	
yclM	9.42E-01	1.83E-03	6.62E-01	2.19E-02	5.01E-02	1.12E-02	
group_1924	9.42E-01	1.82E-01	4.55E-01	7.00E-02	9.37E-02	1.90E-02	
agaC_1	9.42E-01	1.82E-01	6.32E-01	4.57E-02	9.55E-02	1.22E-02	
metQ_1	9.42E-01	4.27E-01	9.24E-01	-7.83E-03	8.18E-02	2.44E-03	
srrA	9.41E-01	2.93E-08	1.25E-01	1.03E-01	6.69E-02	3.91E-02	
group_3492	9.40E-01	8.82E-02	8.32E-01	-2.25E-02	1.06E-01	5.42E-03	
acpP_3	9.40E-01	2.37E-04	5.00E-01	-1.23E-01	1.82E-01	1.72E-02	
sorB	9.39E-01	5.19E-01	6.28E-01	-4.17E-02	8.61E-02	1.24E-02	
kdgK_2	9.39E-01	5.19E-01	6.28E-01	-4.17E-02	8.61E-02	1.24E-02	
ybhF	9.38E-01	1.15E-07	1.32E-01	9.69E-02	6.42E-02	3.84E-02	
group_2586	9.37E-01	6.10E-05	7.55E-01	3.44E-02	1.10E-01	7.97E-03	
yeiL	9.36E-01	5.81E-02	6.13E-01	4.48E-02	8.86E-02	1.29E-02	
penA	9.35E-01	2.18E-04	1.22E-01	1.10E-01	7.14E-02	3.94E-02	
group_1922	9.34E-01	8.77E-02	9.93E-01	-7.99E-04	8.53E-02	2.39E-04	
group_2880	9.34E-01	9.86E-10	7.77E-02	1.56E-01	8.85E-02	4.50E-02	
group_2959	9.34E-01	8.77E-02	6.20E-01	-4.39E-02	8.85E-02	1.27E-02	
group_860	9.34E-01	1.09E-02	1.22E-01	1.04E-01	6.72E-02	3.95E-02	
entS	9.33E-01	1.53E-02	8.54E-01	-8.79E-03	4.78E-02	4.69E-03	
tuf	9.32E-01	2.08E-04	1.27E-02	1.64E-01	6.57E-02	6.35E-02	
opuCB_1	9.32E-01	7.54E-01	2.33E-01	-7.89E-02	6.61E-02	3.04E-02	
group_2941	9.32E-01	7.54E-01	4.84E-01	3.93E-02	5.61E-02	1.78E-02	
group_1133	9.31E-01	9.59E-02	4.41E-01	-3.63E-02	4.71E-02	1.96E-02	
wcaJ	9.31E-01	8.09E-09	6.00E-03	1.89E-01	6.88E-02	7.00E-02	
nag3	9.31E-01	1.93E-03	4.51E-01	5.31E-02	7.04E-02	1.92E-02	
group_2387	9.31E-01	1.70E-01	3.67E-01	6.40E-02	7.09E-02	2.30E-02	
ecfT_1	9.29E-01	5.13E-08	5.73E-01	4.49E-02	7.96E-02	1.44E-02	
uxaC	9.29E-01	8.99E-03	9.15E-01	-7.47E-03	6.99E-02	2.72E-03	
group_2481	9.29E-01	3.43E-02	1.97E-02	-1.20E-01	5.13E-02	5.94E-02	
group_2588	9.29E-01	3.64E-01	4.25E-01	5.45E-02	6.84E-02	2.03E-02	
trkA	9.28E-01	4.28E-13	3.72E-02	1.80E-01	8.62E-02	5.31E-02	
fas6	9.27E-01	9.68E-09	2.56E-02	1.40E-01	6.28E-02	5.69E-02	
group_83	9.27E-01	2.21E-13	5.70E-03	1.66E-01	5.99E-02	7.04E-02	
ntpJ	9.27E-01	5.54E-08	4.30E-01	6.04E-02	7.66E-02	2.01E-02	
group_1902	9.27E-01	3.54E-06	9.14E-02	9.27E-02	5.49E-02	4.30E-02	
braC	9.25E-01	3.02E-13	2.82E-02	1.75E-01	7.99E-02	5.59E-02	
group_331	9.25E-01	7.90E-02	8.10E-02	-1.59E-01	9.13E-02	4.45E-02	
group_4059	9.24E-01	8.91E-06	9.36E-01	8.02E-03	1.00E-01	2.04E-03	
comFA	9.24E-01	8.99E-03	1.40E-01	6.83E-02	4.63E-02	3.76E-02	
patB	9.23E-01	5.85E-12	7.13E-02	1.38E-01	7.62E-02	4.60E-02	
group_87	9.23E-01	2.89E-03	2.84E-01	6.55E-02	6.11E-02	2.73E-02	
group_214	9.23E-01	4.53E-01	2.26E-01	-1.74E-01	1.43E-01	3.09E-02	
hssS	9.22E-01	1.05E-07	1.42E-02	1.32E-01	5.37E-02	6.25E-02	
argF	9.22E-01	1.02E-01	4.87E-01	-4.13E-02	5.95E-02	1.77E-02	
group_739	9.19E-01	1.54E-04	7.65E-01	1.79E-02	5.98E-02	7.62E-03	
lacX	9.19E-01	1.17E-06	9.67E-01	1.83E-03	4.43E-02	1.05E-03	
btuD_3	9.19E-01	2.98E-02	4.82E-02	1.73E-01	8.76E-02	5.04E-02	
group_2868	9.19E-01	7.30E-02	2.67E-01	7.33E-02	6.60E-02	2.83E-02	
oppC	9.18E-01	8.50E-08	4.76E-01	-3.15E-02	4.42E-02	1.82E-02	
fetA	9.16E-01	9.39E-01	2.43E-01	-8.48E-02	7.26E-02	2.98E-02	
ldhD	9.16E-01	9.39E-01	1.67E-01	-1.02E-01	7.41E-02	3.52E-02	
uxuA	9.16E-01	1.38E-04	3.54E-01	5.65E-02	6.09E-02	2.37E-02	
group_1898	9.15E-01	9.99E-01	9.96E-02	-1.18E-01	7.18E-02	4.20E-02	
napA	9.13E-01	4.83E-10	7.40E-01	2.70E-02	8.16E-02	8.45E-03	
group_2864	9.13E-01	4.96E-06	9.95E-01	4.11E-04	6.18E-02	1.70E-04	
group_1277	9.11E-01	8.43E-06	8.16E-01	1.04E-02	4.44E-02	5.95E-03	
bepA	9.10E-01	3.43E-01	6.97E-02	-1.07E-01	5.87E-02	4.62E-02	
group_2050	9.10E-01	8.05E-07	8.04E-01	1.05E-02	4.23E-02	6.32E-03	
butA	9.05E-01	2.76E-06	7.43E-01	2.34E-02	7.12E-02	8.37E-03	
group_4816	9.01E-01	4.14E-08	5.87E-01	2.59E-02	4.77E-02	1.39E-02	
group_1633	8.99E-01	7.69E-01	5.40E-02	-2.12E-01	1.10E-01	4.91E-02	
yfkO	8.99E-01	7.21E-10	3.52E-01	-3.78E-02	4.06E-02	2.37E-02	
trmL	8.99E-01	2.86E-15	1.44E-02	2.00E-01	8.15E-02	6.24E-02	
group_3895	8.97E-01	9.15E-14	5.65E-02	1.25E-01	6.53E-02	4.86E-02	
group_3501	8.95E-01	8.56E-02	3.42E-02	-1.46E-01	6.87E-02	5.40E-02	
group_729	8.95E-01	1.86E-02	8.79E-01	-8.54E-03	5.62E-02	3.88E-03	
serB	8.92E-01	8.92E-04	9.10E-01	8.49E-03	7.50E-02	2.89E-03	
group_2828	8.92E-01	1.51E-05	3.25E-02	1.15E-01	5.36E-02	5.45E-02	
group_2598	8.91E-01	6.22E-01	5.17E-03	-3.42E-01	1.22E-01	7.12E-02	
opuD	8.90E-01	8.79E-09	4.05E-01	3.69E-02	4.43E-02	2.12E-02	
group_2231	8.89E-01	3.92E-01	1.05E-02	-1.93E-01	7.53E-02	6.52E-02	
csn2	8.89E-01	1.05E-01	8.33E-01	1.00E-02	4.75E-02	5.38E-03	
group_2261	8.88E-01	8.15E-01	7.15E-01	-1.52E-02	4.16E-02	9.31E-03	
group_1563	8.88E-01	5.12E-01	1.39E-02	1.03E-01	4.18E-02	6.27E-02	
aadK	8.86E-01	4.10E-10	2.17E-02	1.70E-01	7.39E-02	5.85E-02	
icaA	8.79E-01	3.59E-01	6.24E-01	2.48E-02	5.06E-02	1.25E-02	
group_2246	8.78E-01	2.89E-11	6.87E-01	-3.37E-02	8.38E-02	1.03E-02	
ilvE	8.77E-01	4.19E-03	4.97E-01	-6.28E-02	9.24E-02	1.73E-02	
lplA	8.73E-01	2.67E-09	3.29E-01	7.42E-02	7.60E-02	2.49E-02	
amtB	8.70E-01	2.41E-16	2.12E-01	7.87E-02	6.30E-02	3.18E-02	
yagG	8.65E-01	1.34E-01	8.26E-01	1.29E-02	5.85E-02	5.61E-03	
kdgK_1	8.64E-01	2.85E-02	3.15E-01	5.54E-02	5.51E-02	2.56E-02	
group_1451	8.64E-01	4.15E-02	4.44E-01	4.85E-02	6.34E-02	1.95E-02	
ytlR	8.59E-01	3.20E-06	8.80E-01	-8.31E-03	5.50E-02	3.85E-03	
group_1373	8.58E-01	3.17E-03	6.57E-01	3.79E-02	8.53E-02	1.13E-02	
dap	8.55E-01	2.86E-07	6.61E-01	2.00E-02	4.56E-02	1.12E-02	
norM	8.53E-01	1.40E-15	1.38E-01	-5.43E-02	3.66E-02	3.78E-02	
group_3515	8.43E-01	4.81E-11	4.66E-01	4.30E-02	5.91E-02	1.86E-02	
scmP	8.32E-01	1.38E-06	1.40E-01	5.09E-02	3.44E-02	3.76E-02	
group_1135	8.31E-01	1.56E-03	2.70E-01	-1.07E-01	9.73E-02	2.81E-02	
cadC	8.31E-01	4.37E-09	4.71E-02	8.36E-02	4.21E-02	5.06E-02	
group_1891	8.28E-01	8.97E-09	6.78E-02	7.63E-02	4.17E-02	4.66E-02	
pyrDA	8.20E-01	1.83E-03	8.49E-01	-1.16E-02	6.10E-02	4.86E-03	
group_1906	8.18E-01	8.73E-04	4.96E-01	-4.92E-02	7.23E-02	1.74E-02	
xerC_3	8.16E-01	1.25E-03	3.62E-01	-8.44E-02	9.26E-02	2.32E-02	
femB_1	8.15E-01	2.40E-03	1.94E-01	-8.71E-02	6.70E-02	3.31E-02	
hylB	8.12E-01	1.66E-03	4.58E-01	-4.99E-02	6.72E-02	1.89E-02	
ettA	8.10E-01	5.70E-03	2.16E-01	-8.15E-02	6.58E-02	3.16E-02	
yxdL_1	8.10E-01	5.27E-07	1.57E-01	7.13E-02	5.03E-02	3.61E-02	
bglH_1	8.08E-01	8.27E-01	8.94E-01	-4.90E-03	3.66E-02	3.41E-03	
group_3445	8.08E-01	3.36E-03	3.74E-01	-5.63E-02	6.33E-02	2.27E-02	
group_2473	8.06E-01	4.22E-19	1.22E-01	1.19E-01	7.71E-02	3.95E-02	
group_1365	8.05E-01	3.97E-06	4.90E-01	6.27E-02	9.08E-02	1.76E-02	
manX_1	8.05E-01	6.72E-14	2.68E-01	9.05E-02	8.17E-02	2.82E-02	
group_411	8.04E-01	3.98E-14	2.00E-01	1.07E-01	8.30E-02	3.27E-02	
group_1376	8.01E-01	6.77E-12	6.16E-01	5.52E-02	1.10E-01	1.28E-02	
glpT	8.01E-01	6.25E-05	5.50E-01	3.42E-02	5.71E-02	1.53E-02	
fabG_1	7.99E-01	2.87E-03	5.54E-01	-5.61E-02	9.48E-02	1.51E-02	
group_3455	7.99E-01	6.40E-12	4.06E-01	1.94E-01	2.33E-01	2.12E-02	
ispE	7.98E-01	6.38E-08	6.17E-01	-1.54E-02	3.08E-02	1.28E-02	
artP	7.98E-01	2.67E-04	6.97E-01	-2.34E-02	6.02E-02	9.93E-03	
group_1244	7.97E-01	9.80E-10	5.78E-01	3.33E-02	5.98E-02	1.42E-02	
group_2848	7.96E-01	1.89E-06	5.88E-01	4.44E-02	8.18E-02	1.38E-02	
norB	7.95E-01	9.67E-08	5.92E-01	1.71E-02	3.19E-02	1.37E-02	
group_1422	7.95E-01	7.56E-14	9.09E-01	1.08E-02	9.50E-02	2.90E-03	
rlmN	7.95E-01	2.82E-14	5.02E-01	5.66E-02	8.42E-02	1.71E-02	
group_4873	7.95E-01	1.89E-03	6.36E-01	-5.34E-02	1.13E-01	1.21E-02	
group_3012	7.92E-01	4.62E-13	7.54E-01	-2.95E-02	9.42E-02	8.00E-03	
iolG_1	7.92E-01	5.50E-15	2.95E-01	9.45E-02	9.03E-02	2.67E-02	
yheI	7.91E-01	6.43E-14	5.02E-01	5.14E-02	7.66E-02	1.71E-02	
vanYB	7.90E-01	8.16E-05	3.25E-01	9.36E-02	9.51E-02	2.51E-02	
group_2594	7.90E-01	1.38E-04	2.35E-01	1.21E-01	1.01E-01	3.03E-02	
group_2983	7.82E-01	2.07E-03	2.34E-01	-1.86E-01	1.57E-01	3.03E-02	
graR	7.81E-01	1.67E-07	2.25E-01	5.22E-02	4.30E-02	3.10E-02	
yesO	7.75E-01	9.38E-04	6.35E-01	4.54E-02	9.54E-02	1.21E-02	
group_589	7.74E-01	4.54E-10	2.87E-01	7.20E-02	6.76E-02	2.71E-02	
group_1964	7.73E-01	4.32E-04	4.23E-01	7.56E-02	9.44E-02	2.04E-02	
group_1910	7.72E-01	7.37E-07	3.51E-01	-5.59E-02	5.99E-02	2.38E-02	
parE	7.69E-01	2.30E-18	3.05E-01	8.36E-02	8.15E-02	2.62E-02	
group_4054	7.68E-01	9.88E-11	3.99E-02	3.06E-01	1.49E-01	5.24E-02	
group_6844	7.67E-01	1.32E-19	2.07E-01	2.59E-01	2.05E-01	3.21E-02	
group_4053	7.66E-01	1.92E-10	1.18E-01	2.02E-01	1.29E-01	3.99E-02	
emrB	7.64E-01	5.51E-06	2.29E-01	6.94E-02	5.77E-02	3.07E-02	
group_3902	7.62E-01	1.45E-06	1.47E-01	6.64E-02	4.58E-02	3.70E-02	
group_4029	7.62E-01	1.45E-06	1.47E-01	6.64E-02	4.58E-02	3.70E-02	
group_4030	7.62E-01	1.45E-06	1.47E-01	6.64E-02	4.58E-02	3.70E-02	
group_4861	7.61E-01	1.03E-06	1.20E-01	7.09E-02	4.55E-02	3.97E-02	
dhaA_1	7.57E-01	3.71E-09	5.21E-01	5.84E-02	9.10E-02	1.64E-02	
group_7	7.56E-01	4.18E-12	5.53E-01	3.78E-02	6.38E-02	1.51E-02	
purC	7.54E-01	1.97E-03	9.29E-01	6.18E-03	6.94E-02	2.27E-03	
group_2120	7.53E-01	9.73E-08	1.95E-01	-1.71E-01	1.32E-01	3.30E-02	
group_4837	7.52E-01	2.33E-08	2.20E-01	-1.85E-01	1.51E-01	3.13E-02	
dedA	7.51E-01	1.20E-10	7.03E-01	-2.84E-02	7.43E-02	9.74E-03	
group_2510	7.50E-01	5.78E-08	2.87E-01	-1.20E-01	1.13E-01	2.71E-02	
group_2164	7.49E-01	3.26E-06	1.05E-01	6.95E-02	4.28E-02	4.14E-02	
rpoC	7.49E-01	1.17E-15	1.28E-01	-7.13E-02	4.68E-02	3.88E-02	
group_3466	7.47E-01	4.17E-09	4.39E-01	8.26E-02	1.07E-01	1.97E-02	
group_2199	7.44E-01	3.85E-10	3.36E-02	2.07E-01	9.74E-02	5.42E-02	
clcB	7.41E-01	3.85E-12	5.38E-01	-2.01E-02	3.26E-02	1.57E-02	
group_2058	7.40E-01	9.13E-11	7.38E-01	1.57E-02	4.70E-02	8.53E-03	
group_2600	7.40E-01	3.88E-09	2.68E-01	1.13E-01	1.02E-01	2.83E-02	
opuCA	7.38E-01	4.00E-04	6.73E-01	-2.21E-02	5.25E-02	1.08E-02	
group_117	7.36E-01	4.83E-08	8.08E-01	1.98E-02	8.15E-02	6.21E-03	
group_1400	7.36E-01	6.22E-09	7.91E-02	7.90E-02	4.50E-02	4.48E-02	
endA_2	7.32E-01	3.94E-11	9.21E-01	6.26E-03	6.34E-02	2.52E-03	
ypuA	7.28E-01	2.37E-04	8.52E-01	-9.05E-03	4.85E-02	4.76E-03	
graS	7.28E-01	1.98E-11	3.42E-01	-6.56E-02	6.90E-02	2.42E-02	
xerC_2	7.27E-01	3.78E-06	6.47E-01	1.77E-02	3.86E-02	1.17E-02	
yxdM	7.24E-01	6.85E-12	9.90E-01	-7.63E-04	5.84E-02	3.33E-04	
group_667	7.19E-01	6.36E-13	9.04E-01	7.51E-03	6.24E-02	3.07E-03	
group_1942	7.19E-01	2.37E-04	6.52E-01	4.43E-02	9.81E-02	1.15E-02	
glyE_2	7.19E-01	3.37E-21	4.36E-01	4.30E-02	5.52E-02	1.99E-02	
group_2601	7.19E-01	2.37E-04	6.52E-01	4.43E-02	9.81E-02	1.15E-02	
group_931	7.19E-01	1.50E-04	6.48E-01	3.15E-02	6.90E-02	1.17E-02	
group_307	7.16E-01	5.90E-14	7.03E-01	2.30E-02	6.03E-02	9.71E-03	
group_1697	7.13E-01	4.77E-01	6.07E-01	1.82E-02	3.53E-02	1.31E-02	
rocE	7.13E-01	1.39E-04	6.04E-03	-1.67E-01	6.07E-02	6.99E-02	
gspF	7.13E-01	3.25E-11	6.55E-01	-2.35E-02	5.26E-02	1.14E-02	
comGA	7.07E-01	8.09E-05	9.84E-01	9.73E-04	4.86E-02	5.11E-04	
group_1217	7.06E-01	1.18E-14	2.60E-01	4.98E-02	4.42E-02	2.87E-02	
dtpT	7.01E-01	1.32E-15	7.67E-01	1.86E-02	6.28E-02	7.56E-03	
group_1933	6.97E-01	8.11E-06	1.77E-01	1.23E-01	9.08E-02	3.44E-02	
group_4009	6.96E-01	1.37E-09	2.53E-01	1.28E-01	1.12E-01	2.91E-02	
group_1675	6.95E-01	1.43E-03	1.47E-01	-8.71E-02	6.01E-02	3.69E-02	
pepO_2	6.94E-01	2.93E-14	4.87E-01	4.98E-02	7.16E-02	1.77E-02	
group_614	6.89E-01	4.67E-03	6.91E-01	-2.16E-02	5.43E-02	1.01E-02	
group_877	6.84E-01	1.15E-02	3.90E-01	-6.22E-02	7.22E-02	2.19E-02	
naiP	6.82E-01	1.47E-06	2.49E-02	-7.38E-02	3.29E-02	5.72E-02	
gdh	6.81E-01	3.74E-11	8.05E-01	1.31E-02	5.29E-02	6.31E-03	
group_2223	6.73E-01	7.84E-08	5.19E-01	-8.18E-02	1.27E-01	1.64E-02	
glyE_1	6.71E-01	3.65E-11	3.13E-01	-4.02E-02	3.98E-02	2.57E-02	
arnC	6.66E-01	5.19E-38	1.57E-05	3.30E-01	7.61E-02	1.10E-01	
glyG	6.66E-01	5.19E-38	1.57E-05	3.30E-01	7.61E-02	1.10E-01	
deoB_1	6.66E-01	2.00E-03	2.67E-01	-2.91E-02	2.62E-02	2.83E-02	
group_433	6.66E-01	7.49E-15	8.20E-01	-1.32E-02	5.81E-02	5.80E-03	
add	6.63E-01	1.31E-07	9.91E-01	-4.04E-04	3.72E-02	2.76E-04	
group_2660	6.63E-01	1.28E-28	2.27E-02	1.59E-01	6.97E-02	5.81E-02	
group_1459	6.58E-01	7.15E-08	3.85E-02	-1.26E-01	6.09E-02	5.28E-02	
group_57	6.55E-01	5.33E-16	5.28E-01	3.15E-02	5.00E-02	1.61E-02	
group_3428	6.53E-01	2.55E-10	6.93E-01	1.81E-02	4.59E-02	1.01E-02	
srtD	6.53E-01	8.28E-11	7.46E-01	1.51E-02	4.65E-02	8.26E-03	
group_4057	6.53E-01	8.28E-11	7.46E-01	1.51E-02	4.65E-02	8.26E-03	
group_1938	6.51E-01	1.24E-09	3.52E-01	8.04E-02	8.63E-02	2.37E-02	
hslO_1	6.51E-01	7.49E-11	6.96E-01	1.81E-02	4.62E-02	9.97E-03	
aphA	6.50E-01	1.13E-09	8.39E-01	9.14E-03	4.50E-02	5.18E-03	
group_500	6.50E-01	2.78E-06	9.63E-01	-1.20E-03	2.57E-02	1.20E-03	
bca_2	6.49E-01	1.89E-10	8.52E-01	8.49E-03	4.54E-02	4.77E-03	
group_2938	6.47E-01	5.52E-11	6.27E-01	2.18E-02	4.49E-02	1.24E-02	
group_2193	6.44E-01	3.70E-31	3.27E-01	5.56E-02	5.67E-02	2.50E-02	
group_2551	6.42E-01	4.21E-10	8.97E-01	-5.80E-03	4.47E-02	3.30E-03	
znuA_1	6.40E-01	6.80E-08	6.94E-01	-2.40E-02	6.11E-02	1.00E-02	
group_2974	6.38E-01	2.87E-18	2.65E-01	-2.37E-01	2.13E-01	2.84E-02	
group_1703	6.35E-01	3.40E-20	7.70E-01	-1.14E-02	3.91E-02	7.46E-03	
group_565	6.34E-01	4.29E-08	8.56E-01	8.43E-03	4.65E-02	4.62E-03	
group_3571	6.33E-01	2.34E-23	3.98E-01	9.59E-02	1.13E-01	2.15E-02	
group_1667	6.32E-01	2.06E-10	9.91E-01	1.39E-03	1.25E-01	2.82E-04	
lnrN	6.32E-01	1.74E-17	6.86E-01	-3.49E-02	8.63E-02	1.03E-02	
srtA	6.32E-01	3.11E-09	7.63E-01	-1.25E-02	4.14E-02	7.71E-03	
axe1-6A	6.31E-01	2.45E-01	2.81E-01	-2.80E-02	2.60E-02	2.75E-02	
IMPDH_1	6.29E-01	1.20E-18	6.91E-01	-2.94E-02	7.40E-02	1.01E-02	
ypdF	6.26E-01	1.92E-23	6.62E-01	3.64E-02	8.33E-02	1.12E-02	
group_890	6.22E-01	2.11E-11	7.55E-01	1.33E-02	4.26E-02	7.95E-03	
group_209	6.21E-01	6.44E-10	5.11E-01	-2.65E-02	4.04E-02	1.68E-02	
group_4101	6.20E-01	1.83E-15	7.55E-01	2.30E-02	7.37E-02	7.96E-03	
queG	6.17E-01	8.13E-37	3.60E-01	-5.97E-02	6.52E-02	2.33E-02	
group_4099	6.12E-01	4.84E-15	9.79E-01	-1.94E-03	7.24E-02	6.84E-04	
deoD_2	6.11E-01	1.62E-42	7.52E-01	-5.73E-02	1.81E-01	8.05E-03	
group_3467	6.08E-01	3.33E-15	9.13E-01	8.38E-03	7.68E-02	2.78E-03	
group_2564	6.08E-01	3.74E-41	6.87E-01	-3.22E-02	7.98E-02	1.03E-02	
group_1612	6.06E-01	2.65E-07	9.84E-01	-7.56E-04	3.76E-02	5.12E-04	
group_4899	6.06E-01	1.37E-27	8.57E-01	4.41E-02	2.44E-01	4.60E-03	
group_3510	6.05E-01	1.04E-42	4.65E-01	-9.09E-02	1.24E-01	1.86E-02	
group_874	6.04E-01	1.16E-40	7.14E-01	3.57E-02	9.74E-02	9.35E-03	
livH	6.03E-01	9.09E-25	9.15E-01	-7.43E-03	6.96E-02	2.72E-03	
nanA_1	6.01E-01	4.06E-39	2.09E-01	9.51E-02	7.57E-02	3.20E-02	
malR	5.95E-01	3.62E-41	3.64E-01	-6.28E-02	6.91E-02	2.32E-02	
group_373	5.94E-01	1.74E-26	3.05E-01	7.53E-02	7.34E-02	2.62E-02	
lagD	5.92E-01	4.31E-16	9.39E-01	-1.36E-02	1.77E-01	1.95E-03	
group_1145	5.92E-01	7.21E-39	7.07E-01	2.71E-02	7.22E-02	9.58E-03	
agrA	5.92E-01	6.23E-16	5.55E-01	-9.73E-02	1.65E-01	1.51E-02	
group_378	5.91E-01	1.02E-36	5.75E-01	-3.59E-02	6.41E-02	1.43E-02	
group_653	5.91E-01	1.05E-17	2.63E-02	2.24E-01	1.01E-01	5.66E-02	
adh_2	5.90E-01	5.83E-17	6.97E-01	-1.49E-02	3.82E-02	9.92E-03	
group_820	5.90E-01	5.46E-16	6.49E-01	-6.66E-02	1.47E-01	1.16E-02	
araQ	5.90E-01	9.35E-25	4.17E-01	5.76E-02	7.10E-02	2.07E-02	
smc	5.90E-01	5.79E-20	8.13E-01	9.91E-03	4.18E-02	6.05E-03	
icaB	5.90E-01	1.92E-10	9.92E-02	6.63E-02	4.02E-02	4.20E-02	
rlmI	5.88E-01	4.11E-43	7.81E-01	-4.03E-02	1.45E-01	7.08E-03	
group_1498	5.86E-01	6.24E-42	8.86E-01	1.52E-02	1.06E-01	3.67E-03	
group_1124	5.86E-01	3.63E-42	8.66E-01	-1.95E-02	1.16E-01	4.30E-03	
group_388	5.85E-01	5.96E-45	6.16E-02	-2.37E-01	1.27E-01	4.76E-02	
group_3919	5.85E-01	4.96E-43	5.71E-01	-8.39E-02	1.48E-01	1.44E-02	
group_670	5.85E-01	1.79E-15	6.12E-02	-1.51E-01	8.06E-02	4.77E-02	
group_1518	5.82E-01	4.34E-42	7.59E-01	-3.77E-02	1.23E-01	7.82E-03	
group_381	5.82E-01	4.04E-12	9.40E-01	2.76E-03	3.66E-02	1.93E-03	
group_2571	5.81E-01	1.42E-29	8.87E-01	-1.02E-02	7.16E-02	3.63E-03	
group_600	5.79E-01	1.03E-08	7.98E-01	-8.77E-03	3.43E-02	6.52E-03	
group_2976	5.78E-01	3.94E-17	5.70E-01	2.27E-02	4.01E-02	1.45E-02	
group_1152	5.77E-01	2.04E-27	2.25E-01	1.06E-01	8.77E-02	3.09E-02	
pepS	5.75E-01	6.24E-38	2.38E-01	9.53E-02	8.07E-02	3.01E-02	
group_1864	5.71E-01	8.23E-31	4.23E-01	7.68E-02	9.57E-02	2.04E-02	
deoB_2	5.71E-01	2.94E-01	3.00E-01	-2.56E-02	2.48E-02	2.64E-02	
group_241	5.69E-01	6.31E-22	2.13E-01	7.31E-02	5.86E-02	3.18E-02	
dapE	5.69E-01	8.27E-29	4.37E-01	6.80E-02	8.74E-02	1.98E-02	
ybiT_1	5.69E-01	2.60E-43	2.02E-01	-7.00E-02	5.48E-02	3.25E-02	
pstC	5.68E-01	3.48E-28	7.35E-01	4.56E-02	1.35E-01	8.65E-03	
group_138	5.68E-01	1.82E-39	4.43E-01	-6.09E-02	7.94E-02	1.96E-02	
group_716	5.66E-01	2.44E-08	7.58E-01	-2.05E-02	6.64E-02	7.87E-03	
group_1057	5.66E-01	9.38E-17	9.36E-01	-7.96E-03	9.88E-02	2.05E-03	
gatD	5.64E-01	3.87E-31	8.68E-01	1.81E-02	1.09E-01	4.23E-03	
group_1629	5.63E-01	1.63E-33	8.74E-01	9.12E-03	5.74E-02	4.05E-03	
group_450	5.62E-01	4.09E-25	3.53E-01	6.60E-02	7.11E-02	2.37E-02	
yxlG	5.60E-01	4.52E-36	1.97E-01	8.02E-02	6.21E-02	3.29E-02	
group_315	5.58E-01	1.53E-25	9.27E-01	6.79E-03	7.36E-02	2.35E-03	
group_4902	5.57E-01	1.14E-24	2.84E-01	4.61E-02	4.30E-02	2.73E-02	
group_4938	5.57E-01	4.54E-31	1.50E-01	-1.54E-01	1.07E-01	3.67E-02	
puuD	5.56E-01	6.74E-26	7.59E-02	1.25E-01	7.02E-02	4.52E-02	
group_721	5.55E-01	9.28E-08	3.29E-01	5.72E-02	5.86E-02	2.49E-02	
dhaS	5.50E-01	1.02E-24	1.33E-02	1.75E-01	7.07E-02	6.30E-02	
group_4888	5.50E-01	1.12E-21	9.15E-01	8.30E-03	7.78E-02	2.72E-03	
group_875	5.50E-01	2.72E-26	4.22E-01	9.53E-02	1.19E-01	2.05E-02	
group_3359	5.49E-01	4.34E-26	6.57E-01	5.47E-02	1.23E-01	1.13E-02	
glgC	5.47E-01	3.01E-38	3.10E-01	-7.57E-02	7.46E-02	2.59E-02	
glgB	5.45E-01	1.41E-38	1.35E-01	-1.04E-01	6.94E-02	3.81E-02	
group_1787	5.44E-01	5.15E-11	4.59E-01	-4.12E-02	5.56E-02	1.89E-02	
group_1337	5.43E-01	4.32E-34	8.72E-01	-9.47E-03	5.89E-02	4.10E-03	
pyrB	5.43E-01	3.37E-44	4.72E-01	-5.04E-02	7.00E-02	1.83E-02	
group_1698	5.38E-01	6.29E-10	8.99E-01	-4.87E-03	3.81E-02	3.25E-03	
serC	5.38E-01	6.86E-21	7.40E-02	1.37E-01	7.67E-02	4.55E-02	
group_1589	5.37E-01	1.18E-24	1.55E-01	7.49E-02	5.27E-02	3.62E-02	
rclA	5.37E-01	2.13E-38	5.03E-01	-4.57E-02	6.81E-02	1.71E-02	
gatC_3	5.36E-01	3.63E-35	3.30E-01	7.04E-02	7.22E-02	2.49E-02	
tdh	5.35E-01	6.51E-10	8.62E-01	-6.48E-03	3.73E-02	4.43E-03	
metE	5.34E-01	4.74E-33	4.89E-01	3.50E-02	5.06E-02	1.76E-02	
dhaA	5.31E-01	3.31E-20	6.78E-01	2.21E-02	5.32E-02	1.06E-02	
glyD_2	5.28E-01	2.56E-27	9.50E-01	-5.84E-03	9.38E-02	1.59E-03	
group_1977	5.25E-01	7.46E-26	1.86E-02	1.13E-01	4.80E-02	6.00E-02	
glyG_1	5.24E-01	1.58E-26	8.06E-01	2.06E-02	8.38E-02	6.25E-03	
gtfA	5.20E-01	3.11E-26	8.10E-01	-1.84E-02	7.64E-02	6.15E-03	
group_737	5.20E-01	2.86E-06	5.55E-01	-2.48E-02	4.20E-02	1.51E-02	
yydJ	5.19E-01	2.28E-03	5.23E-01	2.56E-02	4.01E-02	1.63E-02	
yydI	5.19E-01	2.28E-03	5.23E-01	2.56E-02	4.01E-02	1.63E-02	
mmuM	5.19E-01	2.92E-13	2.15E-01	-6.71E-02	5.42E-02	3.16E-02	
nikB	5.18E-01	2.64E-27	8.78E-01	-1.08E-02	7.05E-02	3.92E-03	
potA_2	5.17E-01	4.66E-01	6.38E-02	-4.73E-02	2.55E-02	4.73E-02	
gtfB_2	5.16E-01	1.58E-24	5.69E-01	4.02E-02	7.05E-02	1.45E-02	
asp2	5.16E-01	6.06E-26	6.19E-01	-3.51E-02	7.07E-02	1.27E-02	
arsC	5.15E-01	5.89E-01	9.82E-02	-4.08E-02	2.46E-02	4.21E-02	
iolG_2	5.15E-01	3.93E-14	6.33E-01	-2.87E-02	6.03E-02	1.22E-02	
glyD_1	5.10E-01	6.44E-27	6.47E-01	-3.37E-02	7.35E-02	1.17E-02	
gtfB_1	5.09E-01	1.32E-28	4.84E-02	-1.34E-01	6.79E-02	5.03E-02	
group_2814	5.08E-01	1.18E-02	6.43E-01	2.04E-02	4.42E-02	1.18E-02	
asp3	5.04E-01	2.70E-25	9.74E-01	-2.15E-03	6.62E-02	8.30E-04	
group_3316	5.03E-01	7.42E-22	8.59E-01	-1.67E-02	9.35E-02	4.55E-03	
group_2292	5.02E-01	9.10E-07	4.88E-01	2.89E-02	4.16E-02	1.77E-02	
group_1635	5.01E-01	2.66E-37	9.12E-01	-9.29E-03	8.38E-02	2.83E-03	
group_2658	4.99E-01	2.20E-17	8.98E-02	-1.24E-01	7.30E-02	4.33E-02	
group_1268	4.97E-01	4.05E-28	9.66E-01	5.52E-03	1.28E-01	1.10E-03	
group_1843	4.97E-01	5.17E-22	7.38E-01	2.73E-02	8.16E-02	8.53E-03	
group_2623	4.97E-01	1.27E-27	7.41E-01	-4.22E-02	1.27E-01	8.44E-03	
group_2238	4.95E-01	4.08E-40	1.60E-02	1.93E-01	8.00E-02	6.14E-02	
group_419	4.93E-01	9.28E-03	9.42E-01	-3.17E-03	4.37E-02	1.85E-03	
group_674	4.93E-01	1.26E-05	2.06E-01	4.25E-02	3.36E-02	3.22E-02	
group_2815	4.92E-01	1.41E-02	5.51E-01	-2.62E-02	4.40E-02	1.52E-02	
group_938	4.92E-01	6.38E-21	1.82E-01	-6.40E-02	4.79E-02	3.40E-02	
group_2286	4.92E-01	2.65E-23	8.32E-01	-2.12E-02	9.96E-02	5.42E-03	
group_1239	4.91E-01	8.61E-14	9.26E-01	-3.06E-03	3.29E-02	2.37E-03	
group_808	4.91E-01	1.74E-14	7.61E-01	-1.01E-02	3.32E-02	7.76E-03	
group_3038	4.90E-01	1.07E-06	6.77E-01	1.63E-02	3.90E-02	1.06E-02	
prtP	4.88E-01	4.37E-38	6.91E-01	2.34E-02	5.89E-02	1.01E-02	
metN_3	4.88E-01	5.65E-24	4.49E-01	-4.87E-02	6.42E-02	1.93E-02	
group_218	4.88E-01	2.76E-21	6.92E-01	-2.24E-02	5.65E-02	1.01E-02	
group_655	4.88E-01	8.15E-17	9.75E-01	-2.91E-03	9.43E-02	7.86E-04	
scpA_3	4.87E-01	1.62E-26	5.89E-01	-1.84E-02	3.40E-02	1.38E-02	
group_4196	4.87E-01	4.48E-07	9.00E-01	4.82E-03	3.85E-02	3.20E-03	
group_16	4.86E-01	1.43E-32	7.73E-01	-2.67E-02	9.25E-02	7.37E-03	
group_1967	4.85E-01	5.89E-01	1.12E-01	3.92E-02	2.46E-02	4.06E-02	
group_837	4.85E-01	1.31E-07	8.21E-01	9.16E-03	4.06E-02	5.76E-03	
group_1670	4.83E-01	7.54E-01	2.56E-02	5.69E-02	2.54E-02	5.69E-02	
glgX_2	4.80E-01	3.30E-21	5.31E-01	4.08E-02	6.52E-02	1.60E-02	
group_1604	4.79E-01	2.63E-27	1.68E-01	8.42E-02	6.11E-02	3.51E-02	
dinG_3	4.73E-01	3.40E-17	1.65E-01	8.55E-02	6.15E-02	3.54E-02	
group_129	4.71E-01	6.36E-29	3.13E-01	7.06E-02	7.00E-02	2.57E-02	
group_2636	4.69E-01	1.44E-11	2.17E-01	6.46E-02	5.23E-02	3.15E-02	
group_3944	4.68E-01	1.57E-50	9.66E-05	3.53E-01	9.03E-02	9.92E-02	
group_434	4.65E-01	1.86E-22	2.57E-01	3.91E-02	3.45E-02	2.89E-02	
group_824	4.65E-01	1.03E-20	7.02E-02	-1.35E-01	7.46E-02	4.61E-02	
group_2227	4.64E-01	2.18E-35	3.98E-01	-6.03E-02	7.15E-02	2.15E-02	
pdxB	4.61E-01	5.58E-21	1.24E-01	-1.18E-01	7.66E-02	3.92E-02	
gtf3	4.59E-01	7.36E-27	5.42E-01	-3.86E-02	6.33E-02	1.55E-02	
group_256	4.58E-01	3.77E-37	8.21E-01	1.70E-02	7.50E-02	5.78E-03	
group_1583	4.57E-01	1.12E-38	1.19E-01	1.10E-01	7.04E-02	3.97E-02	
group_2670	4.57E-01	1.65E-03	8.19E-01	9.88E-03	4.32E-02	5.84E-03	
group_1979	4.56E-01	1.95E-30	6.98E-02	-9.78E-02	5.39E-02	4.62E-02	
secY_1	4.53E-01	6.92E-24	4.61E-01	4.95E-02	6.72E-02	1.88E-02	
glgC_2	4.53E-01	1.95E-39	8.53E-02	1.31E-01	7.61E-02	4.39E-02	
group_1974	4.51E-01	5.68E-39	3.12E-01	8.29E-02	8.20E-02	2.58E-02	
group_386	4.51E-01	5.08E-29	2.94E-01	7.51E-02	7.16E-02	2.68E-02	
group_2108	4.51E-01	1.97E-24	5.59E-03	-1.97E-01	7.09E-02	7.06E-02	
glgC_1	4.48E-01	4.36E-36	4.46E-01	5.39E-02	7.08E-02	1.94E-02	
group_490	4.46E-01	3.41E-43	6.70E-02	1.26E-01	6.87E-02	4.67E-02	
group_2106	4.45E-01	2.59E-25	3.45E-02	-1.48E-01	6.98E-02	5.39E-02	
asp1	4.43E-01	9.69E-24	6.28E-01	3.32E-02	6.86E-02	1.24E-02	
group_2294	4.42E-01	3.52E-03	8.27E-01	8.83E-03	4.03E-02	5.59E-03	
group_4195	4.42E-01	3.52E-03	8.27E-01	8.83E-03	4.03E-02	5.59E-03	
yoeB	4.42E-01	3.52E-03	8.27E-01	8.83E-03	4.03E-02	5.59E-03	
group_2673	4.41E-01	3.07E-03	9.20E-01	4.03E-03	4.01E-02	2.56E-03	
group_3546	4.41E-01	3.07E-03	9.20E-01	4.03E-03	4.01E-02	2.56E-03	
group_2678	4.40E-01	3.90E-23	1.58E-01	1.89E-01	1.34E-01	3.60E-02	
group_4246	4.38E-01	6.06E-02	5.15E-01	2.43E-02	3.73E-02	1.66E-02	
lacC_2	4.38E-01	3.54E-33	7.43E-01	-1.85E-02	5.63E-02	8.37E-03	
group_2450	4.38E-01	5.50E-02	5.54E-01	2.21E-02	3.73E-02	1.51E-02	
group_546	4.38E-01	2.02E-27	2.95E-01	-8.88E-02	8.47E-02	2.67E-02	
group_1912	4.37E-01	9.13E-30	7.81E-01	2.13E-02	7.64E-02	7.11E-03	
group_4027	4.37E-01	5.82E-07	7.13E-01	-1.24E-02	3.38E-02	9.37E-03	
group_2915	4.36E-01	7.99E-07	7.46E-01	-1.10E-02	3.38E-02	8.26E-03	
group_3394	4.36E-01	4.65E-07	6.79E-01	-1.40E-02	3.37E-02	1.05E-02	
group_4028	4.36E-01	4.65E-07	6.71E-01	-1.44E-02	3.38E-02	1.08E-02	
group_4857	4.36E-01	7.99E-07	8.02E-01	-8.48E-03	3.38E-02	6.40E-03	
group_4858	4.36E-01	4.65E-07	6.71E-01	-1.44E-02	3.38E-02	1.08E-02	
group_4859	4.36E-01	4.65E-07	6.71E-01	-1.44E-02	3.38E-02	1.08E-02	
group_3080	4.36E-01	4.07E-02	7.68E-01	1.11E-02	3.76E-02	7.51E-03	
group_3255	4.36E-01	4.07E-02	7.68E-01	1.11E-02	3.76E-02	7.51E-03	
group_5020	4.36E-01	4.07E-02	7.46E-01	1.22E-02	3.76E-02	8.27E-03	
group_5021	4.36E-01	4.07E-02	7.46E-01	1.22E-02	3.76E-02	8.27E-03	
group_2161	4.35E-01	1.49E-06	8.31E-01	-7.22E-03	3.39E-02	5.44E-03	
group_3021	4.35E-01	2.80E-07	6.54E-01	1.31E-02	2.92E-02	1.14E-02	
group_3081	4.34E-01	4.93E-02	7.75E-01	1.06E-02	3.73E-02	7.28E-03	
group_3580	4.33E-01	5.70E-02	5.75E-01	2.11E-02	3.76E-02	1.43E-02	
group_3933	4.32E-01	7.10E-28	6.33E-01	-6.40E-02	1.34E-01	1.22E-02	
group_5022	4.32E-01	3.11E-02	9.12E-01	4.15E-03	3.76E-02	2.81E-03	
group_1590	4.31E-01	2.76E-35	2.86E-01	-5.93E-02	5.56E-02	2.72E-02	
group_1865	4.31E-01	2.01E-31	6.36E-01	-4.67E-02	9.84E-02	1.21E-02	
group_2666	4.29E-01	5.71E-42	4.67E-01	5.58E-02	7.67E-02	1.85E-02	
merR1	4.29E-01	9.88E-03	9.51E-01	2.51E-03	4.07E-02	1.57E-03	
group_622	4.29E-01	9.83E-38	2.34E-01	-9.24E-02	7.76E-02	3.03E-02	
merA	4.29E-01	9.88E-03	9.51E-01	2.51E-03	4.07E-02	1.57E-03	
group_313	4.28E-01	1.32E-17	6.36E-02	1.08E-01	5.82E-02	4.73E-02	
group_1999	4.25E-01	1.56E-02	6.83E-01	1.63E-02	4.00E-02	1.04E-02	
group_66	4.25E-01	3.48E-31	5.58E-01	5.50E-02	9.39E-02	1.49E-02	
group_1450	4.24E-01	1.54E-36	6.63E-01	-2.84E-02	6.51E-02	1.11E-02	
group_2533	4.23E-01	8.89E-31	1.92E-01	-1.88E-01	1.44E-01	3.33E-02	
group_1171	4.23E-01	2.29E-02	8.85E-01	5.25E-03	3.62E-02	3.70E-03	
group_1393	4.23E-01	4.17E-31	6.67E-01	-4.16E-02	9.66E-02	1.10E-02	
group_1447	4.23E-01	4.17E-31	8.80E-01	-2.24E-02	1.49E-01	3.84E-03	
pepA_2	4.22E-01	1.60E-17	5.11E-01	-2.65E-02	4.03E-02	1.68E-02	
group_1751	4.21E-01	2.41E-02	6.45E-01	1.69E-02	3.66E-02	1.18E-02	
group_4247	4.21E-01	2.83E-02	5.45E-01	2.23E-02	3.67E-02	1.55E-02	
sasA_3	4.20E-01	1.04E-15	1.38E-01	1.16E-01	7.83E-02	3.78E-02	
group_4183	4.19E-01	3.08E-09	3.57E-02	-8.50E-02	4.04E-02	5.35E-02	
group_1125	4.19E-01	6.19E-42	8.13E-01	2.38E-02	1.00E-01	6.04E-03	
group_3010	4.19E-01	2.24E-29	5.83E-01	-8.33E-02	1.52E-01	1.40E-02	
group_3522	4.19E-01	2.24E-29	5.83E-01	-8.33E-02	1.52E-01	1.40E-02	
group_2427	4.18E-01	8.52E-14	1.76E-01	5.45E-02	4.02E-02	3.45E-02	
group_4176	4.17E-01	2.06E-31	8.64E-01	3.19E-02	1.86E-01	4.38E-03	
group_2572	4.16E-01	1.36E-28	6.03E-01	-3.87E-02	7.43E-02	1.33E-02	
group_257	4.13E-01	1.38E-43	1.89E-01	2.04E-01	1.55E-01	3.35E-02	
spsB_3	4.13E-01	1.38E-43	1.90E-01	2.04E-01	1.55E-01	3.34E-02	
group_4170	4.13E-01	1.38E-43	1.90E-01	2.04E-01	1.55E-01	3.34E-02	
group_4926	4.13E-01	1.38E-43	1.81E-01	2.08E-01	1.55E-01	3.41E-02	
group_1128	4.12E-01	2.83E-14	4.58E-01	4.04E-02	5.44E-02	1.89E-02	
group_2448	4.12E-01	2.38E-43	5.02E-01	9.33E-02	1.39E-01	1.71E-02	
group_1437	4.12E-01	7.99E-25	5.59E-01	-4.17E-02	7.12E-02	1.49E-02	
group_2256	4.11E-01	7.08E-43	4.44E-01	1.02E-01	1.33E-01	1.95E-02	
group_3422	4.11E-01	1.05E-19	7.59E-01	-1.28E-02	4.16E-02	7.82E-03	
wfgD	4.10E-01	2.55E-39	8.00E-01	-1.84E-02	7.27E-02	6.47E-03	
glyG_2	4.10E-01	2.58E-44	1.04E-01	3.40E-01	2.09E-01	4.15E-02	
group_3436	4.10E-01	2.58E-44	1.04E-01	3.40E-01	2.09E-01	4.15E-02	
group_4072	4.10E-01	2.58E-44	1.04E-01	3.40E-01	2.09E-01	4.15E-02	
group_1212	4.08E-01	1.53E-02	9.26E-01	-3.51E-03	3.77E-02	2.37E-03	
group_1372	4.08E-01	1.05E-41	7.47E-01	-3.26E-02	1.01E-01	8.23E-03	
gtfB	4.07E-01	2.71E-45	3.45E-03	4.44E-01	1.52E-01	7.45E-02	
group_3437	4.07E-01	1.21E-44	2.87E-02	3.33E-01	1.52E-01	5.58E-02	
group_3545	4.07E-01	7.12E-16	5.84E-01	8.98E-02	1.64E-01	1.39E-02	
group_4193	4.07E-01	7.12E-16	7.83E-01	4.54E-02	1.64E-01	7.03E-03	
group_4914	4.07E-01	7.49E-41	8.93E-01	2.12E-02	1.58E-01	3.43E-03	
group_1618	4.06E-01	4.72E-45	7.88E-03	3.82E-01	1.44E-01	6.77E-02	
group_3960	4.06E-01	9.21E-44	3.35E-01	1.56E-01	1.62E-01	2.46E-02	
group_3961	4.06E-01	9.21E-44	3.35E-01	1.56E-01	1.62E-01	2.46E-02	
group_4821	4.06E-01	9.21E-44	3.35E-01	1.56E-01	1.62E-01	2.46E-02	
group_800	4.06E-01	1.33E-37	8.49E-01	1.55E-02	8.13E-02	4.85E-03	
group_1142	4.06E-01	6.88E-43	2.68E-01	1.18E-01	1.06E-01	2.82E-02	
group_4820	4.06E-01	3.64E-44	1.22E-01	2.35E-01	1.52E-01	3.94E-02	
group_375	4.05E-01	2.04E-26	2.36E-01	-8.19E-02	6.91E-02	3.02E-02	
group_973	4.05E-01	5.84E-25	6.52E-01	-3.49E-02	7.73E-02	1.15E-02	
group_3527	4.03E-01	2.51E-41	2.94E-01	7.44E-02	7.08E-02	2.68E-02	
group_3318	4.03E-01	2.39E-42	9.60E-01	6.04E-03	1.22E-01	1.27E-03	
essB	4.01E-01	6.36E-06	3.35E-01	3.68E-02	3.82E-02	2.46E-02	
group_377	4.00E-01	1.39E-36	4.36E-01	5.08E-02	6.53E-02	1.98E-02	
group_3343	3.99E-01	1.92E-42	7.24E-01	4.83E-02	1.37E-01	9.01E-03	
group_3988	3.99E-01	1.92E-42	7.24E-01	4.83E-02	1.37E-01	9.01E-03	
group_3989	3.99E-01	1.92E-42	7.24E-01	4.83E-02	1.37E-01	9.01E-03	
group_3990	3.99E-01	1.92E-42	7.24E-01	4.83E-02	1.37E-01	9.01E-03	
group_4835	3.99E-01	1.92E-42	7.24E-01	4.83E-02	1.37E-01	9.01E-03	
betL	3.99E-01	1.79E-11	8.92E-01	-4.33E-03	3.18E-02	3.47E-03	
group_1363	3.98E-01	2.58E-25	7.82E-01	-1.96E-02	7.08E-02	7.07E-03	
bglF_4	3.98E-01	1.68E-39	7.78E-01	-2.36E-02	8.35E-02	7.19E-03	
cah	3.96E-01	1.86E-25	9.58E-01	5.49E-03	1.05E-01	1.34E-03	
group_1690	3.96E-01	6.56E-42	3.79E-01	7.50E-02	8.53E-02	2.24E-02	
group_4314	3.96E-01	3.85E-19	1.12E-01	1.20E-01	7.57E-02	4.05E-02	
group_5138	3.96E-01	3.85E-19	1.12E-01	1.20E-01	7.57E-02	4.05E-02	
pas	3.95E-01	4.19E-08	2.32E-01	-4.40E-02	3.68E-02	3.05E-02	
group_5136	3.95E-01	2.55E-19	2.05E-01	9.49E-02	7.48E-02	3.23E-02	
group_5139	3.95E-01	6.65E-19	9.79E-02	1.24E-01	7.48E-02	4.22E-02	
group_2468	3.95E-01	1.68E-19	2.48E-01	8.55E-02	7.39E-02	2.95E-02	
group_3633	3.95E-01	1.15E-18	8.14E-02	1.29E-01	7.37E-02	4.44E-02	
group_4834	3.95E-01	2.40E-43	6.43E-01	7.81E-02	1.69E-01	1.18E-02	
group_5137	3.95E-01	1.15E-18	5.45E-02	1.42E-01	7.37E-02	4.90E-02	
group_5068	3.94E-01	1.37E-27	8.57E-01	-4.41E-02	2.44E-01	4.60E-03	
xerC_4	3.94E-01	7.13E-04	7.78E-01	-9.23E-03	3.27E-02	7.20E-03	
group_1264	3.94E-01	1.62E-43	1.99E-01	2.11E-01	1.64E-01	3.28E-02	
group_2181	3.94E-01	2.28E-40	9.52E-01	-5.05E-03	8.40E-02	1.53E-03	
group_659	3.93E-01	3.84E-40	3.44E-01	5.98E-02	6.32E-02	2.41E-02	
group_2565	3.92E-01	8.85E-42	5.20E-01	5.13E-02	7.98E-02	1.64E-02	
group_3395	3.92E-01	3.45E-04	5.92E-01	-1.75E-02	3.26E-02	1.37E-02	
group_3317	3.92E-01	1.01E-16	7.26E-01	-3.80E-02	1.09E-01	8.92E-03	
pknD_1	3.92E-01	2.64E-40	8.69E-01	-1.99E-02	1.21E-01	4.22E-03	
group_4098	3.91E-01	6.01E-42	5.26E-01	-9.72E-02	1.53E-01	1.62E-02	
group_1490	3.90E-01	1.15E-16	9.39E-01	-8.84E-03	1.15E-01	1.95E-03	
group_4268	3.90E-01	4.87E-23	4.99E-01	7.34E-02	1.09E-01	1.72E-02	
group_1458	3.90E-01	1.04E-01	1.69E-01	3.59E-02	2.61E-02	3.50E-02	
group_260	3.89E-01	5.34E-17	4.36E-01	-8.35E-02	1.07E-01	1.99E-02	
repB	3.89E-01	9.86E-21	9.98E-01	1.31E-04	6.75E-02	4.95E-05	
group_4880	3.89E-01	2.95E-41	5.65E-01	8.22E-02	1.43E-01	1.47E-02	
group_1780	3.88E-01	6.38E-21	8.62E-01	-1.16E-02	6.69E-02	4.43E-03	
group_2207	3.88E-01	4.99E-41	3.89E-01	8.11E-02	9.41E-02	2.20E-02	
group_3269	3.88E-01	4.99E-41	6.67E-01	5.86E-02	1.36E-01	1.10E-02	
group_4081	3.88E-01	4.99E-41	6.67E-01	5.86E-02	1.36E-01	1.10E-02	
group_4082	3.88E-01	4.99E-41	6.67E-01	5.86E-02	1.36E-01	1.10E-02	
group_4881	3.88E-01	4.99E-41	6.67E-01	5.86E-02	1.36E-01	1.10E-02	
group_4933	3.88E-01	2.76E-42	8.98E-01	2.15E-02	1.68E-01	3.26E-03	
group_4280	3.88E-01	2.80E-25	2.34E-01	1.80E-01	1.51E-01	3.04E-02	
group_515	3.88E-01	5.61E-36	1.12E-01	7.19E-02	4.51E-02	4.06E-02	
group_275	3.87E-01	1.02E-16	6.86E-01	-4.21E-02	1.04E-01	1.03E-02	
group_4907	3.87E-01	4.28E-43	4.24E-01	1.95E-01	2.43E-01	2.04E-02	
group_4908	3.87E-01	4.28E-43	4.24E-01	1.95E-01	2.43E-01	2.04E-02	
group_4912	3.86E-01	1.67E-43	1.35E-01	2.00E-01	1.34E-01	3.81E-02	
group_187	3.86E-01	1.02E-08	1.30E-01	1.18E-01	7.79E-02	3.86E-02	
group_984	3.85E-01	6.99E-22	5.93E-01	-2.11E-02	3.95E-02	1.36E-02	
group_3325	3.84E-01	1.15E-05	4.94E-01	-4.26E-02	6.23E-02	1.74E-02	
group_3967	3.84E-01	1.15E-05	4.94E-01	-4.26E-02	6.23E-02	1.74E-02	
group_3968	3.84E-01	1.15E-05	4.94E-01	-4.26E-02	6.23E-02	1.74E-02	
group_3969	3.84E-01	1.15E-05	4.94E-01	-4.26E-02	6.23E-02	1.74E-02	
group_4823	3.84E-01	1.15E-05	4.94E-01	-4.26E-02	6.23E-02	1.74E-02	
group_4824	3.84E-01	1.15E-05	4.94E-01	-4.26E-02	6.23E-02	1.74E-02	
group_4825	3.84E-01	1.15E-05	4.94E-01	-4.26E-02	6.23E-02	1.74E-02	
group_4826	3.84E-01	1.15E-05	4.94E-01	-4.26E-02	6.23E-02	1.74E-02	
group_4828	3.84E-01	1.15E-05	4.94E-01	-4.26E-02	6.23E-02	1.74E-02	
group_4829	3.84E-01	1.15E-05	4.94E-01	-4.26E-02	6.23E-02	1.74E-02	
group_909	3.84E-01	7.41E-36	7.55E-01	2.05E-02	6.58E-02	7.95E-03	
group_1617	3.83E-01	1.87E-40	3.28E-01	6.78E-02	6.93E-02	2.49E-02	
xerC_1	3.83E-01	8.53E-06	5.88E-01	-3.35E-02	6.19E-02	1.38E-02	
group_1443	3.82E-01	2.19E-43	1.43E-01	2.04E-01	1.39E-01	3.74E-02	
group_3326	3.82E-01	7.65E-06	7.62E-01	-1.85E-02	6.09E-02	7.73E-03	
group_3748	3.82E-01	2.18E-39	8.36E-01	-2.04E-02	9.85E-02	5.28E-03	
group_2634	3.81E-01	6.10E-39	5.09E-01	-5.31E-02	8.04E-02	1.68E-02	
group_1712	3.80E-01	6.00E-07	6.31E-01	-1.69E-02	3.53E-02	1.22E-02	
group_2098	3.80E-01	3.01E-06	9.99E-01	4.92E-05	6.25E-02	2.01E-05	
group_514	3.80E-01	1.28E-12	7.38E-01	-1.78E-02	5.34E-02	8.52E-03	
secA_2	3.79E-01	4.16E-39	5.64E-01	3.88E-02	6.73E-02	1.47E-02	
tet(M)	3.79E-01	1.01E-05	5.90E-01	-3.18E-02	5.90E-02	1.38E-02	
group_1091	3.79E-01	3.56E-09	6.12E-01	2.49E-02	4.91E-02	1.29E-02	
group_2495	3.79E-01	3.20E-05	3.84E-01	-5.08E-02	5.83E-02	2.22E-02	
group_1382	3.77E-01	3.47E-05	4.24E-01	-4.58E-02	5.72E-02	2.04E-02	
group_868	3.77E-01	8.14E-06	7.14E-01	-2.11E-02	5.76E-02	9.34E-03	
group_1386	3.75E-01	1.95E-05	6.28E-01	-2.73E-02	5.63E-02	1.24E-02	
pepO_1	3.74E-01	2.39E-37	8.16E-01	-1.58E-02	6.77E-02	5.93E-03	
group_4953	3.73E-01	4.01E-16	9.62E-01	-4.35E-03	9.17E-02	1.21E-03	
group_2102	3.71E-01	6.96E-19	7.69E-01	2.20E-02	7.51E-02	7.48E-03	
group_3050	3.71E-01	1.86E-16	5.62E-02	-1.14E-01	5.97E-02	4.87E-02	
group_4200	3.71E-01	1.86E-16	5.62E-02	-1.14E-01	5.97E-02	4.87E-02	
group_166	3.68E-01	5.20E-01	7.72E-01	1.03E-02	3.56E-02	7.37E-03	
group_986	3.68E-01	1.16E-12	9.99E-01	4.31E-05	4.92E-02	2.23E-05	
group_566	3.67E-01	5.67E-07	5.31E-01	2.91E-02	4.64E-02	1.60E-02	
group_4207	3.64E-01	7.36E-13	7.45E-03	1.15E-01	4.30E-02	6.82E-02	
group_4191	3.62E-01	1.10E-18	9.56E-01	-4.83E-03	8.68E-02	1.42E-03	
group_4954	3.62E-01	1.10E-18	8.60E-01	-1.53E-02	8.68E-02	4.50E-03	
group_2621	3.61E-01	6.21E-08	8.28E-01	1.30E-02	6.00E-02	5.52E-03	
group_3540	3.61E-01	1.89E-18	9.81E-01	2.08E-03	8.53E-02	6.22E-04	
group_3541	3.61E-01	7.19E-19	6.06E-01	-4.41E-02	8.54E-02	1.32E-02	
group_4955	3.61E-01	1.89E-18	9.29E-01	-7.62E-03	8.53E-02	2.28E-03	
group_4279	3.60E-01	1.24E-18	5.43E-01	1.30E-01	2.13E-01	1.55E-02	
group_5067	3.60E-01	2.13E-18	8.88E-01	2.77E-02	1.97E-01	3.58E-03	
gldA_1	3.58E-01	5.26E-31	2.90E-01	-5.99E-02	5.67E-02	2.70E-02	
group_774	3.58E-01	6.72E-01	7.98E-01	8.81E-03	3.44E-02	6.54E-03	
group_4277	3.56E-01	1.71E-10	8.05E-02	1.29E-01	7.36E-02	4.45E-02	
group_4278	3.56E-01	1.71E-10	8.05E-02	1.29E-01	7.36E-02	4.45E-02	
group_1073	3.55E-01	2.21E-01	3.43E-01	3.31E-02	3.49E-02	2.42E-02	
group_3600	3.55E-01	2.83E-10	4.63E-02	1.45E-01	7.29E-02	5.08E-02	
group_4276	3.54E-01	2.09E-10	7.60E-02	1.28E-01	7.23E-02	4.52E-02	
group_785	3.51E-01	3.02E-16	2.31E-01	8.45E-02	7.05E-02	3.05E-02	
group_5077	3.51E-01	8.18E-17	3.71E-01	1.11E-01	1.23E-01	2.28E-02	
group_3106	3.50E-01	5.46E-17	5.16E-01	7.76E-02	1.19E-01	1.65E-02	
group_1491	3.49E-01	2.42E-17	6.57E-01	3.15E-02	7.10E-02	1.13E-02	
group_2012	3.49E-01	2.25E-15	1.03E-01	1.62E-01	9.93E-02	4.16E-02	
group_280	3.48E-01	1.60E-17	9.05E-01	8.36E-03	7.03E-02	3.03E-03	
group_2	3.47E-01	6.71E-16	2.67E-02	-7.71E-02	3.48E-02	5.65E-02	
mntH_2	3.46E-01	5.70E-09	5.72E-01	-3.90E-02	6.91E-02	1.44E-02	
xerC_5	3.45E-01	3.23E-32	4.74E-01	-3.88E-02	5.43E-02	1.82E-02	
group_828	3.45E-01	2.54E-26	4.78E-01	-2.73E-02	3.84E-02	1.81E-02	
metN2	3.44E-01	1.10E-34	6.69E-01	2.41E-02	5.63E-02	1.09E-02	
group_1460	3.43E-01	3.53E-08	9.68E-02	9.95E-02	5.99E-02	4.23E-02	
group_3036	3.40E-01	1.88E-01	3.19E-01	-3.75E-02	3.77E-02	2.54E-02	
group_3104	3.40E-01	3.15E-05	9.56E-01	3.05E-03	5.53E-02	1.41E-03	
group_2434	3.38E-01	3.05E-07	8.22E-01	8.35E-03	3.72E-02	5.73E-03	
group_4827	3.38E-01	1.90E-02	3.31E-01	-4.91E-02	5.05E-02	2.48E-02	
group_2661	3.36E-01	4.18E-29	8.20E-03	-1.89E-01	7.14E-02	6.73E-02	
hssR_2	3.33E-01	2.16E-25	1.99E-01	-5.32E-02	4.14E-02	3.27E-02	
group_2675	3.32E-01	1.90E-02	7.85E-01	-1.08E-02	3.96E-02	6.96E-03	
group_3548	3.32E-01	1.90E-02	7.85E-01	-1.08E-02	3.96E-02	6.96E-03	
group_4197	3.32E-01	1.90E-02	7.85E-01	-1.08E-02	3.96E-02	6.96E-03	
group_4198	3.32E-01	1.90E-02	7.85E-01	-1.08E-02	3.96E-02	6.96E-03	
group_3549	3.31E-01	2.99E-02	8.75E-01	6.27E-03	3.98E-02	4.02E-03	
group_340	3.31E-01	5.93E-21	6.26E-01	-2.99E-02	6.13E-02	1.24E-02	
group_393	3.31E-01	1.11E-07	6.25E-01	2.65E-02	5.42E-02	1.25E-02	
group_451	3.29E-01	1.01E-13	8.94E-01	6.05E-03	4.52E-02	3.41E-03	
group_3046	3.27E-01	5.83E-02	7.45E-01	1.30E-02	4.01E-02	8.29E-03	
group_2578	3.25E-01	1.49E-30	7.68E-01	-1.38E-02	4.68E-02	7.53E-03	
Int-Tn	3.24E-01	1.53E-01	5.68E-01	2.06E-02	3.61E-02	1.46E-02	
group_1514	3.23E-01	1.47E-01	8.01E-02	6.32E-02	3.61E-02	4.46E-02	
group_2255	3.21E-01	3.04E-27	4.18E-01	-3.40E-02	4.20E-02	2.06E-02	
intS	3.20E-01	1.20E-07	1.78E-02	1.48E-01	6.25E-02	6.04E-02	
group_2295	3.18E-01	7.01E-03	3.62E-01	-3.44E-02	3.77E-02	2.33E-02	
group_658	3.18E-01	1.42E-31	3.24E-01	4.02E-02	4.08E-02	2.51E-02	
group_1	3.16E-01	9.05E-07	5.49E-01	1.92E-02	3.21E-02	1.53E-02	
group_1406	3.16E-01	7.40E-03	5.75E-01	2.39E-02	4.26E-02	1.43E-02	
group_617	3.14E-01	6.80E-03	6.69E-01	2.18E-02	5.09E-02	1.09E-02	
group_1585	3.14E-01	1.06E-06	5.09E-02	6.41E-02	3.28E-02	4.98E-02	
group_2236	3.13E-01	6.59E-23	2.00E-01	-7.48E-02	5.83E-02	3.27E-02	
group_3497	3.13E-01	1.79E-27	5.66E-01	-2.67E-02	4.65E-02	1.46E-02	
group_835	3.12E-01	2.05E-15	5.10E-01	4.25E-02	6.45E-02	1.68E-02	
group_1132	3.10E-01	1.98E-29	7.78E-01	-1.38E-02	4.92E-02	7.18E-03	
group_1289	3.10E-01	1.03E-17	4.93E-01	2.82E-02	4.12E-02	1.75E-02	
group_5	3.08E-01	4.52E-03	7.47E-01	8.57E-03	2.65E-02	8.24E-03	
group_1676	3.07E-01	1.26E-03	2.34E-01	6.92E-02	5.81E-02	3.04E-02	
group_4903	3.07E-01	8.29E-35	2.44E-01	8.96E-02	7.69E-02	2.97E-02	
group_1614	3.03E-01	3.79E-06	8.71E-01	-6.86E-03	4.23E-02	4.14E-03	
group_3941	3.03E-01	2.57E-16	5.70E-01	-3.67E-02	6.47E-02	1.45E-02	
group_3039	3.02E-01	9.00E-01	7.50E-01	-1.21E-02	3.78E-02	8.14E-03	
group_428	2.99E-01	6.45E-10	6.98E-01	2.87E-02	7.40E-02	9.90E-03	
group_543	2.97E-01	1.46E-16	4.34E-01	-2.83E-02	3.62E-02	1.99E-02	
group_3045	2.95E-01	8.26E-01	7.35E-01	-1.40E-02	4.14E-02	8.64E-03	
group_4208	2.94E-01	7.00E-12	6.65E-01	-1.53E-02	3.53E-02	1.10E-02	
group_1761	2.92E-01	8.30E-08	5.07E-01	3.52E-02	5.31E-02	1.69E-02	
group_217	2.91E-01	1.82E-08	3.66E-01	-4.69E-02	5.19E-02	2.30E-02	
group_1605	2.90E-01	4.82E-09	7.41E-01	-1.92E-02	5.82E-02	8.42E-03	
group_1214	2.89E-01	4.12E-14	4.05E-01	-3.81E-02	4.57E-02	2.12E-02	
group_1696	2.88E-01	5.07E-01	6.32E-01	-1.69E-02	3.53E-02	1.22E-02	
group_240	2.87E-01	1.40E-22	7.29E-03	-1.62E-01	6.04E-02	6.84E-02	
group_4985	2.87E-01	7.15E-07	9.60E-01	1.57E-03	3.17E-02	1.26E-03	
group_2690	2.86E-01	1.08E-01	3.78E-01	3.02E-02	3.42E-02	2.25E-02	
group_403	2.84E-01	9.90E-09	5.96E-02	1.02E-01	5.41E-02	4.80E-02	
group_652	2.84E-01	3.63E-14	5.94E-01	-3.40E-02	6.39E-02	1.36E-02	
group_4968	2.84E-01	7.99E-01	6.44E-01	-1.90E-02	4.11E-02	1.18E-02	
group_2300	2.81E-01	3.06E-04	8.22E-01	-2.16E-02	9.59E-02	5.75E-03	
group_3048	2.81E-01	4.75E-04	8.61E-01	-1.58E-02	9.02E-02	4.47E-03	
group_4969	2.80E-01	9.41E-01	6.79E-01	-1.73E-02	4.19E-02	1.06E-02	
group_4970	2.78E-01	8.04E-01	9.07E-01	4.85E-03	4.17E-02	2.96E-03	
group_1471	2.76E-01	1.11E-03	7.76E-01	2.03E-02	7.13E-02	7.27E-03	
group_673	2.76E-01	9.94E-01	7.77E-01	9.67E-03	3.42E-02	7.22E-03	
group_5004	2.75E-01	6.12E-07	8.40E-01	7.45E-03	3.68E-02	5.16E-03	
group_10	2.74E-01	1.75E-13	5.58E-01	-1.95E-02	3.33E-02	1.50E-02	
group_319	2.74E-01	1.49E-03	4.49E-01	6.38E-02	8.43E-02	1.93E-02	
group_726	2.73E-01	1.27E-11	4.27E-01	5.42E-02	6.83E-02	2.03E-02	
oppA_1	2.72E-01	4.35E-10	1.59E-01	8.35E-02	5.93E-02	3.59E-02	
group_2824	2.71E-01	6.32E-01	8.79E-01	6.52E-03	4.27E-02	3.89E-03	
group_3043	2.71E-01	6.32E-01	8.79E-01	6.52E-03	4.27E-02	3.89E-03	
group_345	2.69E-01	5.26E-19	6.55E-01	2.37E-02	5.29E-02	1.14E-02	
smc_2	2.68E-01	4.88E-01	2.39E-01	-4.66E-02	3.96E-02	3.00E-02	
group_211	2.68E-01	1.74E-09	5.50E-01	-2.83E-02	4.73E-02	1.52E-02	
group_321	2.68E-01	1.97E-13	4.44E-01	4.91E-02	6.40E-02	1.95E-02	
group_1600	2.65E-01	1.02E-10	9.75E-01	2.10E-03	6.69E-02	8.00E-04	
group_431	2.63E-01	3.63E-10	6.54E-01	3.10E-02	6.91E-02	1.14E-02	
fap1	2.62E-01	4.78E-26	5.81E-01	2.06E-02	3.74E-02	1.41E-02	
group_2208	2.60E-01	5.50E-04	5.98E-01	2.72E-02	5.16E-02	1.35E-02	
group_303	2.60E-01	2.58E-16	4.57E-01	-3.89E-02	5.23E-02	1.90E-02	
group_1966	2.59E-01	3.85E-12	5.45E-01	1.97E-02	3.25E-02	1.54E-02	
group_1182	2.58E-01	4.77E-01	9.27E-01	-2.69E-03	2.96E-02	2.32E-03	
group_690	2.58E-01	1.85E-08	5.40E-01	-3.70E-02	6.03E-02	1.56E-02	
group_4980	2.56E-01	3.29E-04	1.09E-01	5.68E-02	3.54E-02	4.09E-02	
group_2271	2.55E-01	6.35E-01	3.87E-01	-2.93E-02	3.39E-02	2.20E-02	
group_4979	2.55E-01	2.33E-01	3.90E-04	2.83E-01	7.96E-02	9.03E-02	
group_329	2.55E-01	8.57E-02	7.02E-01	1.86E-02	4.85E-02	9.76E-03	
bca	2.53E-01	9.59E-10	5.66E-01	-3.14E-02	5.47E-02	1.47E-02	
group_607	2.52E-01	2.84E-15	6.11E-01	-2.21E-02	4.33E-02	1.30E-02	
group_3552	2.51E-01	1.82E-15	1.04E-01	7.56E-02	4.66E-02	4.14E-02	
group_2544	2.50E-01	7.78E-11	8.80E-01	1.10E-02	7.33E-02	3.84E-03	
group_4935	2.50E-01	2.19E-01	2.89E-01	-2.79E-02	2.62E-02	2.71E-02	
group_2082	2.49E-01	1.70E-21	6.29E-01	-1.78E-02	3.70E-02	1.23E-02	
group_4936	2.49E-01	1.62E-01	2.69E-01	-2.91E-02	2.63E-02	2.82E-02	
group_1815	2.48E-01	9.03E-08	7.73E-01	-5.41E-02	1.87E-01	7.36E-03	
group_3018	2.48E-01	1.68E-01	2.57E-01	-2.99E-02	2.63E-02	2.89E-02	
group_324	2.47E-01	1.68E-20	4.99E-01	3.92E-02	5.79E-02	1.73E-02	
group_1662	2.47E-01	1.56E-03	6.97E-01	-2.67E-02	6.86E-02	9.94E-03	
group_1403	2.45E-01	1.31E-01	3.31E-01	3.98E-02	4.09E-02	2.48E-02	
group_2667	2.45E-01	1.51E-07	9.98E-02	2.51E-01	1.53E-01	4.20E-02	
group_3033	2.45E-01	1.51E-07	9.98E-02	2.51E-01	1.53E-01	4.20E-02	
mntR	2.45E-01	1.51E-07	9.98E-02	2.51E-01	1.53E-01	4.20E-02	
group_4956	2.45E-01	1.51E-07	9.98E-02	2.51E-01	1.53E-01	4.20E-02	
group_4957	2.45E-01	1.51E-07	9.98E-02	2.51E-01	1.53E-01	4.20E-02	
ncsB2	2.45E-01	1.51E-07	9.98E-02	2.51E-01	1.53E-01	4.20E-02	
dhbE	2.45E-01	1.51E-07	9.98E-02	2.51E-01	1.53E-01	4.20E-02	
group_946	2.45E-01	3.05E-01	3.63E-01	-2.40E-02	2.64E-02	2.32E-02	
ykoD_3	2.44E-01	2.17E-07	5.33E-02	2.79E-01	1.44E-01	4.92E-02	
group_2458	2.44E-01	8.59E-10	6.96E-01	1.92E-02	4.92E-02	9.98E-03	
group_2918	2.44E-01	7.53E-02	2.81E-01	4.36E-02	4.05E-02	2.75E-02	
group_3031	2.44E-01	8.40E-08	4.49E-01	1.04E-01	1.37E-01	1.93E-02	
group_3542	2.43E-01	4.44E-07	4.24E-02	2.68E-01	1.32E-01	5.17E-02	
group_552	2.40E-01	1.52E-18	1.64E-01	-7.60E-02	5.46E-02	3.55E-02	
group_3595	2.39E-01	2.44E-04	3.20E-01	5.65E-02	5.67E-02	2.54E-02	
group_4266	2.39E-01	2.44E-04	3.20E-01	5.65E-02	5.67E-02	2.54E-02	
group_5130	2.39E-01	1.43E-02	6.36E-01	-1.53E-02	3.23E-02	1.21E-02	
group_4312	2.38E-01	1.23E-02	5.72E-01	-1.83E-02	3.24E-02	1.44E-02	
group_2691	2.36E-01	6.97E-04	1.17E-01	-5.48E-02	3.49E-02	4.00E-02	
repE	2.36E-01	2.78E-04	2.36E-01	6.74E-02	5.68E-02	3.02E-02	
group_4184	2.34E-01	5.92E-01	4.55E-01	-2.01E-02	2.69E-02	1.90E-02	
group_522	2.34E-01	1.33E-10	1.30E-01	-1.98E-01	1.31E-01	3.86E-02	
group_2235	2.33E-01	3.15E-12	5.61E-02	-9.54E-02	4.99E-02	4.87E-02	
group_3648	2.33E-01	1.32E-19	2.07E-01	-2.59E-01	2.05E-01	3.21E-02	
group_1297	2.32E-01	9.83E-01	4.76E-01	3.14E-02	4.41E-02	1.82E-02	
group_3300	2.32E-01	1.29E-18	1.98E-01	-1.03E-01	8.02E-02	3.28E-02	
group_1301	2.31E-01	8.07E-01	7.91E-01	1.14E-02	4.31E-02	6.75E-03	
group_3105	2.31E-01	1.31E-31	3.96E-01	-6.03E-02	7.10E-02	2.17E-02	
group_5023	2.31E-01	8.64E-01	4.73E-01	3.04E-02	4.24E-02	1.83E-02	
group_1155	2.29E-01	3.37E-02	5.00E-02	-5.29E-02	2.70E-02	4.99E-02	
group_1861	2.29E-01	6.03E-06	7.64E-01	-1.92E-02	6.39E-02	7.66E-03	
group_922	2.29E-01	1.55E-03	9.08E-01	-1.04E-02	8.97E-02	2.96E-03	
Int-Tn_1	2.27E-01	2.94E-19	1.57E-01	-1.34E-01	9.48E-02	3.61E-02	
group_4335	2.27E-01	2.94E-19	1.30E-01	-1.49E-01	9.81E-02	3.86E-02	
group_5025	2.27E-01	8.44E-01	3.16E-01	4.33E-02	4.32E-02	2.55E-02	
group_5026	2.27E-01	8.44E-01	3.16E-01	4.33E-02	4.32E-02	2.55E-02	
group_1095	2.27E-01	2.15E-07	2.42E-01	-4.81E-02	4.11E-02	2.98E-02	
group_3042	2.27E-01	8.83E-01	3.25E-01	4.26E-02	4.33E-02	2.51E-02	
group_1737	2.26E-01	2.71E-08	8.71E-01	5.20E-03	3.21E-02	4.13E-03	
xre	2.26E-01	9.23E-01	3.55E-01	4.01E-02	4.34E-02	2.36E-02	
group_3577	2.25E-01	1.71E-08	8.45E-01	6.29E-03	3.21E-02	4.99E-03	
group_960	2.25E-01	2.28E-21	8.02E-01	-1.04E-02	4.17E-02	6.38E-03	
group_4242	2.25E-01	2.21E-08	9.23E-01	3.11E-03	3.22E-02	2.47E-03	
group_5019	2.25E-01	1.11E-09	8.95E-01	4.25E-03	3.22E-02	3.36E-03	
group_4113	2.24E-01	4.49E-22	7.16E-01	2.71E-02	7.45E-02	9.27E-03	
group_4243	2.24E-01	1.47E-09	9.70E-01	1.19E-03	3.23E-02	9.44E-04	
group_4894	2.24E-01	4.49E-22	7.16E-01	2.71E-02	7.45E-02	9.27E-03	
group_4895	2.24E-01	4.49E-22	7.16E-01	2.71E-02	7.45E-02	9.27E-03	
group_4896	2.24E-01	4.49E-22	7.16E-01	2.71E-02	7.45E-02	9.27E-03	
group_4897	2.24E-01	4.49E-22	7.16E-01	2.71E-02	7.45E-02	9.27E-03	
group_1728	2.23E-01	2.40E-06	3.70E-01	3.14E-02	3.50E-02	2.29E-02	
group_3022	2.23E-01	2.40E-06	9.85E-01	-5.60E-04	2.96E-02	4.83E-04	
group_3568	2.23E-01	1.15E-09	5.21E-01	-2.33E-02	3.63E-02	1.64E-02	
group_1441	2.22E-01	1.29E-04	3.12E-01	-1.23E-01	1.22E-01	2.58E-02	
group_1826	2.22E-01	4.34E-22	1.00E+00	-4.19E-06	7.69E-02	1.39E-06	
group_1741	2.21E-01	4.34E-09	7.90E-01	8.66E-03	3.25E-02	6.78E-03	
group_252	2.21E-01	2.06E-05	1.88E-01	6.76E-02	5.13E-02	3.36E-02	
group_4205	2.21E-01	2.81E-04	7.50E-01	-5.51E-02	1.73E-01	8.11E-03	
group_4893	2.21E-01	1.90E-22	7.43E-01	2.52E-02	7.69E-02	8.35E-03	
group_769	2.21E-01	1.23E-09	8.14E-01	7.60E-03	3.22E-02	6.01E-03	
group_1733	2.20E-01	7.38E-10	7.79E-01	9.05E-03	3.23E-02	7.14E-03	
group_1993	2.20E-01	1.61E-09	8.56E-01	5.88E-03	3.23E-02	4.64E-03	
group_3573	2.20E-01	1.61E-09	8.56E-01	5.88E-03	3.23E-02	4.64E-03	
group_4225	2.20E-01	1.61E-09	8.56E-01	5.88E-03	3.23E-02	4.64E-03	
group_4226	2.20E-01	1.61E-09	8.56E-01	5.88E-03	3.23E-02	4.64E-03	
group_4228	2.20E-01	1.61E-09	8.56E-01	5.88E-03	3.23E-02	4.64E-03	
group_4235	2.20E-01	7.38E-10	7.79E-01	9.05E-03	3.23E-02	7.14E-03	
group_4238	2.20E-01	7.38E-10	7.79E-01	9.05E-03	3.23E-02	7.14E-03	
group_5007	2.20E-01	1.61E-09	8.56E-01	5.88E-03	3.23E-02	4.64E-03	
group_5008	2.20E-01	1.61E-09	8.56E-01	5.88E-03	3.23E-02	4.64E-03	
group_5010	2.20E-01	1.61E-09	8.56E-01	5.88E-03	3.23E-02	4.64E-03	
group_5018	2.20E-01	7.38E-10	7.74E-01	9.27E-03	3.23E-02	7.32E-03	
group_1313	2.19E-01	9.74E-10	8.09E-01	7.82E-03	3.23E-02	6.17E-03	
group_1331	2.19E-01	5.39E-06	6.34E-01	-2.06E-02	4.34E-02	1.21E-02	
group_2303	2.19E-01	1.47E-04	2.02E-01	-1.84E-01	1.44E-01	3.26E-02	
group_2321	2.19E-01	2.12E-09	8.91E-01	4.43E-03	3.23E-02	3.50E-03	
group_3074	2.19E-01	9.74E-10	8.09E-01	7.82E-03	3.23E-02	6.17E-03	
group_3572	2.19E-01	2.12E-09	8.91E-01	4.43E-03	3.23E-02	3.50E-03	
rhaR_1	2.19E-01	2.12E-09	8.91E-01	4.43E-03	3.23E-02	3.50E-03	
group_4230	2.19E-01	2.12E-09	9.22E-01	3.17E-03	3.24E-02	2.50E-03	
group_5009	2.19E-01	2.12E-09	8.81E-01	4.84E-03	3.23E-02	3.82E-03	
group_5017	2.19E-01	9.74E-10	8.01E-01	8.16E-03	3.24E-02	6.42E-03	
group_699	2.19E-01	2.12E-09	8.76E-01	5.04E-03	3.23E-02	3.98E-03	
group_1771	2.19E-01	4.13E-06	4.84E-01	-2.42E-02	3.46E-02	1.78E-02	
clpP_1	2.19E-01	5.83E-10	8.06E-01	7.99E-03	3.25E-02	6.27E-03	
group_4229	2.19E-01	2.79E-09	9.42E-01	2.37E-03	3.23E-02	1.87E-03	
group_4233	2.19E-01	5.83E-10	7.92E-01	8.53E-03	3.24E-02	6.71E-03	
group_4241	2.19E-01	5.83E-10	7.63E-01	9.77E-03	3.24E-02	7.69E-03	
group_5016	2.19E-01	1.28E-09	8.41E-01	6.49E-03	3.24E-02	5.11E-03	
group_836	2.19E-01	1.18E-04	9.46E-01	3.87E-03	5.67E-02	1.74E-03	
group_1529	2.18E-01	7.72E-10	8.25E-01	7.16E-03	3.25E-02	5.62E-03	
group_2322	2.18E-01	1.69E-09	7.81E-01	8.96E-03	3.22E-02	7.09E-03	
group_3575	2.18E-01	3.65E-09	8.70E-01	5.26E-03	3.21E-02	4.18E-03	
group_5132	2.18E-01	3.22E-05	7.09E-01	1.36E-02	3.65E-02	9.52E-03	
group_4239	2.18E-01	1.02E-09	9.09E-01	3.71E-03	3.26E-02	2.90E-03	
group_5133	2.18E-01	4.37E-05	6.82E-01	1.50E-02	3.65E-02	1.05E-02	
group_1504	2.17E-01	5.91E-05	6.76E-01	-2.60E-02	6.22E-02	1.07E-02	
group_4206	2.17E-01	1.72E-03	3.30E-01	1.63E-01	1.67E-01	2.48E-02	
group_4234	2.17E-01	2.92E-09	9.38E-01	2.52E-03	3.24E-02	1.98E-03	
group_1763	2.16E-01	3.61E-04	6.35E-01	-1.90E-02	4.01E-02	1.21E-02	
group_3576	2.16E-01	1.77E-09	7.80E-01	9.00E-03	3.22E-02	7.11E-03	
group_5013	2.16E-01	3.83E-09	9.26E-01	3.00E-03	3.23E-02	2.37E-03	
group_5015	2.16E-01	1.77E-09	7.80E-01	9.00E-03	3.22E-02	7.11E-03	
group_532	2.16E-01	1.71E-08	9.81E-01	7.81E-04	3.26E-02	6.11E-04	
group_770	2.16E-01	3.83E-09	9.06E-01	3.79E-03	3.23E-02	3.00E-03	
group_3041	2.16E-01	2.92E-04	3.04E-01	-6.64E-02	6.46E-02	2.62E-02	
smc_1	2.16E-01	5.01E-09	9.11E-01	3.66E-03	3.28E-02	2.84E-03	
group_4232	2.16E-01	5.01E-09	9.94E-01	2.29E-04	3.24E-02	1.80E-04	
group_50	2.16E-01	1.82E-03	7.24E-01	1.42E-02	4.02E-02	8.99E-03	
group_5012	2.16E-01	2.33E-09	8.19E-01	7.39E-03	3.23E-02	5.84E-03	
group_5014	2.16E-01	2.33E-09	8.22E-01	7.28E-03	3.23E-02	5.75E-03	
femB_3	2.16E-01	3.46E-08	7.87E-01	1.77E-02	6.56E-02	6.89E-03	
group_1062	2.15E-01	8.49E-05	7.72E-01	-9.75E-03	3.36E-02	7.40E-03	
group_3055	2.15E-01	3.84E-04	6.43E-01	-1.76E-02	3.79E-02	1.18E-02	
group_3498	2.14E-01	6.65E-02	5.80E-01	2.49E-02	4.51E-02	1.41E-02	
group_4976	2.14E-01	1.93E-03	2.53E-01	1.57E-01	1.37E-01	2.91E-02	
group_3023	2.14E-01	9.80E-06	8.32E-01	-8.11E-03	3.82E-02	5.42E-03	
group_4231	2.14E-01	2.44E-09	7.48E-01	1.04E-02	3.23E-02	8.20E-03	
group_5011	2.14E-01	2.44E-09	7.48E-01	1.04E-02	3.23E-02	8.20E-03	
yfkN	2.14E-01	8.60E-12	4.23E-01	6.01E-02	7.50E-02	2.04E-02	
group_1776	2.13E-01	2.02E-04	4.58E-01	2.69E-02	3.63E-02	1.89E-02	
group_1047	2.12E-01	3.88E-13	7.84E-01	-1.99E-02	7.25E-02	7.01E-03	
group_843	2.12E-01	2.39E-06	6.47E-01	-1.65E-02	3.60E-02	1.17E-02	
group_97	2.12E-01	1.78E-21	7.48E-01	1.41E-02	4.40E-02	8.20E-03	
group_2258	2.11E-01	6.05E-05	2.10E-01	-1.22E-01	9.73E-02	3.20E-02	
group_4965	2.10E-01	9.58E-04	4.67E-01	-5.04E-02	6.92E-02	1.86E-02	
group_1305	2.10E-01	1.84E-04	2.57E-01	-7.71E-02	6.79E-02	2.89E-02	
group_4202	2.10E-01	1.24E-03	6.34E-01	-4.55E-02	9.55E-02	1.21E-02	
group_1639	2.09E-01	6.43E-14	5.02E-01	-5.14E-02	7.66E-02	1.71E-02	
group_2211	2.09E-01	9.16E-20	5.85E-01	-3.50E-02	6.42E-02	1.39E-02	
metK_1	2.08E-01	4.58E-09	8.85E-01	4.69E-03	3.26E-02	3.68E-03	
group_2680	2.08E-01	5.22E-04	2.10E-01	-1.32E-01	1.05E-01	3.20E-02	
xerC_6	2.08E-01	5.22E-04	2.10E-01	-1.32E-01	1.05E-01	3.20E-02	
group_4224	2.08E-01	2.27E-05	2.68E-01	4.10E-02	3.70E-02	2.83E-02	
group_1298	2.08E-01	6.81E-04	7.09E-01	-2.43E-02	6.52E-02	9.52E-03	
group_1749	2.08E-01	2.77E-09	6.21E-01	1.59E-02	3.22E-02	1.26E-02	
group_3553	2.08E-01	6.81E-04	3.57E-01	-9.97E-02	1.08E-01	2.35E-02	
group_4977	2.08E-01	6.81E-04	3.57E-01	-9.97E-02	1.08E-01	2.35E-02	
group_4978	2.08E-01	6.81E-04	3.57E-01	-9.97E-02	1.08E-01	2.35E-02	
group_4275	2.07E-01	2.96E-13	8.20E-01	2.20E-02	9.64E-02	5.81E-03	
group_4305	2.07E-01	5.55E-04	9.40E-01	-2.58E-03	3.41E-02	1.93E-03	
group_146	2.06E-01	1.88E-05	9.55E-01	-3.54E-03	6.25E-02	1.44E-03	
group_970	2.06E-01	7.12E-11	7.83E-01	2.21E-02	8.00E-02	7.03E-03	
group_3147	2.05E-01	5.94E-10	4.17E-01	1.00E-01	1.23E-01	2.07E-02	
group_4203	2.05E-01	1.22E-03	7.54E-01	-3.06E-02	9.74E-02	8.01E-03	
group_1245	2.05E-01	4.07E-10	4.57E-01	-4.42E-02	5.94E-02	1.90E-02	
group_1722	2.05E-01	4.75E-14	9.66E-01	-3.78E-03	8.86E-02	1.09E-03	
group_1786	2.05E-01	9.20E-10	3.61E-01	1.15E-01	1.26E-01	2.33E-02	
group_2849	2.05E-01	2.52E-06	6.46E-01	-3.70E-02	8.05E-02	1.17E-02	
group_4194	2.05E-01	8.33E-05	1.69E-01	-1.17E-01	8.48E-02	3.51E-02	
group_4327	2.05E-01	9.20E-10	3.04E-01	1.23E-01	1.20E-01	2.62E-02	
alsE	2.05E-01	7.57E-11	8.03E-01	3.95E-02	1.59E-01	6.36E-03	
group_1423	2.04E-01	2.97E-14	7.38E-01	-3.02E-02	9.03E-02	8.54E-03	
manP	2.04E-01	5.08E-11	9.40E-01	-1.12E-02	1.49E-01	1.92E-03	
group_4326	2.04E-01	1.42E-09	2.22E-01	1.41E-01	1.16E-01	3.11E-02	
fruA_1	2.04E-01	1.20E-10	4.97E-01	1.02E-01	1.50E-01	1.73E-02	
group_8190	2.04E-01	8.17E-04	8.64E-01	-2.26E-02	1.32E-01	4.37E-03	
group_1846	2.03E-01	2.67E-18	4.51E-01	-5.32E-02	7.06E-02	1.92E-02	
group_3587	2.03E-01	7.37E-07	4.82E-01	-3.02E-02	4.29E-02	1.79E-02	
group_4303	2.03E-01	1.66E-03	8.14E-01	8.11E-03	3.45E-02	5.99E-03	
group_1109	2.02E-01	5.57E-18	3.99E-01	-5.82E-02	6.90E-02	2.15E-02	
group_1479	2.02E-01	2.35E-01	4.44E-01	2.87E-02	3.75E-02	1.95E-02	
group_2718	2.02E-01	5.26E-14	8.32E-01	-1.99E-02	9.36E-02	5.43E-03	
group_3554	2.02E-01	1.12E-03	5.34E-01	-5.68E-02	9.13E-02	1.59E-02	
group_2545	2.01E-01	3.44E-03	3.61E-01	9.25E-02	1.01E-01	2.33E-02	
group_2655	2.01E-01	3.53E-04	5.23E-01	3.76E-02	5.89E-02	1.63E-02	
group_2320	2.01E-01	4.90E-10	9.09E-01	4.57E-03	4.00E-02	2.91E-03	
group_4685	2.01E-01	6.40E-12	4.06E-01	-1.94E-01	2.33E-01	2.12E-02	
group_4973	2.01E-01	7.51E-04	6.21E-01	7.88E-02	1.60E-01	1.26E-02	
group_1497	2.00E-01	1.59E-15	6.70E-01	-2.42E-02	5.69E-02	1.09E-02	
group_2014	2.00E-01	4.56E-02	5.25E-01	-2.22E-02	3.49E-02	1.62E-02	
yddE	1.99E-01	1.67E-11	8.37E-01	4.76E-02	2.32E-01	5.25E-03	
group_3650	1.99E-01	1.67E-11	8.37E-01	4.76E-02	2.32E-01	5.25E-03	
group_4332	1.99E-01	1.67E-11	8.37E-01	4.76E-02	2.32E-01	5.25E-03	
group_4333	1.99E-01	1.67E-11	8.37E-01	4.76E-02	2.32E-01	5.25E-03	
group_5157	1.99E-01	1.67E-11	8.37E-01	4.76E-02	2.32E-01	5.25E-03	
frwD	1.99E-01	1.67E-11	8.37E-01	4.76E-02	2.32E-01	5.25E-03	
group_735	1.99E-01	3.77E-01	6.50E-01	-1.75E-02	3.86E-02	1.16E-02	
group_3649	1.99E-01	2.68E-11	6.04E-01	1.07E-01	2.05E-01	1.32E-02	
group_4331	1.99E-01	2.68E-11	5.65E-01	1.19E-01	2.06E-01	1.47E-02	
group_2277	1.97E-01	7.92E-01	1.00E+00	8.73E-07	2.86E-02	7.80E-07	
group_2457	1.97E-01	6.89E-04	6.49E-02	2.18E-01	1.18E-01	4.70E-02	
group_3227	1.97E-01	6.83E-11	2.67E-01	2.09E-01	1.88E-01	2.83E-02	
group_1366	1.97E-01	3.72E-06	4.78E-01	-6.20E-02	8.73E-02	1.81E-02	
manR	1.97E-01	1.87E-11	5.63E-01	9.40E-02	1.63E-01	1.47E-02	
group_1218	1.96E-01	5.26E-06	2.60E-01	-9.84E-02	8.73E-02	2.87E-02	
group_1714	1.96E-01	4.51E-04	7.36E-01	2.04E-02	6.06E-02	8.59E-03	
group_2284	1.96E-01	2.85E-01	4.62E-01	2.91E-02	3.95E-02	1.88E-02	
group_3538	1.96E-01	2.85E-01	4.62E-01	2.91E-02	3.95E-02	1.88E-02	
msr(D)	1.96E-01	2.85E-01	4.62E-01	2.91E-02	3.95E-02	1.88E-02	
group_4948	1.96E-01	2.85E-01	4.62E-01	2.91E-02	3.95E-02	1.88E-02	
erm	1.95E-01	7.40E-06	9.28E-01	-3.47E-03	3.82E-02	2.32E-03	
group_341	1.95E-01	1.30E-04	2.99E-01	7.36E-02	7.09E-02	2.65E-02	
group_2396	1.95E-01	1.04E-05	9.93E-01	3.44E-04	3.84E-02	2.29E-04	
group_2669	1.95E-01	1.24E-03	5.41E-01	6.79E-02	1.11E-01	1.56E-02	
group_3629	1.95E-01	9.73E-10	7.17E-01	-1.44E-02	3.96E-02	9.24E-03	
group_4966	1.95E-01	2.91E-04	1.28E-01	-1.26E-01	8.28E-02	3.88E-02	
group_4967	1.95E-01	2.91E-04	1.28E-01	-1.26E-01	8.28E-02	3.88E-02	
group_5156	1.95E-01	1.82E-10	8.36E-01	4.19E-02	2.03E-01	5.27E-03	
group_5148	1.94E-01	1.22E-10	8.53E-01	2.68E-02	1.45E-01	4.72E-03	
scpA_4	1.94E-01	3.90E-14	2.62E-01	3.79E-02	3.38E-02	2.86E-02	
group_3647	1.94E-01	8.12E-11	9.56E-01	-7.67E-03	1.38E-01	1.42E-03	
group_468	1.94E-01	8.60E-07	2.24E-02	-1.92E-01	8.40E-02	5.82E-02	
group_1895	1.93E-01	1.96E-06	1.82E-01	5.93E-02	4.45E-02	3.40E-02	
group_3095	1.93E-01	1.53E-01	9.79E-01	-1.21E-03	4.60E-02	6.69E-04	
group_3446	1.93E-01	2.64E-03	4.37E-01	4.88E-02	6.27E-02	1.98E-02	
group_1283	1.92E-01	3.73E-09	6.14E-01	-1.67E-02	3.32E-02	1.29E-02	
group_3646	1.92E-01	2.04E-10	6.45E-01	5.89E-02	1.28E-01	1.18E-02	
group_5166	1.92E-01	3.55E-11	8.67E-01	-2.06E-02	1.23E-01	4.27E-03	
group_2717	1.92E-01	1.60E-01	9.59E-01	2.36E-03	4.57E-02	1.32E-03	
group_4037	1.92E-01	7.26E-01	3.22E-01	4.55E-02	4.60E-02	2.52E-02	
group_2010	1.91E-01	1.84E-01	2.64E-01	6.62E-02	5.92E-02	2.85E-02	
group_3100	1.91E-01	1.84E-01	3.04E-01	6.17E-02	6.00E-02	2.62E-02	
group_3156	1.91E-01	2.38E-12	1.92E-01	-1.50E-01	1.15E-01	3.33E-02	
group_4267	1.91E-01	1.84E-01	3.04E-01	6.17E-02	6.00E-02	2.62E-02	
group_1623	1.90E-01	1.00E-02	9.58E-02	1.10E-01	6.57E-02	4.25E-02	
group_5167	1.90E-01	2.46E-11	7.55E-01	-3.53E-02	1.13E-01	7.95E-03	
group_1190	1.89E-01	4.11E-12	2.42E-01	-1.26E-01	1.08E-01	2.98E-02	
group_2149	1.89E-01	5.93E-05	6.87E-01	-5.12E-02	1.27E-01	1.03E-02	
group_3154	1.89E-01	3.61E-10	5.98E-01	5.80E-02	1.10E-01	1.35E-02	
group_844	1.89E-01	6.34E-11	8.88E-01	1.55E-02	1.10E-01	3.60E-03	
group_3136	1.88E-01	1.98E-05	6.47E-01	-1.80E-02	3.92E-02	1.17E-02	
group_5129	1.88E-01	1.98E-05	6.47E-01	-1.80E-02	3.92E-02	1.17E-02	
group_1385	1.87E-01	7.82E-16	9.36E-01	4.65E-03	5.76E-02	2.06E-03	
group_2676	1.87E-01	2.75E-05	1.80E-01	-1.78E-01	1.33E-01	3.42E-02	
group_517	1.87E-01	1.76E-03	7.56E-01	-2.07E-02	6.64E-02	7.93E-03	
tkt_1	1.86E-01	2.88E-11	1.53E-01	-1.13E-01	7.94E-02	3.64E-02	
group_862	1.86E-01	2.44E-06	3.69E-01	-4.42E-02	4.92E-02	2.29E-02	
group_3118	1.85E-01	1.58E-05	2.74E-01	5.24E-02	4.79E-02	2.79E-02	
group_3563	1.85E-01	5.89E-04	3.37E-01	-6.85E-02	7.14E-02	2.45E-02	
group_4295	1.85E-01	3.71E-03	1.06E-01	6.13E-02	3.78E-02	4.13E-02	
group_4336	1.85E-01	1.80E-10	7.31E-01	3.53E-02	1.03E-01	8.77E-03	
group_4308	1.84E-01	1.72E-05	6.37E-01	-1.88E-02	3.98E-02	1.20E-02	
group_5165	1.84E-01	7.80E-12	5.98E-01	-5.03E-02	9.53E-02	1.35E-02	
group_1911	1.84E-01	3.93E-03	2.64E-01	7.60E-02	6.80E-02	2.85E-02	
group_550	1.84E-01	1.23E-01	6.02E-01	2.76E-02	5.29E-02	1.33E-02	
group_689	1.83E-01	1.43E-09	6.14E-01	-3.18E-02	6.31E-02	1.29E-02	
group_1158	1.82E-01	6.64E-04	8.29E-01	-1.45E-02	6.69E-02	5.52E-03	
group_1847	1.82E-01	5.34E-04	9.02E-01	1.20E-02	9.80E-02	3.13E-03	
group_467	1.81E-01	4.89E-01	5.03E-01	-2.75E-02	4.10E-02	1.71E-02	
group_5128	1.81E-01	4.87E-05	7.09E-01	-1.47E-02	3.95E-02	9.51E-03	
group_4960	1.80E-01	1.21E-03	9.51E-01	4.64E-03	7.57E-02	1.56E-03	
dpnM	1.80E-01	1.21E-03	9.51E-01	4.64E-03	7.57E-02	1.56E-03	
group_95	1.80E-01	2.22E-10	6.71E-01	-3.63E-02	8.54E-02	1.08E-02	
insK_2	1.79E-01	4.91E-03	6.03E-01	-1.63E-02	3.14E-02	1.33E-02	
group_1448	1.79E-01	1.52E-08	3.98E-01	7.51E-02	8.88E-02	2.16E-02	
group_1894	1.78E-01	2.83E-02	7.27E-01	1.60E-02	4.59E-02	8.91E-03	
tal_1	1.78E-01	8.79E-10	2.26E-01	-8.99E-02	7.42E-02	3.09E-02	
group_5116	1.77E-01	2.72E-10	6.88E-01	-2.82E-02	7.03E-02	1.02E-02	
group_2528	1.77E-01	1.45E-02	6.75E-01	2.20E-02	5.25E-02	1.07E-02	
group_4863	1.77E-01	2.98E-02	7.48E-01	1.48E-02	4.60E-02	8.20E-03	
group_5125	1.77E-01	1.77E-03	3.65E-01	-3.39E-02	3.74E-02	2.31E-02	
group_1092	1.76E-01	3.36E-09	2.98E-01	-6.09E-02	5.84E-02	2.66E-02	
group_1909	1.76E-01	2.29E-03	1.97E-01	1.02E-01	7.87E-02	3.29E-02	
group_3066	1.76E-01	7.10E-07	6.21E-01	-1.72E-02	3.49E-02	1.26E-02	
group_3619	1.76E-01	1.44E-03	2.93E-01	-3.94E-02	3.75E-02	2.68E-02	
group_2971	1.75E-01	2.01E-04	5.60E-01	3.35E-02	5.74E-02	1.49E-02	
group_3064	1.75E-01	8.54E-05	9.94E-01	2.59E-04	3.52E-02	1.87E-04	
group_4213	1.75E-01	8.54E-05	9.94E-01	2.59E-04	3.52E-02	1.87E-04	
group_4214	1.75E-01	8.54E-05	9.94E-01	2.59E-04	3.52E-02	1.87E-04	
group_4215	1.75E-01	8.54E-05	9.94E-01	2.59E-04	3.52E-02	1.87E-04	
group_4990	1.75E-01	8.54E-05	9.94E-01	2.59E-04	3.52E-02	1.87E-04	
group_4991	1.75E-01	8.54E-05	9.94E-01	2.59E-04	3.52E-02	1.87E-04	
group_4992	1.75E-01	8.54E-05	9.94E-01	2.59E-04	3.52E-02	1.87E-04	
group_4993	1.75E-01	8.54E-05	9.94E-01	2.59E-04	3.52E-02	1.87E-04	
group_4994	1.75E-01	8.54E-05	9.94E-01	2.59E-04	3.52E-02	1.87E-04	
group_4995	1.75E-01	8.54E-05	9.94E-01	2.59E-04	3.52E-02	1.87E-04	
group_4996	1.75E-01	8.54E-05	9.94E-01	2.59E-04	3.52E-02	1.87E-04	
group_2296	1.75E-01	3.78E-03	6.47E-03	2.00E-01	7.34E-02	6.94E-02	
group_3025	1.75E-01	3.44E-04	7.78E-01	2.73E-02	9.68E-02	7.19E-03	
group_3559	1.74E-01	9.07E-05	9.99E-01	-5.87E-05	3.54E-02	4.23E-05	
group_858	1.74E-01	1.25E-17	6.37E-01	2.43E-02	5.16E-02	1.20E-02	
group_4201	1.73E-01	2.57E-03	7.97E-01	1.48E-02	5.75E-02	6.55E-03	
group_463	1.73E-01	1.68E-04	6.81E-01	-3.59E-02	8.73E-02	1.05E-02	
group_435	1.71E-01	3.55E-06	1.12E-01	-7.09E-02	4.46E-02	4.06E-02	
group_4974	1.70E-01	9.08E-04	5.07E-01	8.71E-02	1.31E-01	1.69E-02	
group_666	1.70E-01	5.00E-10	8.48E-01	-8.44E-03	4.40E-02	4.89E-03	
group_2919	1.69E-01	5.41E-01	3.98E-01	4.31E-02	5.09E-02	2.16E-02	
group_1134	1.69E-01	9.63E-04	5.55E-01	6.39E-02	1.08E-01	1.51E-02	
group_1935	1.69E-01	1.56E-03	2.03E-01	1.54E-01	1.21E-01	3.24E-02	
group_2682	1.69E-01	1.14E-08	3.05E-01	5.18E-02	5.05E-02	2.62E-02	
group_2713	1.69E-01	2.84E-02	5.71E-01	-2.47E-02	4.36E-02	1.44E-02	
group_3589	1.69E-01	2.84E-02	5.71E-01	-2.47E-02	4.36E-02	1.44E-02	
group_777	1.69E-01	2.84E-02	5.71E-01	-2.47E-02	4.36E-02	1.44E-02	
group_3020	1.68E-01	1.38E-06	1.37E-01	-5.13E-02	3.44E-02	3.79E-02	
group_3094	1.68E-01	2.43E-02	5.11E-01	-2.85E-02	4.34E-02	1.67E-02	
group_1110	1.67E-01	8.19E-04	9.48E-01	4.96E-03	7.54E-02	1.68E-03	
group_114	1.67E-01	5.28E-03	7.22E-01	-2.03E-02	5.71E-02	9.07E-03	
group_1175	1.67E-01	2.56E-02	5.69E-01	-2.46E-02	4.31E-02	1.45E-02	
group_627	1.67E-01	5.07E-02	3.97E-01	5.54E-02	6.54E-02	2.16E-02	
group_28	1.66E-01	2.29E-13	6.99E-01	1.41E-02	3.64E-02	9.87E-03	
group_2057	1.66E-01	1.65E-05	9.14E-01	-9.01E-03	8.35E-02	2.75E-03	
group_469	1.65E-01	3.45E-01	5.88E-01	2.00E-02	3.69E-02	1.38E-02	
group_767	1.65E-01	6.02E-10	8.05E-01	-1.97E-02	7.95E-02	6.31E-03	
group_1276	1.64E-01	1.50E-03	7.93E-01	-1.60E-02	6.11E-02	6.68E-03	
group_230	1.64E-01	2.83E-02	2.18E-01	-4.68E-02	3.80E-02	3.14E-02	
group_3056	1.64E-01	6.87E-09	3.73E-01	4.71E-02	5.28E-02	2.27E-02	
group_1650	1.64E-01	1.31E-16	6.29E-01	2.44E-02	5.06E-02	1.23E-02	
group_2324	1.64E-01	3.59E-09	4.33E-01	6.87E-02	8.77E-02	2.00E-02	
group_3062	1.64E-01	2.47E-05	9.24E-01	-3.43E-03	3.62E-02	2.42E-03	
group_3574	1.64E-01	3.59E-09	4.33E-01	6.87E-02	8.77E-02	2.00E-02	
group_3667	1.64E-01	1.54E-11	5.82E-01	3.71E-02	6.74E-02	1.40E-02	
group_5076	1.64E-01	3.59E-09	4.33E-01	6.87E-02	8.77E-02	2.00E-02	
group_96	1.64E-01	4.11E-15	4.06E-01	3.41E-02	4.10E-02	2.12E-02	
group_2332	1.63E-01	2.40E-09	6.11E-01	4.38E-02	8.61E-02	1.30E-02	
group_5075	1.63E-01	5.61E-09	3.41E-01	8.20E-02	8.60E-02	2.43E-02	
group_3172	1.62E-01	3.77E-09	9.22E-01	4.31E-03	4.42E-02	2.49E-03	
group_4273	1.62E-01	3.77E-09	4.98E-01	5.73E-02	8.46E-02	1.73E-02	
group_5066	1.62E-01	8.74E-05	4.73E-02	3.17E-01	1.60E-01	5.05E-02	
group_1496	1.62E-01	1.69E-03	6.04E-01	-3.19E-02	6.14E-02	1.32E-02	
group_3129	1.62E-01	6.32E-12	9.91E-01	-9.28E-04	7.89E-02	3.00E-04	
group_3622	1.62E-01	4.42E-02	8.79E-01	-6.24E-03	4.10E-02	3.88E-03	
group_5126	1.62E-01	4.42E-02	8.79E-01	-6.24E-03	4.10E-02	3.88E-03	
group_2083	1.61E-01	1.67E-14	3.24E-01	3.62E-02	3.67E-02	2.52E-02	
group_3139	1.61E-01	2.68E-02	7.68E-01	1.19E-02	4.03E-02	7.54E-03	
group_3625	1.61E-01	2.20E-03	2.55E-01	-4.57E-02	4.01E-02	2.90E-02	
group_4298	1.61E-01	3.82E-02	8.24E-01	-9.11E-03	4.10E-02	5.67E-03	
group_4299	1.61E-01	5.34E-02	9.11E-01	-4.61E-03	4.11E-02	2.86E-03	
group_4300	1.61E-01	5.34E-02	9.11E-01	-4.61E-03	4.11E-02	2.86E-03	
group_1161	1.60E-01	2.86E-03	6.32E-01	-2.70E-02	5.65E-02	1.22E-02	
group_2790	1.60E-01	6.43E-02	9.94E-01	-3.20E-04	4.12E-02	1.98E-04	
group_2471	1.60E-01	9.64E-09	4.72E-01	5.74E-02	7.98E-02	1.84E-02	
group_3116	1.60E-01	9.63E-05	2.26E-01	-5.65E-02	4.66E-02	3.09E-02	
group_3560	1.60E-01	1.32E-02	7.21E-02	-7.01E-02	3.90E-02	4.58E-02	
group_4310	1.60E-01	7.69E-02	8.18E-01	9.55E-03	4.14E-02	5.88E-03	
group_2689	1.59E-01	2.41E-02	4.06E-01	3.17E-02	3.81E-02	2.12E-02	
group_588	1.59E-01	1.64E-07	7.42E-01	-2.16E-02	6.57E-02	8.40E-03	
group_3597	1.58E-01	1.73E-07	2.26E-01	1.00E-01	8.27E-02	3.09E-02	
group_4349	1.58E-01	3.20E-23	1.30E-01	-2.54E-01	1.68E-01	3.86E-02	
group_2307	1.57E-01	1.24E-10	7.30E-01	-1.39E-02	4.04E-02	8.79E-03	
group_3697	1.57E-01	1.97E-04	2.50E-01	-3.99E-02	3.47E-02	2.94E-02	
group_4209	1.57E-01	1.25E-08	8.42E-01	-1.11E-02	5.56E-02	5.08E-03	
group_1341	1.56E-01	2.24E-01	8.88E-01	-5.54E-03	3.95E-02	3.58E-03	
cinA_1	1.56E-01	3.40E-06	3.18E-01	-1.08E-01	1.08E-01	2.55E-02	
group_805	1.56E-01	4.32E-01	3.53E-01	3.55E-02	3.82E-02	2.37E-02	
group_1735	1.56E-01	5.75E-08	4.52E-01	6.16E-02	8.19E-02	1.92E-02	
uvrB_2	1.55E-01	4.01E-02	1.89E-01	7.32E-02	5.57E-02	3.35E-02	
group_681	1.55E-01	4.01E-02	1.89E-01	7.32E-02	5.57E-02	3.35E-02	
group_3135	1.55E-01	1.63E-01	6.04E-01	2.18E-02	4.20E-02	1.32E-02	
group_544	1.55E-01	1.09E-02	7.66E-01	1.42E-02	4.77E-02	7.60E-03	
group_1746	1.54E-01	4.34E-07	1.06E-01	1.27E-01	7.85E-02	4.12E-02	
group_4984	1.54E-01	5.19E-04	8.39E-01	-7.45E-03	3.66E-02	5.19E-03	
group_4311	1.53E-01	5.12E-02	7.13E-01	1.57E-02	4.28E-02	9.36E-03	
group_5107	1.53E-01	9.26E-10	8.73E-01	1.04E-02	6.52E-02	4.06E-03	
group_1101	1.53E-01	6.19E-02	8.41E-01	8.42E-03	4.19E-02	5.12E-03	
group_3612	1.53E-01	5.03E-10	7.50E-01	2.05E-02	6.45E-02	8.13E-03	
group_688	1.53E-01	1.83E-14	9.10E-01	-5.54E-03	4.89E-02	2.89E-03	
group_3596	1.52E-01	1.48E-07	2.80E-01	9.71E-02	8.98E-02	2.76E-02	
group_4510	1.52E-01	1.48E-07	2.80E-01	9.71E-02	8.98E-02	2.76E-02	
group_5135	1.52E-01	2.03E-03	9.98E-01	1.08E-04	4.10E-02	6.72E-05	
dnaC_2	1.51E-01	1.02E-02	3.28E-01	-3.55E-02	3.63E-02	2.49E-02	
group_3128	1.51E-01	9.19E-10	8.90E-01	9.13E-03	6.58E-02	3.54E-03	
group_4290	1.51E-01	9.19E-10	8.90E-01	9.13E-03	6.58E-02	3.54E-03	
group_2315	1.51E-01	1.14E-13	6.43E-01	-1.83E-02	3.95E-02	1.18E-02	
group_2339	1.51E-01	9.52E-10	6.31E-01	-3.77E-02	7.86E-02	1.22E-02	
group_3125	1.51E-01	4.97E-10	7.30E-01	2.29E-02	6.65E-02	8.79E-03	
group_3614	1.51E-01	4.97E-10	7.30E-01	2.29E-02	6.65E-02	8.79E-03	
group_5101	1.51E-01	4.97E-10	7.30E-01	2.29E-02	6.65E-02	8.79E-03	
group_5102	1.51E-01	4.97E-10	7.30E-01	2.29E-02	6.65E-02	8.79E-03	
group_5103	1.51E-01	4.97E-10	7.30E-01	2.29E-02	6.65E-02	8.79E-03	
group_3171	1.50E-01	1.53E-09	6.03E-01	4.03E-02	7.74E-02	1.33E-02	
group_335	1.50E-01	2.41E-14	2.98E-01	4.32E-02	4.15E-02	2.65E-02	
group_3611	1.50E-01	2.65E-10	6.53E-01	3.02E-02	6.71E-02	1.15E-02	
group_5106	1.50E-01	2.65E-10	7.05E-01	2.51E-02	6.65E-02	9.64E-03	
group_1609	1.49E-01	1.58E-06	8.46E-01	-1.10E-02	5.63E-02	4.97E-03	
group_2348	1.49E-01	3.61E-10	7.18E-01	2.40E-02	6.64E-02	9.21E-03	
uvrB_1	1.49E-01	3.61E-10	5.92E-01	3.51E-02	6.55E-02	1.37E-02	
group_3754	1.49E-01	9.10E-10	8.24E-01	1.46E-02	6.57E-02	5.67E-03	
group_4313	1.49E-01	2.01E-02	6.12E-01	-2.14E-02	4.21E-02	1.29E-02	
group_4625	1.49E-01	3.61E-10	7.18E-01	2.40E-02	6.64E-02	9.21E-03	
group_5134	1.49E-01	1.47E-01	8.72E-01	6.90E-03	4.27E-02	4.12E-03	
group_3610	1.49E-01	4.90E-10	4.79E-01	4.63E-02	6.54E-02	1.80E-02	
group_4285	1.49E-01	4.90E-10	4.79E-01	4.63E-02	6.54E-02	1.80E-02	
group_4286	1.49E-01	4.90E-10	4.79E-01	4.63E-02	6.54E-02	1.80E-02	
group_4288	1.49E-01	4.90E-10	4.79E-01	4.63E-02	6.54E-02	1.80E-02	
group_5092	1.49E-01	4.90E-10	4.79E-01	4.63E-02	6.54E-02	1.80E-02	
group_5093	1.49E-01	4.90E-10	4.79E-01	4.63E-02	6.54E-02	1.80E-02	
group_5094	1.49E-01	4.90E-10	4.79E-01	4.63E-02	6.54E-02	1.80E-02	
group_15	1.48E-01	6.09E-03	7.25E-01	1.45E-02	4.11E-02	8.97E-03	
group_2744	1.48E-01	1.66E-09	7.59E-01	1.97E-02	6.44E-02	7.81E-03	
group_350	1.48E-01	7.98E-07	9.09E-02	1.38E-01	8.18E-02	4.31E-02	
group_3631	1.48E-01	8.55E-02	7.31E-01	1.45E-02	4.21E-02	8.75E-03	
ssp5_2	1.48E-01	3.09E-02	7.30E-01	-1.51E-02	4.38E-02	8.81E-03	
group_1929	1.47E-01	2.27E-08	6.03E-01	-2.29E-02	4.40E-02	1.33E-02	
group_2341	1.47E-01	3.54E-10	3.78E-01	5.68E-02	6.44E-02	2.25E-02	
group_2746	1.47E-01	3.54E-10	3.74E-01	5.73E-02	6.44E-02	2.27E-02	
group_981	1.47E-01	1.79E-01	9.21E-01	-3.72E-03	3.73E-02	2.54E-03	
group_5105	1.47E-01	9.63E-12	4.74E-01	4.96E-02	6.93E-02	1.82E-02	
group_2274	1.46E-01	4.78E-12	9.60E-01	-1.86E-03	3.72E-02	1.28E-03	
group_2548	1.46E-01	2.73E-07	6.18E-01	-2.26E-02	4.52E-02	1.27E-02	
group_3121	1.46E-01	6.53E-10	4.50E-01	4.80E-02	6.36E-02	1.93E-02	
group_4289	1.46E-01	4.78E-12	4.07E-01	5.80E-02	7.00E-02	2.12E-02	
group_5097	1.46E-01	2.55E-10	4.34E-01	5.24E-02	6.70E-02	1.99E-02	
group_5098	1.46E-01	2.55E-10	4.34E-01	5.24E-02	6.70E-02	1.99E-02	
group_535	1.46E-01	5.90E-07	1.67E-01	1.09E-01	7.89E-02	3.53E-02	
group_3613	1.45E-01	8.85E-10	6.01E-01	3.53E-02	6.74E-02	1.33E-02	
group_5104	1.45E-01	8.85E-10	6.01E-01	3.53E-02	6.74E-02	1.33E-02	
group_5108	1.45E-01	8.85E-10	6.01E-01	3.53E-02	6.74E-02	1.33E-02	
group_8327	1.45E-01	3.47E-10	4.72E-01	4.79E-02	6.67E-02	1.83E-02	
group_268	1.45E-01	1.31E-03	9.61E-01	2.14E-03	4.42E-02	1.23E-03	
group_2741	1.45E-01	4.72E-10	5.28E-01	4.30E-02	6.80E-02	1.61E-02	
group_3535	1.45E-01	1.26E-15	1.49E-01	5.33E-02	3.69E-02	3.68E-02	
group_5096	1.45E-01	4.72E-10	5.14E-01	4.33E-02	6.63E-02	1.67E-02	
group_5109	1.45E-01	4.72E-10	5.28E-01	4.30E-02	6.80E-02	1.61E-02	
group_5110	1.45E-01	4.72E-10	5.28E-01	4.30E-02	6.80E-02	1.61E-02	
group_5131	1.45E-01	5.92E-02	1.12E-01	6.24E-02	3.93E-02	4.05E-02	
group_2343	1.44E-01	6.41E-10	5.69E-01	3.73E-02	6.56E-02	1.45E-02	
group_3126	1.44E-01	6.41E-10	6.21E-01	3.31E-02	6.71E-02	1.26E-02	
group_1186	1.44E-01	2.88E-06	3.74E-01	-3.61E-02	4.06E-02	2.27E-02	
group_2017	1.44E-01	3.07E-02	8.80E-01	-6.58E-03	4.36E-02	3.85E-03	
group_2352	1.44E-01	2.09E-02	5.54E-01	-2.51E-02	4.24E-02	1.51E-02	
group_2370	1.44E-01	6.21E-02	6.99E-01	1.68E-02	4.35E-02	9.86E-03	
group_1927	1.43E-01	3.73E-15	1.02E-01	-1.40E-01	8.58E-02	4.17E-02	
group_1984	1.43E-01	1.69E-05	1.32E-01	-5.87E-02	3.89E-02	3.84E-02	
group_2347	1.43E-01	1.18E-09	6.78E-01	2.77E-02	6.67E-02	1.06E-02	
group_1374	1.42E-01	3.92E-03	7.79E-01	-2.35E-02	8.37E-02	7.15E-03	
group_2340	1.42E-01	9.67E-03	3.02E-01	8.96E-02	8.67E-02	2.63E-02	
group_4216	1.42E-01	4.31E-12	2.40E-01	8.22E-02	6.99E-02	3.00E-02	
group_4287	1.42E-01	4.31E-12	2.40E-01	8.22E-02	6.99E-02	3.00E-02	
group_5006	1.42E-01	1.46E-06	8.41E-01	8.16E-03	4.08E-02	5.10E-03	
group_5095	1.42E-01	4.31E-12	2.40E-01	8.22E-02	6.99E-02	3.00E-02	
group_5099	1.42E-01	4.31E-12	2.40E-01	8.22E-02	6.99E-02	3.00E-02	
group_5100	1.42E-01	4.31E-12	2.40E-01	8.22E-02	6.99E-02	3.00E-02	
group_3609	1.42E-01	6.00E-12	2.68E-01	7.70E-02	6.95E-02	2.82E-02	
group_2376	1.41E-01	1.30E-05	6.84E-01	3.87E-02	9.50E-02	1.04E-02	
group_3123	1.41E-01	8.35E-12	3.06E-01	7.06E-02	6.89E-02	2.61E-02	
group_5158	1.41E-01	3.30E-07	9.10E-01	-1.93E-02	1.70E-01	2.90E-03	
group_5269	1.41E-01	1.55E-03	4.18E-01	-3.07E-02	3.78E-02	2.07E-02	
group_712	1.41E-01	2.32E-02	6.97E-01	-1.70E-02	4.37E-02	9.92E-03	
group_947	1.41E-01	2.09E-07	4.07E-01	-3.19E-02	3.84E-02	2.11E-02	
group_1539	1.40E-01	3.23E-11	4.60E-01	5.07E-02	6.85E-02	1.89E-02	
group_3040	1.40E-01	1.88E-05	2.16E-01	9.09E-02	7.35E-02	3.15E-02	
group_3690	1.40E-01	1.23E-03	3.95E-01	-3.22E-02	3.79E-02	2.17E-02	
group_1987	1.40E-01	1.97E-15	3.40E-01	-3.97E-02	4.16E-02	2.43E-02	
group_3877	1.40E-01	1.66E-06	3.41E-01	-5.82E-02	6.11E-02	2.43E-02	
group_5268	1.40E-01	2.70E-03	4.66E-01	-2.77E-02	3.79E-02	1.86E-02	
group_2735	1.39E-01	1.01E-06	4.21E-01	-4.95E-02	6.15E-02	2.05E-02	
group_1335	1.38E-01	1.14E-02	1.31E-01	1.15E-01	7.63E-02	3.85E-02	
group_4284	1.38E-01	2.76E-01	4.86E-01	-3.27E-02	4.70E-02	1.78E-02	
group_4307	1.38E-01	2.29E-03	2.49E-01	-5.27E-02	4.57E-02	2.94E-02	
group_1036	1.36E-01	3.36E-02	3.63E-01	-4.98E-02	5.47E-02	2.32E-02	
group_2330	1.36E-01	8.16E-03	4.63E-01	5.54E-02	7.54E-02	1.87E-02	
group_1159	1.35E-01	2.32E-05	2.42E-01	9.34E-02	7.98E-02	2.98E-02	
group_972	1.35E-01	2.16E-08	7.87E-01	-1.99E-02	7.37E-02	6.89E-03	
group_632	1.34E-01	8.92E-05	4.46E-01	2.82E-02	3.69E-02	1.94E-02	
group_1536	1.34E-01	1.63E-07	3.11E-01	-6.22E-02	6.14E-02	2.58E-02	
group_1726	1.34E-01	1.10E-02	7.95E-01	1.03E-02	3.95E-02	6.62E-03	
group_175	1.34E-01	2.99E-08	1.15E-01	-5.95E-02	3.77E-02	4.02E-02	
group_2045	1.34E-01	1.24E-07	7.68E-01	-2.41E-02	8.16E-02	7.53E-03	
group_2363	1.34E-01	1.10E-02	4.91E-01	-3.13E-02	4.55E-02	1.76E-02	
group_4269	1.34E-01	1.10E-12	5.47E-01	6.21E-02	1.03E-01	1.54E-02	
group_1316	1.33E-01	1.91E-12	4.30E-01	7.93E-02	1.00E-01	2.01E-02	
group_1333	1.33E-01	9.09E-03	1.90E-01	1.02E-01	7.79E-02	3.34E-02	
group_2318	1.33E-01	3.56E-03	5.83E-01	-2.40E-02	4.37E-02	1.40E-02	
group_5263	1.33E-01	3.52E-05	6.67E-01	2.59E-02	6.01E-02	1.10E-02	
group_4338	1.32E-01	5.03E-05	5.06E-01	-4.75E-02	7.15E-02	1.69E-02	
group_819	1.32E-01	5.40E-10	2.43E-01	-7.84E-02	6.71E-02	2.98E-02	
group_1066	1.32E-01	3.87E-04	9.62E-01	1.81E-03	3.75E-02	1.23E-03	
group_1473	1.32E-01	9.85E-01	3.56E-01	-3.53E-02	3.82E-02	2.35E-02	
group_4221	1.32E-01	6.07E-03	7.16E-01	1.63E-02	4.49E-02	9.28E-03	
lexA	1.32E-01	6.07E-03	7.16E-01	1.63E-02	4.49E-02	9.28E-03	
group_265	1.31E-01	1.23E-02	6.71E-01	-1.62E-02	3.81E-02	1.08E-02	
group_4989	1.31E-01	2.72E-05	3.82E-01	-3.60E-02	4.11E-02	2.23E-02	
group_4302	1.31E-01	5.06E-02	6.21E-01	-2.30E-02	4.66E-02	1.26E-02	
group_5145	1.31E-01	3.49E-02	3.77E-01	-7.28E-02	8.23E-02	2.25E-02	
group_2393	1.30E-01	3.47E-01	9.92E-01	3.86E-04	4.01E-02	2.45E-04	
group_2770	1.30E-01	3.47E-01	9.92E-01	3.86E-04	4.01E-02	2.45E-04	
group_383	1.30E-01	6.53E-01	1.58E-01	9.86E-02	6.98E-02	3.60E-02	
group_4041	1.30E-01	2.13E-02	1.67E-01	7.87E-02	5.68E-02	3.53E-02	
group_4866	1.30E-01	2.13E-02	1.67E-01	7.87E-02	5.68E-02	3.53E-02	
group_1730	1.29E-01	2.55E-03	3.18E-01	-4.94E-02	4.95E-02	2.54E-02	
group_4309	1.29E-01	2.49E-02	5.10E-01	-2.98E-02	4.53E-02	1.68E-02	
group_4997	1.29E-01	5.31E-02	9.59E-01	-2.08E-03	4.05E-02	1.31E-03	
group_5146	1.29E-01	2.49E-02	2.78E-01	-8.69E-02	8.00E-02	2.77E-02	
group_107	1.29E-01	5.49E-03	8.26E-01	-1.10E-02	5.00E-02	5.62E-03	
group_1160	1.29E-01	3.40E-04	5.94E-01	-2.06E-02	3.86E-02	1.36E-02	
pezA	1.29E-01	2.08E-02	4.55E-01	-3.37E-02	4.51E-02	1.91E-02	
group_2740	1.29E-01	6.39E-07	6.38E-01	-2.72E-02	5.79E-02	1.20E-02	
group_3579	1.29E-01	2.85E-11	4.02E-01	8.11E-02	9.68E-02	2.14E-02	
group_1738	1.28E-01	4.83E-11	3.47E-01	9.11E-02	9.69E-02	2.40E-02	
group_1754	1.28E-01	2.62E-02	4.83E-01	-3.17E-02	4.52E-02	1.79E-02	
group_2004	1.28E-01	2.62E-02	4.90E-01	-3.12E-02	4.52E-02	1.76E-02	
group_5072	1.28E-01	4.83E-11	3.65E-01	9.06E-02	1.00E-01	2.31E-02	
group_5073	1.28E-01	4.83E-11	3.65E-01	9.06E-02	1.00E-01	2.31E-02	
group_2065	1.27E-01	1.64E-09	2.57E-01	-8.73E-02	7.70E-02	2.89E-02	
group_91	1.27E-01	1.07E-08	7.33E-01	-2.42E-02	7.07E-02	8.71E-03	
group_1339	1.27E-01	1.55E-01	6.96E-01	1.84E-02	4.70E-02	9.97E-03	
group_2530	1.27E-01	9.86E-01	6.39E-01	2.11E-02	4.50E-02	1.20E-02	
group_3192	1.27E-01	2.76E-02	4.49E-01	-3.41E-02	4.51E-02	1.93E-02	
dnaG_1	1.27E-01	4.06E-02	6.27E-01	-2.22E-02	4.57E-02	1.24E-02	
group_110	1.26E-01	2.31E-02	9.91E-01	-5.77E-04	4.98E-02	2.96E-04	
pezT	1.26E-01	5.01E-02	5.99E-01	-2.40E-02	4.57E-02	1.34E-02	
group_3630	1.26E-01	3.44E-02	6.21E-01	-2.29E-02	4.64E-02	1.26E-02	
group_2364	1.25E-01	4.95E-03	2.54E-01	-4.60E-02	4.03E-02	2.91E-02	
tet(O)	1.25E-01	2.90E-02	3.83E-01	-3.91E-02	4.48E-02	2.22E-02	
regX3	1.25E-01	6.15E-02	6.67E-01	-1.98E-02	4.60E-02	1.10E-02	
group_4394	1.25E-01	6.15E-02	6.67E-01	-1.98E-02	4.60E-02	1.10E-02	
creC	1.25E-01	6.15E-02	6.67E-01	-1.98E-02	4.60E-02	1.10E-02	
group_5295	1.25E-01	6.15E-02	6.67E-01	-1.98E-02	4.60E-02	1.10E-02	
nisI	1.25E-01	6.15E-02	6.67E-01	-1.98E-02	4.60E-02	1.10E-02	
group_5297	1.25E-01	6.15E-02	6.67E-01	-1.98E-02	4.60E-02	1.10E-02	
group_5298	1.25E-01	6.15E-02	6.67E-01	-1.98E-02	4.60E-02	1.10E-02	
bcrA	1.25E-01	6.15E-02	6.67E-01	-1.98E-02	4.60E-02	1.10E-02	
group_5300	1.25E-01	6.15E-02	6.67E-01	-1.98E-02	4.60E-02	1.10E-02	
group_5301	1.25E-01	6.15E-02	6.67E-01	-1.98E-02	4.60E-02	1.10E-02	
hipO	1.25E-01	3.31E-13	5.87E-01	-5.29E-02	9.73E-02	1.39E-02	
dnaD_1	1.24E-01	9.79E-05	3.31E-01	-3.94E-02	4.05E-02	2.48E-02	
group_2845	1.24E-01	3.17E-03	7.04E-01	3.59E-02	9.43E-02	9.70E-03	
group_4983	1.24E-01	3.43E-04	3.42E-01	-3.77E-02	3.96E-02	2.42E-02	
group_5202	1.24E-01	1.82E-08	2.21E-01	9.19E-02	7.50E-02	3.12E-02	
group_5287	1.24E-01	2.23E-01	8.35E-01	-8.57E-03	4.12E-02	5.31E-03	
group_5288	1.24E-01	2.23E-01	8.35E-01	-8.57E-03	4.12E-02	5.31E-03	
group_5290	1.24E-01	2.23E-01	8.35E-01	-8.57E-03	4.12E-02	5.31E-03	
group_1072	1.23E-01	1.09E-04	7.16E-01	1.41E-02	3.88E-02	9.29E-03	
group_2245	1.23E-01	1.68E-11	7.79E-01	2.38E-02	8.51E-02	7.14E-03	
group_5164	1.23E-01	1.39E-02	6.10E-02	2.15E-01	1.15E-01	4.77E-02	
group_1768	1.22E-01	4.01E-02	6.97E-01	-1.83E-02	4.71E-02	9.92E-03	
group_1783	1.22E-01	1.78E-02	5.36E-01	-3.03E-02	4.90E-02	1.58E-02	
group_4035	1.22E-01	8.67E-01	4.57E-01	3.43E-02	4.61E-02	1.89E-02	
group_5069	1.22E-01	8.38E-11	3.34E-01	1.04E-01	1.08E-01	2.46E-02	
group_1483	1.21E-01	2.90E-09	9.01E-01	-7.50E-03	6.02E-02	3.18E-03	
group_3187	1.21E-01	3.13E-01	9.33E-01	-3.47E-03	4.13E-02	2.14E-03	
dinB_1	1.21E-01	2.25E-02	9.09E-01	6.48E-03	5.70E-02	2.90E-03	
group_507	1.21E-01	1.10E-06	7.47E-02	-6.90E-02	3.87E-02	4.54E-02	
group_5127	1.21E-01	4.96E-02	7.16E-01	-1.83E-02	5.01E-02	9.29E-03	
group_5286	1.21E-01	1.84E-01	8.74E-01	-6.61E-03	4.18E-02	4.04E-03	
group_1774	1.21E-01	2.81E-03	6.73E-01	-1.70E-02	4.04E-02	1.08E-02	
group_3132	1.21E-01	8.66E-02	8.76E-01	7.69E-03	4.93E-02	3.98E-03	
group_3623	1.21E-01	6.11E-02	9.47E-01	3.29E-03	4.95E-02	1.70E-03	
group_827	1.21E-01	7.12E-04	4.30E-01	2.99E-02	3.78E-02	2.01E-02	
group_142	1.20E-01	2.22E-03	9.25E-01	-9.53E-03	1.01E-01	2.41E-03	
group_2721	1.20E-01	4.01E-10	1.39E-01	1.48E-01	1.00E-01	3.77E-02	
group_3606	1.20E-01	2.17E-04	9.86E-01	9.47E-04	5.21E-02	4.63E-04	
group_3654	1.20E-01	1.55E-02	8.79E-02	1.81E-01	1.06E-01	4.35E-02	
group_4301	1.20E-01	1.05E-01	7.44E-01	1.62E-02	4.96E-02	8.32E-03	
group_3620	1.19E-01	6.42E-02	7.41E-01	-1.66E-02	5.00E-02	8.44E-03	
group_4062	1.19E-01	2.96E-03	4.41E-01	-3.42E-02	4.44E-02	1.96E-02	
group_4296	1.19E-01	5.57E-04	6.25E-01	-2.00E-02	4.09E-02	1.24E-02	
group_4297	1.19E-01	6.42E-02	7.41E-01	-1.66E-02	5.00E-02	8.44E-03	
group_5189	1.19E-01	9.79E-13	7.45E-01	-5.66E-02	1.74E-01	8.29E-03	
group_5190	1.19E-01	9.79E-13	8.91E-01	-2.13E-02	1.55E-01	3.50E-03	
group_3621	1.19E-01	1.10E-01	9.20E-01	-5.01E-03	4.99E-02	2.56E-03	
galM	1.19E-01	2.50E-02	2.66E-01	-9.14E-02	8.21E-02	2.84E-02	
galE_2	1.19E-01	2.50E-02	2.66E-01	-9.14E-02	8.21E-02	2.84E-02	
galT	1.19E-01	2.50E-02	2.66E-01	-9.14E-02	8.21E-02	2.84E-02	
group_633	1.19E-01	4.04E-10	1.87E-01	1.27E-01	9.64E-02	3.36E-02	
rhaS_2	1.18E-01	3.15E-02	3.63E-01	-7.35E-02	8.08E-02	2.32E-02	
gatC_4	1.18E-01	3.15E-02	3.63E-01	-7.35E-02	8.08E-02	2.32E-02	
group_3114	1.18E-01	1.71E-04	8.32E-01	-1.11E-02	5.24E-02	5.40E-03	
group_3130	1.18E-01	6.74E-02	7.29E-01	-1.75E-02	5.04E-02	8.85E-03	
group_3558	1.18E-01	1.32E-01	4.70E-01	-3.07E-02	4.24E-02	1.84E-02	
galK_2	1.18E-01	3.15E-02	3.63E-01	-7.35E-02	8.08E-02	2.32E-02	
group_4323	1.18E-01	3.15E-02	3.63E-01	-7.35E-02	8.08E-02	2.32E-02	
gatA_2	1.18E-01	3.15E-02	3.63E-01	-7.35E-02	8.08E-02	2.32E-02	
group_4945	1.18E-01	3.15E-02	7.65E-01	1.77E-02	5.92E-02	7.63E-03	
group_4946	1.18E-01	3.15E-02	7.65E-01	1.77E-02	5.92E-02	7.63E-03	
group_5142	1.18E-01	3.15E-02	3.63E-01	-7.35E-02	8.08E-02	2.32E-02	
group_5143	1.18E-01	3.15E-02	3.63E-01	-7.35E-02	8.08E-02	2.32E-02	
rhaD	1.18E-01	3.15E-02	3.63E-01	-7.35E-02	8.08E-02	2.32E-02	
gatC_5	1.18E-01	3.15E-02	3.63E-01	-7.35E-02	8.08E-02	2.32E-02	
melD	1.18E-01	2.63E-02	3.13E-01	-8.04E-02	7.97E-02	2.57E-02	
group_38	1.18E-01	4.16E-03	7.68E-01	-1.60E-02	5.40E-02	7.53E-03	
group_4322	1.18E-01	2.63E-02	2.88E-01	-8.47E-02	7.97E-02	2.71E-02	
group_2011	1.17E-01	5.26E-06	6.09E-01	3.33E-02	6.50E-02	1.31E-02	
group_2260	1.17E-01	9.77E-01	5.21E-01	2.61E-02	4.06E-02	1.64E-02	
group_3188	1.17E-01	2.41E-06	9.17E-01	6.98E-03	6.67E-02	2.67E-03	
group_5203	1.17E-01	5.26E-06	5.29E-01	4.16E-02	6.60E-02	1.61E-02	
group_5308	1.17E-01	7.08E-02	8.82E-01	-7.04E-03	4.75E-02	3.78E-03	
group_1330	1.16E-01	6.05E-02	5.74E-01	2.72E-02	4.84E-02	1.43E-02	
group_1484	1.16E-01	1.66E-03	2.38E-01	4.95E-02	4.19E-02	3.01E-02	
group_5204	1.16E-01	7.87E-06	4.25E-01	5.31E-02	6.65E-02	2.03E-02	
group_5205	1.16E-01	7.87E-06	4.60E-01	4.83E-02	6.54E-02	1.88E-02	
group_2262	1.16E-01	1.04E-01	6.00E-01	2.19E-02	4.17E-02	1.34E-02	
group_3073	1.16E-01	2.50E-06	8.37E-01	-9.38E-03	4.56E-02	5.24E-03	
group_2683	1.15E-01	1.91E-02	3.18E-01	4.72E-02	4.73E-02	2.55E-02	
group_3070	1.15E-01	3.79E-06	9.22E-01	-4.48E-03	4.58E-02	2.49E-03	
soj	1.15E-01	2.92E-02	5.51E-01	-2.82E-02	4.73E-02	1.52E-02	
group_1452	1.14E-01	1.57E-02	6.38E-01	-3.39E-02	7.20E-02	1.20E-02	
group_5152	1.14E-01	1.57E-02	2.88E-01	-1.00E-01	9.43E-02	2.71E-02	
ulaC_2	1.14E-01	2.01E-02	2.80E-01	-8.15E-02	7.54E-02	2.76E-02	
group_2024	1.14E-01	2.01E-02	3.87E-01	-8.03E-02	9.27E-02	2.21E-02	
agaA_1	1.14E-01	4.59E-02	4.23E-01	-6.04E-02	7.53E-02	2.04E-02	
group_5000	1.14E-01	1.77E-06	9.32E-01	-3.96E-03	4.65E-02	2.17E-03	
group_657	1.14E-01	1.25E-08	5.37E-01	-2.46E-02	3.99E-02	1.57E-02	
group_7068	1.14E-01	1.77E-06	9.32E-01	-3.96E-03	4.65E-02	2.17E-03	
group_1562	1.13E-01	3.77E-01	2.33E-02	-9.47E-02	4.17E-02	5.78E-02	
group_3197	1.13E-01	1.15E-01	1.31E-01	-5.93E-02	3.92E-02	3.85E-02	
group_3565	1.13E-01	1.20E-06	7.90E-01	-1.24E-02	4.65E-02	6.78E-03	
group_2232	1.12E-01	3.25E-01	6.87E-03	1.98E-01	7.32E-02	6.89E-02	
group_5402	1.12E-01	9.97E-02	1.12E-01	-6.22E-02	3.91E-02	4.05E-02	
group_4427	1.12E-01	8.59E-02	9.55E-02	-6.51E-02	3.90E-02	4.25E-02	
group_510	1.12E-01	8.15E-01	6.10E-01	5.08E-02	9.96E-02	1.30E-02	
group_1334	1.11E-01	8.93E-03	3.58E-01	-4.33E-02	4.71E-02	2.34E-02	
group_1727	1.11E-01	4.09E-05	2.25E-01	-5.55E-02	4.57E-02	3.09E-02	
group_237	1.11E-01	1.45E-07	1.87E-01	-6.65E-02	5.04E-02	3.36E-02	
group_2408	1.11E-01	1.05E-01	1.18E-01	-6.15E-02	3.93E-02	3.99E-02	
group_2599	1.11E-01	6.00E-01	2.45E-03	3.34E-01	1.10E-01	7.71E-02	
group_3675	1.11E-01	8.92E-01	6.52E-01	1.89E-02	4.18E-02	1.15E-02	
group_121	1.10E-01	3.39E-01	3.70E-01	5.87E-02	6.55E-02	2.29E-02	
group_2377	1.10E-01	1.84E-02	5.37E-01	-5.28E-02	8.55E-02	1.57E-02	
glyE	1.10E-01	9.33E-08	2.41E-01	-5.03E-02	4.29E-02	2.99E-02	
group_990	1.10E-01	8.46E-12	5.89E-01	-3.75E-02	6.95E-02	1.38E-02	
group_3635	1.10E-01	2.71E-01	4.70E-01	-5.75E-02	7.95E-02	1.84E-02	
group_5732	1.10E-01	4.67E-12	8.79E-01	-1.96E-02	1.28E-01	3.88E-03	
group_1713	1.09E-01	5.67E-07	9.04E-01	-6.87E-03	5.68E-02	3.09E-03	
Int-Tn_2	1.09E-01	5.67E-07	9.68E-01	-2.48E-03	6.16E-02	1.02E-03	
group_3144	1.09E-01	3.15E-01	6.39E-01	-3.69E-02	7.86E-02	1.20E-02	
group_1478	1.08E-01	7.99E-07	9.83E-01	-8.32E-04	3.90E-02	5.44E-04	
group_2499	1.08E-01	1.59E-01	9.76E-01	1.46E-03	4.80E-02	7.75E-04	
group_2552	1.08E-01	1.17E-03	8.80E-01	1.12E-02	7.40E-02	3.85E-03	
group_1129	1.07E-01	9.84E-08	9.69E-01	1.62E-03	4.12E-02	1.00E-03	
group_3555	1.07E-01	2.61E-02	7.01E-01	1.80E-02	4.68E-02	9.81E-03	
group_227	1.06E-01	5.06E-03	7.29E-01	1.58E-02	4.57E-02	8.83E-03	
group_2331	1.06E-01	1.36E-02	6.76E-01	-2.02E-02	4.82E-02	1.07E-02	
group_4425	1.06E-01	8.42E-03	3.32E-01	-4.09E-02	4.22E-02	2.47E-02	
group_1336	1.06E-01	6.72E-03	2.84E-01	-5.11E-02	4.77E-02	2.73E-02	
group_1760	1.06E-01	6.72E-03	2.84E-01	-5.11E-02	4.77E-02	2.73E-02	
group_2723	1.06E-01	2.35E-05	6.19E-01	4.21E-02	8.46E-02	1.27E-02	
group_2916	1.06E-01	4.39E-02	3.44E-01	4.78E-02	5.05E-02	2.41E-02	
group_3037	1.06E-01	2.31E-03	7.47E-02	1.40E-01	7.87E-02	4.54E-02	
cas1_2	1.06E-01	3.07E-01	5.31E-01	-4.90E-02	7.83E-02	1.60E-02	
metK_2	1.05E-01	1.64E-05	8.87E-01	1.19E-02	8.37E-02	3.61E-03	
group_2373	1.05E-01	3.55E-01	5.82E-01	-4.35E-02	7.92E-02	1.40E-02	
group_4272	1.05E-01	1.64E-05	8.87E-01	1.19E-02	8.37E-02	3.61E-03	
cas2_2	1.05E-01	3.55E-01	7.24E-01	-2.73E-02	7.74E-02	8.99E-03	
group_773	1.05E-01	1.64E-05	8.87E-01	1.19E-02	8.37E-02	3.61E-03	
group_1545	1.05E-01	4.56E-16	2.03E-01	-1.34E-01	1.05E-01	3.24E-02	
group_3502	1.05E-01	5.89E-02	1.66E-02	1.65E-01	6.87E-02	6.11E-02	
group_4401	1.05E-01	4.92E-22	1.53E-03	-3.16E-01	9.95E-02	8.07E-02	
group_5324	1.05E-01	4.92E-22	1.53E-03	-3.16E-01	9.95E-02	8.07E-02	
group_5326	1.05E-01	4.92E-22	1.53E-03	-3.16E-01	9.95E-02	8.07E-02	
group_5741	1.05E-01	2.66E-14	1.97E-01	-1.33E-01	1.03E-01	3.29E-02	
group_979	1.05E-01	1.32E-01	5.40E-01	-2.81E-02	4.59E-02	1.56E-02	
group_1547	1.04E-01	1.15E-01	1.24E-01	-6.09E-02	3.96E-02	3.92E-02	
group_2742	1.04E-01	5.78E-01	8.62E-01	-7.50E-03	4.30E-02	4.45E-03	
group_3102	1.04E-01	2.26E-10	6.52E-01	-3.72E-02	8.26E-02	1.15E-02	
group_332	1.04E-01	9.79E-02	2.91E-02	1.46E-01	6.68E-02	5.56E-02	
group_3896	1.04E-01	1.80E-13	7.96E-02	-1.13E-01	6.46E-02	4.47E-02	
group_1008	1.03E-01	2.17E-04	5.47E-01	3.70E-02	6.15E-02	1.53E-02	
group_1076	1.03E-01	2.55E-01	6.87E-01	1.96E-02	4.87E-02	1.03E-02	
group_1240	1.03E-01	2.55E-05	7.89E-01	1.42E-02	5.30E-02	6.83E-03	
group_1555	1.03E-01	2.17E-04	5.47E-01	3.70E-02	6.15E-02	1.53E-02	
group_2059	1.03E-01	4.18E-04	6.80E-01	2.10E-02	5.09E-02	1.05E-02	
group_2305	1.03E-01	7.86E-04	9.74E-01	1.33E-03	4.13E-02	8.18E-04	
group_3710	1.03E-01	4.01E-22	1.40E-03	-3.07E-01	9.60E-02	8.13E-02	
group_4529	1.03E-01	2.17E-04	5.47E-01	3.70E-02	6.15E-02	1.53E-02	
group_5742	1.03E-01	6.50E-15	5.95E-02	-1.86E-01	9.85E-02	4.80E-02	
group_362	1.03E-01	1.58E-04	7.04E-01	2.33E-02	6.11E-02	9.70E-03	
group_404	1.03E-01	1.05E-07	9.66E-01	-2.75E-03	6.46E-02	1.09E-03	
group_4217	1.03E-01	1.20E-01	5.58E-01	-2.72E-02	4.63E-02	1.49E-02	
group_4428	1.03E-01	3.87E-02	4.51E-02	-7.95E-02	3.96E-02	5.11E-02	
group_1131	1.02E-01	5.47E-01	5.28E-01	2.44E-02	3.86E-02	1.61E-02	
group_2389	1.02E-01	4.01E-11	5.76E-01	-4.99E-02	8.93E-02	1.43E-02	
group_2405	1.02E-01	1.04E-01	1.15E-01	-6.26E-02	3.97E-02	4.01E-02	
group_2503	1.02E-01	1.50E-15	7.77E-03	-2.12E-01	7.97E-02	6.78E-02	
group_253	1.02E-01	1.14E-04	2.15E-01	-7.06E-02	5.69E-02	3.16E-02	
group_3235	1.02E-01	4.39E-04	3.86E-01	5.53E-02	6.39E-02	2.21E-02	
group_3556	1.02E-01	8.27E-04	9.48E-01	2.73E-03	4.16E-02	1.68E-03	
group_358	1.02E-01	1.14E-04	6.95E-01	2.42E-02	6.17E-02	9.99E-03	
group_113	1.01E-01	4.07E-02	8.76E-01	-7.64E-03	4.88E-02	3.99E-03	
group_244	1.01E-01	8.18E-05	9.76E-01	1.83E-03	6.11E-02	7.65E-04	
group_3270	1.01E-01	8.88E-02	1.07E-01	-6.42E-02	3.99E-02	4.10E-02	
group_3656	1.01E-01	2.65E-02	4.31E-01	8.89E-02	1.13E-01	2.01E-02	
group_3737	1.01E-01	8.88E-02	1.07E-01	-6.42E-02	3.99E-02	4.10E-02	
group_4430	1.01E-01	8.88E-02	1.07E-01	-6.42E-02	3.99E-02	4.10E-02	
group_5400	1.01E-01	8.88E-02	1.07E-01	-6.42E-02	3.99E-02	4.10E-02	
group_1087	1.01E-01	1.09E-01	1.37E-01	-5.91E-02	3.97E-02	3.79E-02	
ecfA3	1.01E-01	1.36E-15	1.77E-01	-1.07E-01	7.96E-02	3.44E-02	
group_2008	1.01E-01	2.76E-05	7.57E-01	1.82E-02	5.87E-02	7.90E-03	
group_5399	1.01E-01	7.56E-02	8.22E-02	-6.95E-02	4.00E-02	4.43E-02	
group_5401	1.01E-01	1.09E-01	1.22E-01	-6.19E-02	3.99E-02	3.95E-02	
group_5403	1.01E-01	1.09E-01	1.22E-01	-6.19E-02	3.99E-02	3.95E-02	
group_982	1.01E-01	4.34E-02	8.65E-01	9.49E-03	5.57E-02	4.35E-03	
group_2731	1.00E-01	2.12E-11	2.74E-01	-1.07E-01	9.78E-02	2.79E-02	
group_3228	1.00E-01	1.87E-12	2.98E-01	-1.21E-01	1.17E-01	2.65E-02	
ermA1	1.00E-01	1.91E-05	9.06E-01	6.90E-03	5.83E-02	3.02E-03	
group_3569	1.00E-01	6.59E-03	5.89E-01	2.61E-02	4.83E-02	1.38E-02	
group_3794	1.00E-01	1.87E-12	2.98E-01	-1.21E-01	1.17E-01	2.65E-02	
group_4271	1.00E-01	3.40E-04	4.37E-01	6.67E-02	8.57E-02	1.98E-02	
group_4426	1.00E-01	9.32E-02	1.13E-01	-6.36E-02	4.01E-02	4.04E-02	
group_4431	1.00E-01	6.41E-02	7.90E-02	-7.03E-02	4.00E-02	4.48E-02	
group_5060	1.00E-01	4.10E-05	5.93E-01	3.17E-02	5.92E-02	1.36E-02	
group_5074	1.00E-01	3.40E-04	4.37E-01	6.67E-02	8.57E-02	1.98E-02	
group_5398	1.00E-01	9.32E-02	1.37E-01	-5.97E-02	4.01E-02	3.79E-02	
group_567	1.00E-01	3.34E-10	3.26E-01	4.01E-02	4.08E-02	2.50E-02	
group_172	9.94E-02	9.13E-04	5.84E-01	2.34E-02	4.28E-02	1.40E-02	
group_2167	9.94E-02	3.75E-11	3.18E-01	-9.64E-02	9.65E-02	2.55E-02	
group_2779	9.94E-02	7.95E-02	1.00E-01	-6.62E-02	4.02E-02	4.19E-02	
group_2808	9.94E-02	9.72E-13	1.70E-01	-1.56E-01	1.14E-01	3.50E-02	
group_282	9.94E-02	9.72E-13	1.70E-01	-1.56E-01	1.14E-01	3.50E-02	
group_3159	9.94E-02	1.14E-01	6.77E-02	1.65E-01	9.04E-02	4.66E-02	
group_3738	9.94E-02	7.95E-02	9.11E-02	-6.77E-02	4.00E-02	4.31E-02	
group_5196	9.94E-02	3.75E-11	4.30E-01	-7.91E-02	1.00E-01	2.01E-02	
group_5197	9.94E-02	3.75E-11	4.30E-01	-7.91E-02	1.00E-01	2.01E-02	
group_3198	9.87E-02	6.73E-02	7.92E-02	-7.07E-02	4.03E-02	4.48E-02	
group_3406	9.87E-02	7.01E-03	1.79E-01	7.29E-02	5.43E-02	3.42E-02	
group_4034	9.87E-02	7.01E-03	1.79E-01	7.29E-02	5.43E-02	3.42E-02	
group_4350	9.87E-02	2.04E-11	2.34E-01	-1.15E-01	9.63E-02	3.04E-02	
group_4436	9.87E-02	6.73E-02	7.04E-02	-7.26E-02	4.01E-02	4.61E-02	
group_5193	9.87E-02	2.04E-11	2.73E-01	-1.12E-01	1.02E-01	2.80E-02	
group_5194	9.87E-02	2.04E-11	2.73E-01	-1.12E-01	1.02E-01	2.80E-02	
group_5195	9.87E-02	2.04E-11	2.73E-01	-1.12E-01	1.02E-01	2.80E-02	
group_1346	9.81E-02	8.35E-02	8.31E-02	-6.99E-02	4.03E-02	4.42E-02	
group_1592	9.81E-02	1.39E-02	1.98E-01	5.17E-02	4.02E-02	3.28E-02	
nisC	9.81E-02	2.42E-02	7.98E-01	-1.27E-02	4.98E-02	6.52E-03	
group_3665	9.81E-02	3.61E-11	3.40E-01	-9.16E-02	9.60E-02	2.43E-02	
bglA	9.81E-02	3.75E-02	4.74E-01	5.41E-02	7.56E-02	1.82E-02	
group_5198	9.81E-02	3.61E-11	3.29E-01	-9.74E-02	9.97E-02	2.49E-02	
group_5199	9.81E-02	3.61E-11	3.29E-01	-9.74E-02	9.97E-02	2.49E-02	
group_5200	9.81E-02	3.61E-11	3.29E-01	-9.74E-02	9.97E-02	2.49E-02	
group_5201	9.81E-02	3.61E-11	3.29E-01	-9.74E-02	9.97E-02	2.49E-02	
group_5325	9.81E-02	1.26E-19	2.23E-02	-2.58E-01	1.13E-01	5.82E-02	
group_944	9.81E-02	9.12E-09	6.72E-01	-2.75E-02	6.50E-02	1.08E-02	
group_5191	9.74E-02	6.38E-11	3.90E-01	-8.42E-02	9.79E-02	2.19E-02	
group_5192	9.74E-02	6.38E-11	3.90E-01	-8.42E-02	9.79E-02	2.19E-02	
group_1067	9.68E-02	3.93E-06	9.94E-01	3.02E-04	4.29E-02	1.79E-04	
group_89	9.68E-02	1.85E-03	1.78E-01	-6.86E-02	5.09E-02	3.44E-02	
group_3663	9.61E-02	1.96E-10	5.28E-01	-6.14E-02	9.72E-02	1.61E-02	
group_5280	9.61E-02	5.00E-02	9.64E-01	1.96E-03	4.31E-02	1.16E-03	
group_3598	9.48E-02	2.07E-04	4.42E-01	6.14E-02	7.99E-02	1.96E-02	
group_3793	9.48E-02	1.77E-11	4.02E-01	-1.05E-01	1.26E-01	2.14E-02	
group_70	9.48E-02	2.93E-01	5.29E-01	-2.59E-02	4.11E-02	1.60E-02	
group_2254	9.42E-02	2.31E-10	1.85E-01	5.55E-02	4.19E-02	3.38E-02	
group_2415	9.42E-02	2.82E-02	1.21E-01	-6.41E-02	4.13E-02	3.95E-02	
group_3229	9.42E-02	3.17E-11	3.28E-01	-1.04E-01	1.06E-01	2.50E-02	
group_3713	9.42E-02	3.33E-25	9.77E-05	-3.90E-01	9.99E-02	9.91E-02	
group_3734	9.42E-02	7.13E-05	6.07E-01	-2.90E-02	5.64E-02	1.31E-02	
group_4402	9.42E-02	3.33E-25	9.77E-05	-3.90E-01	9.99E-02	9.91E-02	
group_4523	9.42E-02	9.35E-12	2.15E-01	-1.50E-01	1.21E-01	3.16E-02	
group_502	9.42E-02	3.67E-03	3.78E-01	3.84E-02	4.36E-02	2.25E-02	
group_5087	9.42E-02	5.53E-01	9.79E-01	1.51E-03	5.82E-02	6.60E-04	
group_5162	9.42E-02	3.42E-01	3.88E-02	1.91E-01	9.24E-02	5.27E-02	
wbnJ	9.42E-02	3.42E-01	3.88E-02	1.91E-01	9.24E-02	5.27E-02	
group_5328	9.42E-02	3.33E-25	9.77E-05	-3.90E-01	9.99E-02	9.91E-02	
group_5329	9.42E-02	3.33E-25	9.77E-05	-3.90E-01	9.99E-02	9.91E-02	
group_5330	9.42E-02	3.33E-25	9.77E-05	-3.90E-01	9.99E-02	9.91E-02	
group_5331	9.42E-02	3.33E-25	9.77E-05	-3.90E-01	9.99E-02	9.91E-02	
group_849	9.42E-02	1.99E-13	3.35E-02	-2.28E-01	1.07E-01	5.42E-02	
group_983	9.42E-02	1.48E-04	8.66E-01	-9.67E-03	5.75E-02	4.29E-03	
noc	9.35E-02	1.05E-04	6.58E-01	-2.48E-02	5.61E-02	1.13E-02	
group_4433	9.35E-02	8.22E-02	6.21E-02	-7.67E-02	4.11E-02	4.75E-02	
group_4434	9.35E-02	8.22E-02	6.21E-02	-7.67E-02	4.11E-02	4.75E-02	
nsuA	9.35E-02	2.16E-04	8.76E-01	-9.05E-03	5.78E-02	3.99E-03	
group_5391	9.35E-02	2.16E-04	8.76E-01	-9.05E-03	5.78E-02	3.99E-03	
group_5740	9.35E-02	5.64E-11	7.52E-01	-3.76E-02	1.19E-01	8.06E-03	
group_848	9.35E-02	3.62E-02	5.33E-01	6.15E-02	9.85E-02	1.59E-02	
insK_1	9.29E-02	6.13E-04	9.12E-01	4.96E-03	4.49E-02	2.81E-03	
group_1795	9.29E-02	1.55E-04	7.61E-01	-1.72E-02	5.65E-02	7.77E-03	
group_1985	9.29E-02	1.87E-02	9.50E-01	-2.82E-03	4.52E-02	1.59E-03	
group_2778	9.29E-02	7.42E-05	6.03E-01	-2.91E-02	5.59E-02	1.33E-02	
group_3268	9.29E-02	4.58E-01	1.63E-02	2.19E-01	9.10E-02	6.12E-02	
group_4419	9.29E-02	1.55E-04	7.61E-01	-1.72E-02	5.65E-02	7.77E-03	
group_1280	9.22E-02	2.47E-01	4.05E-02	1.17E-01	5.72E-02	5.22E-02	
group_2049	9.22E-02	8.43E-07	7.90E-01	-1.12E-02	4.19E-02	6.79E-03	
group_3179	9.22E-02	5.25E-03	9.10E-01	-5.09E-03	4.49E-02	2.89E-03	
group_4421	9.22E-02	2.25E-04	8.05E-01	-1.40E-02	5.68E-02	6.29E-03	
group_1476	9.16E-02	1.50E-05	3.23E-01	-4.17E-02	4.22E-02	2.52E-02	
hhaIM	9.16E-02	1.61E-05	4.33E-01	-5.38E-02	6.86E-02	2.00E-02	
group_233	9.16E-02	7.30E-02	1.04E-01	7.69E-02	4.73E-02	4.14E-02	
group_5378	9.16E-02	1.61E-04	6.82E-01	-2.33E-02	5.68E-02	1.04E-02	
group_758	9.16E-02	6.42E-04	3.60E-01	-4.81E-02	5.25E-02	2.33E-02	
group_1475	9.09E-02	1.50E-06	9.34E-01	-3.50E-03	4.20E-02	2.12E-03	
group_3068	9.09E-02	5.53E-03	6.09E-01	-2.59E-02	5.07E-02	1.30E-02	
group_5720	9.09E-02	2.50E-01	3.16E-01	-4.38E-02	4.37E-02	2.56E-02	
nisB	9.09E-02	4.70E-04	9.64E-01	2.64E-03	5.82E-02	1.16E-03	
group_194	9.03E-02	6.16E-01	5.11E-01	3.01E-02	4.57E-02	1.68E-02	
group_987	9.03E-02	2.56E-05	7.52E-01	-1.81E-02	5.73E-02	8.06E-03	
group_1937	8.96E-02	6.93E-01	4.45E-01	5.46E-02	7.15E-02	1.95E-02	
group_2019	8.96E-02	3.47E-01	7.68E-01	1.52E-02	5.17E-02	7.51E-03	
group_2773	8.96E-02	2.45E-04	8.19E-01	-1.35E-02	5.91E-02	5.83E-03	
group_3708	8.96E-02	9.99E-03	4.14E-01	-4.38E-02	5.36E-02	2.08E-02	
group_4355	8.96E-02	5.64E-01	1.44E-01	-6.25E-02	4.28E-02	3.72E-02	
group_4386	8.96E-02	2.89E-01	3.75E-01	4.04E-02	4.56E-02	2.26E-02	
group_5380	8.96E-02	2.45E-04	9.69E-01	2.22E-03	5.79E-02	9.78E-04	
group_1278	8.90E-02	8.43E-06	8.16E-01	-1.03E-02	4.44E-02	5.92E-03	
group_1445	8.90E-02	1.25E-06	6.11E-01	-4.37E-02	8.58E-02	1.30E-02	
group_4423	8.90E-02	3.56E-04	9.83E-01	1.29E-03	5.96E-02	5.52E-04	
recF_1	8.90E-02	3.56E-04	9.83E-01	1.29E-03	5.96E-02	5.52E-04	
rep	8.90E-02	3.56E-04	9.83E-01	1.29E-03	5.96E-02	5.52E-04	
group_1516	8.83E-02	4.86E-09	2.39E-01	-7.34E-02	6.22E-02	3.00E-02	
group_46	8.83E-02	1.00E-03	6.61E-01	2.65E-02	6.05E-02	1.12E-02	
group_631	8.83E-02	2.49E-04	5.37E-01	-2.76E-02	4.47E-02	1.57E-02	
group_1126	8.77E-02	1.62E-01	5.44E-02	1.71E-01	8.90E-02	4.90E-02	
group_2460	8.77E-02	5.65E-02	5.54E-01	3.06E-02	5.16E-02	1.51E-02	
group_2865	8.77E-02	7.57E-06	9.59E-01	3.15E-03	6.12E-02	1.31E-03	
group_4222	8.77E-02	1.40E-02	6.57E-01	2.36E-02	5.31E-02	1.13E-02	
group_4345	8.77E-02	2.30E-02	4.76E-01	8.26E-02	1.16E-01	1.82E-02	
group_4346	8.77E-02	2.30E-02	4.76E-01	8.26E-02	1.16E-01	1.82E-02	
group_5185	8.77E-02	2.30E-02	4.76E-01	8.26E-02	1.16E-01	1.82E-02	
group_5393	8.77E-02	4.21E-01	5.03E-01	-3.04E-02	4.55E-02	1.71E-02	
group_1060	8.70E-02	1.51E-01	5.18E-01	-3.00E-02	4.64E-02	1.65E-02	
group_1759	8.70E-02	3.37E-01	1.27E-01	1.22E-01	7.98E-02	3.89E-02	
group_3561	8.70E-02	6.44E-03	9.23E-01	5.17E-03	5.33E-02	2.47E-03	
group_5292	8.70E-02	2.63E-08	6.62E-01	2.09E-02	4.78E-02	1.11E-02	
yydH	8.70E-02	2.63E-08	6.62E-01	2.09E-02	4.78E-02	1.11E-02	
moaA	8.70E-02	2.63E-08	6.62E-01	2.09E-02	4.78E-02	1.11E-02	
group_642	8.70E-02	2.99E-02	6.32E-01	-2.09E-02	4.36E-02	1.22E-02	
group_1352	8.64E-02	1.29E-06	9.89E-01	9.04E-04	6.54E-02	3.53E-04	
group_1353	8.64E-02	3.21E-06	7.40E-01	2.18E-02	6.56E-02	8.47E-03	
group_1533	8.64E-02	1.89E-04	8.30E-01	-1.25E-02	5.84E-02	5.47E-03	
group_2557	8.64E-02	6.80E-08	3.34E-01	-7.50E-02	7.75E-02	2.46E-02	
group_2812	8.64E-02	1.29E-06	9.89E-01	9.04E-04	6.54E-02	3.53E-04	
group_3148	8.64E-02	4.38E-01	3.63E-01	1.11E-01	1.22E-01	2.32E-02	
group_3689	8.64E-02	1.89E-04	2.54E-02	-1.50E-01	6.69E-02	5.70E-02	
group_41	8.64E-02	3.88E-04	8.90E-01	8.26E-03	5.97E-02	3.53E-03	
ecsA_1	8.64E-02	4.38E-01	8.95E-02	1.25E-01	7.33E-02	4.33E-02	
slmA	8.64E-02	4.38E-01	8.95E-02	1.25E-01	7.33E-02	4.33E-02	
group_4188	8.64E-02	4.38E-01	8.95E-02	1.25E-01	7.33E-02	4.33E-02	
group_4265	8.64E-02	7.39E-01	3.07E-01	6.96E-02	6.80E-02	2.61E-02	
group_4526	8.64E-02	1.29E-06	9.89E-01	9.04E-04	6.54E-02	3.53E-04	
group_4942	8.64E-02	4.38E-01	8.95E-02	1.25E-01	7.33E-02	4.33E-02	
group_4944	8.64E-02	4.38E-01	8.95E-02	1.25E-01	7.33E-02	4.33E-02	
group_4949	8.64E-02	4.38E-01	8.95E-02	1.25E-01	7.33E-02	4.33E-02	
group_5379	8.64E-02	1.89E-04	9.16E-01	6.23E-03	5.94E-02	2.68E-03	
group_5755	8.64E-02	3.21E-06	7.40E-01	2.18E-02	6.56E-02	8.47E-03	
group_1530	8.57E-02	3.14E-02	2.51E-01	1.25E-01	1.09E-01	2.92E-02	
group_3539	8.57E-02	5.04E-01	6.05E-02	1.37E-01	7.30E-02	4.79E-02	
group_4354	8.57E-02	4.61E-09	5.08E-01	-3.37E-02	5.08E-02	1.69E-02	
group_639	8.57E-02	2.78E-04	3.35E-02	-1.44E-01	6.74E-02	5.42E-02	
group_1070	8.51E-02	9.33E-05	5.33E-01	-2.86E-02	4.58E-02	1.59E-02	
group_1899	8.51E-02	8.52E-01	2.16E-01	9.06E-02	7.32E-02	3.15E-02	
group_2299	8.51E-02	6.81E-08	5.81E-01	2.60E-02	4.71E-02	1.41E-02	
group_2316	8.51E-02	9.15E-03	6.01E-01	-2.43E-02	4.66E-02	1.33E-02	
group_2541	8.51E-02	8.52E-01	3.04E-01	7.38E-02	7.17E-02	2.62E-02	
group_2933	8.51E-02	9.99E-01	1.51E-01	1.05E-01	7.31E-02	3.66E-02	
group_3138	8.51E-02	4.56E-01	5.10E-01	3.41E-02	5.16E-02	1.68E-02	
dnaA_1	8.51E-02	7.92E-06	4.68E-01	4.84E-02	6.67E-02	1.85E-02	
group_5149	8.51E-02	5.76E-01	2.12E-01	1.67E-01	1.34E-01	3.18E-02	
group_5161	8.51E-02	2.64E-01	3.78E-01	9.85E-02	1.12E-01	2.25E-02	
group_5385	8.51E-02	8.06E-04	5.76E-01	3.44E-02	6.15E-02	1.43E-02	
group_5386	8.51E-02	8.06E-04	5.76E-01	3.44E-02	6.15E-02	1.43E-02	
group_5389	8.51E-02	8.06E-04	5.76E-01	3.44E-02	6.15E-02	1.43E-02	
group_3261	8.44E-02	5.19E-02	4.55E-01	-3.25E-02	4.34E-02	1.91E-02	
group_5383	8.44E-02	2.89E-04	7.09E-01	2.30E-02	6.16E-02	9.52E-03	
group_5384	8.44E-02	2.89E-04	7.09E-01	2.30E-02	6.16E-02	9.52E-03	
group_1344	8.38E-02	2.02E-01	5.89E-01	2.49E-02	4.61E-02	1.38E-02	
group_1350	8.38E-02	6.82E-01	3.90E-01	-3.70E-02	4.31E-02	2.19E-02	
group_2064	8.38E-02	4.27E-02	3.85E-01	-3.78E-02	4.36E-02	2.21E-02	
group_2692	8.38E-02	1.63E-02	7.79E-01	1.54E-02	5.48E-02	7.16E-03	
group_299	8.38E-02	4.22E-04	8.84E-01	-6.79E-03	4.64E-02	3.73E-03	
group_3505	8.38E-02	4.50E-08	4.34E-01	3.44E-02	4.39E-02	2.00E-02	
group_3757	8.38E-02	2.76E-01	6.28E-01	-2.14E-02	4.42E-02	1.24E-02	
group_4330	8.38E-02	9.86E-02	9.97E-01	-5.63E-04	1.32E-01	1.09E-04	
group_438	8.38E-02	5.50E-03	3.09E-01	6.63E-02	6.52E-02	2.60E-02	
group_1074	8.31E-02	1.37E-09	1.66E-01	-8.22E-02	5.93E-02	3.53E-02	
group_1757	8.31E-02	6.12E-04	8.58E-01	1.10E-02	6.13E-02	4.56E-03	
group_2068	8.31E-02	1.26E-05	2.79E-01	7.26E-02	6.70E-02	2.76E-02	
group_1166	8.25E-02	3.36E-06	4.07E-02	1.49E-01	7.30E-02	5.22E-02	
group_1532	8.25E-02	3.10E-01	3.80E-01	-4.56E-02	5.19E-02	2.24E-02	
group_2784	8.25E-02	2.83E-02	1.81E-02	-1.08E-01	4.56E-02	6.02E-02	
group_2789	8.25E-02	3.83E-01	8.17E-01	-1.03E-02	4.45E-02	5.91E-03	
group_3592	8.25E-02	3.10E-01	1.75E-01	1.12E-01	8.27E-02	3.46E-02	
group_422	8.25E-02	1.32E-06	7.68E-01	2.02E-02	6.85E-02	7.54E-03	
group_4223	8.25E-02	1.72E-02	6.82E-01	2.32E-02	5.65E-02	1.05E-02	
group_5001	8.25E-02	1.72E-02	6.82E-01	2.32E-02	5.65E-02	1.05E-02	
group_740	8.25E-02	4.40E-04	9.49E-01	3.80E-03	5.90E-02	1.64E-03	
group_1157	8.18E-02	1.28E-01	6.77E-01	-2.86E-02	6.87E-02	1.06E-02	
group_1932	8.18E-02	7.88E-03	5.40E-01	-3.29E-02	5.37E-02	1.56E-02	
group_2052	8.18E-02	1.29E-05	3.34E-01	-5.52E-02	5.72E-02	2.46E-02	
group_2273	8.18E-02	1.37E-08	3.68E-01	3.95E-02	4.39E-02	2.30E-02	
group_2869	8.18E-02	5.75E-02	2.06E-01	-8.25E-02	6.52E-02	3.22E-02	
group_4220	8.18E-02	2.27E-02	6.05E-01	2.91E-02	5.61E-02	1.32E-02	
group_4329	8.18E-02	5.66E-01	3.54E-01	1.24E-01	1.34E-01	2.36E-02	
group_4383	8.18E-02	8.73E-02	7.91E-01	-1.25E-02	4.72E-02	6.75E-03	
group_4525	8.18E-02	2.13E-06	6.88E-01	2.77E-02	6.89E-02	1.03E-02	
group_4999	8.18E-02	2.27E-02	6.05E-01	2.91E-02	5.61E-02	1.32E-02	
group_5150	8.18E-02	5.66E-01	3.54E-01	1.24E-01	1.34E-01	2.36E-02	
group_5747	8.18E-02	2.13E-06	6.88E-01	2.77E-02	6.89E-02	1.03E-02	
group_1236	8.12E-02	2.98E-02	8.43E-01	1.12E-02	5.65E-02	5.06E-03	
group_1351	8.12E-02	3.40E-06	6.10E-01	3.48E-02	6.82E-02	1.30E-02	
group_1610	8.05E-02	9.75E-01	4.79E-01	5.72E-02	8.09E-02	1.80E-02	
group_1983	8.05E-02	6.05E-02	3.24E-01	-6.86E-02	6.95E-02	2.51E-02	
group_2166	8.05E-02	5.38E-05	3.92E-01	4.16E-02	4.86E-02	2.18E-02	
group_2431	8.05E-02	2.40E-01	2.63E-01	9.16E-02	8.19E-02	2.85E-02	
group_2917	8.05E-02	1.19E-04	3.64E-01	5.16E-02	5.68E-02	2.32E-02	
group_4036	8.05E-02	1.19E-04	3.64E-01	5.16E-02	5.68E-02	2.32E-02	
group_429	8.05E-02	4.64E-03	6.48E-01	3.54E-02	7.77E-02	1.16E-02	
group_2764	7.99E-02	2.19E-09	9.75E-01	-1.69E-03	5.40E-02	7.96E-04	
group_4248	7.99E-02	1.95E-01	1.96E-01	1.08E-01	8.32E-02	3.29E-02	
group_449	7.99E-02	8.41E-03	3.72E-02	1.95E-01	9.35E-02	5.31E-02	
group_4998	7.99E-02	3.13E-02	5.36E-01	3.46E-02	5.60E-02	1.58E-02	
group_1075	7.92E-02	1.42E-01	1.65E-01	-6.29E-02	4.52E-02	3.54E-02	
group_167	7.92E-02	1.21E-08	4.47E-01	-4.72E-02	6.21E-02	1.94E-02	
group_1903	7.92E-02	3.17E-05	1.93E-01	-6.74E-02	5.17E-02	3.32E-02	
group_2708	7.92E-02	3.03E-01	3.18E-01	-5.28E-02	5.29E-02	2.54E-02	
group_101	7.86E-02	1.34E-06	9.77E-01	2.02E-03	7.15E-02	7.20E-04	
group_1009	7.79E-02	2.17E-06	3.97E-01	6.23E-02	7.35E-02	2.16E-02	
group_1515	7.79E-02	1.05E-07	1.22E-01	-1.18E-01	7.60E-02	3.94E-02	
group_239	7.79E-02	4.11E-02	3.30E-02	1.96E-01	9.20E-02	5.43E-02	
group_2766	7.79E-02	1.44E-01	5.12E-01	3.04E-02	4.63E-02	1.67E-02	
group_3223	7.79E-02	2.91E-01	3.31E-01	-4.34E-02	4.47E-02	2.48E-02	
group_3741	7.79E-02	2.91E-01	3.33E-01	-4.37E-02	4.52E-02	2.47E-02	
group_3791	7.79E-02	2.91E-01	3.31E-01	-4.34E-02	4.47E-02	2.48E-02	
group_4380	7.79E-02	2.11E-01	7.49E-01	1.55E-02	4.84E-02	8.16E-03	
group_4528	7.79E-02	1.05E-07	5.20E-01	-4.82E-02	7.49E-02	1.64E-02	
group_2386	7.73E-02	1.65E-01	9.56E-01	-2.46E-03	4.45E-02	1.41E-03	
group_2765	7.73E-02	1.13E-01	3.32E-01	4.47E-02	4.61E-02	2.47E-02	
group_3234	7.73E-02	5.16E-04	4.59E-01	6.10E-02	8.23E-02	1.89E-02	
group_3557	7.73E-02	8.50E-02	9.59E-01	-2.45E-03	4.74E-02	1.32E-03	
group_3790	7.73E-02	2.55E-01	3.12E-01	-4.54E-02	4.49E-02	2.58E-02	
group_5223	7.73E-02	1.65E-01	5.94E-01	2.47E-02	4.64E-02	1.36E-02	
group_611	7.73E-02	1.06E-02	1.35E-01	-6.87E-02	4.59E-02	3.81E-02	
group_1807	7.66E-02	1.03E-07	2.93E-01	-7.70E-02	7.32E-02	2.68E-02	
group_2369	7.66E-02	7.06E-02	1.27E-01	-7.24E-02	4.75E-02	3.89E-02	
group_3177	7.66E-02	7.35E-01	1.56E-01	-7.06E-02	4.97E-02	3.62E-02	
group_4363	7.66E-02	7.35E-01	1.56E-01	-7.06E-02	4.97E-02	3.62E-02	
group_4365	7.66E-02	7.35E-01	1.56E-01	-7.06E-02	4.97E-02	3.62E-02	
group_4367	7.66E-02	7.35E-01	1.56E-01	-7.06E-02	4.97E-02	3.62E-02	
group_4368	7.66E-02	7.35E-01	1.56E-01	-7.06E-02	4.97E-02	3.62E-02	
group_4369	7.66E-02	7.35E-01	1.56E-01	-7.06E-02	4.97E-02	3.62E-02	
group_4371	7.66E-02	7.35E-01	1.56E-01	-7.06E-02	4.97E-02	3.62E-02	
group_4372	7.66E-02	7.35E-01	1.56E-01	-7.06E-02	4.97E-02	3.62E-02	
group_4374	7.66E-02	7.35E-01	1.56E-01	-7.06E-02	4.97E-02	3.62E-02	
group_4375	7.66E-02	7.35E-01	1.56E-01	-7.06E-02	4.97E-02	3.62E-02	
group_5229	7.66E-02	7.35E-01	1.56E-01	-7.06E-02	4.97E-02	3.62E-02	
group_5230	7.66E-02	7.35E-01	1.56E-01	-7.06E-02	4.97E-02	3.62E-02	
group_5231	7.66E-02	7.35E-01	1.56E-01	-7.06E-02	4.97E-02	3.62E-02	
group_5232	7.66E-02	7.35E-01	1.56E-01	-7.06E-02	4.97E-02	3.62E-02	
group_5233	7.66E-02	7.35E-01	1.56E-01	-7.06E-02	4.97E-02	3.62E-02	
group_5235	7.66E-02	7.35E-01	1.56E-01	-7.06E-02	4.97E-02	3.62E-02	
group_5236	7.66E-02	7.35E-01	1.56E-01	-7.06E-02	4.97E-02	3.62E-02	
group_5237	7.66E-02	7.35E-01	1.56E-01	-7.06E-02	4.97E-02	3.62E-02	
group_5238	7.66E-02	7.35E-01	1.56E-01	-7.06E-02	4.97E-02	3.62E-02	
group_5239	7.66E-02	7.35E-01	1.56E-01	-7.06E-02	4.97E-02	3.62E-02	
group_5240	7.66E-02	7.35E-01	1.56E-01	-7.06E-02	4.97E-02	3.62E-02	
group_5241	7.66E-02	7.35E-01	1.56E-01	-7.06E-02	4.97E-02	3.62E-02	
group_5242	7.66E-02	7.35E-01	1.56E-01	-7.06E-02	4.97E-02	3.62E-02	
group_5246	7.66E-02	7.35E-01	1.56E-01	-7.06E-02	4.97E-02	3.62E-02	
group_5733	7.66E-02	3.32E-05	6.63E-01	5.73E-02	1.32E-01	1.11E-02	
group_5734	7.66E-02	3.32E-05	6.63E-01	5.73E-02	1.32E-01	1.11E-02	
group_5735	7.66E-02	3.32E-05	6.63E-01	5.73E-02	1.32E-01	1.11E-02	
group_702	7.66E-02	3.48E-09	7.40E-01	-3.14E-02	9.48E-02	8.45E-03	
group_1292	7.60E-02	6.75E-02	4.26E-01	-4.64E-02	5.84E-02	2.03E-02	
group_1294	7.60E-02	1.94E-08	2.28E-01	9.00E-02	7.46E-02	3.07E-02	
group_170	7.60E-02	4.83E-06	7.06E-01	1.70E-02	4.50E-02	9.62E-03	
group_1791	7.60E-02	2.18E-05	2.52E-01	-6.24E-02	5.45E-02	2.92E-02	
group_2562	7.60E-02	2.18E-05	8.07E-01	-1.76E-02	7.19E-02	6.22E-03	
group_2768	7.60E-02	7.94E-01	1.31E-01	-7.55E-02	4.99E-02	3.85E-02	
group_3684	7.60E-02	6.48E-01	1.86E-01	-6.56E-02	4.96E-02	3.37E-02	
group_4316	7.60E-02	1.34E-06	2.89E-01	-5.43E-02	5.12E-02	2.70E-02	
group_4340	7.60E-02	3.60E-01	7.33E-01	6.51E-02	1.91E-01	8.70E-03	
group_4359	7.60E-02	4.18E-11	2.31E-01	-6.54E-02	5.46E-02	3.05E-02	
group_4521	7.60E-02	5.12E-05	5.32E-01	7.90E-02	1.26E-01	1.59E-02	
group_5750	7.60E-02	4.91E-07	9.69E-01	-3.01E-03	7.74E-02	9.92E-04	
group_5751	7.60E-02	4.91E-07	9.69E-01	-3.01E-03	7.74E-02	9.92E-04	
group_682	7.60E-02	8.99E-03	2.12E-01	5.52E-02	4.42E-02	3.18E-02	
group_797	7.60E-02	3.53E-14	1.20E-02	-1.88E-01	7.46E-02	6.40E-02	
group_8320	7.60E-02	7.94E-01	1.31E-01	-7.55E-02	4.99E-02	3.85E-02	
group_1356	7.53E-02	3.34E-08	4.03E-01	-6.16E-02	7.36E-02	2.13E-02	
group_14	7.53E-02	8.33E-01	3.24E-01	6.96E-02	7.06E-02	2.51E-02	
group_2501	7.53E-02	6.89E-14	1.42E-02	-1.94E-01	7.92E-02	6.25E-02	
group_3110	7.53E-02	6.47E-06	3.30E-01	5.19E-02	5.33E-02	2.48E-02	
group_3175	7.53E-02	7.05E-01	1.81E-01	-6.72E-02	5.02E-02	3.41E-02	
group_3604	7.53E-02	6.47E-06	3.30E-01	5.19E-02	5.33E-02	2.48E-02	
group_3682	7.53E-02	7.05E-01	1.81E-01	-6.72E-02	5.02E-02	3.41E-02	
group_4293	7.53E-02	2.32E-01	2.53E-01	8.01E-02	6.99E-02	2.92E-02	
msbA	7.53E-02	2.32E-01	2.53E-01	8.01E-02	6.99E-02	2.92E-02	
group_4364	7.53E-02	7.05E-01	1.81E-01	-6.72E-02	5.02E-02	3.41E-02	
group_4366	7.53E-02	7.05E-01	1.81E-01	-6.72E-02	5.02E-02	3.41E-02	
group_4370	7.53E-02	7.05E-01	1.81E-01	-6.72E-02	5.02E-02	3.41E-02	
group_461	7.53E-02	5.65E-06	8.40E-01	1.43E-02	7.06E-02	5.16E-03	
group_4672	7.53E-02	6.47E-06	3.30E-01	5.19E-02	5.33E-02	2.48E-02	
group_5080	7.53E-02	6.47E-06	3.30E-01	5.19E-02	5.33E-02	2.48E-02	
group_5120	7.53E-02	2.32E-01	2.53E-01	8.01E-02	6.99E-02	2.92E-02	
group_5234	7.53E-02	7.05E-01	1.81E-01	-6.72E-02	5.02E-02	3.41E-02	
group_2883	7.47E-02	2.34E-02	6.49E-01	2.59E-02	5.70E-02	1.16E-02	
group_3677	7.47E-02	9.23E-02	3.64E-01	4.26E-02	4.69E-02	2.32E-02	
bag	7.40E-02	4.41E-01	3.76E-01	1.81E-01	2.04E-01	2.26E-02	
group_3166	7.40E-02	5.68E-01	1.57E-01	3.07E-01	2.17E-01	3.61E-02	
group_5176	7.40E-02	3.33E-01	7.31E-01	-7.31E-02	2.13E-01	8.78E-03	
group_92	7.40E-02	2.86E-07	6.57E-01	-2.94E-02	6.61E-02	1.13E-02	
group_2034	7.34E-02	1.33E-06	4.66E-01	-4.48E-02	6.14E-02	1.86E-02	
group_2398	7.34E-02	1.29E-10	7.23E-01	-2.10E-02	5.94E-02	9.03E-03	
group_2589	7.34E-02	3.93E-01	5.64E-01	-3.82E-02	6.62E-02	1.47E-02	
group_292	7.34E-02	5.89E-01	7.19E-03	2.04E-01	7.57E-02	6.85E-02	
phoB_2	7.34E-02	3.93E-01	9.41E-01	1.45E-02	1.97E-01	1.88E-03	
araQ_1	7.34E-02	1.47E-01	3.74E-01	-1.08E-01	1.21E-01	2.27E-02	
group_3658	7.34E-02	5.13E-01	5.94E-01	7.57E-02	1.42E-01	1.36E-02	
group_498	7.34E-02	5.36E-05	3.63E-01	-6.21E-02	6.83E-02	2.32E-02	
group_5081	7.34E-02	1.54E-05	6.47E-01	2.48E-02	5.41E-02	1.17E-02	
group_5172	7.34E-02	5.13E-01	5.94E-01	7.57E-02	1.42E-01	1.36E-02	
group_5173	7.34E-02	5.13E-01	5.94E-01	7.57E-02	1.42E-01	1.36E-02	
group_1658	7.27E-02	6.27E-02	3.91E-01	3.92E-02	4.58E-02	2.19E-02	
group_2874	7.27E-02	9.63E-13	7.01E-02	-1.54E-01	8.49E-02	4.62E-02	
group_4325	7.27E-02	3.48E-01	9.23E-01	1.42E-02	1.47E-01	2.46E-03	
group_5543	7.27E-02	4.05E-04	8.43E-01	-1.19E-02	6.01E-02	5.05E-03	
group_1851	7.21E-02	5.34E-08	7.08E-01	-2.98E-02	7.95E-02	9.55E-03	
group_4387	7.21E-02	9.17E-06	6.44E-01	-2.59E-02	5.62E-02	1.18E-02	
group_4865	7.21E-02	1.09E-05	1.91E-01	6.81E-02	5.21E-02	3.33E-02	
group_5151	7.21E-02	3.06E-01	5.64E-01	-9.95E-02	1.73E-01	1.47E-02	
group_5153	7.21E-02	3.06E-01	5.64E-01	-9.95E-02	1.73E-01	1.47E-02	
group_5154	7.21E-02	3.06E-01	5.64E-01	-9.95E-02	1.73E-01	1.47E-02	
group_5155	7.21E-02	3.06E-01	5.64E-01	-9.95E-02	1.73E-01	1.47E-02	
group_1272	7.14E-02	4.80E-01	6.22E-01	8.49E-02	1.72E-01	1.26E-02	
group_1361	7.14E-02	9.16E-09	4.59E-03	-1.90E-01	6.71E-02	7.22E-02	
group_3077	7.14E-02	9.17E-08	6.88E-01	4.01E-02	9.98E-02	1.02E-02	
group_3687	7.14E-02	6.14E-01	1.50E-01	-7.42E-02	5.15E-02	3.67E-02	
ydeA	7.14E-02	3.64E-01	7.87E-01	-4.56E-02	1.69E-01	6.89E-03	
group_5245	7.14E-02	6.14E-01	1.50E-01	-7.42E-02	5.15E-02	3.67E-02	
group_5247	7.14E-02	6.14E-01	1.50E-01	-7.42E-02	5.15E-02	3.67E-02	
group_5248	7.14E-02	6.14E-01	1.50E-01	-7.42E-02	5.15E-02	3.67E-02	
group_5249	7.14E-02	6.14E-01	1.50E-01	-7.42E-02	5.15E-02	3.67E-02	
group_5358	7.14E-02	2.15E-10	9.31E-01	5.20E-03	5.97E-02	2.22E-03	
group_5359	7.14E-02	2.15E-10	9.31E-01	5.20E-03	5.97E-02	2.22E-03	
group_2306	7.08E-02	7.14E-02	9.40E-01	-3.66E-03	4.90E-02	1.91E-03	
group_2525	7.08E-02	4.29E-01	5.04E-01	4.08E-02	6.10E-02	1.71E-02	
group_2701	7.08E-02	9.85E-01	6.21E-01	4.21E-02	8.50E-02	1.26E-02	
group_2709	7.08E-02	2.31E-05	8.57E-01	1.17E-02	6.48E-02	4.61E-03	
group_37	7.08E-02	4.07E-01	3.15E-01	-5.31E-02	5.28E-02	2.56E-02	
group_718	7.08E-02	1.57E-07	5.05E-01	-5.99E-02	8.98E-02	1.70E-02	
group_2727	7.01E-02	5.74E-06	6.18E-01	6.47E-02	1.30E-01	1.27E-02	
group_4270	7.01E-02	2.67E-07	5.37E-01	6.35E-02	1.03E-01	1.57E-02	
group_5070	7.01E-02	2.67E-07	5.37E-01	6.35E-02	1.03E-01	1.57E-02	
group_5071	7.01E-02	2.67E-07	5.37E-01	6.35E-02	1.03E-01	1.57E-02	
group_5381	7.01E-02	1.47E-05	8.69E-01	1.11E-02	6.72E-02	4.21E-03	
group_6360	7.01E-02	1.37E-01	4.23E-01	-3.80E-02	4.74E-02	2.04E-02	
group_895	7.01E-02	3.64E-05	9.25E-01	-5.36E-03	5.69E-02	2.40E-03	
group_1527	6.95E-02	1.52E-07	6.95E-01	3.85E-02	9.84E-02	9.99E-03	
clpP_2	6.95E-02	1.52E-07	7.33E-01	3.49E-02	1.02E-01	8.70E-03	
group_2939	6.95E-02	8.84E-01	6.40E-01	-2.56E-02	5.47E-02	1.19E-02	
group_412	6.95E-02	4.48E-01	5.89E-01	-3.83E-02	7.09E-02	1.38E-02	
group_4240	6.95E-02	1.52E-07	7.33E-01	3.49E-02	1.02E-01	8.70E-03	
group_5065	6.95E-02	5.02E-01	2.28E-01	1.02E-01	8.49E-02	3.08E-02	
group_582	6.95E-02	2.66E-03	8.70E-01	-1.16E-02	7.09E-02	4.17E-03	
group_8	6.95E-02	3.52E-06	2.80E-01	-7.23E-02	6.68E-02	2.76E-02	
opuCC_1	6.88E-02	8.19E-01	2.50E-01	7.59E-02	6.60E-02	2.93E-02	
group_1801	6.88E-02	2.68E-08	5.12E-01	-5.99E-02	9.15E-02	1.67E-02	
group_2290	6.88E-02	8.19E-01	5.83E-01	3.57E-02	6.50E-02	1.40E-02	
group_3641	6.88E-02	2.10E-01	5.87E-01	-6.06E-02	1.12E-01	1.38E-02	
group_5215	6.88E-02	5.73E-06	8.39E-01	2.81E-02	1.39E-01	5.17E-03	
group_2420	6.82E-02	1.02E-02	1.04E-01	-7.92E-02	4.87E-02	4.15E-02	
group_2902	6.82E-02	3.07E-04	1.76E-02	-1.55E-01	6.50E-02	6.05E-02	
hin	6.82E-02	4.68E-08	5.75E-01	-4.21E-02	7.50E-02	1.43E-02	
group_380	6.82E-02	3.52E-01	4.87E-01	3.42E-02	4.91E-02	1.77E-02	
group_5271	6.82E-02	3.09E-02	5.28E-01	3.34E-02	5.28E-02	1.61E-02	
group_959	6.82E-02	4.22E-09	9.45E-01	4.85E-03	7.07E-02	1.75E-03	
group_1923	6.75E-02	1.01E-01	8.04E-01	2.01E-02	8.10E-02	6.32E-03	
group_2028	6.75E-02	3.08E-01	9.49E-01	-8.14E-03	1.27E-01	1.64E-03	
group_3798	6.75E-02	2.50E-07	9.70E-01	2.28E-03	6.02E-02	9.67E-04	
group_4389	6.75E-02	1.49E-05	9.30E-01	-5.23E-03	5.94E-02	2.24E-03	
group_4540	6.75E-02	2.50E-07	9.70E-01	2.28E-03	6.02E-02	9.67E-04	
group_5772	6.75E-02	2.50E-07	9.70E-01	2.28E-03	6.02E-02	9.67E-04	
group_5773	6.75E-02	2.50E-07	9.70E-01	2.28E-03	6.02E-02	9.67E-04	
group_775	6.75E-02	2.50E-07	8.43E-01	1.40E-02	7.07E-02	5.06E-03	
group_784	6.75E-02	2.01E-03	4.57E-01	-3.90E-02	5.25E-02	1.90E-02	
pknD_3	6.69E-02	1.40E-07	7.63E-01	2.84E-02	9.42E-02	7.68E-03	
group_1559	6.69E-02	4.26E-07	8.93E-01	8.11E-03	6.00E-02	3.44E-03	
group_2003	6.69E-02	3.32E-01	2.05E-01	1.11E-01	8.72E-02	3.23E-02	
group_2241	6.69E-02	4.50E-03	2.25E-03	2.80E-01	9.14E-02	7.78E-02	
group_3688	6.69E-02	3.32E-01	2.25E-01	-6.23E-02	5.13E-02	3.09E-02	
group_4538	6.69E-02	4.26E-07	8.92E-01	8.16E-03	6.01E-02	3.47E-03	
group_5250	6.69E-02	3.32E-01	2.25E-01	-6.23E-02	5.13E-02	3.09E-02	
group_5251	6.69E-02	3.32E-01	2.25E-01	-6.23E-02	5.13E-02	3.09E-02	
group_5252	6.69E-02	3.32E-01	2.25E-01	-6.23E-02	5.13E-02	3.09E-02	
group_5253	6.69E-02	3.32E-01	2.25E-01	-6.23E-02	5.13E-02	3.09E-02	
group_5278	6.69E-02	1.04E-02	2.31E-01	6.54E-02	5.46E-02	3.05E-02	
group_5284	6.69E-02	9.28E-06	8.51E-01	-1.12E-02	5.97E-02	4.80E-03	
group_5285	6.69E-02	9.28E-06	8.51E-01	-1.12E-02	5.97E-02	4.80E-03	
group_5289	6.69E-02	9.28E-06	8.82E-01	-8.93E-03	5.99E-02	3.80E-03	
group_5769	6.69E-02	4.26E-07	8.92E-01	8.16E-03	6.01E-02	3.47E-03	
group_5770	6.69E-02	4.26E-07	8.92E-01	8.16E-03	6.01E-02	3.47E-03	
group_5771	6.69E-02	4.26E-07	7.90E-01	1.62E-02	6.07E-02	6.79E-03	
group_5774	6.69E-02	4.26E-07	8.93E-01	8.11E-03	6.00E-02	3.44E-03	
group_1080	6.62E-02	8.78E-01	6.62E-01	-2.15E-02	4.93E-02	1.11E-02	
group_1756	6.62E-02	2.72E-01	1.45E-01	1.30E-01	8.89E-02	3.72E-02	
group_2881	6.62E-02	1.98E-09	1.29E-01	-1.32E-01	8.68E-02	3.87E-02	
group_3692	6.62E-02	1.29E-01	8.09E-01	1.29E-02	5.36E-02	6.15E-03	
group_3935	6.62E-02	9.17E-05	7.39E-02	-1.25E-01	6.97E-02	4.56E-02	
group_1042	6.56E-02	5.52E-02	5.54E-01	-5.05E-02	8.53E-02	1.51E-02	
group_1059	6.56E-02	8.57E-01	5.50E-01	2.94E-02	4.92E-02	1.52E-02	
group_1081	6.56E-02	1.34E-01	7.82E-01	1.44E-02	5.23E-02	7.04E-03	
group_1207	6.56E-02	9.25E-06	5.98E-01	4.32E-02	8.18E-02	1.35E-02	
group_2800	6.56E-02	1.25E-08	3.39E-01	-7.24E-02	7.58E-02	2.44E-02	
group_3829	6.56E-02	2.19E-01	4.53E-01	6.10E-02	8.14E-02	1.91E-02	
group_4250	6.56E-02	3.08E-01	3.39E-01	8.56E-02	8.95E-02	2.44E-02	
desR_1	6.56E-02	1.09E-02	1.87E-01	1.12E-01	8.45E-02	3.36E-02	
group_2283	6.49E-02	1.74E-01	1.01E-01	1.51E-01	9.18E-02	4.19E-02	
actP	6.49E-02	1.74E-01	1.01E-01	1.51E-01	9.18E-02	4.19E-02	
cadC_1	6.49E-02	1.74E-01	1.01E-01	1.51E-01	9.18E-02	4.19E-02	
group_5032	6.49E-02	1.74E-01	1.01E-01	1.51E-01	9.18E-02	4.19E-02	
group_5033	6.49E-02	1.74E-01	1.01E-01	1.51E-01	9.18E-02	4.19E-02	
group_5034	6.49E-02	1.74E-01	1.01E-01	1.51E-01	9.18E-02	4.19E-02	
group_5283	6.49E-02	2.03E-06	6.88E-01	-2.44E-02	6.07E-02	1.02E-02	
group_996	6.49E-02	4.90E-04	9.24E-01	4.85E-03	5.12E-02	2.42E-03	
pre	6.43E-02	6.12E-03	6.31E-01	2.99E-02	6.21E-02	1.23E-02	
group_2577	6.43E-02	1.06E-06	5.79E-01	2.71E-02	4.88E-02	1.41E-02	
group_2587	6.43E-02	6.03E-05	5.77E-01	-5.80E-02	1.04E-01	1.42E-02	
group_3807	6.43E-02	3.98E-07	5.72E-01	5.39E-02	9.55E-02	1.44E-02	
group_4255	6.43E-02	2.85E-01	2.22E-01	1.13E-01	9.21E-02	3.12E-02	
group_5807	6.43E-02	1.45E-04	3.01E-01	8.83E-02	8.54E-02	2.63E-02	
group_985	6.43E-02	1.18E-06	1.75E-01	-8.20E-02	6.04E-02	3.46E-02	
group_1998	6.36E-02	5.57E-06	9.27E-01	1.65E-02	1.80E-01	2.34E-03	
copB	6.36E-02	1.58E-01	7.46E-02	1.61E-01	9.03E-02	4.54E-02	
group_3581	6.36E-02	2.30E-01	1.71E-01	1.28E-01	9.37E-02	3.49E-02	
group_364	6.36E-02	1.99E-06	9.01E-01	9.53E-03	7.67E-02	3.17E-03	
cadC_3	6.36E-02	2.30E-01	1.71E-01	1.28E-01	9.37E-02	3.49E-02	
group_4252	6.36E-02	2.30E-01	1.71E-01	1.28E-01	9.37E-02	3.49E-02	
group_4254	6.36E-02	2.30E-01	1.71E-01	1.28E-01	9.37E-02	3.49E-02	
immR	6.36E-02	3.23E-01	3.01E-01	9.07E-02	8.76E-02	2.64E-02	
cadA_2	6.36E-02	2.30E-01	1.71E-01	1.28E-01	9.37E-02	3.49E-02	
yadH	6.36E-02	2.30E-01	1.71E-01	1.28E-01	9.37E-02	3.49E-02	
yadG	6.36E-02	2.30E-01	1.71E-01	1.28E-01	9.37E-02	3.49E-02	
cdr	6.36E-02	2.30E-01	1.71E-01	1.28E-01	9.37E-02	3.49E-02	
arsA	6.36E-02	2.30E-01	1.71E-01	1.28E-01	9.37E-02	3.49E-02	
arsD	6.36E-02	2.30E-01	1.71E-01	1.28E-01	9.37E-02	3.49E-02	
group_5045	6.36E-02	2.30E-01	1.86E-01	1.24E-01	9.38E-02	3.37E-02	
group_6357	6.36E-02	1.77E-01	2.76E-01	-5.45E-02	5.00E-02	2.78E-02	
group_6358	6.36E-02	1.77E-01	2.76E-01	-5.45E-02	5.00E-02	2.78E-02	
group_889	6.36E-02	5.57E-06	4.71E-01	6.21E-02	8.62E-02	1.84E-02	
group_206	6.30E-02	1.15E-06	5.67E-01	3.87E-02	6.75E-02	1.46E-02	
group_2652	6.30E-02	7.05E-16	4.38E-02	-1.25E-01	6.20E-02	5.14E-02	
acr3	6.30E-02	1.82E-01	1.40E-01	1.41E-01	9.56E-02	3.76E-02	
group_4376	6.30E-02	4.89E-01	1.97E-01	-6.83E-02	5.30E-02	3.29E-02	
group_5028	6.30E-02	2.63E-01	2.53E-01	1.02E-01	8.89E-02	2.92E-02	
group_5030	6.30E-02	2.63E-01	2.35E-01	1.10E-01	9.22E-02	3.03E-02	
copY_1	6.30E-02	1.82E-01	1.40E-01	1.41E-01	9.56E-02	3.76E-02	
group_5036	6.30E-02	1.82E-01	1.40E-01	1.41E-01	9.56E-02	3.76E-02	
group_5037	6.30E-02	1.82E-01	1.40E-01	1.41E-01	9.56E-02	3.76E-02	
group_5038	6.30E-02	1.82E-01	1.40E-01	1.41E-01	9.56E-02	3.76E-02	
group_6362	6.30E-02	2.18E-01	3.90E-01	-4.32E-02	5.02E-02	2.19E-02	
group_722	6.30E-02	2.18E-01	3.49E-01	-4.71E-02	5.03E-02	2.39E-02	
group_1732	6.23E-02	7.96E-02	7.43E-01	-1.74E-02	5.32E-02	8.36E-03	
group_2403	6.23E-02	8.09E-15	9.54E-02	-2.05E-01	1.23E-01	4.25E-02	
group_2464	6.23E-02	3.47E-02	2.37E-02	-1.15E-01	5.08E-02	5.76E-02	
sdpR	6.23E-02	2.10E-01	1.98E-01	1.21E-01	9.40E-02	3.28E-02	
group_3101	6.23E-02	7.96E-02	7.84E-02	-8.73E-02	4.96E-02	4.49E-02	
group_3194	6.23E-02	8.09E-15	9.54E-02	-2.05E-01	1.23E-01	4.25E-02	
group_3207	6.23E-02	9.59E-05	9.54E-01	-4.00E-03	7.00E-02	1.46E-03	
group_3238	6.23E-02	1.49E-05	2.56E-01	1.03E-01	9.07E-02	2.90E-02	
group_3728	6.23E-02	8.09E-15	9.54E-02	-2.05E-01	1.23E-01	4.25E-02	
group_3729	6.23E-02	8.09E-15	9.54E-02	-2.05E-01	1.23E-01	4.25E-02	
group_3730	6.23E-02	8.09E-15	9.54E-02	-2.05E-01	1.23E-01	4.25E-02	
group_3731	6.23E-02	8.09E-15	9.54E-02	-2.05E-01	1.23E-01	4.25E-02	
group_4356	6.23E-02	2.67E-01	2.59E-01	5.88E-02	5.21E-02	2.88E-02	
group_4379	6.23E-02	5.43E-09	2.26E-03	-2.58E-01	8.44E-02	7.78E-02	
group_4390	6.23E-02	5.18E-04	4.94E-01	-3.80E-02	5.56E-02	1.74E-02	
group_4415	6.23E-02	8.09E-15	9.54E-02	-2.05E-01	1.23E-01	4.25E-02	
group_4651	6.23E-02	2.67E-01	4.15E-01	-4.12E-02	5.06E-02	2.08E-02	
group_4652	6.23E-02	2.67E-01	4.15E-01	-4.12E-02	5.06E-02	2.08E-02	
group_5264	6.23E-02	5.43E-09	2.26E-03	-2.58E-01	8.44E-02	7.78E-02	
group_5265	6.23E-02	5.43E-09	2.26E-03	-2.58E-01	8.44E-02	7.78E-02	
group_5371	6.23E-02	8.09E-15	9.54E-02	-2.05E-01	1.23E-01	4.25E-02	
group_6363	6.23E-02	2.67E-01	4.15E-01	-4.12E-02	5.06E-02	2.08E-02	
group_6365	6.23E-02	2.67E-01	4.15E-01	-4.12E-02	5.06E-02	2.08E-02	
group_2697	6.17E-02	3.39E-01	4.04E-01	7.34E-02	8.79E-02	2.13E-02	
group_2699	6.17E-02	2.41E-01	2.65E-01	1.04E-01	9.33E-02	2.84E-02	
group_3196	6.17E-02	1.65E-14	1.24E-01	-1.86E-01	1.21E-01	3.92E-02	
group_3724	6.17E-02	1.65E-14	1.50E-01	-1.84E-01	1.28E-01	3.67E-02	
group_3866	6.17E-02	3.24E-01	4.81E-01	-3.58E-02	5.07E-02	1.80E-02	
group_4358	6.17E-02	2.26E-02	3.13E-01	-5.12E-02	5.08E-02	2.57E-02	
group_4412	6.17E-02	1.65E-14	1.50E-01	-1.84E-01	1.28E-01	3.67E-02	
group_4413	6.17E-02	1.65E-14	1.50E-01	-1.84E-01	1.28E-01	3.67E-02	
group_4414	6.17E-02	1.65E-14	1.50E-01	-1.84E-01	1.28E-01	3.67E-02	
group_4641	6.17E-02	3.24E-01	4.81E-01	-3.58E-02	5.07E-02	1.80E-02	
group_4648	6.17E-02	3.24E-01	4.81E-01	-3.58E-02	5.07E-02	1.80E-02	
group_5266	6.17E-02	9.84E-09	4.04E-03	-2.42E-01	8.39E-02	7.32E-02	
group_5267	6.17E-02	9.84E-09	4.00E-03	-2.42E-01	8.41E-02	7.33E-02	
group_5366	6.17E-02	1.65E-14	1.50E-01	-1.84E-01	1.28E-01	3.67E-02	
group_6342	6.17E-02	3.24E-01	4.81E-01	-3.58E-02	5.07E-02	1.80E-02	
group_6343	6.17E-02	3.24E-01	4.81E-01	-3.58E-02	5.07E-02	1.80E-02	
group_6364	6.17E-02	2.30E-01	3.66E-01	-4.59E-02	5.08E-02	2.31E-02	
group_724	6.17E-02	3.25E-06	5.53E-01	3.32E-02	5.59E-02	1.51E-02	
group_815	6.17E-02	1.15E-07	9.32E-02	-1.08E-01	6.41E-02	4.28E-02	
group_1084	6.10E-02	3.88E-05	3.07E-01	-6.62E-02	6.48E-02	2.61E-02	
group_1241	6.10E-02	2.35E-03	5.59E-01	2.84E-02	4.87E-02	1.49E-02	
sasA_5	6.10E-02	5.19E-01	7.83E-01	2.90E-02	1.05E-01	7.04E-03	
group_2681	6.10E-02	3.68E-05	3.86E-01	5.00E-02	5.76E-02	2.21E-02	
group_3232	6.10E-02	1.89E-06	7.51E-01	3.09E-02	9.76E-02	8.08E-03	
group_4282	6.10E-02	2.22E-04	9.54E-01	-3.28E-03	5.74E-02	1.46E-03	
group_4537	6.10E-02	2.00E-07	9.76E-01	-1.89E-03	6.40E-02	7.52E-04	
group_458	6.10E-02	2.00E-07	8.68E-01	-1.44E-02	8.65E-02	4.25E-03	
group_4643	6.10E-02	3.89E-01	5.36E-01	-3.16E-02	5.10E-02	1.58E-02	
group_4644	6.10E-02	3.89E-01	5.36E-01	-3.16E-02	5.10E-02	1.58E-02	
group_4647	6.10E-02	3.89E-01	5.36E-01	-3.16E-02	5.10E-02	1.58E-02	
group_6347	6.10E-02	3.89E-01	5.36E-01	-3.16E-02	5.10E-02	1.58E-02	
group_1524	6.04E-02	2.06E-02	5.03E-02	-1.01E-01	5.17E-02	4.99E-02	
group_2074	6.04E-02	2.41E-01	3.63E-01	-4.67E-02	5.13E-02	2.32E-02	
group_2732	6.04E-02	2.99E-03	7.82E-01	-1.59E-02	5.73E-02	7.06E-03	
group_3212	6.04E-02	6.19E-05	3.60E-01	-5.96E-02	6.51E-02	2.33E-02	
group_4645	6.04E-02	3.40E-01	5.00E-01	-3.46E-02	5.13E-02	1.72E-02	
group_4646	6.04E-02	3.40E-01	5.00E-01	-3.46E-02	5.13E-02	1.72E-02	
group_503	6.04E-02	3.60E-02	8.87E-01	-6.87E-03	4.83E-02	3.63E-03	
group_53	6.04E-02	1.08E-01	2.64E-01	-5.71E-02	5.11E-02	2.85E-02	
group_6354	6.04E-02	2.41E-01	3.63E-01	-4.67E-02	5.13E-02	2.32E-02	
group_6355	6.04E-02	2.41E-01	3.63E-01	-4.67E-02	5.13E-02	2.32E-02	
opuCA_1	5.97E-02	4.81E-01	1.50E-01	1.01E-01	7.01E-02	3.67E-02	
group_1181	5.97E-02	9.85E-03	6.36E-02	-1.31E-01	7.03E-02	4.73E-02	
group_180	5.97E-02	1.47E-05	4.70E-01	6.48E-02	8.97E-02	1.84E-02	
group_3164	5.97E-02	9.62E-01	1.23E-01	1.54E-01	1.00E-01	3.93E-02	
group_3607	5.97E-02	7.18E-02	4.32E-01	-4.76E-02	6.06E-02	2.00E-02	
group_5029	5.97E-02	4.81E-01	6.90E-01	3.48E-02	8.72E-02	1.02E-02	
group_5085	5.97E-02	7.18E-02	4.32E-01	-4.76E-02	6.06E-02	2.00E-02	
group_5086	5.97E-02	7.18E-02	4.32E-01	-4.76E-02	6.06E-02	2.00E-02	
group_5281	5.97E-02	8.64E-01	5.93E-01	2.87E-02	5.37E-02	1.36E-02	
group_5415	5.97E-02	7.44E-03	1.07E-01	-8.38E-02	5.20E-02	4.11E-02	
group_5541	5.97E-02	9.80E-05	9.48E-01	-4.77E-03	7.37E-02	1.65E-03	
group_711	5.97E-02	6.02E-07	7.66E-01	-3.19E-02	1.07E-01	7.60E-03	
group_3867	5.91E-02	2.53E-01	4.09E-01	-4.29E-02	5.19E-02	2.11E-02	
group_4440	5.91E-02	4.78E-03	1.17E-01	-8.22E-02	5.24E-02	3.99E-02	
group_563	5.91E-02	1.14E-01	4.30E-01	6.09E-02	7.71E-02	2.01E-02	
group_6356	5.91E-02	2.53E-01	4.09E-01	-4.29E-02	5.19E-02	2.11E-02	
group_1925	5.84E-02	1.45E-01	2.56E-01	-1.04E-01	9.17E-02	2.90E-02	
group_2558	5.84E-02	5.32E-03	2.61E-01	-9.09E-02	8.08E-02	2.87E-02	
group_3237	5.84E-02	5.25E-08	7.87E-01	-1.76E-02	6.53E-02	6.90E-03	
group_3787	5.84E-02	1.45E-01	6.69E-02	-1.02E-01	5.57E-02	4.67E-02	
group_4348	5.84E-02	2.41E-04	6.71E-01	7.23E-02	1.70E-01	1.08E-02	
clpP_3	5.84E-02	1.48E-08	6.54E-01	-2.94E-02	6.56E-02	1.14E-02	
group_5182	5.84E-02	9.88E-05	7.27E-01	7.82E-02	2.24E-01	8.90E-03	
group_5214	5.84E-02	9.88E-05	7.27E-01	7.82E-02	2.24E-01	8.90E-03	
group_5216	5.84E-02	9.88E-05	7.27E-01	7.82E-02	2.24E-01	8.90E-03	
group_1048	5.78E-02	1.83E-03	5.57E-01	-2.95E-02	5.02E-02	1.50E-02	
group_1168	5.78E-02	1.56E-04	4.95E-01	1.53E-01	2.23E-01	1.74E-02	
group_123	5.78E-02	2.68E-08	3.91E-02	-1.43E-01	6.90E-02	5.26E-02	
group_1312	5.78E-02	1.56E-04	7.75E-01	5.26E-02	1.84E-01	7.29E-03	
group_2663	5.78E-02	3.83E-03	6.87E-01	-2.75E-02	6.81E-02	1.03E-02	
group_2763	5.78E-02	6.23E-05	5.06E-01	-1.08E-01	1.62E-01	1.70E-02	
group_3140	5.78E-02	3.74E-01	5.82E-01	2.81E-02	5.10E-02	1.40E-02	
group_3293	5.78E-02	6.18E-05	3.89E-01	4.29E-02	4.98E-02	2.20E-02	
group_3868	5.78E-02	5.05E-01	5.66E-01	-3.01E-02	5.24E-02	1.46E-02	
group_4291	5.78E-02	6.18E-05	4.35E-01	4.65E-02	5.95E-02	1.99E-02	
group_4344	5.78E-02	1.56E-04	4.95E-01	1.53E-01	2.23E-01	1.74E-02	
group_5183	5.78E-02	1.56E-04	4.95E-01	1.53E-01	2.23E-01	1.74E-02	
group_5184	5.78E-02	1.56E-04	4.95E-01	1.53E-01	2.23E-01	1.74E-02	
group_5484	5.78E-02	3.70E-04	6.39E-01	2.60E-02	5.54E-02	1.20E-02	
group_700	5.78E-02	1.56E-04	4.95E-01	1.53E-01	2.23E-01	1.74E-02	
group_772	5.78E-02	1.56E-04	4.95E-01	1.53E-01	2.23E-01	1.74E-02	
group_137	5.71E-02	5.44E-02	9.96E-01	2.58E-04	4.98E-02	1.32E-04	
group_149	5.71E-02	5.54E-03	5.52E-01	4.06E-02	6.84E-02	1.51E-02	
group_2820	5.71E-02	9.94E-05	9.88E-01	-2.92E-03	2.01E-01	3.71E-04	
group_4039	5.71E-02	3.18E-05	2.26E-01	7.24E-02	5.98E-02	3.09E-02	
group_4292	5.71E-02	8.26E-05	4.67E-01	4.34E-02	5.96E-02	1.85E-02	
group_4347	5.71E-02	9.94E-05	7.81E-01	-4.78E-02	1.72E-01	7.08E-03	
group_4422	5.71E-02	9.94E-05	8.44E-01	1.15E-02	5.81E-02	5.03E-03	
group_459	5.71E-02	7.54E-01	6.73E-01	2.65E-02	6.29E-02	1.08E-02	
group_4653	5.71E-02	5.91E-01	6.46E-01	-2.42E-02	5.26E-02	1.17E-02	
group_5186	5.71E-02	2.44E-04	3.04E-01	2.08E-01	2.03E-01	2.62E-02	
group_5187	5.71E-02	2.44E-04	2.99E-01	2.08E-01	2.00E-01	2.65E-02	
group_528	5.71E-02	1.69E-06	1.43E-01	-9.52E-02	6.50E-02	3.74E-02	
group_5394	5.71E-02	1.43E-05	3.22E-01	5.67E-02	5.73E-02	2.52E-02	
group_6082	5.71E-02	3.86E-05	6.37E-01	-8.35E-02	1.77E-01	1.20E-02	
group_1318	5.65E-02	3.79E-04	1.83E-01	2.47E-01	1.85E-01	3.40E-02	
cadA_1	5.65E-02	4.72E-01	7.41E-01	2.91E-02	8.81E-02	8.43E-03	
group_2609	5.65E-02	2.92E-07	1.24E-03	-2.13E-01	6.57E-02	8.22E-02	
group_2806	5.65E-02	6.51E-09	3.40E-01	-1.19E-01	1.25E-01	2.44E-02	
group_6341	5.65E-02	1.26E-01	2.23E-01	-6.35E-02	5.20E-02	3.11E-02	
group_3661	5.58E-02	2.47E-04	4.88E-01	1.19E-01	1.71E-01	1.77E-02	
group_4317	5.58E-02	5.77E-03	3.74E-01	-4.86E-02	5.46E-02	2.27E-02	
group_4341	5.58E-02	5.84E-04	1.90E-01	2.07E-01	1.58E-01	3.34E-02	
group_4342	5.58E-02	5.84E-04	1.90E-01	2.07E-01	1.58E-01	3.34E-02	
group_4343	5.58E-02	5.84E-04	1.90E-01	2.07E-01	1.58E-01	3.34E-02	
group_4388	5.58E-02	6.34E-02	6.42E-01	2.68E-02	5.77E-02	1.19E-02	
group_4522	5.58E-02	1.20E-08	6.56E-01	-8.85E-02	1.98E-01	1.14E-02	
group_5177	5.58E-02	5.84E-04	1.90E-01	2.07E-01	1.58E-01	3.34E-02	
group_5180	5.58E-02	5.84E-04	1.90E-01	2.07E-01	1.58E-01	3.34E-02	
group_5181	5.58E-02	5.84E-04	1.90E-01	2.07E-01	1.58E-01	3.34E-02	
group_5731	5.58E-02	3.99E-11	8.81E-04	-4.36E-01	1.31E-01	8.47E-02	
group_5736	5.58E-02	1.20E-08	6.56E-01	-8.85E-02	1.98E-01	1.14E-02	
group_5737	5.58E-02	1.20E-08	6.56E-01	-8.85E-02	1.98E-01	1.14E-02	
group_5738	5.58E-02	1.20E-08	6.56E-01	-8.85E-02	1.98E-01	1.14E-02	
group_5739	5.58E-02	1.20E-08	6.56E-01	-8.85E-02	1.98E-01	1.14E-02	
group_686	5.58E-02	5.75E-05	6.53E-01	-2.47E-02	5.51E-02	1.15E-02	
group_859	5.58E-02	5.75E-05	6.53E-01	-2.47E-02	5.51E-02	1.15E-02	
group_1556	5.52E-02	5.52E-01	7.25E-01	2.05E-02	5.84E-02	8.97E-03	
group_2704	5.52E-02	5.52E-01	7.25E-01	2.05E-02	5.84E-02	8.97E-03	
group_2840	5.52E-02	4.13E-03	4.00E-01	7.57E-02	8.98E-02	2.15E-02	
group_3087	5.52E-02	5.52E-01	7.25E-01	2.05E-02	5.84E-02	8.97E-03	
group_3088	5.52E-02	5.52E-01	7.25E-01	2.05E-02	5.84E-02	8.97E-03	
group_3848	5.52E-02	5.52E-01	1.19E-01	9.09E-02	5.83E-02	3.97E-02	
group_4256	5.52E-02	5.52E-01	7.25E-01	2.05E-02	5.84E-02	8.97E-03	
group_4417	5.52E-02	6.59E-13	8.69E-02	-2.53E-01	1.48E-01	4.36E-02	
group_5178	5.52E-02	8.92E-04	7.25E-02	3.01E-01	1.67E-01	4.58E-02	
group_5179	5.52E-02	3.85E-04	4.31E-01	1.18E-01	1.50E-01	2.01E-02	
group_5368	5.52E-02	6.59E-13	8.69E-02	-2.53E-01	1.48E-01	4.36E-02	
group_5373	5.52E-02	6.59E-13	8.69E-02	-2.53E-01	1.48E-01	4.36E-02	
xre_1	5.52E-02	6.59E-13	8.69E-02	-2.53E-01	1.48E-01	4.36E-02	
group_5730	5.52E-02	7.74E-11	3.71E-03	-3.98E-01	1.37E-01	7.39E-02	
group_2031	5.45E-02	2.50E-04	7.50E-01	4.60E-02	1.44E-01	8.12E-03	
group_2703	5.45E-02	4.90E-01	7.66E-01	1.75E-02	5.89E-02	7.58E-03	
group_2810	5.45E-02	1.07E-08	3.53E-01	-1.55E-01	1.67E-01	2.37E-02	
group_302	5.45E-02	8.16E-01	9.91E-01	6.57E-04	5.61E-02	2.99E-04	
group_309	5.45E-02	9.97E-01	5.73E-01	4.88E-02	8.65E-02	1.44E-02	
group_3659	5.45E-02	1.35E-03	7.66E-02	2.53E-01	1.43E-01	4.51E-02	
group_3726	5.45E-02	1.33E-12	1.46E-01	-2.28E-01	1.57E-01	3.71E-02	
group_3732	5.45E-02	1.33E-12	1.46E-01	-2.28E-01	1.57E-01	3.71E-02	
group_4400	5.45E-02	3.94E-05	8.98E-01	7.11E-03	5.57E-02	3.25E-03	
group_4418	5.45E-02	1.33E-12	1.46E-01	-2.28E-01	1.57E-01	3.71E-02	
group_5327	5.45E-02	2.47E-13	1.94E-02	-3.66E-01	1.56E-01	5.96E-02	
group_5365	5.45E-02	1.33E-12	1.46E-01	-2.28E-01	1.57E-01	3.71E-02	
group_5367	5.45E-02	1.33E-12	1.46E-01	-2.28E-01	1.57E-01	3.71E-02	
group_5369	5.45E-02	1.33E-12	1.46E-01	-2.28E-01	1.57E-01	3.71E-02	
group_5370	5.45E-02	1.33E-12	1.46E-01	-2.28E-01	1.57E-01	3.71E-02	
group_5372	5.45E-02	1.33E-12	1.46E-01	-2.28E-01	1.57E-01	3.71E-02	
group_5375	5.45E-02	1.33E-12	1.46E-01	-2.28E-01	1.57E-01	3.71E-02	
group_5376	5.45E-02	1.33E-12	1.46E-01	-2.28E-01	1.57E-01	3.71E-02	
group_5377	5.45E-02	1.33E-12	1.46E-01	-2.28E-01	1.57E-01	3.71E-02	
group_5463	5.45E-02	2.58E-04	8.62E-01	9.84E-03	5.67E-02	4.43E-03	
group_661	5.45E-02	4.00E-02	6.57E-01	2.87E-02	6.46E-02	1.13E-02	
group_1546	5.39E-02	2.53E-07	9.05E-01	1.34E-02	1.12E-01	3.04E-03	
group_2005	5.39E-02	8.15E-02	4.68E-02	1.46E-01	7.35E-02	5.07E-02	
group_2325	5.39E-02	8.15E-02	4.68E-02	1.46E-01	7.35E-02	5.07E-02	
group_2787	5.39E-02	2.12E-01	4.32E-01	-4.02E-02	5.12E-02	2.00E-02	
group_3092	5.39E-02	2.53E-07	5.49E-01	-7.04E-02	1.17E-01	1.53E-02	
group_3193	5.39E-02	3.91E-04	6.11E-01	3.03E-02	5.96E-02	1.30E-02	
group_3584	5.39E-02	8.15E-02	4.68E-02	1.46E-01	7.35E-02	5.07E-02	
group_3668	5.39E-02	6.18E-05	4.67E-01	-1.08E-01	1.48E-01	1.85E-02	
group_3670	5.39E-02	6.18E-05	4.67E-01	-1.08E-01	1.48E-01	1.85E-02	
group_3735	5.39E-02	3.03E-02	2.74E-01	-6.03E-02	5.52E-02	2.79E-02	
group_4416	5.39E-02	2.65E-12	2.32E-01	-1.81E-01	1.51E-01	3.05E-02	
group_4469	5.39E-02	3.83E-03	8.96E-01	-7.40E-03	5.66E-02	3.33E-03	
group_5057	5.39E-02	8.15E-02	4.68E-02	1.46E-01	7.35E-02	5.07E-02	
group_5140	5.39E-02	2.03E-03	1.62E-01	-7.78E-02	5.57E-02	3.56E-02	
group_5141	5.39E-02	2.03E-03	1.62E-01	-7.78E-02	5.57E-02	3.56E-02	
group_5206	5.39E-02	6.18E-05	4.67E-01	-1.08E-01	1.48E-01	1.85E-02	
group_5207	5.39E-02	6.18E-05	4.67E-01	-1.08E-01	1.48E-01	1.85E-02	
group_5208	5.39E-02	6.18E-05	4.67E-01	-1.08E-01	1.48E-01	1.85E-02	
group_5209	5.39E-02	6.18E-05	4.67E-01	-1.08E-01	1.48E-01	1.85E-02	
group_5210	5.39E-02	6.18E-05	4.67E-01	-1.08E-01	1.48E-01	1.85E-02	
group_5211	5.39E-02	6.18E-05	4.67E-01	-1.08E-01	1.48E-01	1.85E-02	
group_5212	5.39E-02	6.18E-05	4.67E-01	-1.08E-01	1.48E-01	1.85E-02	
group_5213	5.39E-02	6.18E-05	4.67E-01	-1.08E-01	1.48E-01	1.85E-02	
topB	5.32E-02	4.48E-07	8.65E-01	1.87E-02	1.10E-01	4.35E-03	
group_2648	5.32E-02	5.30E-12	9.33E-02	-1.42E-01	8.45E-02	4.28E-02	
group_2714	5.32E-02	1.30E-07	3.80E-01	-1.07E-01	1.21E-01	2.24E-02	
group_3588	5.32E-02	1.30E-07	3.80E-01	-1.07E-01	1.21E-01	2.24E-02	
group_3805	5.32E-02	4.48E-07	5.43E-01	8.02E-02	1.32E-01	1.55E-02	
group_3806	5.32E-02	4.48E-07	5.64E-01	7.60E-02	1.32E-01	1.47E-02	
group_930	5.32E-02	2.63E-11	3.20E-02	-1.61E-01	7.52E-02	5.47E-02	
group_1657	5.26E-02	1.36E-03	2.39E-01	-6.48E-02	5.51E-02	3.00E-02	
group_2401	5.26E-02	6.54E-08	5.63E-01	3.73E-02	6.45E-02	1.47E-02	
group_2705	5.26E-02	7.08E-02	3.62E-02	1.58E-01	7.53E-02	5.34E-02	
group_4260	5.26E-02	7.08E-02	3.62E-02	1.58E-01	7.53E-02	5.34E-02	
group_4410	5.26E-02	1.74E-08	6.93E-01	2.52E-02	6.39E-02	1.01E-02	
group_4557	5.26E-02	2.33E-07	8.36E-01	2.85E-02	1.38E-01	5.28E-03	
group_4862	5.26E-02	4.27E-06	2.08E-01	8.03E-02	6.37E-02	3.21E-02	
group_5461	5.26E-02	5.93E-04	8.18E-01	1.31E-02	5.72E-02	5.86E-03	
group_5464	5.26E-02	2.45E-04	9.98E-01	1.66E-04	5.76E-02	7.37E-05	
group_5801	5.26E-02	6.54E-08	9.28E-01	-1.52E-02	1.67E-01	2.32E-03	
group_778	5.26E-02	6.54E-08	2.61E-01	-1.41E-01	1.26E-01	2.86E-02	
group_832	5.26E-02	9.33E-04	3.57E-01	-5.71E-02	6.19E-02	2.35E-02	
group_1173	5.19E-02	4.15E-07	9.99E-01	2.07E-04	1.31E-01	4.03E-05	
group_223	5.19E-02	4.33E-02	8.87E-02	9.70E-02	5.69E-02	4.34E-02	
group_2280	5.19E-02	3.11E-03	5.33E-01	-4.31E-02	6.91E-02	1.59E-02	
group_2326	5.19E-02	1.37E-01	1.30E-01	1.16E-01	7.66E-02	3.86E-02	
group_2693	5.19E-02	1.29E-04	4.84E-01	4.15E-02	5.93E-02	1.79E-02	
group_2710	5.19E-02	3.21E-08	5.19E-01	-1.02E-01	1.57E-01	1.64E-02	
group_3079	5.19E-02	1.74E-05	2.17E-01	7.29E-02	5.91E-02	3.15E-02	
group_3407	5.19E-02	1.90E-06	1.26E-01	9.79E-02	6.39E-02	3.91E-02	
group_3605	5.19E-02	1.29E-04	7.59E-01	1.99E-02	6.51E-02	7.81E-03	
group_400	5.19E-02	3.21E-08	5.19E-01	-1.02E-01	1.57E-01	1.64E-02	
group_4038	5.19E-02	5.89E-06	2.31E-01	7.64E-02	6.37E-02	3.06E-02	
group_4245	5.19E-02	4.86E-05	3.04E-01	5.97E-02	5.81E-02	2.62E-02	
group_4411	5.19E-02	8.22E-09	8.76E-01	1.01E-02	6.52E-02	3.97E-03	
group_4558	5.19E-02	1.18E-07	8.68E-01	-2.42E-02	1.45E-01	4.25E-03	
group_5117	5.19E-02	7.50E-01	5.52E-02	1.62E-01	8.44E-02	4.89E-02	
group_5118	5.19E-02	7.50E-01	5.52E-02	1.62E-01	8.44E-02	4.89E-02	
group_5119	5.19E-02	7.50E-01	5.52E-02	1.62E-01	8.44E-02	4.89E-02	
group_5121	5.19E-02	7.50E-01	5.52E-02	1.62E-01	8.44E-02	4.89E-02	
group_5122	5.19E-02	7.50E-01	5.52E-02	1.62E-01	8.44E-02	4.89E-02	
group_5123	5.19E-02	7.50E-01	5.52E-02	1.62E-01	8.44E-02	4.89E-02	
group_5124	5.19E-02	7.50E-01	5.52E-02	1.62E-01	8.44E-02	4.89E-02	
group_5362	5.19E-02	8.22E-09	8.76E-01	1.01E-02	6.52E-02	3.97E-03	
group_5800	5.19E-02	4.15E-07	5.36E-01	8.99E-02	1.45E-01	1.58E-02	
group_665	5.19E-02	7.50E-01	5.52E-02	1.62E-01	8.44E-02	4.89E-02	
group_719	5.19E-02	3.69E-05	2.48E-01	-1.51E-01	1.31E-01	2.95E-02	
group_1513	5.13E-02	4.86E-01	8.73E-01	1.18E-02	7.34E-02	4.09E-03	
group_1653	5.13E-02	1.02E-03	9.91E-01	6.21E-04	5.39E-02	2.94E-04	
group_1656	5.13E-02	9.90E-03	8.13E-01	1.25E-02	5.26E-02	6.04E-03	
group_1758	5.13E-02	2.13E-07	9.29E-01	1.23E-02	1.38E-01	2.28E-03	
group_1838	5.13E-02	9.36E-03	7.43E-01	2.22E-02	6.76E-02	8.37E-03	
group_2215	5.13E-02	1.61E-01	6.69E-02	1.17E-01	6.36E-02	4.67E-02	
group_3107	5.13E-02	2.13E-07	7.38E-01	5.13E-02	1.53E-01	8.52E-03	
group_3477	5.13E-02	1.01E-01	3.61E-02	1.34E-01	6.39E-02	5.34E-02	
group_4480	5.13E-02	2.13E-07	5.50E-01	-5.35E-02	8.94E-02	1.53E-02	
group_4496	5.13E-02	7.35E-07	7.62E-02	-1.37E-01	7.71E-02	4.52E-02	
group_5360	5.13E-02	1.53E-08	8.13E-01	1.54E-02	6.51E-02	6.02E-03	
group_5361	5.13E-02	1.53E-08	8.13E-01	1.54E-02	6.51E-02	6.02E-03	
group_5798	5.13E-02	2.13E-07	7.38E-01	5.13E-02	1.53E-01	8.52E-03	
group_5799	5.13E-02	2.13E-07	7.38E-01	5.13E-02	1.53E-01	8.52E-03	
group_1012	5.06E-02	2.53E-02	1.16E-01	-1.29E-01	8.20E-02	4.01E-02	
group_1521	5.06E-02	2.55E-04	6.47E-02	-1.31E-01	7.11E-02	4.71E-02	
group_1631	5.06E-02	7.79E-02	9.98E-01	-1.61E-04	5.42E-02	7.57E-05	
group_242	5.06E-02	8.96E-01	4.74E-01	4.61E-02	6.44E-02	1.82E-02	
group_2716	5.06E-02	3.82E-07	8.52E-01	2.68E-02	1.44E-01	4.75E-03	
group_3054	5.06E-02	2.31E-04	9.56E-01	-3.53E-03	6.33E-02	1.42E-03	
group_3108	5.06E-02	3.82E-07	5.78E-01	8.13E-02	1.46E-01	1.42E-02	
group_3115	5.06E-02	5.69E-04	9.07E-01	7.65E-03	6.55E-02	2.98E-03	
group_3624	5.06E-02	2.31E-04	8.91E-01	8.11E-03	5.91E-02	3.50E-03	
group_4560	5.06E-02	3.82E-07	6.88E-01	5.82E-02	1.45E-01	1.02E-02	
group_476	5.06E-02	1.07E-07	8.49E-01	-2.80E-02	1.47E-01	4.87E-03	
group_5364	5.06E-02	2.84E-08	6.23E-01	3.26E-02	6.62E-02	1.26E-02	
group_5542	5.06E-02	3.82E-07	6.03E-01	-4.75E-02	9.13E-02	1.33E-02	
group_5544	5.06E-02	3.82E-07	6.03E-01	-4.75E-02	9.13E-02	1.33E-02	
group_1164	5.00E-02	2.12E-05	1.05E-03	-2.14E-01	6.52E-02	8.34E-02	
group_1542	5.00E-02	1.03E-01	9.03E-01	1.11E-02	9.06E-02	3.12E-03	
group_2509	5.00E-02	4.04E-04	4.27E-01	6.66E-02	8.39E-02	2.02E-02	
group_704	5.00E-02	9.71E-01	9.37E-01	5.97E-03	7.59E-02	2.01E-03	
