variant	af	filter-pvalue	lrt-pvalue	beta	beta-std-err	intercept	Cluster_0	Cluster_1	Cluster_2	Cluster_3	Cluster_4	Cluster_5	Cluster_6	Cluster_7	Cluster_8	Cluster_9	Cluster_10	Cluster_11	Cluster_12	Cluster_13	Cluster_14	Cluster_15	Cluster_16	Cluster_17	Cluster_18	Cluster_19	Cluster_20	Cluster_21	Cluster_22	Cluster_23	Cluster_24	Cluster_25	Cluster_26	Cluster_27	Cluster_28	Cluster_29	Cluster_30	Cluster_31	Cluster_32	Cluster_33	notes
esaA_2~~~esaA~~~carB_2~~~esaA_1	9.50E-01	8.85E-02	1.43E-01	-5.04E-01	3.49E-01	1.97E+00	-1.50E+00	-1.19E+00	-1.12E+00	-1.94E+00	-2.29E+00	-2.75E+00	-2.88E+00	-1.15E+00	-8.55E-01	-9.51E-01	-3.41E+00	3.30E-01	-1.46E+00	-1.60E+01	-7.68E-01	-1.46E+02	-1.46E+02	-1.46E+02	-1.79E+01	-1.79E+01	-1.79E+01	1.68E+01	-1.79E+01	1.68E+01	-1.79E+01	1.68E+01	-1.79E+01	1.68E+01	-1.79E+01	-1.79E+01	1.68E+01	1.68E+01	1.68E+01	-1.79E+01	
carB_1~~~carB_2~~~carB_3	9.50E-01	1.43E-01	1.87E-01	-4.59E-01	3.53E-01	1.92E+00	-1.50E+00	-1.18E+00	-1.12E+00	-1.94E+00	-2.29E+00	-2.75E+00	-2.88E+00	-1.11E+00	-8.56E-01	-9.51E-01	-3.41E+00	3.30E-01	-1.46E+00	-1.60E+01	-7.69E-01	-1.46E+02	-1.46E+02	-1.46E+02	-1.79E+01	-1.79E+01	-1.79E+01	1.68E+01	-1.79E+01	1.68E+01	-1.79E+01	1.68E+01	-1.79E+01	1.68E+01	-1.79E+01	-1.79E+01	1.68E+01	1.68E+01	1.68E+01	-1.92E+01	
group_2432	9.49E-01	1.61E-01	2.11E-01	-4.26E-01	3.45E-01	1.89E+00	-1.50E+00	-1.17E+00	-1.12E+00	-1.94E+00	-2.29E+00	-2.75E+00	-2.88E+00	-1.08E+00	-8.56E-01	-9.51E-01	-3.41E+00	3.30E-01	-1.46E+00	-1.60E+01	-7.69E-01	-1.46E+02	-1.46E+02	-1.46E+02	-1.79E+01	-1.79E+01	-1.79E+01	1.68E+01	-1.79E+01	1.68E+01	-1.79E+01	1.68E+01	-1.79E+01	1.68E+01	-1.79E+01	-1.79E+01	1.68E+01	1.68E+01	1.68E+01	-1.91E+01	
group_1455	9.49E-01	1.61E-01	2.11E-01	-4.26E-01	3.45E-01	1.89E+00	-1.50E+00	-1.17E+00	-1.12E+00	-1.94E+00	-2.29E+00	-2.75E+00	-2.88E+00	-1.08E+00	-8.56E-01	-9.51E-01	-3.41E+00	3.30E-01	-1.46E+00	-1.60E+01	-7.69E-01	-1.46E+02	-1.46E+02	-1.46E+02	-1.79E+01	-1.79E+01	-1.79E+01	1.68E+01	-1.79E+01	1.68E+01	-1.79E+01	1.68E+01	-1.79E+01	1.68E+01	-1.79E+01	-1.79E+01	1.68E+01	1.68E+01	1.68E+01	-1.91E+01	
essB~~~essB_2	9.49E-01	2.43E-01	4.08E-01	-2.75E-01	3.33E-01	1.74E+00	-1.50E+00	-1.13E+00	-1.12E+00	-1.94E+00	-2.29E+00	-2.75E+00	-2.88E+00	-9.26E-01	-8.56E-01	-9.51E-01	-3.41E+00	3.29E-01	-1.46E+00	-1.60E+01	-7.69E-01	-1.46E+02	-1.46E+02	-1.46E+02	-1.79E+01	-1.79E+01	-1.79E+01	1.68E+01	-1.79E+01	1.68E+01	-1.79E+01	1.68E+01	-1.79E+01	1.68E+01	-1.79E+01	-1.79E+01	1.68E+01	1.68E+01	1.68E+01	-1.79E+01	
group_2230	9.48E-01	3.07E-01	5.31E-01	-2.04E-01	3.28E-01	1.67E+00	-1.50E+00	-1.11E+00	-1.12E+00	-1.94E+00	-2.29E+00	-2.75E+00	-2.88E+00	-8.56E-01	-8.56E-01	-9.52E-01	-3.41E+00	3.29E-01	-1.46E+00	-1.60E+01	-7.69E-01	-1.46E+02	-1.46E+02	-1.46E+02	-1.79E+01	-1.79E+01	-1.79E+01	1.68E+01	-1.79E+01	1.68E+01	-1.79E+01	1.68E+01	-1.79E+01	1.68E+01	-1.79E+01	-1.79E+01	1.68E+01	1.68E+01	1.68E+01	-1.79E+01	
group_329	9.47E-01	3.81E-01	5.31E-01	-2.04E-01	3.28E-01	1.67E+00	-1.50E+00	-1.11E+00	-1.12E+00	-1.94E+00	-2.29E+00	-2.75E+00	-2.88E+00	-8.56E-01	-8.56E-01	-9.52E-01	-3.41E+00	3.29E-01	-1.46E+00	-1.60E+01	-7.69E-01	-1.46E+02	-1.46E+02	-1.46E+02	-1.79E+01	-1.79E+01	-1.79E+01	1.68E+01	-1.79E+01	1.68E+01	-1.85E+01	1.68E+01	-1.79E+01	1.68E+01	-1.79E+01	-1.79E+01	1.68E+01	1.68E+01	1.68E+01	-1.79E+01	
manX_1	9.45E-01	2.51E-01	5.36E-01	2.75E-01	4.46E-01	1.19E+00	-1.50E+00	-1.05E+00	-9.17E-01	-1.94E+00	-2.28E+00	-2.75E+00	-2.88E+00	-6.53E-01	-8.57E-01	-9.53E-01	-3.41E+00	3.28E-01	-1.46E+00	-1.60E+01	-7.70E-01	-1.46E+02	-1.46E+02	-1.46E+02	-1.79E+01	-1.79E+01	-1.79E+01	1.71E+01	-1.79E+01	1.68E+01	-1.79E+01	1.68E+01	-1.79E+01	1.71E+01	-1.79E+01	-1.64E+01	1.68E+01	1.68E+01	1.71E+01	-1.79E+01	
group_2801	9.45E-01	2.51E-01	5.36E-01	2.75E-01	4.46E-01	1.19E+00	-1.50E+00	-1.05E+00	-9.17E-01	-1.94E+00	-2.28E+00	-2.75E+00	-2.88E+00	-6.53E-01	-8.57E-01	-9.53E-01	-3.41E+00	3.28E-01	-1.46E+00	-1.60E+01	-7.70E-01	-1.46E+02	-1.46E+02	-1.46E+02	-1.79E+01	-1.79E+01	-1.79E+01	1.71E+01	-1.79E+01	1.68E+01	-1.79E+01	1.68E+01	-1.79E+01	1.71E+01	-1.79E+01	-1.64E+01	1.68E+01	1.68E+01	1.71E+01	-1.79E+01	
kdgK_2	9.45E-01	2.51E-01	5.36E-01	2.75E-01	4.46E-01	1.19E+00	-1.50E+00	-1.05E+00	-9.17E-01	-1.94E+00	-2.28E+00	-2.75E+00	-2.88E+00	-6.53E-01	-8.57E-01	-9.53E-01	-3.41E+00	3.28E-01	-1.46E+00	-1.60E+01	-7.70E-01	-1.46E+02	-1.46E+02	-1.46E+02	-1.79E+01	-1.79E+01	-1.79E+01	1.71E+01	-1.79E+01	1.68E+01	-1.79E+01	1.68E+01	-1.79E+01	1.71E+01	-1.79E+01	-1.64E+01	1.68E+01	1.68E+01	1.71E+01	-1.79E+01	
kduD	9.45E-01	2.51E-01	5.36E-01	2.75E-01	4.46E-01	1.19E+00	-1.50E+00	-1.05E+00	-9.17E-01	-1.94E+00	-2.28E+00	-2.75E+00	-2.88E+00	-6.53E-01	-8.57E-01	-9.53E-01	-3.41E+00	3.28E-01	-1.46E+00	-1.60E+01	-7.70E-01	-1.46E+02	-1.46E+02	-1.46E+02	-1.79E+01	-1.79E+01	-1.79E+01	1.71E+01	-1.79E+01	1.68E+01	-1.79E+01	1.68E+01	-1.79E+01	1.71E+01	-1.79E+01	-1.64E+01	1.68E+01	1.68E+01	1.71E+01	-1.79E+01	
levE~~~sorB	9.45E-01	2.51E-01	5.36E-01	2.75E-01	4.46E-01	1.19E+00	-1.50E+00	-1.05E+00	-9.17E-01	-1.94E+00	-2.28E+00	-2.75E+00	-2.88E+00	-6.53E-01	-8.57E-01	-9.53E-01	-3.41E+00	3.28E-01	-1.46E+00	-1.60E+01	-7.70E-01	-1.46E+02	-1.46E+02	-1.46E+02	-1.79E+01	-1.79E+01	-1.79E+01	1.71E+01	-1.79E+01	1.68E+01	-1.79E+01	1.68E+01	-1.79E+01	1.71E+01	-1.79E+01	-1.64E+01	1.68E+01	1.68E+01	1.71E+01	-1.79E+01	
group_1567	9.45E-01	2.51E-01	5.36E-01	2.75E-01	4.46E-01	1.19E+00	-1.50E+00	-1.05E+00	-9.17E-01	-1.94E+00	-2.28E+00	-2.75E+00	-2.88E+00	-6.53E-01	-8.57E-01	-9.53E-01	-3.41E+00	3.28E-01	-1.46E+00	-1.60E+01	-7.70E-01	-1.46E+02	-1.46E+02	-1.46E+02	-1.79E+01	-1.79E+01	-1.79E+01	1.71E+01	-1.79E+01	1.68E+01	-1.79E+01	1.68E+01	-1.79E+01	1.71E+01	-1.79E+01	-1.64E+01	1.68E+01	1.68E+01	1.71E+01	-1.79E+01	
manZ_2~~~manZ_1	9.45E-01	2.51E-01	5.36E-01	2.75E-01	4.46E-01	1.19E+00	-1.50E+00	-1.05E+00	-9.17E-01	-1.94E+00	-2.28E+00	-2.75E+00	-2.88E+00	-6.53E-01	-8.57E-01	-9.53E-01	-3.41E+00	3.28E-01	-1.46E+00	-1.60E+01	-7.70E-01	-1.46E+02	-1.46E+02	-1.46E+02	-1.79E+01	-1.79E+01	-1.79E+01	1.71E+01	-1.79E+01	1.68E+01	-1.79E+01	1.68E+01	-1.79E+01	1.71E+01	-1.79E+01	-1.64E+01	1.68E+01	1.68E+01	1.71E+01	-1.79E+01	
kdgA_2	9.45E-01	2.51E-01	5.36E-01	2.75E-01	4.46E-01	1.19E+00	-1.50E+00	-1.05E+00	-9.17E-01	-1.94E+00	-2.28E+00	-2.75E+00	-2.88E+00	-6.53E-01	-8.57E-01	-9.53E-01	-3.41E+00	3.28E-01	-1.46E+00	-1.60E+01	-7.70E-01	-1.46E+02	-1.46E+02	-1.46E+02	-1.79E+01	-1.79E+01	-1.79E+01	1.71E+01	-1.79E+01	1.68E+01	-1.79E+01	1.68E+01	-1.79E+01	1.71E+01	-1.79E+01	-1.64E+01	1.68E+01	1.68E+01	1.71E+01	-1.79E+01	
agaC_1	9.45E-01	2.51E-01	5.36E-01	2.75E-01	4.46E-01	1.19E+00	-1.50E+00	-1.05E+00	-9.17E-01	-1.94E+00	-2.28E+00	-2.75E+00	-2.88E+00	-6.53E-01	-8.57E-01	-9.53E-01	-3.41E+00	3.28E-01	-1.46E+00	-1.60E+01	-7.70E-01	-1.46E+02	-1.46E+02	-1.46E+02	-1.79E+01	-1.79E+01	-1.79E+01	1.71E+01	-1.79E+01	1.68E+01	-1.79E+01	1.68E+01	-1.79E+01	1.71E+01	-1.79E+01	-1.64E+01	1.68E+01	1.68E+01	1.71E+01	-1.79E+01	
group_2856	9.25E-01	4.23E-01	1.00E+00	2.73E+08	1.67E+01	-2.73E+08	-1.41E+00	-9.70E-01	2.73E+08	-1.85E+00	-2.19E+00	-2.64E+00	-2.75E+00	-6.01E-01	-8.08E-01	-9.26E-01	-2.99E+00	8.80E-02	-1.38E+00	-3.58E+00	-8.67E-01	2.73E+08	2.73E+08	2.73E+08	1.94E+04	1.62E+04	1.94E+04	-4.09E+08	1.94E+04	-4.09E+08	1.94E+04	1.05E+05	1.94E+04	-4.09E+08	1.94E+04	1.62E+04	1.03E+05	9.67E+04	-4.09E+08	1.94E+04	matrix-inversion-error
group_2426	9.14E-01	1.89E-04	2.92E-05	1.11E+00	2.76E-01	3.54E-01	-1.42E+00	-7.05E-01	-1.11E+00	-1.86E+00	-2.28E+00	-2.75E+00	-2.86E+00	4.57E-01	1.45E-01	1.57E-01	-3.41E+00	3.28E-01	-1.46E+00	-1.60E+01	-7.70E-01	-1.90E+01	-1.46E+02	-1.46E+02	-1.79E+01	-1.50E+01	-1.79E+01	1.68E+01	-1.79E+01	1.68E+01	-1.79E+01	1.68E+01	-1.79E+01	1.68E+01	-1.50E+01	-1.50E+01	1.68E+01	1.68E+01	1.68E+01	-1.79E+01	
group_2425	9.14E-01	1.89E-04	2.92E-05	1.11E+00	2.76E-01	3.54E-01	-1.42E+00	-7.05E-01	-1.11E+00	-1.86E+00	-2.28E+00	-2.75E+00	-2.86E+00	4.57E-01	1.45E-01	1.57E-01	-3.41E+00	3.28E-01	-1.46E+00	-1.60E+01	-7.70E-01	-1.90E+01	-1.46E+02	-1.46E+02	-1.79E+01	-1.50E+01	-1.79E+01	1.68E+01	-1.79E+01	1.68E+01	-1.79E+01	1.68E+01	-1.79E+01	1.68E+01	-1.50E+01	-1.50E+01	1.68E+01	1.68E+01	1.68E+01	-1.79E+01	
group_2655	9.03E-01	2.69E-01	3.70E-03	-7.49E-01	2.64E-01	2.20E+00	-1.50E+00	-1.34E+00	-1.10E+00	-2.02E+00	-2.27E+00	-2.76E+00	-3.60E+00	-6.89E-01	-8.45E-01	-9.40E-01	-3.40E+00	6.81E-02	-1.45E+00	-1.60E+01	-1.24E+00	-1.46E+02	-1.46E+02	-1.46E+02	-1.78E+01	-1.78E+01	-1.78E+01	1.68E+01	-1.78E+01	1.68E+01	-2.00E+01	1.68E+01	-1.78E+01	1.68E+01	-1.78E+01	-1.78E+01	1.68E+01	1.68E+01	1.68E+01	-1.78E+01	
essC~~~essC_2~~~essC_1	8.95E-01	1.16E-02	9.86E-01	-7.02E-03	4.14E-01	1.47E+00	-1.50E+00	-1.05E+00	-1.12E+00	-1.94E+00	-2.28E+00	-2.75E+00	-2.88E+00	-6.53E-01	-8.57E-01	-9.53E-01	-3.42E+00	3.28E-01	-1.46E+00	-1.60E+01	-7.70E-01	-1.46E+02	-1.46E+02	-1.46E+02	-1.79E+01	-1.77E+01	-1.79E+01	1.68E+01	-1.77E+01	1.68E+01	-1.77E+01	1.68E+01	-1.77E+01	1.68E+01	-1.79E+01	-1.79E+01	1.68E+01	1.68E+01	1.68E+01	-1.77E+01	
group_2541	8.94E-01	1.36E-02	9.81E-01	-1.01E-02	4.27E-01	1.47E+00	-1.50E+00	-1.05E+00	-1.12E+00	-1.94E+00	-2.28E+00	-2.75E+00	-2.88E+00	-6.53E-01	-8.57E-01	-9.53E-01	-3.42E+00	3.28E-01	-1.46E+00	-1.60E+01	-7.70E-01	-1.46E+02	-1.46E+02	-1.46E+02	-1.79E+01	-1.77E+01	-1.79E+01	1.68E+01	-1.77E+01	1.68E+01	-1.77E+01	1.68E+01	-1.77E+01	1.68E+01	-1.79E+01	-1.79E+01	1.68E+01	1.68E+01	1.68E+01	-1.77E+01	
group_1915	8.88E-01	8.93E-06	2.96E-01	-2.36E-01	2.28E-01	1.69E+00	-1.52E+00	-1.07E+00	-1.11E+00	-2.07E+00	-2.28E+00	-2.75E+00	-3.10E+00	-6.46E-01	-8.92E-01	-9.46E-01	-3.40E+00	3.34E-01	-1.46E+00	-1.60E+01	-8.41E-01	-1.47E+02	-1.47E+02	-1.46E+02	-1.79E+01	-1.79E+01	-1.79E+01	1.68E+01	-1.79E+01	1.68E+01	-1.79E+01	1.68E+01	-1.79E+01	1.68E+01	-1.79E+01	-1.79E+01	1.68E+01	1.68E+01	1.68E+01	-1.79E+01	
group_2513	8.68E-01	2.62E-16	6.99E-02	1.82E+00	1.14E+00	-3.53E-01	-1.50E+00	-1.05E+00	-1.03E+00	-1.20E-01	-4.66E-01	-2.75E+00	-2.88E+00	-6.53E-01	-8.57E-01	-9.53E-01	-1.59E+00	3.28E-01	3.53E-01	-1.43E+01	1.05E+00	-1.46E+02	-1.46E+02	-1.46E+02	-1.77E+01	-1.77E+01	-1.77E+01	1.68E+01	-1.77E+01	1.86E+01	-1.77E+01	1.86E+01	-1.79E+01	1.68E+01	-1.77E+01	-1.79E+01	1.86E+01	1.68E+01	1.68E+01	-1.79E+01	
group_2420	8.60E-01	8.36E-01	5.52E-02	-3.57E-01	1.89E-01	1.77E+00	-1.48E+00	-1.03E+00	-1.09E+00	-1.91E+00	-2.28E+00	-2.84E+00	-3.03E+00	-6.19E-01	-1.04E+00	-9.93E-01	-3.36E+00	3.29E-01	-1.42E+00	-1.60E+01	-8.38E-01	-1.46E+02	-1.46E+02	-1.46E+02	-1.90E+01	-1.77E+01	-1.77E+01	1.68E+01	-1.77E+01	1.68E+01	-1.90E+01	1.65E+01	-1.90E+01	1.65E+01	-1.77E+01	-1.77E+01	1.68E+01	1.68E+01	1.68E+01	-1.77E+01	
cadC	8.31E-01	6.79E-09	1.61E-02	4.48E-01	1.86E-01	1.04E+00	-1.50E+00	-8.88E-01	-1.02E+00	-1.95E+00	-2.31E+00	-2.36E+00	-2.78E+00	-6.09E-01	-8.32E-01	-9.83E-01	-3.44E+00	7.47E-01	-1.38E+00	-1.61E+01	-8.00E-01	-1.46E+02	-1.46E+02	-1.46E+02	-1.80E+01	-1.80E+01	-1.80E+01	1.68E+01	-1.80E+01	1.68E+01	-1.80E+01	1.68E+01	-1.80E+01	1.68E+01	-1.56E+01	-1.80E+01	1.68E+01	1.68E+01	1.68E+01	-1.56E+01	
group_232	8.31E-01	6.79E-09	1.61E-02	4.48E-01	1.86E-01	1.04E+00	-1.50E+00	-8.88E-01	-1.02E+00	-1.95E+00	-2.31E+00	-2.36E+00	-2.78E+00	-6.09E-01	-8.32E-01	-9.83E-01	-3.44E+00	7.47E-01	-1.38E+00	-1.61E+01	-8.00E-01	-1.46E+02	-1.46E+02	-1.46E+02	-1.80E+01	-1.80E+01	-1.80E+01	1.68E+01	-1.80E+01	1.68E+01	-1.80E+01	1.68E+01	-1.80E+01	1.68E+01	-1.56E+01	-1.80E+01	1.68E+01	1.68E+01	1.68E+01	-1.56E+01	
group_359	8.25E-01	1.51E-06	3.62E-01	-4.15E-01	4.55E-01	1.88E+00	-1.50E+00	-1.47E+00	-1.12E+00	-1.95E+00	-2.33E+00	-3.16E+00	-2.89E+00	-6.51E-01	-8.79E-01	-9.52E-01	-3.41E+00	3.29E-01	-1.46E+00	-1.60E+01	-7.69E-01	-1.46E+02	-1.46E+02	-1.47E+02	-1.93E+01	-1.79E+01	-1.93E+01	1.68E+01	-1.79E+01	1.68E+01	-1.79E+01	1.68E+01	-1.79E+01	1.68E+01	-1.79E+01	-1.93E+01	1.68E+01	1.68E+01	1.68E+01	-1.79E+01	
group_2713	8.06E-01	4.22E-19	4.73E-01	2.59E-01	3.62E-01	1.20E+00	-1.50E+00	-1.03E+00	-8.55E-01	-1.84E+00	-2.28E+00	-2.49E+00	-2.62E+00	-6.53E-01	-8.57E-01	-9.53E-01	-3.15E+00	3.28E-01	-1.46E+00	-1.60E+01	-7.70E-01	-1.46E+02	-1.46E+02	-1.46E+02	-1.70E+01	-1.79E+01	-1.70E+01	1.68E+01	-1.79E+01	1.71E+01	-1.70E+01	1.68E+01	-1.79E+01	1.71E+01	-1.79E+01	-1.70E+01	1.68E+01	1.71E+01	1.68E+01	-1.79E+01	
group_1795	8.01E-01	1.44E-04	7.42E-01	2.00E+00	1.51E+01	-5.41E-01	5.06E-01	-1.05E+00	-1.11E+00	-1.93E+00	-2.27E+00	-2.72E+00	-2.83E+00	-5.57E-01	1.11E+00	-1.01E+00	-3.07E+00	6.17E-03	-1.46E+00	-3.66E+00	1.05E+00	-3.07E+00	-3.07E+00	-3.07E+00	-2.56E+00	-2.56E+00	-2.56E+00	-3.62E-01	-2.56E+00	-3.62E-01	-2.56E+00	-3.62E-01	-5.57E-01	-3.62E-01	-2.56E+00	-2.56E+00	-3.62E-01	1.64E+00	-3.62E-01	-2.56E+00	matrix-inversion-error
group_768	8.01E-01	1.10E-11	8.76E-01	1.85E-01	1.17E+00	1.28E+00	-1.50E+00	-1.05E+00	-9.29E-01	-1.75E+00	-2.10E+00	-2.75E+00	-2.88E+00	-6.46E-01	-8.58E-01	-9.54E-01	-3.22E+00	3.27E-01	-1.46E+00	-1.56E+01	-7.71E-01	-1.45E+02	-1.45E+02	-1.46E+02	-1.79E+01	-1.83E+01	-1.79E+01	1.70E+01	-1.83E+01	1.70E+01	-1.83E+01	1.68E+01	-1.83E+01	1.70E+01	-1.83E+01	-1.79E+01	1.70E+01	1.70E+01	1.70E+01	-1.79E+01	
group_2729	7.95E-01	9.98E-04	4.43E-01	-7.81E-01	1.03E+00	2.24E+00	-2.28E+00	-1.05E+00	-1.11E+00	-1.94E+00	-2.28E+00	-2.75E+00	-2.88E+00	-1.33E+00	-8.56E-01	-1.73E+00	-3.41E+00	3.29E-01	-1.46E+00	-1.60E+01	-7.69E-01	-1.46E+02	-1.46E+02	-1.46E+02	-1.79E+01	-1.79E+01	-1.79E+01	1.68E+01	-1.79E+01	1.68E+01	-1.79E+01	1.68E+01	-1.79E+01	1.68E+01	-1.79E+01	-1.79E+01	1.68E+01	1.60E+01	1.68E+01	-1.79E+01	
group_2859	7.83E-01	1.72E-03	1.21E-01	-2.55E+00	1.49E+01	4.01E+00	-4.04E+00	-1.05E+00	-1.11E+00	-1.93E+00	-2.27E+00	-2.72E+00	-2.83E+00	-3.23E+00	-3.07E+00	-3.56E+00	-3.07E+00	6.17E-03	-1.46E+00	-3.66E+00	-9.49E-01	-3.07E+00	-3.07E+00	-3.07E+00	-2.56E+00	-2.56E+00	-2.56E+00	-3.62E-01	-2.56E+00	-3.62E-01	-2.56E+00	-3.62E-01	-5.11E+00	-3.62E-01	-2.56E+00	-2.56E+00	-3.62E-01	-2.91E+00	-3.62E-01	-2.56E+00	high-bse
group_0	7.79E-01	1.12E-03	5.17E-01	-8.39E-01	1.36E+00	2.30E+00	-2.34E+00	-1.06E+00	-1.11E+00	-1.94E+00	-2.28E+00	-2.75E+00	-2.88E+00	-1.49E+00	-1.69E+00	-1.79E+00	-3.67E+00	3.30E-01	-1.46E+00	-1.60E+01	-7.68E-01	-1.46E+02	-1.46E+02	-1.46E+02	-1.79E+01	-1.79E+01	-1.79E+01	1.68E+01	-1.79E+01	1.68E+01	-1.79E+01	1.68E+01	-2.13E+01	1.68E+01	-1.79E+01	-1.79E+01	1.68E+01	1.59E+01	1.68E+01	-1.79E+01	
group_2477	7.68E-01	9.88E-11	1.00E+00	-3.20E+06	1.49E+01	3.20E+06	-3.20E+06	-9.86E-01	-1.05E+00	-1.86E+00	-2.20E+00	-2.66E+00	-3.20E+06	-6.16E-01	-3.20E+06	-9.42E-01	-3.00E+00	7.27E-02	-1.39E+00	-3.20E+06	-8.83E-01	1.92E+07	-3.00E+00	-3.00E+00	1.18E+06	1.18E+06	1.18E+06	4.87E+04	1.18E+06	4.87E+04	7.90E+05	4.87E+04	7.90E+05	4.87E+04	7.90E+05	1.18E+06	4.87E+04	-3.20E+06	4.87E+04	7.90E+05	high-bse
group_1971	7.68E-01	9.88E-11	1.00E+00	-3.20E+06	1.49E+01	3.20E+06	-3.20E+06	-9.86E-01	-1.05E+00	-1.86E+00	-2.20E+00	-2.66E+00	-3.20E+06	-6.16E-01	-3.20E+06	-9.42E-01	-3.00E+00	7.27E-02	-1.39E+00	-3.20E+06	-8.83E-01	1.92E+07	-3.00E+00	-3.00E+00	1.18E+06	1.18E+06	1.18E+06	4.87E+04	1.18E+06	4.87E+04	7.90E+05	4.87E+04	7.90E+05	4.87E+04	7.90E+05	1.18E+06	4.87E+04	-3.20E+06	4.87E+04	7.90E+05	high-bse
group_1042	7.68E-01	9.88E-11	1.00E+00	-3.20E+06	1.49E+01	3.20E+06	-3.20E+06	-9.86E-01	-1.05E+00	-1.86E+00	-2.20E+00	-2.66E+00	-3.20E+06	-6.16E-01	-3.20E+06	-9.42E-01	-3.00E+00	7.27E-02	-1.39E+00	-3.20E+06	-8.83E-01	1.92E+07	-3.00E+00	-3.00E+00	1.18E+06	1.18E+06	1.18E+06	4.87E+04	1.18E+06	4.87E+04	7.90E+05	4.87E+04	7.90E+05	4.87E+04	7.90E+05	1.18E+06	4.87E+04	-3.20E+06	4.87E+04	7.90E+05	high-bse
group_409	7.68E-01	9.88E-11	1.00E+00	-3.20E+06	1.49E+01	3.20E+06	-3.20E+06	-9.86E-01	-1.05E+00	-1.86E+00	-2.20E+00	-2.66E+00	-3.20E+06	-6.16E-01	-3.20E+06	-9.42E-01	-3.00E+00	7.27E-02	-1.39E+00	-3.20E+06	-8.83E-01	1.92E+07	-3.00E+00	-3.00E+00	1.18E+06	1.18E+06	1.18E+06	4.87E+04	1.18E+06	4.87E+04	7.90E+05	4.87E+04	7.90E+05	4.87E+04	7.90E+05	1.18E+06	4.87E+04	-3.20E+06	4.87E+04	7.90E+05	high-bse
pepO_2~~~pepO_3~~~pepO_1~~~pepO_4	7.68E-01	9.88E-11	1.00E+00	-3.20E+06	1.49E+01	3.20E+06	-3.20E+06	-9.86E-01	-1.05E+00	-1.86E+00	-2.20E+00	-2.66E+00	-3.20E+06	-6.16E-01	-3.20E+06	-9.42E-01	-3.00E+00	7.27E-02	-1.39E+00	-3.20E+06	-8.83E-01	1.92E+07	-3.00E+00	-3.00E+00	1.18E+06	1.18E+06	1.18E+06	4.87E+04	1.18E+06	4.87E+04	7.90E+05	4.87E+04	7.90E+05	4.87E+04	7.90E+05	1.18E+06	4.87E+04	-3.20E+06	4.87E+04	7.90E+05	high-bse
glyE_1~~~glyE_2	7.66E-01	2.35E-20	4.03E-01	1.59E+00	1.51E+01	-1.28E-01	-1.48E+00	-1.05E+00	4.74E-01	-3.40E-01	-6.81E-01	-2.72E+00	-1.25E+00	-6.82E-01	-8.90E-01	-1.01E+00	-1.48E+00	6.17E-03	1.28E-01	-2.07E+00	6.39E-01	-1.48E+00	-1.48E+00	-1.48E+00	-9.71E-01	-9.71E-01	-9.71E-01	1.23E+00	-9.71E-01	1.23E+00	-9.71E-01	-3.62E-01	-2.56E+00	1.23E+00	-9.71E-01	-9.71E-01	1.23E+00	-3.62E-01	1.23E+00	-2.56E+00	high-bse
pepO_1~~~pepO_2	7.66E-01	1.33E-10	1.00E+00	1.69E+00	1.48E+01	-2.26E-01	1.91E-01	-1.05E+00	-1.11E+00	-1.93E+00	-2.27E+00	-2.72E+00	-1.15E+00	-6.82E-01	7.97E-01	-1.01E+00	-3.07E+00	7.37E-01	-1.46E+00	-1.97E+00	-9.49E-01	-1.38E+00	-3.07E+00	-3.07E+00	-2.56E+00	-2.56E+00	-2.56E+00	-3.62E-01	-2.56E+00	-3.62E-01	-8.72E-01	-3.62E-01	-8.72E-01	-3.62E-01	-8.72E-01	-2.56E+00	-3.62E-01	1.32E+00	-3.62E-01	-8.72E-01	high-bse
prtP~~~prtP_2	7.66E-01	1.33E-10	1.00E+00	1.69E+00	1.48E+01	-2.26E-01	1.91E-01	-1.05E+00	-1.11E+00	-1.93E+00	-2.27E+00	-2.72E+00	-1.15E+00	-6.82E-01	7.97E-01	-1.01E+00	-3.07E+00	7.37E-01	-1.46E+00	-1.97E+00	-9.49E-01	-1.38E+00	-3.07E+00	-3.07E+00	-2.56E+00	-2.56E+00	-2.56E+00	-3.62E-01	-2.56E+00	-3.62E-01	-8.72E-01	-3.62E-01	-8.72E-01	-3.62E-01	-8.72E-01	-2.56E+00	-3.62E-01	1.32E+00	-3.62E-01	-8.72E-01	high-bse
gtfB_3~~~gtfB_1~~~glyD~~~glyE_3~~~glyD_1~~~glyD_4~~~glyE_2	7.66E-01	7.33E-20	6.57E-01	-6.66E-01	1.49E+00	2.13E+00	-1.50E+00	-1.05E+00	-1.78E+00	-2.60E+00	-2.95E+00	-2.76E+00	-3.54E+00	-6.53E-01	-8.57E-01	-9.53E-01	-4.08E+00	3.28E-01	-2.13E+00	-1.62E+01	-1.44E+00	-1.47E+02	-1.47E+02	-1.47E+02	-2.03E+01	-2.03E+01	-2.03E+01	1.61E+01	-2.03E+01	1.61E+01	-2.03E+01	1.68E+01	-1.79E+01	1.61E+01	-2.03E+01	-2.03E+01	1.61E+01	1.68E+01	1.61E+01	-1.79E+01	
group_242	7.65E-01	7.61E-06	2.10E-01	2.93E-01	2.32E-01	1.19E+00	-1.50E+00	-7.79E-01	-1.05E+00	-1.95E+00	-2.30E+00	-2.47E+00	-2.81E+00	-6.24E-01	-8.41E-01	-9.71E-01	-3.43E+00	6.02E-01	-1.19E+00	-1.61E+01	-7.89E-01	-1.46E+02	-1.46E+02	-1.46E+02	-1.67E+01	-1.79E+01	-1.79E+01	1.68E+01	-1.79E+01	1.68E+01	-1.79E+01	1.71E+01	-1.79E+01	1.68E+01	-1.67E+01	-1.79E+01	1.68E+01	1.68E+01	1.68E+01	-1.67E+01	
group_880	7.64E-01	5.51E-06	1.95E-01	3.03E-01	2.32E-01	1.18E+00	-1.50E+00	-7.70E-01	-1.05E+00	-1.95E+00	-2.30E+00	-2.46E+00	-2.80E+00	-6.23E-01	-8.40E-01	-9.72E-01	-3.43E+00	6.11E-01	-1.18E+00	-1.61E+01	-7.90E-01	-1.46E+02	-1.46E+02	-1.46E+02	-1.66E+01	-1.80E+01	-1.80E+01	1.68E+01	-1.80E+01	1.68E+01	-1.80E+01	1.71E+01	-1.80E+01	1.68E+01	-1.66E+01	-1.80E+01	1.68E+01	1.68E+01	1.68E+01	-1.66E+01	
group_865	7.64E-01	5.51E-06	1.95E-01	3.03E-01	2.32E-01	1.18E+00	-1.50E+00	-7.70E-01	-1.05E+00	-1.95E+00	-2.30E+00	-2.46E+00	-2.80E+00	-6.23E-01	-8.40E-01	-9.72E-01	-3.43E+00	6.11E-01	-1.18E+00	-1.61E+01	-7.90E-01	-1.46E+02	-1.46E+02	-1.46E+02	-1.66E+01	-1.80E+01	-1.80E+01	1.68E+01	-1.80E+01	1.68E+01	-1.80E+01	1.71E+01	-1.80E+01	1.68E+01	-1.66E+01	-1.80E+01	1.68E+01	1.68E+01	1.68E+01	-1.66E+01	
group_819	7.64E-01	5.51E-06	1.95E-01	3.03E-01	2.32E-01	1.18E+00	-1.50E+00	-7.70E-01	-1.05E+00	-1.95E+00	-2.30E+00	-2.46E+00	-2.80E+00	-6.23E-01	-8.40E-01	-9.72E-01	-3.43E+00	6.11E-01	-1.18E+00	-1.61E+01	-7.90E-01	-1.46E+02	-1.46E+02	-1.46E+02	-1.66E+01	-1.80E+01	-1.80E+01	1.68E+01	-1.80E+01	1.68E+01	-1.80E+01	1.71E+01	-1.80E+01	1.68E+01	-1.66E+01	-1.80E+01	1.68E+01	1.68E+01	1.68E+01	-1.66E+01	
repB	7.64E-01	5.51E-06	1.95E-01	3.03E-01	2.32E-01	1.18E+00	-1.50E+00	-7.70E-01	-1.05E+00	-1.95E+00	-2.30E+00	-2.46E+00	-2.80E+00	-6.23E-01	-8.40E-01	-9.72E-01	-3.43E+00	6.11E-01	-1.18E+00	-1.61E+01	-7.90E-01	-1.46E+02	-1.46E+02	-1.46E+02	-1.66E+01	-1.80E+01	-1.80E+01	1.68E+01	-1.80E+01	1.68E+01	-1.80E+01	1.71E+01	-1.80E+01	1.68E+01	-1.66E+01	-1.80E+01	1.68E+01	1.68E+01	1.68E+01	-1.66E+01	
group_696	7.64E-01	5.51E-06	1.95E-01	3.03E-01	2.32E-01	1.18E+00	-1.50E+00	-7.70E-01	-1.05E+00	-1.95E+00	-2.30E+00	-2.46E+00	-2.80E+00	-6.23E-01	-8.40E-01	-9.72E-01	-3.43E+00	6.11E-01	-1.18E+00	-1.61E+01	-7.90E-01	-1.46E+02	-1.46E+02	-1.46E+02	-1.66E+01	-1.80E+01	-1.80E+01	1.68E+01	-1.80E+01	1.68E+01	-1.80E+01	1.71E+01	-1.80E+01	1.68E+01	-1.66E+01	-1.80E+01	1.68E+01	1.68E+01	1.68E+01	-1.66E+01	
xerC_5~~~xerC_6~~~xerC_1~~~xerC_2~~~xerC_3	7.64E-01	5.51E-06	1.95E-01	3.03E-01	2.32E-01	1.18E+00	-1.50E+00	-7.70E-01	-1.05E+00	-1.95E+00	-2.30E+00	-2.46E+00	-2.80E+00	-6.23E-01	-8.40E-01	-9.72E-01	-3.43E+00	6.11E-01	-1.18E+00	-1.61E+01	-7.90E-01	-1.46E+02	-1.46E+02	-1.46E+02	-1.66E+01	-1.80E+01	-1.80E+01	1.68E+01	-1.80E+01	1.68E+01	-1.80E+01	1.71E+01	-1.80E+01	1.68E+01	-1.66E+01	-1.80E+01	1.68E+01	1.68E+01	1.68E+01	-1.66E+01	
group_636	7.64E-01	3.97E-06	1.61E-01	3.25E-01	2.30E-01	1.16E+00	-1.50E+00	-7.49E-01	-1.05E+00	-1.95E+00	-2.30E+00	-2.44E+00	-2.79E+00	-6.21E-01	-8.39E-01	-9.74E-01	-3.43E+00	6.32E-01	-1.16E+00	-1.61E+01	-7.91E-01	-1.46E+02	-1.46E+02	-1.46E+02	-1.65E+01	-1.80E+01	-1.80E+01	1.68E+01	-1.80E+01	1.68E+01	-1.80E+01	1.71E+01	-1.80E+01	1.68E+01	-1.65E+01	-1.80E+01	1.68E+01	1.68E+01	1.68E+01	-1.65E+01	
insK_1	7.61E-01	3.93E-08	4.57E-02	-3.67E-01	1.85E-01	1.82E+00	-1.76E+00	-1.09E+00	-1.12E+00	-2.16E+00	-2.37E+00	-2.75E+00	-3.23E+00	-6.47E-01	-9.55E-01	-9.47E-01	-3.40E+00	3.34E-01	-1.46E+00	-1.60E+01	-1.13E+00	-1.47E+02	-1.47E+02	-1.46E+02	-1.79E+01	-1.79E+01	-1.79E+01	1.68E+01	-1.79E+01	1.68E+01	-1.79E+01	1.68E+01	-1.79E+01	1.68E+01	-1.79E+01	-1.79E+01	1.68E+01	1.68E+01	1.68E+01	-1.79E+01	
arnC	7.60E-01	4.62E-42	1.57E-05	1.26E+00	2.98E-01	2.07E-01	-1.49E+00	-7.53E-01	-1.11E+00	-1.14E+00	-1.03E+00	-1.49E+00	-1.62E+00	6.04E-01	-8.57E-01	3.04E-01	-2.15E+00	3.28E-01	-1.46E+00	-1.47E+01	-7.70E-01	-1.45E+02	-1.45E+02	-1.45E+02	-1.47E+01	-1.47E+01	-1.47E+01	1.68E+01	-1.79E+01	1.68E+01	-1.47E+01	1.68E+01	-1.79E+01	1.81E+01	-1.47E+01	-1.47E+01	1.68E+01	1.68E+01	1.68E+01	-1.79E+01	
group_2335	7.57E-01	3.71E-09	4.82E-01	-4.77E-01	7.05E-01	1.93E+00	-1.97E+00	-1.05E+00	-1.11E+00	-1.93E+00	-2.28E+00	-2.75E+00	-3.35E+00	-6.45E-01	-1.33E+00	-9.45E-01	-3.40E+00	1.51E-01	-1.46E+00	-1.65E+01	-7.63E-01	-1.47E+02	-1.46E+02	-1.46E+02	-1.78E+01	-1.78E+01	-1.78E+01	1.68E+01	-1.78E+01	1.68E+01	-2.02E+01	1.68E+01	-2.02E+01	1.68E+01	-2.02E+01	-1.78E+01	1.68E+01	1.63E+01	1.68E+01	-2.02E+01	
group_2829	7.55E-01	1.51E-07	2.06E-02	-2.87E+00	1.47E+01	4.34E+00	-4.37E+00	-1.05E+00	-1.11E+00	-1.93E+00	-2.39E+00	-2.72E+00	-5.71E+00	-3.56E+00	-3.76E+00	-1.01E+00	-3.07E+00	6.17E-03	-1.46E+00	-3.66E+00	-9.49E-01	-3.07E+00	-3.07E+00	-3.07E+00	-2.56E+00	-2.56E+00	-2.56E+00	-3.62E-01	-2.56E+00	-3.62E-01	-2.56E+00	-3.62E-01	-5.43E+00	-3.62E-01	-2.56E+00	-2.56E+00	-3.62E-01	-3.24E+00	-3.62E-01	-2.56E+00	high-bse
group_2611	7.55E-01	1.51E-07	2.06E-02	-2.87E+00	1.47E+01	4.34E+00	-4.37E+00	-1.05E+00	-1.11E+00	-1.93E+00	-2.39E+00	-2.72E+00	-5.71E+00	-3.56E+00	-3.76E+00	-1.01E+00	-3.07E+00	6.17E-03	-1.46E+00	-3.66E+00	-9.49E-01	-3.07E+00	-3.07E+00	-3.07E+00	-2.56E+00	-2.56E+00	-2.56E+00	-3.62E-01	-2.56E+00	-3.62E-01	-2.56E+00	-3.62E-01	-5.43E+00	-3.62E-01	-2.56E+00	-2.56E+00	-3.62E-01	-3.24E+00	-3.62E-01	-2.56E+00	high-bse
group_2000	7.54E-01	2.69E-07	6.31E-03	-2.99E+00	1.47E+01	4.45E+00	-4.49E+00	-1.07E+00	-1.11E+00	-1.93E+00	-2.39E+00	-2.72E+00	-5.83E+00	-3.68E+00	-3.88E+00	-1.01E+00	-3.07E+00	6.17E-03	-1.46E+00	-3.66E+00	-9.49E-01	-3.07E+00	-3.07E+00	-3.07E+00	-2.56E+00	-2.56E+00	-2.56E+00	-3.62E-01	-2.56E+00	-3.62E-01	-2.56E+00	-3.62E-01	-5.55E+00	-3.62E-01	-2.56E+00	-2.56E+00	-3.62E-01	-3.35E+00	-3.62E-01	-2.56E+00	matrix-inversion-error
group_2722	7.52E-01	9.03E-08	1.00E+00	-1.32E+05	1.47E+01	1.32E+05	-1.32E+05	-9.65E-01	-1.03E+00	-1.84E+00	-2.18E+00	-2.64E+00	-1.32E+05	-1.32E+05	-1.32E+05	-1.32E+05	-2.98E+00	9.30E-02	-1.37E+00	-3.57E+00	-8.63E-01	-2.98E+00	-2.98E+00	-2.98E+00	1.18E+06	1.18E+06	1.18E+06	4.87E+04	1.18E+06	4.87E+04	1.18E+06	4.87E+04	1.05E+06	4.87E+04	1.18E+06	1.18E+06	4.87E+04	-1.32E+05	4.87E+04	1.18E+06	high-bse
group_2578	7.47E-01	3.02E-09	3.41E-01	1.65E-01	1.46E+01	1.30E+00	-1.33E+00	-1.05E+00	-1.11E+00	-1.93E+00	-2.26E+00	-2.72E+00	-2.67E+00	-5.45E-01	-7.25E-01	-8.43E-01	-3.07E+00	6.11E-03	-1.46E+00	-3.49E+00	-9.49E-01	-2.97E+00	-3.07E+00	-3.07E+00	-2.56E+00	-2.56E+00	-2.56E+00	-3.62E-01	-2.56E+00	-3.62E-01	-2.56E+00	-3.62E-01	-2.39E+00	-3.62E-01	-2.39E+00	-2.56E+00	-3.62E-01	-1.97E-01	-3.62E-01	-2.56E+00	matrix-inversion-error
group_2288	7.46E-01	1.34E-09	3.99E-01	5.62E-01	6.80E-01	9.04E-01	-9.43E-01	-1.06E+00	-1.11E+00	-1.94E+00	-2.27E+00	-2.74E+00	-2.32E+00	-1.51E-01	-2.98E-01	-3.93E-01	-3.41E+00	3.26E-01	-1.47E+00	-1.55E+01	-7.73E-01	-3.57E+01	-1.46E+02	-1.46E+02	-1.79E+01	-1.79E+01	-1.79E+01	1.68E+01	-1.79E+01	1.68E+01	-1.79E+01	1.68E+01	-1.26E+01	1.68E+01	-1.26E+01	-1.79E+01	1.68E+01	1.74E+01	1.68E+01	-1.26E+01	
group_406	7.42E-01	4.55E-09	3.99E-01	1.40E-01	1.46E+01	1.32E+00	-1.36E+00	-1.05E+00	-1.11E+00	-1.93E+00	-2.26E+00	-2.72E+00	-2.69E+00	-5.42E-01	-7.49E-01	-8.68E-01	-3.07E+00	6.20E-03	-1.46E+00	-3.52E+00	-9.49E-01	-2.97E+00	-3.07E+00	-3.07E+00	-2.56E+00	-2.56E+00	-2.56E+00	-3.62E-01	-2.56E+00	-3.62E-01	-2.56E+00	-3.62E-01	-2.42E+00	-3.62E-01	-2.42E+00	-2.56E+00	-3.62E-01	-2.21E-01	-3.62E-01	-2.56E+00	matrix-inversion-error
essC~~~essC_1~~~essC_2	7.29E-01	9.21E-22	1.95E-01	-2.31E-01	1.78E-01	1.57E+00	-1.37E+00	-9.89E-01	-9.91E-01	-1.81E+00	-2.16E+00	-2.62E+00	-2.75E+00	-7.56E-01	-7.30E-01	-9.10E-01	-3.28E+00	4.55E-01	-1.34E+00	-1.59E+01	-6.43E-01	-1.46E+02	-1.46E+02	-1.46E+02	-1.73E+01	-1.73E+01	-1.73E+01	1.69E+01	-1.73E+01	1.69E+01	-1.73E+01	1.69E+01	-1.73E+01	1.69E+01	-1.73E+01	-1.73E+01	1.69E+01	1.69E+01	1.69E+01	-1.83E+01	
group_2241	7.19E-01	2.37E-04	3.92E-01	5.93E-01	7.14E-01	8.71E-01	-9.10E-01	-1.05E+00	-5.48E-01	-1.94E+00	-2.27E+00	-2.75E+00	-2.88E+00	-5.97E-02	-8.57E-01	-3.60E-01	-3.41E+00	6.13E-01	-1.46E+00	-1.60E+01	-7.70E-01	-1.45E+02	-1.45E+02	-1.45E+02	-1.79E+01	-1.63E+01	-1.79E+01	1.74E+01	-1.63E+01	1.74E+01	-1.79E+01	1.68E+01	-1.79E+01	1.74E+01	-1.79E+01	-1.63E+01	1.68E+01	1.74E+01	1.74E+01	-1.79E+01	
group_1475	7.19E-01	2.37E-04	3.92E-01	5.93E-01	7.14E-01	8.71E-01	-9.10E-01	-1.05E+00	-5.48E-01	-1.94E+00	-2.27E+00	-2.75E+00	-2.88E+00	-5.97E-02	-8.57E-01	-3.60E-01	-3.41E+00	6.13E-01	-1.46E+00	-1.60E+01	-7.70E-01	-1.45E+02	-1.45E+02	-1.45E+02	-1.79E+01	-1.63E+01	-1.79E+01	1.74E+01	-1.63E+01	1.74E+01	-1.79E+01	1.68E+01	-1.79E+01	1.74E+01	-1.79E+01	-1.63E+01	1.68E+01	1.74E+01	1.74E+01	-1.79E+01	
group_2830	6.96E-01	3.48E-17	7.95E-01	3.31E-01	1.25E+00	1.13E+00	-1.17E+00	-1.05E+00	-1.11E+00	-1.94E+00	-1.96E+00	-2.75E+00	-2.55E+00	-3.23E-01	-5.27E-01	-9.53E-01	-3.41E+00	3.28E-01	-1.46E+00	-1.57E+01	-7.71E-01	-1.46E+02	-1.46E+02	-1.48E+02	-1.88E+01	-1.79E+01	-1.88E+01	1.68E+01	-1.79E+01	1.68E+01	-1.88E+01	1.68E+01	-1.88E+01	1.68E+01	-1.88E+01	-1.79E+01	1.68E+01	1.71E+01	1.68E+01	-1.79E+01	
group_2593	6.79E-01	5.30E-04	8.21E-01	-4.87E-02	2.16E-01	1.50E+00	-1.54E+00	-1.05E+00	-1.11E+00	-1.93E+00	-2.27E+00	-2.75E+00	-2.92E+00	-6.45E-01	-8.51E-01	-9.44E-01	-3.40E+00	3.31E-01	-1.47E+00	-1.80E+01	-7.61E-01	-1.46E+02	-1.46E+02	-2.07E+02	-1.87E+01	-1.76E+01	-1.87E+01	1.68E+01	-1.76E+01	1.68E+01	-1.76E+01	1.68E+01	-1.76E+01	1.68E+01	-1.87E+01	-1.76E+01	1.68E+01	1.68E+01	1.68E+01	-1.76E+01	
group_2612	6.71E-01	4.95E-28	6.79E-01	2.95E-01	7.10E-01	1.17E+00	-1.50E+00	-7.59E-01	-1.10E+00	-1.64E+00	-1.99E+00	-2.45E+00	-2.58E+00	-6.53E-01	-5.62E-01	-9.53E-01	-3.11E+00	3.74E-01	-1.17E+00	-1.58E+01	-4.75E-01	-1.46E+02	-1.46E+02	-1.46E+02	-1.74E+01	-1.79E+01	-1.74E+01	1.68E+01	-1.79E+01	1.71E+01	-1.74E+01	1.71E+01	-1.74E+01	1.68E+01	-1.74E+01	-1.79E+01	1.71E+01	1.68E+01	1.68E+01	-1.74E+01	
tetM~~~tetM~~~tetM_1~~~tetM_2	6.70E-01	1.75E-02	7.70E-01	4.37E-02	1.49E-01	1.44E+00	-1.52E+00	-1.05E+00	-1.13E+00	-1.95E+00	-2.29E+00	-2.74E+00	-2.89E+00	-6.28E-01	-8.38E-01	-9.28E-01	-3.39E+00	3.52E-01	-1.47E+00	-1.61E+01	-7.75E-01	-1.46E+02	-1.46E+02	-1.46E+02	-1.79E+01	-1.79E+01	-1.78E+01	1.68E+01	-1.78E+01	1.68E+01	-1.78E+01	1.68E+01	-1.79E+01	1.68E+01	-1.78E+01	-1.79E+01	1.68E+01	1.68E+01	1.68E+01	-1.78E+01	
group_1981	6.66E-01	5.19E-38	1.53E-06	1.63E+00	3.54E-01	-1.62E-01	-1.48E+00	-5.29E-01	5.12E-01	-3.49E-01	-6.57E-01	-1.12E+00	-1.25E+00	9.73E-01	-8.57E-01	6.73E-01	-1.78E+00	3.28E-01	-1.46E+00	-1.43E+01	-7.70E-01	-1.45E+02	-1.45E+02	-1.45E+02	-1.85E+01	-1.85E+01	-1.85E+01	1.68E+01	-1.79E+01	1.84E+01	-1.85E+01	1.68E+01	-1.79E+01	1.84E+01	-1.85E+01	-1.85E+01	1.68E+01	1.84E+01	1.68E+01	-1.79E+01	
aphA	6.55E-01	2.81E-10	7.13E-01	8.56E-02	2.32E-01	1.39E+00	-1.42E+00	-1.05E+00	-1.11E+00	-1.95E+00	-2.29E+00	-2.69E+00	-2.80E+00	-5.76E-01	-8.62E-01	-8.77E-01	-3.42E+00	3.68E-01	-1.47E+00	-1.68E+01	-7.80E-01	-1.46E+02	-1.46E+02	-4.66E+02	-1.76E+01	-1.81E+01	-1.76E+01	1.68E+01	-1.81E+01	1.69E+01	-1.81E+01	1.68E+01	-1.81E+01	1.68E+01	-1.76E+01	-1.81E+01	1.68E+01	1.69E+01	1.68E+01	-1.76E+01	
group_1852	6.54E-01	3.80E-10	7.47E-01	7.50E-02	2.31E-01	1.40E+00	-1.43E+00	-1.05E+00	-1.11E+00	-1.95E+00	-2.29E+00	-2.70E+00	-2.81E+00	-5.86E-01	-8.61E-01	-8.86E-01	-3.42E+00	3.63E-01	-1.47E+00	-1.67E+01	-7.79E-01	-1.46E+02	-1.46E+02	-3.52E+02	-1.94E+01	-1.81E+01	-1.94E+01	1.68E+01	-1.81E+01	1.69E+01	-1.81E+01	1.68E+01	-1.81E+01	1.68E+01	-1.94E+01	-1.81E+01	1.68E+01	1.69E+01	1.68E+01	-1.94E+01	
group_2395	6.53E-01	8.28E-11	7.13E-01	8.56E-02	2.32E-01	1.39E+00	-1.42E+00	-1.05E+00	-1.11E+00	-1.95E+00	-2.29E+00	-2.69E+00	-2.80E+00	-5.76E-01	-8.62E-01	-8.77E-01	-3.42E+00	3.68E-01	-1.47E+00	-2.27E+01	-7.80E-01	-1.46E+02	-1.46E+02	-4.66E+02	-1.75E+01	-1.81E+01	-1.75E+01	1.68E+01	-1.81E+01	1.69E+01	-1.81E+01	1.68E+01	-1.81E+01	1.68E+01	-1.75E+01	-1.81E+01	1.68E+01	1.69E+01	1.68E+01	-1.81E+01	
group_1895	6.53E-01	8.28E-11	7.13E-01	8.56E-02	2.32E-01	1.39E+00	-1.42E+00	-1.05E+00	-1.11E+00	-1.95E+00	-2.29E+00	-2.69E+00	-2.80E+00	-5.76E-01	-8.62E-01	-8.77E-01	-3.42E+00	3.68E-01	-1.47E+00	-2.27E+01	-7.80E-01	-1.46E+02	-1.46E+02	-4.66E+02	-1.75E+01	-1.81E+01	-1.75E+01	1.68E+01	-1.81E+01	1.69E+01	-1.81E+01	1.68E+01	-1.81E+01	1.68E+01	-1.75E+01	-1.81E+01	1.68E+01	1.69E+01	1.68E+01	-1.81E+01	
group_365	6.53E-01	8.28E-11	7.13E-01	8.56E-02	2.32E-01	1.39E+00	-1.42E+00	-1.05E+00	-1.11E+00	-1.95E+00	-2.29E+00	-2.69E+00	-2.80E+00	-5.76E-01	-8.62E-01	-8.77E-01	-3.42E+00	3.68E-01	-1.47E+00	-2.27E+01	-7.80E-01	-1.46E+02	-1.46E+02	-4.66E+02	-1.75E+01	-1.81E+01	-1.75E+01	1.68E+01	-1.81E+01	1.69E+01	-1.81E+01	1.68E+01	-1.81E+01	1.68E+01	-1.75E+01	-1.81E+01	1.68E+01	1.69E+01	1.68E+01	-1.81E+01	
group_265	6.53E-01	8.28E-11	7.13E-01	8.56E-02	2.32E-01	1.39E+00	-1.42E+00	-1.05E+00	-1.11E+00	-1.95E+00	-2.29E+00	-2.69E+00	-2.80E+00	-5.76E-01	-8.62E-01	-8.77E-01	-3.42E+00	3.68E-01	-1.47E+00	-2.27E+01	-7.80E-01	-1.46E+02	-1.46E+02	-4.66E+02	-1.75E+01	-1.81E+01	-1.75E+01	1.68E+01	-1.81E+01	1.69E+01	-1.81E+01	1.68E+01	-1.81E+01	1.68E+01	-1.75E+01	-1.81E+01	1.68E+01	1.69E+01	1.68E+01	-1.81E+01	
group_208	6.53E-01	8.28E-11	7.13E-01	8.56E-02	2.32E-01	1.39E+00	-1.42E+00	-1.05E+00	-1.11E+00	-1.95E+00	-2.29E+00	-2.69E+00	-2.80E+00	-5.76E-01	-8.62E-01	-8.77E-01	-3.42E+00	3.68E-01	-1.47E+00	-2.27E+01	-7.80E-01	-1.46E+02	-1.46E+02	-4.66E+02	-1.75E+01	-1.81E+01	-1.75E+01	1.68E+01	-1.81E+01	1.69E+01	-1.81E+01	1.68E+01	-1.81E+01	1.68E+01	-1.75E+01	-1.81E+01	1.68E+01	1.69E+01	1.68E+01	-1.81E+01	
group_94	6.53E-01	8.28E-11	7.13E-01	8.56E-02	2.32E-01	1.39E+00	-1.42E+00	-1.05E+00	-1.11E+00	-1.95E+00	-2.29E+00	-2.69E+00	-2.80E+00	-5.76E-01	-8.62E-01	-8.77E-01	-3.42E+00	3.68E-01	-1.47E+00	-2.27E+01	-7.80E-01	-1.46E+02	-1.46E+02	-4.66E+02	-1.75E+01	-1.81E+01	-1.75E+01	1.68E+01	-1.81E+01	1.69E+01	-1.81E+01	1.68E+01	-1.81E+01	1.68E+01	-1.75E+01	-1.81E+01	1.68E+01	1.69E+01	1.68E+01	-1.81E+01	
hslO_2~~~hslO_1	6.51E-01	7.49E-11	7.87E-01	6.27E-02	2.31E-01	1.41E+00	-1.44E+00	-1.05E+00	-1.11E+00	-1.94E+00	-2.29E+00	-2.71E+00	-2.82E+00	-5.97E-01	-8.61E-01	-8.97E-01	-3.42E+00	3.57E-01	-1.47E+00	-2.80E+01	-7.77E-01	-1.46E+02	-1.46E+02	-2.69E+02	-4.88E+01	-1.81E+01	-4.88E+01	1.68E+01	-1.81E+01	1.69E+01	-1.81E+01	1.68E+01	-1.81E+01	1.68E+01	-4.88E+01	-1.81E+01	1.68E+01	1.69E+01	1.68E+01	-4.88E+01	
group_2062	6.51E-01	4.94E-11	7.21E-01	8.22E-02	2.29E-01	1.39E+00	-1.43E+00	-1.05E+00	-1.11E+00	-1.95E+00	-2.29E+00	-2.69E+00	-2.80E+00	-5.80E-01	-8.62E-01	-8.80E-01	-3.42E+00	3.67E-01	-1.47E+00	-2.33E+01	-7.79E-01	-1.46E+02	-1.46E+02	-4.25E+02	-1.83E+01	-1.81E+01	-1.83E+01	1.68E+01	-1.81E+01	1.69E+01	-1.81E+01	1.68E+01	-1.81E+01	1.68E+01	-1.83E+01	-1.81E+01	1.68E+01	1.69E+01	1.68E+01	-1.83E+01	
group_93	6.51E-01	1.02E-10	1.00E+00	4.17E-02	2.31E-01	1.43E+00	-1.46E+00	-1.05E+00	-1.11E+00	-1.94E+00	-2.29E+00	-2.72E+00	-2.84E+00	-6.16E-01	-8.60E-01	-9.16E-01	-3.41E+00	3.48E-01	-1.47E+00	2.32E+01	-7.75E-01	-1.46E+02	-1.46E+02	-1.91E+02	-1.60E+01	-1.80E+01	-1.60E+01	1.68E+01	-1.80E+01	1.68E+01	-1.60E+01	1.68E+01	-1.80E+01	1.68E+01	-1.60E+01	-1.80E+01	1.68E+01	1.68E+01	1.68E+01	-1.80E+01	
bca_2	6.49E-01	1.89E-10	1.00E+00	4.06E-02	2.28E-01	1.43E+00	-1.46E+00	-1.05E+00	-1.11E+00	-1.94E+00	-2.29E+00	-2.72E+00	-2.84E+00	-6.17E-01	-8.60E-01	-9.17E-01	-3.41E+00	3.47E-01	-1.47E+00	7.73E+00	-7.75E-01	-1.46E+02	-1.46E+02	-1.88E+02	-1.61E+01	-1.80E+01	-1.61E+01	1.68E+01	-1.80E+01	1.68E+01	-1.80E+01	1.68E+01	-1.80E+01	1.68E+01	-1.61E+01	-1.80E+01	1.68E+01	1.68E+01	1.68E+01	-1.80E+01	
group_214	6.49E-01	9.24E-11	6.89E-01	9.12E-02	2.26E-01	1.38E+00	-1.42E+00	-1.05E+00	-1.11E+00	-1.95E+00	-2.29E+00	-2.69E+00	-2.80E+00	-5.72E-01	-8.62E-01	-8.72E-01	-3.42E+00	3.71E-01	-1.47E+00	-2.26E+01	-7.81E-01	-1.46E+02	-1.46E+02	-5.54E+02	-1.73E+01	-1.81E+01	-1.73E+01	1.68E+01	-1.81E+01	1.69E+01	-1.81E+01	1.68E+01	-1.81E+01	1.68E+01	-1.73E+01	-1.81E+01	1.68E+01	1.69E+01	1.68E+01	-1.81E+01	
group_2499	6.42E-01	6.24E-10	9.86E-01	3.71E-03	2.17E-01	1.46E+00	-1.50E+00	-1.05E+00	-1.11E+00	-1.94E+00	-2.28E+00	-2.75E+00	-2.87E+00	-6.49E-01	-8.58E-01	-9.49E-01	-3.41E+00	3.30E-01	-1.46E+00	-1.61E+01	-7.71E-01	-1.46E+02	-1.46E+02	-1.47E+02	-1.78E+01	-1.79E+01	-1.78E+01	1.68E+01	-1.79E+01	1.68E+01	-1.78E+01	1.68E+01	-1.79E+01	1.68E+01	-1.78E+01	-1.79E+01	1.68E+01	1.68E+01	1.68E+01	-1.78E+01	
group_692	6.42E-01	3.12E-10	8.89E-01	-3.01E-02	2.16E-01	1.49E+00	-1.53E+00	-1.05E+00	-1.11E+00	-1.93E+00	-2.28E+00	-2.77E+00	-2.90E+00	-6.80E-01	-8.56E-01	-9.80E-01	-3.41E+00	3.14E-01	-1.46E+00	-1.58E+01	-7.67E-01	-1.46E+02	-1.46E+02	-1.68E+02	-1.85E+01	-1.78E+01	-1.85E+01	1.68E+01	-1.78E+01	1.68E+01	-1.78E+01	1.68E+01	-1.78E+01	1.68E+01	-1.85E+01	-1.78E+01	1.68E+01	1.68E+01	1.68E+01	-1.78E+01	
group_2405	6.38E-01	2.87E-18	1.00E+00	3.59E-01	1.35E+01	1.10E+00	-1.49E+00	-6.91E-01	-7.52E-01	-1.57E+00	-1.91E+00	-2.36E+00	-2.83E+00	-6.80E-01	-8.88E-01	-1.01E+00	-2.71E+00	3.68E-01	-1.10E+00	-3.66E+00	-5.88E-01	-2.71E+00	-2.71E+00	-2.71E+00	-2.20E+00	-2.20E+00	-2.20E+00	5.24E-13	-2.20E+00	5.25E-13	-2.20E+00	5.24E-13	-2.56E+00	5.24E-13	-2.56E+00	-2.20E+00	5.24E-13	-3.59E-01	5.24E-13	-2.56E+00	high-bse
group_2588	6.33E-01	3.08E-10	1.00E+00	-3.10E-01	1.32E+01	1.77E+00	-1.81E+00	-1.36E+00	-1.11E+00	-1.93E+00	-2.27E+00	-3.03E+00	-2.83E+00	-9.93E-01	-8.90E-01	-1.01E+00	-3.07E+00	-3.04E-01	-1.46E+00	-3.66E+00	-9.49E-01	-3.07E+00	-3.07E+00	-3.07E+00	-2.56E+00	-2.56E+00	-2.56E+00	-3.62E-01	-2.56E+00	-3.62E-01	-2.56E+00	-3.62E-01	-2.56E+00	-3.62E-01	-2.56E+00	-2.56E+00	-3.62E-01	-6.72E-01	-3.62E-01	-2.87E+00	matrix-inversion-error
group_2589	6.32E-01	2.06E-10	1.00E+00	-3.10E-01	1.32E+01	1.77E+00	-1.81E+00	-1.36E+00	-1.11E+00	-1.93E+00	-2.27E+00	-3.03E+00	-2.83E+00	-9.93E-01	-8.90E-01	-1.01E+00	-3.07E+00	-3.04E-01	-1.46E+00	-3.66E+00	-9.49E-01	-3.07E+00	-3.07E+00	-3.07E+00	-2.56E+00	-2.56E+00	-2.56E+00	-3.62E-01	-2.56E+00	-3.62E-01	-2.56E+00	-3.62E-01	-2.87E+00	-3.62E-01	-2.56E+00	-2.56E+00	-3.62E-01	-6.72E-01	-3.62E-01	-2.87E+00	high-bse
group_2310	6.20E-01	1.83E-15	1.45E-01	-5.39E-01	3.80E-01	2.00E+00	-2.03E+00	-1.10E+00	-1.63E+00	-1.94E+00	-2.75E+00	-2.75E+00	-3.42E+00	-1.19E+00	-8.57E-01	-1.49E+00	-3.89E+00	1.22E-01	-2.00E+00	-1.66E+01	-7.70E-01	-1.47E+02	-1.47E+02	-1.47E+02	-1.95E+01	-1.95E+01	-1.95E+01	1.63E+01	-1.95E+01	1.63E+01	-1.95E+01	1.68E+01	-1.79E+01	1.63E+01	-1.95E+01	-1.95E+01	1.68E+01	1.63E+01	1.63E+01	-1.95E+01	
group_2002	6.10E-01	6.15E-01	3.56E-01	1.43E-01	1.54E-01	1.39E+00	-1.55E+00	-1.11E+00	-1.11E+00	-1.86E+00	-2.21E+00	-2.81E+00	-2.95E+00	-6.39E-01	-9.27E-01	-9.87E-01	-3.48E+00	3.00E-01	-1.39E+00	-1.60E+01	-6.98E-01	-1.47E+02	-1.46E+02	-1.47E+02	-1.76E+01	-1.76E+01	-1.76E+01	1.69E+01	-1.82E+01	1.67E+01	-1.76E+01	1.69E+01	-1.82E+01	1.67E+01	-1.76E+01	-1.82E+01	1.69E+01	1.67E+01	1.67E+01	-1.82E+01	
group_2171	6.08E-01	3.33E-15	1.45E-01	-5.39E-01	3.80E-01	2.00E+00	-2.03E+00	-1.10E+00	-1.63E+00	-1.94E+00	-2.75E+00	-2.75E+00	-3.42E+00	-1.19E+00	-1.40E+00	-1.49E+00	-3.89E+00	1.22E-01	-2.00E+00	-1.66E+01	-7.70E-01	-1.47E+02	-1.47E+02	-1.47E+02	-1.96E+01	-1.96E+01	-1.96E+01	1.63E+01	-1.96E+01	1.63E+01	-1.96E+01	1.68E+01	-1.96E+01	1.63E+01	-1.96E+01	-1.96E+01	1.68E+01	1.63E+01	1.63E+01	-1.96E+01	
group_422	6.08E-01	3.33E-15	1.45E-01	-5.39E-01	3.80E-01	2.00E+00	-2.03E+00	-1.10E+00	-1.63E+00	-1.94E+00	-2.75E+00	-2.75E+00	-3.42E+00	-1.19E+00	-1.40E+00	-1.49E+00	-3.89E+00	1.22E-01	-2.00E+00	-1.66E+01	-7.70E-01	-1.47E+02	-1.47E+02	-1.47E+02	-1.96E+01	-1.96E+01	-1.96E+01	1.63E+01	-1.96E+01	1.63E+01	-1.96E+01	1.68E+01	-1.96E+01	1.63E+01	-1.96E+01	-1.96E+01	1.68E+01	1.63E+01	1.63E+01	-1.96E+01	
group_349	6.08E-01	4.79E-15	9.75E-02	-6.08E-01	3.77E-01	2.07E+00	-2.10E+00	-1.11E+00	-1.69E+00	-1.94E+00	-2.81E+00	-2.75E+00	-3.49E+00	-1.26E+00	-1.47E+00	-1.56E+00	-3.96E+00	9.95E-02	-2.07E+00	-1.66E+01	-7.70E-01	-1.47E+02	-1.47E+02	-1.47E+02	-1.98E+01	-1.98E+01	-1.98E+01	1.62E+01	-1.98E+01	1.62E+01	-1.98E+01	1.68E+01	-1.98E+01	1.62E+01	-1.98E+01	-1.98E+01	1.68E+01	1.62E+01	1.62E+01	-1.98E+01	
group_2538	5.92E-01	4.31E-16	1.00E+00	1.48E+05	1.28E+01	-1.48E+05	1.48E+05	1.48E+05	-1.05E+00	-1.86E+00	-2.20E+00	1.48E+05	1.48E+05	1.48E+05	1.48E+05	-9.42E-01	-3.00E+00	1.48E+05	-1.39E+00	1.48E+05	-8.83E-01	-3.00E+00	-3.00E+00	-3.00E+00	1.18E+06	1.18E+06	1.18E+06	4.87E+04	1.18E+06	4.87E+04	1.18E+06	4.87E+04	9.31E+05	4.87E+04	9.31E+05	1.18E+06	4.87E+04	-4.28E+06	4.87E+04	9.31E+05	matrix-inversion-error
lagD	5.92E-01	4.31E-16	1.00E+00	1.48E+05	1.28E+01	-1.48E+05	1.48E+05	1.48E+05	-1.05E+00	-1.86E+00	-2.20E+00	1.48E+05	1.48E+05	1.48E+05	1.48E+05	-9.42E-01	-3.00E+00	1.48E+05	-1.39E+00	1.48E+05	-8.83E-01	-3.00E+00	-3.00E+00	-3.00E+00	1.18E+06	1.18E+06	1.18E+06	4.87E+04	1.18E+06	4.87E+04	1.18E+06	4.87E+04	9.31E+05	4.87E+04	9.31E+05	1.18E+06	4.87E+04	-4.28E+06	4.87E+04	9.31E+05	matrix-inversion-error
group_2261	5.86E-01	7.94E-44	9.98E-01	-7.80E+00		1.46E+00	6.30E+00	6.74E+00	6.68E+00	5.86E+00	5.51E+00	5.05E+00	4.92E+00	-6.53E-01	6.94E+00	-9.53E-01	4.39E+00	8.12E+00	-1.46E+00	-1.17E+01	7.03E+00	-2.49E+01	-2.49E+01	-2.49E+01	-1.27E+01	-1.27E+01	-1.27E+01	1.68E+01	-1.27E+01	2.25E+01	-1.79E+01	1.68E+01	-1.27E+01	2.25E+01	-1.27E+01	-1.27E+01	2.25E+01	2.25E+01	2.25E+01	-1.27E+01	
group_587	5.86E-01	7.94E-44	9.98E-01	-7.80E+00		1.46E+00	6.30E+00	6.74E+00	6.68E+00	5.86E+00	5.51E+00	5.05E+00	4.92E+00	-6.53E-01	6.94E+00	-9.53E-01	4.39E+00	8.12E+00	-1.46E+00	-1.17E+01	7.03E+00	-2.49E+01	-2.49E+01	-2.49E+01	-1.27E+01	-1.27E+01	-1.27E+01	1.68E+01	-1.27E+01	2.25E+01	-1.79E+01	1.68E+01	-1.27E+01	2.25E+01	-1.27E+01	-1.27E+01	2.25E+01	2.25E+01	2.25E+01	-1.27E+01	
group_585	5.86E-01	4.09E-45	9.99E-01	-5.11E+00		1.46E+00	3.61E+00	4.06E+00	4.00E+00	3.17E+00	2.83E+00	2.36E+00	2.23E+00	-6.53E-01	4.25E+00	-9.53E-01	1.70E+00	3.28E-01	3.65E+00	-1.63E+01	4.34E+00	-1.35E+01	-1.35E+01	-1.35E+01	-1.38E+01	-1.38E+01	-1.38E+01	1.99E+01	-1.38E+01	1.99E+01	-1.38E+01	1.99E+01	-1.38E+01	1.99E+01	-1.38E+01	-1.38E+01	1.99E+01	1.99E+01	1.99E+01	-1.38E+01	
group_1935	5.86E-01	1.99E-43	9.98E-01	-1.02E+01		1.46E+00	8.74E+00	9.18E+00	9.12E+00	8.30E+00	7.95E+00	7.49E+00	7.36E+00	-6.53E-01	9.38E+00	-9.53E-01	6.83E+00	1.06E+01	-1.46E+00	-4.50E+01	9.46E+00	-4.35E+01	-4.35E+01	-4.35E+01	-8.78E+00	-8.78E+00	-8.78E+00	1.68E+01	-8.78E+00	2.65E+01	-1.79E+01	1.68E+01	-8.78E+00	2.65E+01	-8.78E+00	-8.78E+00	2.65E+01	2.65E+01	2.65E+01	-1.79E+01	
group_339	5.86E-01	4.57E-44	1.00E+00	-7.69E-01	1.43E+01	1.46E+00	-7.27E-01	-2.83E-01	-3.62E-01	-1.16E+00	-1.50E+00	-1.96E+00	-2.06E+00	-6.82E-01	-1.21E-01	-1.01E+00	-2.30E+00	7.75E-01	-1.46E+00	-2.89E+00	-1.81E-01	-2.30E+00	-2.30E+00	-2.30E+00	-1.79E+00	-1.79E+00	-1.79E+00	-3.62E-01	-1.79E+00	4.07E-01	-2.56E+00	-3.62E-01	-1.79E+00	4.07E-01	-1.79E+00	-1.79E+00	4.07E-01	4.07E-01	4.07E-01	-1.79E+00	matrix-inversion-error
deoB_1~~~deoB_2	5.85E-01	6.52E-02	2.67E-01	-1.40E-01	1.27E-01	1.56E+00	-1.51E+00	-1.08E+00	-1.09E+00	-1.92E+00	-2.37E+00	-2.78E+00	-2.91E+00	-6.27E-01	-9.09E-01	-1.01E+00	-3.40E+00	3.16E-01	-1.42E+00	-1.61E+01	-7.24E-01	-1.46E+02	-1.46E+02	-1.46E+02	-1.82E+01	-1.77E+01	-1.77E+01	1.68E+01	-1.77E+01	1.68E+01	-1.82E+01	1.67E+01	-1.82E+01	1.68E+01	-1.82E+01	-1.82E+01	1.68E+01	1.68E+01	1.67E+01	-1.82E+01	
gtfB_2~~~gtfB_1~~~gtfB_3~~~gtfB	5.83E-01	4.96E-45	4.86E-01	-7.76E-01	1.17E+00	1.46E+00	-7.23E-01	-2.77E-01	-3.65E-01	-1.16E+00	-1.51E+00	-1.97E+00	-2.10E+00	-6.53E-01	-8.16E-02	-9.53E-01	-2.63E+00	3.28E-01	-6.88E-01	-1.49E+01	5.40E-03	-1.45E+02	-1.45E+02	-1.45E+02	-1.66E+01	-1.66E+01	-1.66E+01	1.76E+01	-1.66E+01	1.76E+01	-1.66E+01	1.76E+01	-1.66E+01	1.76E+01	-1.66E+01	-1.66E+01	1.76E+01	1.76E+01	1.76E+01	-1.79E+01	
group_2104	5.71E-01	4.22E-09	2.15E-01	-2.49E-01	2.00E-01	1.57E+00	-1.60E+00	-9.11E-01	-9.72E-01	-1.80E+00	-2.14E+00	-2.61E+00	-2.74E+00	-7.29E-01	-7.15E-01	-1.06E+00	-3.27E+00	4.70E-01	-1.32E+00	-1.59E+01	-6.28E-01	-1.46E+02	-1.46E+02	-1.46E+02	-1.71E+01	-1.71E+01	-1.71E+01	1.69E+01	-1.71E+01	1.69E+01	-1.71E+01	1.69E+01	-1.71E+01	1.69E+01	-1.71E+01	-1.71E+01	1.69E+01	1.67E+01	1.69E+01	-1.83E+01	
group_2509	5.71E-01	3.29E-09	1.88E-01	-2.63E-01	1.99E-01	1.58E+00	-1.60E+00	-9.03E-01	-9.66E-01	-1.79E+00	-2.13E+00	-2.60E+00	-2.73E+00	-7.34E-01	-7.08E-01	-1.07E+00	-3.26E+00	4.78E-01	-1.31E+00	-1.59E+01	-6.21E-01	-1.46E+02	-1.46E+02	-1.46E+02	-1.71E+01	-1.71E+01	-1.71E+01	1.70E+01	-1.71E+01	1.70E+01	-1.71E+01	1.70E+01	-1.71E+01	1.70E+01	-1.71E+01	-1.71E+01	1.70E+01	1.67E+01	1.70E+01	-1.84E+01	
group_393	5.71E-01	3.29E-09	1.88E-01	-2.63E-01	1.99E-01	1.58E+00	-1.60E+00	-9.03E-01	-9.66E-01	-1.79E+00	-2.13E+00	-2.60E+00	-2.73E+00	-7.34E-01	-7.08E-01	-1.07E+00	-3.26E+00	4.78E-01	-1.31E+00	-1.59E+01	-6.21E-01	-1.46E+02	-1.46E+02	-1.46E+02	-1.71E+01	-1.71E+01	-1.71E+01	1.70E+01	-1.71E+01	1.70E+01	-1.71E+01	1.70E+01	-1.71E+01	1.70E+01	-1.71E+01	-1.71E+01	1.70E+01	1.67E+01	1.70E+01	-1.84E+01	
group_12	5.71E-01	3.29E-09	1.88E-01	-2.63E-01	1.99E-01	1.58E+00	-1.60E+00	-9.03E-01	-9.66E-01	-1.79E+00	-2.13E+00	-2.60E+00	-2.73E+00	-7.34E-01	-7.08E-01	-1.07E+00	-3.26E+00	4.78E-01	-1.31E+00	-1.59E+01	-6.21E-01	-1.46E+02	-1.46E+02	-1.46E+02	-1.71E+01	-1.71E+01	-1.71E+01	1.70E+01	-1.71E+01	1.70E+01	-1.71E+01	1.70E+01	-1.71E+01	1.70E+01	-1.71E+01	-1.71E+01	1.70E+01	1.67E+01	1.70E+01	-1.84E+01	
group_2561	5.66E-01	9.38E-17	5.91E-01	-5.54E-01	1.03E+00	2.02E+00	-2.05E+00	-1.61E+00	-1.11E+00	-2.49E+00	-2.30E+00	-3.30E+00	-2.88E+00	-1.21E+00	-8.57E-01	-9.52E-01	-3.84E+00	-2.25E-01	-2.02E+00	-1.60E+01	-1.32E+00	-1.47E+02	-1.46E+02	-1.46E+02	-1.79E+01	-1.99E+01	-1.99E+01	1.68E+01	-1.99E+01	1.68E+01	-1.79E+01	1.62E+01	-1.79E+01	1.68E+01	-1.79E+01	-1.79E+01	1.62E+01	1.62E+01	1.68E+01	-1.99E+01	
group_3673	5.61E-01	7.57E-29	9.14E-02	2.23E-01	1.22E+01	1.24E+00	-1.27E+00	-1.05E+00	-9.61E-01	-1.71E+00	-2.05E+00	-2.54E+00	-2.83E+00	-4.87E-01	-6.68E-01	-7.86E-01	-2.90E+00	5.47E-03	-1.29E+00	-3.44E+00	-7.27E-01	-2.96E+00	-3.07E+00	-2.85E+00	-2.34E+00	-2.56E+00	-2.34E+00	-3.62E-01	-2.34E+00	-1.39E-01	-2.34E+00	-1.39E-01	-2.34E+00	-1.39E-01	-2.34E+00	-2.56E+00	-3.62E-01	-3.62E-01	-1.39E-01	-2.34E+00	matrix-inversion-error
group_71	5.58E-01	1.18E-44	1.92E-01	-4.58E-01	3.55E-01	1.46E+00	-1.04E+00	-7.21E-01	-6.60E-01	-1.48E+00	-1.84E+00	-2.29E+00	-2.42E+00	-6.53E-01	-4.00E-01	-9.53E-01	-2.95E+00	7.86E-01	-1.01E+00	-1.55E+01	-3.13E-01	-1.46E+02	-1.46E+02	-1.46E+02	-1.52E+01	-1.52E+01	-1.52E+01	1.73E+01	-1.52E+01	1.73E+01	-1.79E+01	1.73E+01	-1.52E+01	1.73E+01	-1.52E+01	-1.52E+01	1.73E+01	1.73E+01	1.73E+01	-1.79E+01	
group_1938	5.54E-01	1.42E-25	1.00E+00	-3.06E+05	1.21E+01	3.06E+05	-3.06E+05	-1.04E+00	-3.06E+05	-3.06E+05	-3.06E+05	-2.71E+00	-3.06E+05	-3.06E+05	-3.06E+05	-9.97E-01	-3.06E+05	1.78E-02	-3.06E+05	-3.06E+05	-3.06E+05	-3.06E+05	-3.06E+05	-3.06E+05	8.79E+05	8.79E+05	8.79E+05	-3.06E+05	8.79E+05	-3.06E+05	8.79E+05	-3.06E+05	8.79E+05	-3.06E+05	8.79E+05	8.79E+05	-3.06E+05	-3.06E+05	-3.06E+05	1.18E+06	matrix-inversion-error
group_274	5.45E-01	3.37E-11	3.13E-01	-2.08E-01	2.05E-01	1.54E+00	-1.57E+00	-9.19E-01	-9.80E-01	-1.80E+00	-2.15E+00	-2.61E+00	-2.74E+00	-7.02E-01	-7.23E-01	-1.03E+00	-3.28E+00	4.62E-01	-1.33E+00	-1.59E+01	-6.36E-01	-1.46E+02	-1.46E+02	-1.46E+02	-1.72E+01	-1.72E+01	-1.72E+01	1.69E+01	-1.72E+01	1.69E+01	-1.72E+01	1.69E+01	-1.72E+01	1.69E+01	-1.72E+01	-1.72E+01	1.69E+01	1.67E+01	1.69E+01	-1.82E+01	
asp2_1~~~asp2_2~~~asp2	5.31E-01	4.98E-27	5.91E-01	-4.56E-01	8.42E-01	1.46E+00	-1.04E+00	-6.00E-01	-6.75E-01	-1.48E+00	-1.83E+00	-2.73E+00	-2.42E+00	-6.53E-01	-4.02E-01	-9.53E-01	-2.95E+00	3.28E-01	-1.01E+00	-1.54E+01	-3.15E-01	-1.46E+02	-1.46E+02	-1.46E+02	-7.58E+00	-7.58E+00	-7.58E+00	1.73E+01	-7.58E+00	1.73E+01	-7.58E+00	1.73E+01	-7.58E+00	1.73E+01	-7.58E+00	-7.58E+00	1.73E+01	1.73E+01	1.73E+01	-1.79E+01	
secY2_2~~~secY_1~~~secY2~~~secY_2~~~secY2_1	5.31E-01	4.98E-27	5.91E-01	-4.56E-01	8.42E-01	1.46E+00	-1.04E+00	-6.00E-01	-6.75E-01	-1.48E+00	-1.83E+00	-2.73E+00	-2.42E+00	-6.53E-01	-4.02E-01	-9.53E-01	-2.95E+00	3.28E-01	-1.01E+00	-1.54E+01	-3.15E-01	-1.46E+02	-1.46E+02	-1.46E+02	-7.58E+00	-7.58E+00	-7.58E+00	1.73E+01	-7.58E+00	1.73E+01	-7.58E+00	1.73E+01	-7.58E+00	1.73E+01	-7.58E+00	-7.58E+00	1.73E+01	1.73E+01	1.73E+01	-1.79E+01	
secA1~~~secA_1~~~secA_2	5.31E-01	4.98E-27	5.91E-01	-4.56E-01	8.42E-01	1.46E+00	-1.04E+00	-6.00E-01	-6.75E-01	-1.48E+00	-1.83E+00	-2.73E+00	-2.42E+00	-6.53E-01	-4.02E-01	-9.53E-01	-2.95E+00	3.28E-01	-1.01E+00	-1.54E+01	-3.15E-01	-1.46E+02	-1.46E+02	-1.46E+02	-7.58E+00	-7.58E+00	-7.58E+00	1.73E+01	-7.58E+00	1.73E+01	-7.58E+00	1.73E+01	-7.58E+00	1.73E+01	-7.58E+00	-7.58E+00	1.73E+01	1.73E+01	1.73E+01	-1.79E+01	
asp1_2~~~asp1~~~asp1_1	5.31E-01	4.98E-27	5.91E-01	-4.56E-01	8.42E-01	1.46E+00	-1.04E+00	-6.00E-01	-6.75E-01	-1.48E+00	-1.83E+00	-2.73E+00	-2.42E+00	-6.53E-01	-4.02E-01	-9.53E-01	-2.95E+00	3.28E-01	-1.01E+00	-1.54E+01	-3.15E-01	-1.46E+02	-1.46E+02	-1.46E+02	-7.58E+00	-7.58E+00	-7.58E+00	1.73E+01	-7.58E+00	1.73E+01	-7.58E+00	1.73E+01	-7.58E+00	1.73E+01	-7.58E+00	-7.58E+00	1.73E+01	1.73E+01	1.73E+01	-1.79E+01	
gtfA_1~~~gtfA~~~gtfA_2	5.31E-01	4.98E-27	5.91E-01	-4.56E-01	8.42E-01	1.46E+00	-1.04E+00	-6.00E-01	-6.75E-01	-1.48E+00	-1.83E+00	-2.73E+00	-2.42E+00	-6.53E-01	-4.02E-01	-9.53E-01	-2.95E+00	3.28E-01	-1.01E+00	-1.54E+01	-3.15E-01	-1.46E+02	-1.46E+02	-1.46E+02	-7.58E+00	-7.58E+00	-7.58E+00	1.73E+01	-7.58E+00	1.73E+01	-7.58E+00	1.73E+01	-7.58E+00	1.73E+01	-7.58E+00	-7.58E+00	1.73E+01	1.73E+01	1.73E+01	-1.79E+01	
asp3	5.31E-01	4.98E-27	5.91E-01	-4.56E-01	8.42E-01	1.46E+00	-1.04E+00	-6.00E-01	-6.75E-01	-1.48E+00	-1.83E+00	-2.73E+00	-2.42E+00	-6.53E-01	-4.02E-01	-9.53E-01	-2.95E+00	3.28E-01	-1.01E+00	-1.54E+01	-3.15E-01	-1.46E+02	-1.46E+02	-1.46E+02	-7.58E+00	-7.58E+00	-7.58E+00	1.73E+01	-7.58E+00	1.73E+01	-7.58E+00	1.73E+01	-7.58E+00	1.73E+01	-7.58E+00	-7.58E+00	1.73E+01	1.73E+01	1.73E+01	-1.79E+01	
glyD_2~~~glyD_1~~~gtfB_2~~~gtfB_1	5.29E-01	6.29E-27	4.08E-01	-6.48E-01	8.22E-01	1.46E+00	-8.51E-01	-4.12E-01	-4.89E-01	-1.29E+00	-1.64E+00	-2.73E+00	-2.23E+00	-6.53E-01	-2.10E-01	-9.53E-01	-2.76E+00	3.28E-01	-8.16E-01	-1.53E+01	-1.23E-01	-1.46E+02	-1.46E+02	-2.96E+01	-1.67E+01	-1.67E+01	-1.67E+01	1.75E+01	-1.67E+01	1.75E+01	-1.67E+01	1.75E+01	-1.67E+01	1.75E+01	-1.67E+01	-1.67E+01	1.75E+01	1.75E+01	1.75E+01	-1.79E+01	
gtf3~~~gtf3_1~~~gtf3_2	5.28E-01	2.56E-27	1.94E-01	-9.54E-01	7.97E-01	1.46E+00	-5.45E-01	-1.20E-01	-1.92E-01	-9.84E-01	-1.33E+00	-2.72E+00	-1.92E+00	-6.53E-01	9.61E-02	-9.53E-01	-2.46E+00	3.28E-01	-5.10E-01	-1.50E+01	1.83E-01	-1.45E+02	-1.45E+02	-2.18E+01	-2.04E+01	-2.04E+01	-2.04E+01	1.78E+01	-2.04E+01	1.78E+01	-2.04E+01	1.78E+01	-2.04E+01	1.78E+01	-2.04E+01	-2.04E+01	1.78E+01	1.78E+01	1.78E+01	-1.79E+01	
group_2387	5.28E-01	2.56E-27	1.94E-01	-9.54E-01	7.97E-01	1.46E+00	-5.45E-01	-1.20E-01	-1.92E-01	-9.84E-01	-1.33E+00	-2.72E+00	-1.92E+00	-6.53E-01	9.61E-02	-9.53E-01	-2.46E+00	3.28E-01	-5.10E-01	-1.50E+01	1.83E-01	-1.45E+02	-1.45E+02	-2.18E+01	-2.04E+01	-2.04E+01	-2.04E+01	1.78E+01	-2.04E+01	1.78E+01	-2.04E+01	1.78E+01	-2.04E+01	1.78E+01	-2.04E+01	-2.04E+01	1.78E+01	1.78E+01	1.78E+01	-1.79E+01	
glyD_1~~~glyD_2	5.28E-01	2.56E-27	1.94E-01	-9.54E-01	7.97E-01	1.46E+00	-5.45E-01	-1.20E-01	-1.92E-01	-9.84E-01	-1.33E+00	-2.72E+00	-1.92E+00	-6.53E-01	9.61E-02	-9.53E-01	-2.46E+00	3.28E-01	-5.10E-01	-1.50E+01	1.83E-01	-1.45E+02	-1.45E+02	-2.18E+01	-2.04E+01	-2.04E+01	-2.04E+01	1.78E+01	-2.04E+01	1.78E+01	-2.04E+01	1.78E+01	-2.04E+01	1.78E+01	-2.04E+01	-2.04E+01	1.78E+01	1.78E+01	1.78E+01	-1.79E+01	
glyE~~~glyE_2~~~glyD_3~~~glyE_1	5.28E-01	2.56E-27	1.94E-01	-9.54E-01	7.97E-01	1.46E+00	-5.45E-01	-1.20E-01	-1.92E-01	-9.84E-01	-1.33E+00	-2.72E+00	-1.92E+00	-6.53E-01	9.61E-02	-9.53E-01	-2.46E+00	3.28E-01	-5.10E-01	-1.50E+01	1.83E-01	-1.45E+02	-1.45E+02	-2.18E+01	-2.04E+01	-2.04E+01	-2.04E+01	1.78E+01	-2.04E+01	1.78E+01	-2.04E+01	1.78E+01	-2.04E+01	1.78E+01	-2.04E+01	-2.04E+01	1.78E+01	1.78E+01	1.78E+01	-1.79E+01	
glyD_4~~~glyD_1~~~glyD_3~~~glyE_3	5.28E-01	2.56E-27	1.94E-01	-9.54E-01	7.97E-01	1.46E+00	-5.45E-01	-1.20E-01	-1.92E-01	-9.84E-01	-1.33E+00	-2.72E+00	-1.92E+00	-6.53E-01	9.61E-02	-9.53E-01	-2.46E+00	3.28E-01	-5.10E-01	-1.50E+01	1.83E-01	-1.45E+02	-1.45E+02	-2.18E+01	-2.04E+01	-2.04E+01	-2.04E+01	1.78E+01	-2.04E+01	1.78E+01	-2.04E+01	1.78E+01	-2.04E+01	1.78E+01	-2.04E+01	-2.04E+01	1.78E+01	1.78E+01	1.78E+01	-1.79E+01	
group_2797	5.27E-01	1.39E-17	1.00E+00	-1.69E+05	1.19E+01	1.69E+05	-1.69E+05	-1.69E+05	-1.69E+05	-1.86E+00	-2.20E+00	-1.69E+05	-1.69E+05	-1.69E+05	-8.23E-01	-9.41E-01	-1.69E+05	-1.69E+05	-1.39E+00	-3.59E+00	-8.82E-01	-1.69E+05	-1.69E+05	-1.69E+05	1.18E+06	1.02E+06	1.18E+06	-1.69E+05	1.18E+06	-1.69E+05	1.18E+06	4.87E+04	1.18E+06	-1.69E+05	1.18E+06	1.02E+06	4.87E+04	-1.69E+05	-1.69E+05	1.02E+06	high-bse
group_2021	5.27E-01	1.39E-17	1.00E+00	-1.69E+05	1.19E+01	1.69E+05	-1.69E+05	-1.69E+05	-1.69E+05	-1.86E+00	-2.20E+00	-1.69E+05	-1.69E+05	-1.69E+05	-8.23E-01	-9.41E-01	-1.69E+05	-1.69E+05	-1.39E+00	-3.59E+00	-8.82E-01	-1.69E+05	-1.69E+05	-1.69E+05	1.18E+06	1.02E+06	1.18E+06	-1.69E+05	1.18E+06	-1.69E+05	1.18E+06	4.87E+04	1.18E+06	-1.69E+05	1.18E+06	1.02E+06	4.87E+04	-1.69E+05	-1.69E+05	1.02E+06	high-bse
group_2180	5.26E-01	5.96E-26	2.89E-01	-7.40E-02	1.37E+01	1.46E+00	-1.42E+00	-9.80E-01	-1.04E+00	-1.85E+00	-2.20E+00	-2.72E+00	-2.76E+00	-6.82E-01	-8.16E-01	-1.01E+00	-3.00E+00	6.17E-03	-1.39E+00	-3.58E+00	-8.75E-01	-3.00E+00	-3.00E+00	-3.01E+00	-2.48E+00	-2.48E+00	-2.48E+00	-2.88E-01	-2.48E+00	-2.88E-01	-2.48E+00	-2.88E-01	-2.48E+00	-2.88E-01	-2.48E+00	-2.48E+00	-2.88E-01	-2.88E-01	-2.88E-01	-2.56E+00	matrix-inversion-error
group_400	5.20E-01	8.30E-25	2.15E-01	-1.00E-01	1.37E+01	1.46E+00	-1.40E+00	-9.55E-01	-1.02E+00	-1.83E+00	-2.17E+00	-2.72E+00	-2.74E+00	-6.82E-01	-7.97E-01	-1.01E+00	-2.97E+00	6.17E-03	-1.36E+00	-3.56E+00	-8.49E-01	-2.97E+00	-2.97E+00	-3.01E+00	-2.46E+00	-2.46E+00	-2.46E+00	-2.61E-01	-2.46E+00	-2.61E-01	-2.46E+00	-2.61E-01	-2.46E+00	-2.61E-01	-2.46E+00	-2.46E+00	-2.61E-01	-2.61E-01	-2.61E-01	-2.56E+00	matrix-inversion-error
yydJ	5.19E-01	2.28E-03	7.24E-01	7.42E-02	2.10E-01	1.45E+00	-1.55E+00	-1.11E+00	-1.17E+00	-1.92E+00	-2.27E+00	-2.80E+00	-2.86E+00	-7.08E-01	-9.16E-01	-1.00E+00	-3.41E+00	2.69E-01	-1.45E+00	-1.61E+01	-7.55E-01	-1.46E+02	-1.46E+02	-1.46E+02	-1.78E+01	-1.78E+01	-1.78E+01	1.67E+01	-1.78E+01	1.67E+01	-1.78E+01	1.68E+01	-1.81E+01	1.67E+01	-1.81E+01	-1.81E+01	1.68E+01	1.67E+01	1.67E+01	-1.81E+01	
yydI	5.19E-01	2.28E-03	7.24E-01	7.42E-02	2.10E-01	1.45E+00	-1.55E+00	-1.11E+00	-1.17E+00	-1.92E+00	-2.27E+00	-2.80E+00	-2.86E+00	-7.08E-01	-9.16E-01	-1.00E+00	-3.41E+00	2.69E-01	-1.45E+00	-1.61E+01	-7.55E-01	-1.46E+02	-1.46E+02	-1.46E+02	-1.78E+01	-1.78E+01	-1.78E+01	1.67E+01	-1.78E+01	1.67E+01	-1.78E+01	1.68E+01	-1.81E+01	1.67E+01	-1.81E+01	-1.81E+01	1.68E+01	1.67E+01	1.67E+01	-1.81E+01	
group_2177	5.08E-01	2.88E-01	3.71E-01	-1.19E-01	1.33E-01	1.52E+00	-1.48E+00	-1.03E+00	-1.17E+00	-1.99E+00	-2.31E+00	-2.71E+00	-2.85E+00	-5.93E-01	-8.32E-01	-8.93E-01	-3.45E+00	2.69E-01	-1.46E+00	-1.71E+01	-7.50E-01	-1.46E+02	-1.46E+02	-1.46E+02	-1.79E+01	-1.79E+01	-1.79E+01	1.67E+01	-1.79E+01	1.67E+01	-1.79E+01	1.67E+01	-1.79E+01	1.67E+01	-1.79E+01	-1.79E+01	1.67E+01	1.69E+01	1.67E+01	-1.79E+01	
group_3662	5.06E-01	1.30E-28	3.75E-01	-2.22E-01	2.51E-01	1.46E+00	-1.29E+00	-8.50E-01	-9.19E-01	-1.88E+00	-2.08E+00	-2.55E+00	-2.66E+00	-4.31E-01	-8.58E-01	-9.53E-01	-3.36E+00	5.20E-01	-1.46E+00	-1.60E+01	-6.21E-01	-1.46E+02	-1.46E+02	-1.46E+02	-1.70E+01	-1.79E+01	-1.70E+01	1.70E+01	-1.70E+01	1.70E+01	-1.70E+01	1.68E+01	-1.79E+01	1.70E+01	-1.79E+01	-1.70E+01	1.68E+01	1.70E+01	1.70E+01	-1.70E+01	
xerC_1~~~xerC_2	5.04E-01	3.47E-07	6.67E-01	9.85E-02	2.30E-01	1.44E+00	-1.58E+00	-1.13E+00	-1.09E+00	-1.92E+00	-2.35E+00	-2.83E+00	-2.86E+00	-7.31E-01	-8.43E-01	-1.02E+00	-3.44E+00	2.50E-01	-1.54E+00	-1.60E+01	-7.50E-01	-1.46E+02	-1.46E+02	-1.46E+02	-1.78E+01	-1.78E+01	-1.78E+01	1.68E+01	-1.78E+01	1.67E+01	-1.78E+01	1.67E+01	-1.78E+01	1.68E+01	-1.78E+01	-1.78E+01	1.68E+01	1.67E+01	1.68E+01	-1.82E+01	
group_2547	5.04E-01	3.47E-07	6.67E-01	9.85E-02	2.30E-01	1.44E+00	-1.58E+00	-1.13E+00	-1.09E+00	-1.92E+00	-2.35E+00	-2.83E+00	-2.86E+00	-7.31E-01	-8.43E-01	-1.02E+00	-3.44E+00	2.50E-01	-1.54E+00	-1.60E+01	-7.50E-01	-1.46E+02	-1.46E+02	-1.46E+02	-1.78E+01	-1.78E+01	-1.78E+01	1.68E+01	-1.78E+01	1.67E+01	-1.78E+01	1.67E+01	-1.78E+01	1.68E+01	-1.78E+01	-1.78E+01	1.68E+01	1.67E+01	1.68E+01	-1.82E+01	
group_2645	5.01E-01	1.55E-37	2.89E-01	-4.14E-01	3.96E-01	1.88E+00	-1.88E+00	-1.46E+00	-1.13E+00	-2.35E+00	-2.69E+00	-3.16E+00	-3.29E+00	-6.53E-01	-1.27E+00	-9.53E-01	-3.82E+00	2.76E-01	-1.88E+00	-1.65E+01	-1.18E+00	-1.46E+02	-1.46E+02	-1.46E+02	-1.91E+01	-1.79E+01	-1.91E+01	1.68E+01	-1.79E+01	1.64E+01	-1.91E+01	1.64E+01	-1.91E+01	1.68E+01	-1.91E+01	-1.79E+01	1.64E+01	1.68E+01	1.68E+01	-1.91E+01	
group_2532	5.00E-01	1.06E-17	7.89E-05	-1.31E+00	3.43E-01	2.76E+00	-2.79E+00	-1.94E+00	-2.41E+00	-3.22E+00	-3.58E+00	-2.74E+00	-4.17E+00	-6.79E-01	-2.15E+00	-9.43E-01	-4.71E+00	-9.68E-01	-1.45E+00	-1.60E+01	-2.07E+00	-1.48E+02	-1.48E+02	-1.48E+02	-1.79E+01	-1.79E+01	-1.79E+01	1.55E+01	-2.15E+01	1.55E+01	-2.15E+01	1.68E+01	-2.15E+01	1.68E+01	-1.79E+01	-2.15E+01	1.68E+01	1.55E+01	1.55E+01	-2.15E+01	
group_2472	5.00E-01	1.06E-17	7.89E-05	-1.31E+00	3.43E-01	2.76E+00	-2.79E+00	-1.94E+00	-2.41E+00	-3.22E+00	-3.58E+00	-2.74E+00	-4.17E+00	-6.79E-01	-2.15E+00	-9.43E-01	-4.71E+00	-9.68E-01	-1.45E+00	-1.60E+01	-2.07E+00	-1.48E+02	-1.48E+02	-1.48E+02	-1.79E+01	-1.79E+01	-1.79E+01	1.55E+01	-2.15E+01	1.55E+01	-2.15E+01	1.68E+01	-2.15E+01	1.68E+01	-1.79E+01	-2.15E+01	1.68E+01	1.55E+01	1.55E+01	-2.15E+01	
group_1480	4.99E-01	1.14E-21	7.50E-01	-1.28E-01	4.01E-01	1.59E+00	-1.62E+00	-1.18E+00	-1.24E+00	-1.97E+00	-2.29E+00	-2.87E+00	-3.00E+00	-6.51E-01	-9.83E-01	-9.51E-01	-3.54E+00	2.02E-01	-1.46E+00	-1.61E+01	-8.96E-01	-1.47E+02	-1.47E+02	-1.47E+02	-1.83E+01	-1.83E+01	-1.83E+01	1.67E+01	-1.83E+01	1.67E+01	-1.83E+01	1.68E+01	-1.83E+01	1.67E+01	-1.79E+01	-1.83E+01	1.67E+01	1.67E+01	1.67E+01	-1.83E+01	
group_2052	4.99E-01	5.05E-28	1.00E+00	-3.10E-01	1.13E+01	1.77E+00	-1.81E+00	-1.36E+00	-1.11E+00	-2.24E+00	-2.58E+00	-3.03E+00	-2.83E+00	-9.93E-01	-1.20E+00	-1.01E+00	-3.07E+00	-3.04E-01	-1.77E+00	-3.97E+00	-1.26E+00	-3.07E+00	-3.07E+00	-3.07E+00	-2.87E+00	-2.56E+00	-2.87E+00	-3.62E-01	-2.87E+00	-3.62E-01	-2.87E+00	-6.72E-01	-2.87E+00	-3.62E-01	-2.87E+00	-2.56E+00	-6.72E-01	-6.72E-01	-3.62E-01	-2.87E+00	high-bse
group_1951	4.99E-01	2.20E-17	5.75E-05	-1.32E+00	3.42E-01	2.77E+00	-2.80E+00	-1.95E+00	-2.42E+00	-3.23E+00	-3.59E+00	-2.73E+00	-4.18E+00	-6.77E-01	-2.16E+00	-9.40E-01	-4.72E+00	-9.79E-01	-1.45E+00	-1.60E+01	-2.08E+00	-1.48E+02	-1.48E+02	-1.48E+02	-1.79E+01	-1.79E+01	-1.79E+01	1.55E+01	-2.17E+01	1.55E+01	-2.17E+01	1.68E+01	-2.17E+01	1.68E+01	-1.79E+01	-2.17E+01	1.68E+01	1.55E+01	1.55E+01	-2.17E+01	
group_263	4.99E-01	5.05E-28	1.00E+00	-3.10E-01	1.13E+01	1.77E+00	-1.81E+00	-1.36E+00	-1.11E+00	-2.24E+00	-2.58E+00	-3.03E+00	-2.83E+00	-9.93E-01	-1.20E+00	-1.01E+00	-3.07E+00	-3.04E-01	-1.77E+00	-3.97E+00	-1.26E+00	-3.07E+00	-3.07E+00	-3.07E+00	-2.87E+00	-2.56E+00	-2.87E+00	-3.62E-01	-2.87E+00	-3.62E-01	-2.87E+00	-6.72E-01	-2.87E+00	-3.62E-01	-2.87E+00	-2.56E+00	-6.72E-01	-6.72E-01	-3.62E-01	-2.87E+00	high-bse
group_718	4.92E-01	2.37E-07	8.91E-01	-2.81E-02	2.04E-01	1.47E+00	-1.48E+00	-1.03E+00	-1.12E+00	-1.94E+00	-2.26E+00	-2.73E+00	-2.88E+00	-6.31E-01	-8.62E-01	-9.34E-01	-3.40E+00	3.50E-01	-1.44E+00	-1.61E+01	-7.76E-01	-1.46E+02	-1.46E+02	-1.46E+02	-1.79E+01	-1.79E+01	-1.79E+01	1.68E+01	-1.79E+01	1.68E+01	-1.79E+01	1.68E+01	-1.79E+01	1.68E+01	-1.79E+01	-1.79E+01	1.68E+01	1.68E+01	1.68E+01	-1.77E+01	
group_688	4.92E-01	4.11E-07	8.92E-01	2.78E-02	2.06E-01	1.46E+00	-1.52E+00	-1.07E+00	-1.11E+00	-1.93E+00	-2.30E+00	-2.77E+00	-2.87E+00	-6.75E-01	-8.53E-01	-9.71E-01	-3.42E+00	3.06E-01	-1.49E+00	-1.60E+01	-7.65E-01	-1.46E+02	-1.46E+02	-1.46E+02	-1.79E+01	-1.79E+01	-1.79E+01	1.68E+01	-1.79E+01	1.68E+01	-1.79E+01	1.68E+01	-1.79E+01	1.68E+01	-1.79E+01	-1.79E+01	1.68E+01	1.68E+01	1.68E+01	-1.79E+01	
group_2038	4.90E-01	1.07E-06	7.30E-01	7.02E-02	2.04E-01	1.45E+00	-1.55E+00	-1.11E+00	-1.10E+00	-1.92E+00	-2.33E+00	-2.80E+00	-2.86E+00	-7.08E-01	-8.47E-01	-9.99E-01	-3.43E+00	2.73E-01	-1.52E+00	-1.60E+01	-7.56E-01	-1.46E+02	-1.46E+02	-1.46E+02	-1.78E+01	-1.78E+01	-1.78E+01	1.68E+01	-1.78E+01	1.67E+01	-1.78E+01	1.67E+01	-1.78E+01	1.68E+01	-1.78E+01	-1.78E+01	1.68E+01	1.67E+01	1.68E+01	-1.81E+01	
group_1738	4.90E-01	1.07E-06	7.30E-01	7.02E-02	2.04E-01	1.45E+00	-1.55E+00	-1.11E+00	-1.10E+00	-1.92E+00	-2.33E+00	-2.80E+00	-2.86E+00	-7.08E-01	-8.47E-01	-9.99E-01	-3.43E+00	2.73E-01	-1.52E+00	-1.60E+01	-7.56E-01	-1.46E+02	-1.46E+02	-1.46E+02	-1.78E+01	-1.78E+01	-1.78E+01	1.68E+01	-1.78E+01	1.67E+01	-1.78E+01	1.67E+01	-1.78E+01	1.68E+01	-1.78E+01	-1.78E+01	1.68E+01	1.67E+01	1.68E+01	-1.81E+01	
group_1184	4.90E-01	1.07E-06	7.30E-01	7.02E-02	2.04E-01	1.45E+00	-1.55E+00	-1.11E+00	-1.10E+00	-1.92E+00	-2.33E+00	-2.80E+00	-2.86E+00	-7.08E-01	-8.47E-01	-9.99E-01	-3.43E+00	2.73E-01	-1.52E+00	-1.60E+01	-7.56E-01	-1.46E+02	-1.46E+02	-1.46E+02	-1.78E+01	-1.78E+01	-1.78E+01	1.68E+01	-1.78E+01	1.67E+01	-1.78E+01	1.67E+01	-1.78E+01	1.68E+01	-1.78E+01	-1.78E+01	1.68E+01	1.67E+01	1.68E+01	-1.81E+01	
group_1001	4.90E-01	1.07E-06	7.30E-01	7.02E-02	2.04E-01	1.45E+00	-1.55E+00	-1.11E+00	-1.10E+00	-1.92E+00	-2.33E+00	-2.80E+00	-2.86E+00	-7.08E-01	-8.47E-01	-9.99E-01	-3.43E+00	2.73E-01	-1.52E+00	-1.60E+01	-7.56E-01	-1.46E+02	-1.46E+02	-1.46E+02	-1.78E+01	-1.78E+01	-1.78E+01	1.68E+01	-1.78E+01	1.67E+01	-1.78E+01	1.67E+01	-1.78E+01	1.68E+01	-1.78E+01	-1.78E+01	1.68E+01	1.67E+01	1.68E+01	-1.81E+01	
group_332	4.90E-01	1.07E-06	7.30E-01	7.02E-02	2.04E-01	1.45E+00	-1.55E+00	-1.11E+00	-1.10E+00	-1.92E+00	-2.33E+00	-2.80E+00	-2.86E+00	-7.08E-01	-8.47E-01	-9.99E-01	-3.43E+00	2.73E-01	-1.52E+00	-1.60E+01	-7.56E-01	-1.46E+02	-1.46E+02	-1.46E+02	-1.78E+01	-1.78E+01	-1.78E+01	1.68E+01	-1.78E+01	1.67E+01	-1.78E+01	1.67E+01	-1.78E+01	1.68E+01	-1.78E+01	-1.78E+01	1.68E+01	1.67E+01	1.68E+01	-1.81E+01	
group_253	4.90E-01	1.07E-06	7.30E-01	7.02E-02	2.04E-01	1.45E+00	-1.55E+00	-1.11E+00	-1.10E+00	-1.92E+00	-2.33E+00	-2.80E+00	-2.86E+00	-7.08E-01	-8.47E-01	-9.99E-01	-3.43E+00	2.73E-01	-1.52E+00	-1.60E+01	-7.56E-01	-1.46E+02	-1.46E+02	-1.46E+02	-1.78E+01	-1.78E+01	-1.78E+01	1.68E+01	-1.78E+01	1.67E+01	-1.78E+01	1.67E+01	-1.78E+01	1.68E+01	-1.78E+01	-1.78E+01	1.68E+01	1.67E+01	1.68E+01	-1.81E+01	
group_163	4.90E-01	1.07E-06	7.30E-01	7.02E-02	2.04E-01	1.45E+00	-1.55E+00	-1.11E+00	-1.10E+00	-1.92E+00	-2.33E+00	-2.80E+00	-2.86E+00	-7.08E-01	-8.47E-01	-9.99E-01	-3.43E+00	2.73E-01	-1.52E+00	-1.60E+01	-7.56E-01	-1.46E+02	-1.46E+02	-1.46E+02	-1.78E+01	-1.78E+01	-1.78E+01	1.68E+01	-1.78E+01	1.67E+01	-1.78E+01	1.67E+01	-1.78E+01	1.68E+01	-1.78E+01	-1.78E+01	1.68E+01	1.67E+01	1.68E+01	-1.81E+01	
group_2245	4.89E-01	8.62E-07	8.10E-01	4.86E-02	2.03E-01	1.45E+00	-1.53E+00	-1.09E+00	-1.10E+00	-1.93E+00	-2.32E+00	-2.78E+00	-2.87E+00	-6.91E-01	-8.50E-01	-9.85E-01	-3.42E+00	2.90E-01	-1.50E+00	-1.60E+01	-7.60E-01	-1.46E+02	-1.46E+02	-1.46E+02	-1.78E+01	-1.78E+01	-1.78E+01	1.68E+01	-1.78E+01	1.68E+01	-1.78E+01	1.68E+01	-1.78E+01	1.68E+01	-1.78E+01	-1.78E+01	1.68E+01	1.68E+01	1.68E+01	-1.80E+01	
group_1479	4.88E-01	6.94E-07	8.74E-01	3.19E-02	2.02E-01	1.46E+00	-1.52E+00	-1.08E+00	-1.11E+00	-1.93E+00	-2.30E+00	-2.77E+00	-2.87E+00	-6.78E-01	-8.53E-01	-9.74E-01	-3.42E+00	3.03E-01	-1.49E+00	-1.60E+01	-7.64E-01	-1.46E+02	-1.46E+02	-1.46E+02	-1.79E+01	-1.79E+01	-1.79E+01	1.68E+01	-1.79E+01	1.68E+01	-1.79E+01	1.68E+01	-1.79E+01	1.68E+01	-1.79E+01	-1.79E+01	1.68E+01	1.68E+01	1.68E+01	-1.79E+01	
pyrC	4.88E-01	1.55E-33	9.57E-01	-2.45E-02	4.59E-01	1.46E+00	-1.47E+00	-1.03E+00	-1.11E+00	-1.92E+00	-2.26E+00	-2.72E+00	-2.85E+00	-6.53E-01	-8.33E-01	-9.53E-01	-3.41E+00	3.53E-01	-1.44E+00	-1.60E+01	-7.46E-01	-1.46E+02	-1.46E+02	-1.47E+02	-1.80E+01	-1.79E+01	-1.80E+01	1.68E+01	-1.79E+01	1.68E+01	-1.79E+01	1.68E+01	-1.79E+01	1.68E+01	-1.80E+01	-1.80E+01	1.68E+01	1.68E+01	1.68E+01	-1.79E+01	
pas~~~asa1~~~pas_2	4.86E-01	6.17E-07	8.72E-01	3.23E-02	2.00E-01	1.46E+00	-1.52E+00	-1.08E+00	-1.11E+00	-1.93E+00	-2.30E+00	-2.77E+00	-2.87E+00	-6.78E-01	-8.53E-01	-9.74E-01	-3.42E+00	3.12E-01	-1.49E+00	-1.60E+01	-7.64E-01	-1.46E+02	-1.46E+02	-1.46E+02	-1.79E+01	-1.79E+01	-1.79E+01	1.68E+01	-1.79E+01	1.68E+01	-1.79E+01	1.68E+01	-1.79E+01	1.68E+01	-1.79E+01	-1.79E+01	1.68E+01	1.68E+01	1.68E+01	-1.79E+01	
dinG_3~~~dinG_2	4.85E-01	6.33E-16	8.28E-06	1.43E+00	3.35E-01	1.46E+00	-2.92E+00	-2.00E+00	-2.54E+00	-3.26E+00	-3.71E+00	-2.75E+00	-4.29E+00	-6.53E-01	-2.29E+00	-9.53E-01	-4.84E+00	-1.10E+00	-1.46E+00	-1.60E+01	-2.20E+00	-1.48E+02	-1.48E+02	-1.46E+02	-1.79E+01	-1.79E+01	-1.79E+01	1.54E+01	-2.16E+01	1.54E+01	-2.16E+01	1.68E+01	-2.16E+01	1.68E+01	-1.79E+01	-1.79E+01	1.68E+01	1.54E+01	1.54E+01	-1.79E+01	
group_1648	4.85E-01	2.69E-16	2.18E-05	1.34E+00	3.28E-01	1.46E+00	-2.83E+00	-1.94E+00	-2.45E+00	-3.18E+00	-3.62E+00	-2.75E+00	-4.20E+00	-6.53E-01	-2.20E+00	-9.53E-01	-4.75E+00	-1.01E+00	-1.46E+00	-1.60E+01	-2.11E+00	-1.48E+02	-1.48E+02	-1.46E+02	-1.79E+01	-1.79E+01	-1.79E+01	1.54E+01	-2.14E+01	1.54E+01	-2.14E+01	1.68E+01	-2.14E+01	1.68E+01	-1.79E+01	-1.79E+01	1.68E+01	1.54E+01	1.54E+01	-2.14E+01	
group_402	4.85E-01	1.31E-07	1.00E+00	-1.18E-04	2.08E-01	1.46E+00	-1.50E+00	-1.05E+00	-1.11E+00	-1.94E+00	-2.28E+00	-2.75E+00	-2.88E+00	-6.53E-01	-8.57E-01	-9.53E-01	-3.41E+00	3.28E-01	-1.46E+00	-1.60E+01	-7.70E-01	-1.46E+02	-1.46E+02	-1.46E+02	-1.79E+01	-1.79E+01	-1.79E+01	1.68E+01	-1.79E+01	1.68E+01	-1.79E+01	1.68E+01	-1.79E+01	1.68E+01	-1.79E+01	-1.79E+01	1.68E+01	1.68E+01	1.68E+01	-1.79E+01	
group_2470	4.78E-01	5.35E-35	6.46E-01	-4.25E-01	9.45E-01	1.89E+00	-1.92E+00	-1.48E+00	-1.11E+00	-2.34E+00	-2.70E+00	-3.17E+00	-3.30E+00	-1.08E+00	-1.28E+00	-9.53E-01	-3.41E+00	-9.65E-02	-1.89E+00	-1.65E+01	-1.05E+00	-1.46E+02	-1.46E+02	-1.46E+02	-1.95E+01	-1.79E+01	-1.79E+01	1.68E+01	-1.79E+01	1.68E+01	-1.95E+01	1.64E+01	-1.95E+01	1.68E+01	-1.95E+01	-1.79E+01	1.64E+01	1.64E+01	1.68E+01	-1.95E+01	
group_682	4.73E-01	5.91E-48	1.25E-05	1.41E+00	1.08E+01	5.36E-02	-8.88E-02	-5.99E-01	2.93E-01	-5.38E-01	-8.62E-01	-1.32E+00	-1.43E+00	7.24E-01	3.90E-01	3.98E-01	-3.07E+00	6.17E-03	-5.36E-02	-2.25E+00	4.57E-01	-1.66E+00	-1.66E+00	-1.66E+00	-1.15E+00	-1.15E+00	-1.15E+00	-3.62E-01	-2.56E+00	1.05E+00	-1.15E+00	1.05E+00	-1.15E+00	1.05E+00	-1.15E+00	-1.15E+00	-3.62E-01	1.05E+00	-3.62E-01	-2.56E+00	matrix-inversion-error
group_1681	4.60E-01	2.19E-35	3.57E-02	-5.40E-01	2.59E-01	1.46E+00	-1.33E+00	-5.12E-01	-5.74E-01	-1.40E+00	-1.74E+00	-2.21E+00	-2.34E+00	-6.53E-01	-3.17E-01	-9.53E-01	-2.87E+00	8.69E-01	-1.46E+00	-1.55E+01	-2.30E-01	-1.46E+02	-1.46E+02	-1.46E+02	-1.54E+01	-1.54E+01	-1.54E+01	1.68E+01	-1.54E+01	1.73E+01	-1.79E+01	1.68E+01	-1.54E+01	1.73E+01	-1.54E+01	-1.54E+01	1.73E+01	1.73E+01	1.73E+01	-1.79E+01	
group_1820	4.45E-01	1.45E-03	7.12E-01	-7.92E-02	2.14E-01	1.48E+00	-1.44E+00	-9.91E-01	-1.13E+00	-1.95E+00	-2.30E+00	-2.69E+00	-2.89E+00	-5.91E-01	-8.70E-01	-9.00E-01	-3.39E+00	3.90E-01	-1.40E+00	-1.61E+01	-7.88E-01	-1.46E+02	-1.46E+02	-1.46E+02	-1.80E+01	-1.80E+01	-1.80E+01	1.68E+01	-1.80E+01	1.69E+01	-1.80E+01	1.69E+01	-1.80E+01	1.68E+01	-1.80E+01	-1.80E+01	1.68E+01	1.69E+01	1.68E+01	-1.75E+01	
group_189	4.44E-01	1.91E-03	8.46E-01	-4.11E-02	2.11E-01	1.47E+00	-1.47E+00	-1.02E+00	-1.12E+00	-1.95E+00	-2.29E+00	-2.72E+00	-2.89E+00	-6.20E-01	-8.64E-01	-9.26E-01	-3.40E+00	3.60E-01	-1.43E+00	-1.61E+01	-7.79E-01	-1.46E+02	-1.46E+02	-1.46E+02	-1.79E+01	-1.79E+01	-1.79E+01	1.68E+01	-1.79E+01	1.68E+01	-1.79E+01	1.68E+01	-1.79E+01	1.68E+01	-1.79E+01	-1.79E+01	1.68E+01	1.68E+01	1.68E+01	-1.77E+01	
group_130	4.44E-01	1.91E-03	8.46E-01	-4.11E-02	2.11E-01	1.47E+00	-1.47E+00	-1.02E+00	-1.12E+00	-1.95E+00	-2.29E+00	-2.72E+00	-2.89E+00	-6.20E-01	-8.64E-01	-9.26E-01	-3.40E+00	3.60E-01	-1.43E+00	-1.61E+01	-7.79E-01	-1.46E+02	-1.46E+02	-1.46E+02	-1.79E+01	-1.79E+01	-1.79E+01	1.68E+01	-1.79E+01	1.68E+01	-1.79E+01	1.68E+01	-1.79E+01	1.68E+01	-1.79E+01	-1.79E+01	1.68E+01	1.68E+01	1.68E+01	-1.77E+01	
group_1939	4.43E-01	3.34E-24	9.99E-01	-3.60E+00		1.46E+00	2.10E+00	-1.05E+00	2.48E+00	1.66E+00	1.31E+00	-2.75E+00	7.18E-01	2.94E+00	2.74E+00	-9.53E-01	1.86E-01	3.28E-01	2.13E+00	-1.60E+01	2.82E+00	-1.78E+01	-1.78E+01	-1.78E+01	-1.70E+01	-1.70E+01	-1.70E+01	2.15E+01	-1.70E+01	2.15E+01	-1.70E+01	2.15E+01	-1.70E+01	2.15E+01	-1.79E+01	-1.70E+01	2.15E+01	2.15E+01	2.15E+01	-1.79E+01	
group_1389	4.43E-01	1.70E-10	2.59E-02	-1.46E-01	1.22E+01	1.48E+00	-1.40E+00	-9.85E-01	-1.08E+00	-1.93E+00	-2.23E+00	-2.62E+00	-2.75E+00	-5.60E-01	-8.10E-01	-8.86E-01	-3.09E+00	1.29E-01	-1.48E+00	-3.68E+00	-9.24E-01	-3.09E+00	-3.09E+00	-3.02E+00	-2.58E+00	-2.58E+00	-2.58E+00	-3.85E-01	-2.58E+00	-3.85E-01	-2.58E+00	-2.39E-01	-2.58E+00	-3.85E-01	-2.44E+00	-2.58E+00	-3.85E-01	-2.39E-01	-3.85E-01	-2.44E+00	matrix-inversion-error
yoeB	4.42E-01	3.52E-03	9.80E-01	5.17E-03	2.10E-01	1.46E+00	-1.50E+00	-1.06E+00	-1.11E+00	-1.94E+00	-2.28E+00	-2.75E+00	-2.88E+00	-6.57E-01	-8.57E-01	-9.56E-01	-3.41E+00	3.24E-01	-1.47E+00	-1.60E+01	-7.69E-01	-1.46E+02	-1.46E+02	-1.46E+02	-1.79E+01	-1.79E+01	-1.79E+01	1.68E+01	-1.79E+01	1.68E+01	-1.79E+01	1.68E+01	-1.79E+01	1.68E+01	-1.79E+01	-1.79E+01	1.68E+01	1.68E+01	1.68E+01	-1.79E+01	
group_2383	4.42E-01	3.52E-03	9.80E-01	5.17E-03	2.10E-01	1.46E+00	-1.50E+00	-1.06E+00	-1.11E+00	-1.94E+00	-2.28E+00	-2.75E+00	-2.88E+00	-6.57E-01	-8.57E-01	-9.56E-01	-3.41E+00	3.24E-01	-1.47E+00	-1.60E+01	-7.69E-01	-1.46E+02	-1.46E+02	-1.46E+02	-1.79E+01	-1.79E+01	-1.79E+01	1.68E+01	-1.79E+01	1.68E+01	-1.79E+01	1.68E+01	-1.79E+01	1.68E+01	-1.79E+01	-1.79E+01	1.68E+01	1.68E+01	1.68E+01	-1.79E+01	
group_2130	4.42E-01	3.52E-03	9.80E-01	5.17E-03	2.10E-01	1.46E+00	-1.50E+00	-1.06E+00	-1.11E+00	-1.94E+00	-2.28E+00	-2.75E+00	-2.88E+00	-6.57E-01	-8.57E-01	-9.56E-01	-3.41E+00	3.24E-01	-1.47E+00	-1.60E+01	-7.69E-01	-1.46E+02	-1.46E+02	-1.46E+02	-1.79E+01	-1.79E+01	-1.79E+01	1.68E+01	-1.79E+01	1.68E+01	-1.79E+01	1.68E+01	-1.79E+01	1.68E+01	-1.79E+01	-1.79E+01	1.68E+01	1.68E+01	1.68E+01	-1.79E+01	
group_394	4.42E-01	3.52E-03	9.80E-01	5.17E-03	2.10E-01	1.46E+00	-1.50E+00	-1.06E+00	-1.11E+00	-1.94E+00	-2.28E+00	-2.75E+00	-2.88E+00	-6.57E-01	-8.57E-01	-9.56E-01	-3.41E+00	3.24E-01	-1.47E+00	-1.60E+01	-7.69E-01	-1.46E+02	-1.46E+02	-1.46E+02	-1.79E+01	-1.79E+01	-1.79E+01	1.68E+01	-1.79E+01	1.68E+01	-1.79E+01	1.68E+01	-1.79E+01	1.68E+01	-1.79E+01	-1.79E+01	1.68E+01	1.68E+01	1.68E+01	-1.79E+01	
group_629	4.38E-01	6.06E-02	7.39E-01	-4.94E-02	1.48E-01	1.48E+00	-1.52E+00	-1.04E+00	-1.09E+00	-1.91E+00	-2.27E+00	-2.75E+00	-2.85E+00	-6.67E-01	-8.69E-01	-9.73E-01	-3.42E+00	3.08E-01	-1.45E+00	-1.60E+01	-7.58E-01	-1.46E+02	-1.46E+02	-1.46E+02	-1.77E+01	-1.80E+01	-1.80E+01	1.68E+01	-1.80E+01	1.68E+01	-1.80E+01	1.68E+01	-1.77E+01	1.68E+01	-1.80E+01	-1.80E+01	1.68E+01	1.68E+01	1.68E+01	-1.80E+01	
group_350	4.38E-01	6.06E-02	7.39E-01	-4.94E-02	1.48E-01	1.48E+00	-1.52E+00	-1.04E+00	-1.09E+00	-1.91E+00	-2.27E+00	-2.75E+00	-2.85E+00	-6.67E-01	-8.69E-01	-9.73E-01	-3.42E+00	3.08E-01	-1.45E+00	-1.60E+01	-7.58E-01	-1.46E+02	-1.46E+02	-1.46E+02	-1.77E+01	-1.80E+01	-1.80E+01	1.68E+01	-1.80E+01	1.68E+01	-1.80E+01	1.68E+01	-1.77E+01	1.68E+01	-1.80E+01	-1.80E+01	1.68E+01	1.68E+01	1.68E+01	-1.80E+01	
group_2308	4.38E-01	5.50E-02	6.95E-01	-5.81E-02	1.48E-01	1.49E+00	-1.52E+00	-1.04E+00	-1.09E+00	-1.91E+00	-2.26E+00	-2.75E+00	-2.84E+00	-6.70E-01	-8.71E-01	-9.77E-01	-3.43E+00	3.04E-01	-1.44E+00	-1.60E+01	-7.55E-01	-1.46E+02	-1.46E+02	-1.46E+02	-1.77E+01	-1.80E+01	-1.80E+01	1.68E+01	-1.80E+01	1.68E+01	-1.80E+01	1.68E+01	-1.77E+01	1.68E+01	-1.80E+01	-1.80E+01	1.68E+01	1.68E+01	1.68E+01	-1.80E+01	
group_1598	4.38E-01	5.50E-02	6.95E-01	-5.81E-02	1.48E-01	1.49E+00	-1.52E+00	-1.04E+00	-1.09E+00	-1.91E+00	-2.26E+00	-2.75E+00	-2.84E+00	-6.70E-01	-8.71E-01	-9.77E-01	-3.43E+00	3.04E-01	-1.44E+00	-1.60E+01	-7.55E-01	-1.46E+02	-1.46E+02	-1.46E+02	-1.77E+01	-1.80E+01	-1.80E+01	1.68E+01	-1.80E+01	1.68E+01	-1.80E+01	1.68E+01	-1.77E+01	1.68E+01	-1.80E+01	-1.80E+01	1.68E+01	1.68E+01	1.68E+01	-1.80E+01	
group_1388	4.38E-01	1.37E-10	3.72E-02	-1.02E-01	1.21E+01	1.48E+00	-1.43E+00	-1.01E+00	-1.11E+00	-1.93E+00	-2.20E+00	-2.67E+00	-2.78E+00	-5.97E-01	-8.34E-01	-9.22E-01	-3.07E+00	9.20E-02	-1.48E+00	-3.67E+00	-9.31E-01	-3.09E+00	-3.09E+00	-3.03E+00	-2.57E+00	-2.57E+00	-2.57E+00	-3.77E-01	-2.57E+00	-3.77E-01	-2.57E+00	-2.76E-01	-2.57E+00	-3.77E-01	-2.47E+00	-2.57E+00	-3.77E-01	-2.76E-01	-3.77E-01	-2.47E+00	matrix-inversion-error
group_2550	4.37E-01	3.88E-02	5.29E-01	-9.42E-02	1.50E-01	1.50E+00	-1.54E+00	-1.03E+00	-1.07E+00	-1.89E+00	-2.25E+00	-2.76E+00	-2.82E+00	-6.80E-01	-8.85E-01	-9.92E-01	-3.44E+00	2.89E-01	-1.43E+00	-1.60E+01	-7.46E-01	-1.46E+02	-1.46E+02	-1.46E+02	-1.76E+01	-1.80E+01	-1.80E+01	1.69E+01	-1.80E+01	1.68E+01	-1.80E+01	1.69E+01	-1.76E+01	1.69E+01	-1.80E+01	-1.80E+01	1.69E+01	1.68E+01	1.68E+01	-1.80E+01	
group_2488	4.37E-01	5.82E-07	6.48E-02	-2.74E-01	1.48E-01	1.54E+00	-1.35E+00	-9.78E-01	-1.14E+00	-2.01E+00	-2.36E+00	-2.57E+00	-2.68E+00	-4.88E-01	-9.20E-01	-1.03E+00	-3.49E+00	4.87E-01	-1.54E+00	-1.61E+01	-6.64E-01	-1.47E+02	-1.47E+02	-1.46E+02	-1.70E+01	-1.70E+01	-1.70E+01	1.70E+01	-1.82E+01	1.70E+01	-1.82E+01	1.67E+01	-1.82E+01	1.70E+01	-1.82E+01	-1.70E+01	1.67E+01	1.70E+01	1.67E+01	-1.82E+01	
xerC_3~~~xerC_5~~~xerC_6~~~xerC_1~~~xerC_2	4.37E-01	5.82E-07	6.48E-02	-2.74E-01	1.48E-01	1.54E+00	-1.35E+00	-9.78E-01	-1.14E+00	-2.01E+00	-2.36E+00	-2.57E+00	-2.68E+00	-4.88E-01	-9.20E-01	-1.03E+00	-3.49E+00	4.87E-01	-1.54E+00	-1.61E+01	-6.64E-01	-1.47E+02	-1.47E+02	-1.46E+02	-1.70E+01	-1.70E+01	-1.70E+01	1.70E+01	-1.82E+01	1.70E+01	-1.82E+01	1.67E+01	-1.82E+01	1.70E+01	-1.82E+01	-1.70E+01	1.67E+01	1.70E+01	1.67E+01	-1.82E+01	
group_1997	4.37E-01	5.82E-07	6.48E-02	-2.74E-01	1.48E-01	1.54E+00	-1.35E+00	-9.78E-01	-1.14E+00	-2.01E+00	-2.36E+00	-2.57E+00	-2.68E+00	-4.88E-01	-9.20E-01	-1.03E+00	-3.49E+00	4.87E-01	-1.54E+00	-1.61E+01	-6.64E-01	-1.47E+02	-1.47E+02	-1.46E+02	-1.70E+01	-1.70E+01	-1.70E+01	1.70E+01	-1.82E+01	1.70E+01	-1.82E+01	1.67E+01	-1.82E+01	1.70E+01	-1.82E+01	-1.70E+01	1.67E+01	1.70E+01	1.67E+01	-1.82E+01	
group_1580	4.37E-01	5.82E-07	6.48E-02	-2.74E-01	1.48E-01	1.54E+00	-1.35E+00	-9.78E-01	-1.14E+00	-2.01E+00	-2.36E+00	-2.57E+00	-2.68E+00	-4.88E-01	-9.20E-01	-1.03E+00	-3.49E+00	4.87E-01	-1.54E+00	-1.61E+01	-6.64E-01	-1.47E+02	-1.47E+02	-1.46E+02	-1.70E+01	-1.70E+01	-1.70E+01	1.70E+01	-1.82E+01	1.70E+01	-1.82E+01	1.67E+01	-1.82E+01	1.70E+01	-1.82E+01	-1.70E+01	1.67E+01	1.70E+01	1.67E+01	-1.82E+01	
group_2369	4.36E-01	3.49E-02	4.91E-01	-1.03E-01	1.50E-01	1.51E+00	-1.54E+00	-1.03E+00	-1.06E+00	-1.88E+00	-2.25E+00	-2.76E+00	-2.82E+00	-6.83E-01	-8.88E-01	-9.95E-01	-3.44E+00	2.86E-01	-1.43E+00	-1.60E+01	-7.44E-01	-1.46E+02	-1.46E+02	-1.46E+02	-1.76E+01	-1.81E+01	-1.81E+01	1.69E+01	-1.81E+01	1.68E+01	-1.81E+01	1.69E+01	-1.76E+01	1.69E+01	-1.81E+01	-1.81E+01	1.69E+01	1.68E+01	1.68E+01	-1.81E+01	
group_2046	4.36E-01	4.65E-07	5.67E-02	-2.83E-01	1.48E-01	1.55E+00	-1.35E+00	-9.77E-01	-1.14E+00	-2.01E+00	-2.36E+00	-2.57E+00	-2.68E+00	-4.83E-01	-9.23E-01	-1.04E+00	-3.49E+00	4.92E-01	-1.55E+00	-1.61E+01	-6.61E-01	-1.47E+02	-1.47E+02	-1.46E+02	-1.70E+01	-1.70E+01	-1.70E+01	1.70E+01	-1.82E+01	1.70E+01	-1.82E+01	1.67E+01	-1.82E+01	1.70E+01	-1.82E+01	-1.70E+01	1.67E+01	1.70E+01	1.67E+01	-1.82E+01	
group_1797	4.36E-01	7.99E-07	6.48E-02	-2.74E-01	1.48E-01	1.54E+00	-1.35E+00	-9.78E-01	-1.14E+00	-2.01E+00	-2.36E+00	-2.57E+00	-2.68E+00	-4.88E-01	-9.20E-01	-1.03E+00	-3.49E+00	4.87E-01	-1.54E+00	-1.61E+01	-6.64E-01	-1.47E+02	-1.47E+02	-1.46E+02	-1.82E+01	-1.70E+01	-1.70E+01	1.70E+01	-1.82E+01	1.70E+01	-1.82E+01	1.67E+01	-1.82E+01	1.70E+01	-1.82E+01	-1.70E+01	1.67E+01	1.70E+01	1.67E+01	-1.82E+01	
group_1754	4.36E-01	4.65E-07	5.67E-02	-2.83E-01	1.48E-01	1.55E+00	-1.35E+00	-9.77E-01	-1.14E+00	-2.01E+00	-2.36E+00	-2.57E+00	-2.68E+00	-4.83E-01	-9.23E-01	-1.04E+00	-3.49E+00	4.92E-01	-1.55E+00	-1.61E+01	-6.61E-01	-1.47E+02	-1.47E+02	-1.46E+02	-1.70E+01	-1.70E+01	-1.70E+01	1.70E+01	-1.82E+01	1.70E+01	-1.82E+01	1.67E+01	-1.82E+01	1.70E+01	-1.82E+01	-1.70E+01	1.67E+01	1.70E+01	1.67E+01	-1.82E+01	
group_1411	4.36E-01	4.65E-07	5.67E-02	-2.83E-01	1.48E-01	1.55E+00	-1.35E+00	-9.77E-01	-1.14E+00	-2.01E+00	-2.36E+00	-2.57E+00	-2.68E+00	-4.83E-01	-9.23E-01	-1.04E+00	-3.49E+00	4.92E-01	-1.55E+00	-1.61E+01	-6.61E-01	-1.47E+02	-1.47E+02	-1.46E+02	-1.70E+01	-1.70E+01	-1.70E+01	1.70E+01	-1.82E+01	1.70E+01	-1.82E+01	1.67E+01	-1.82E+01	1.70E+01	-1.82E+01	-1.70E+01	1.67E+01	1.70E+01	1.67E+01	-1.82E+01	
group_1272	4.36E-01	7.99E-07	8.17E-02	-2.58E-01	1.48E-01	1.54E+00	-1.36E+00	-9.82E-01	-1.14E+00	-2.00E+00	-2.35E+00	-2.58E+00	-2.69E+00	-5.07E-01	-9.17E-01	-1.03E+00	-3.48E+00	4.78E-01	-1.54E+00	-1.61E+01	-6.71E-01	-1.47E+02	-1.47E+02	-1.46E+02	-1.71E+01	-1.71E+01	-1.71E+01	1.70E+01	-1.82E+01	1.70E+01	-1.82E+01	1.67E+01	-1.82E+01	1.70E+01	-1.82E+01	-1.71E+01	1.67E+01	1.70E+01	1.67E+01	-1.82E+01	
group_185	4.36E-01	7.99E-07	6.48E-02	-2.74E-01	1.48E-01	1.54E+00	-1.35E+00	-9.78E-01	-1.14E+00	-2.01E+00	-2.36E+00	-2.57E+00	-2.68E+00	-4.88E-01	-9.20E-01	-1.03E+00	-3.49E+00	4.87E-01	-1.54E+00	-1.61E+01	-6.64E-01	-1.47E+02	-1.47E+02	-1.46E+02	-1.82E+01	-1.70E+01	-1.70E+01	1.70E+01	-1.82E+01	1.70E+01	-1.82E+01	1.67E+01	-1.82E+01	1.70E+01	-1.82E+01	-1.70E+01	1.67E+01	1.70E+01	1.67E+01	-1.82E+01	
iap	4.36E-01	3.49E-02	4.91E-01	-1.03E-01	1.50E-01	1.51E+00	-1.54E+00	-1.03E+00	-1.06E+00	-1.88E+00	-2.25E+00	-2.76E+00	-2.82E+00	-6.83E-01	-8.88E-01	-9.95E-01	-3.44E+00	2.86E-01	-1.43E+00	-1.60E+01	-7.44E-01	-1.46E+02	-1.46E+02	-1.46E+02	-1.76E+01	-1.81E+01	-1.81E+01	1.69E+01	-1.81E+01	1.68E+01	-1.81E+01	1.69E+01	-1.76E+01	1.69E+01	-1.81E+01	-1.81E+01	1.69E+01	1.68E+01	1.68E+01	-1.81E+01	
group_68	4.36E-01	1.88E-11	1.94E-02	-1.78E-01	1.21E+01	1.49E+00	-1.38E+00	-9.73E-01	-1.07E+00	-1.93E+00	-2.22E+00	-2.60E+00	-2.73E+00	-5.32E-01	-7.91E-01	-8.58E-01	-3.08E+00	1.57E-01	-1.49E+00	-3.68E+00	-9.17E-01	-3.10E+00	-3.10E+00	-3.01E+00	-2.59E+00	-2.59E+00	-2.59E+00	-3.89E-01	-2.59E+00	-3.89E-01	-2.59E+00	-2.11E-01	-2.59E+00	-3.89E-01	-2.41E+00	-2.59E+00	-3.89E-01	-2.11E-01	-3.89E-01	-2.41E+00	matrix-inversion-error
IntTn~~~IntTn_2	4.36E-01	5.21E-02	5.61E-01	-8.71E-02	1.50E-01	1.50E+00	-1.53E+00	-1.04E+00	-1.07E+00	-1.89E+00	-2.26E+00	-2.75E+00	-2.83E+00	-6.78E-01	-8.83E-01	-9.89E-01	-3.43E+00	2.92E-01	-1.43E+00	-1.61E+01	-7.48E-01	-1.46E+02	-1.46E+02	-1.46E+02	-1.76E+01	-1.80E+01	-1.80E+01	1.69E+01	-1.80E+01	1.68E+01	-1.80E+01	1.69E+01	-1.76E+01	1.69E+01	-1.80E+01	-1.80E+01	1.69E+01	1.68E+01	1.68E+01	-1.80E+01	
group_1706	4.36E-01	4.07E-02	5.21E-01	-9.60E-02	1.49E-01	1.50E+00	-1.54E+00	-1.04E+00	-1.07E+00	-1.89E+00	-2.25E+00	-2.76E+00	-2.82E+00	-6.81E-01	-8.86E-01	-9.92E-01	-3.44E+00	2.89E-01	-1.43E+00	-1.60E+01	-7.46E-01	-1.46E+02	-1.46E+02	-1.46E+02	-1.76E+01	-1.80E+01	-1.80E+01	1.69E+01	-1.80E+01	1.68E+01	-1.80E+01	1.69E+01	-1.76E+01	1.69E+01	-1.80E+01	-1.80E+01	1.69E+01	1.68E+01	1.68E+01	-1.80E+01	
group_1487	4.36E-01	4.07E-02	5.49E-01	-8.95E-02	1.49E-01	1.50E+00	-1.53E+00	-1.04E+00	-1.07E+00	-1.89E+00	-2.25E+00	-2.75E+00	-2.83E+00	-6.79E-01	-8.84E-01	-9.90E-01	-3.44E+00	2.91E-01	-1.43E+00	-1.60E+01	-7.47E-01	-1.46E+02	-1.46E+02	-1.46E+02	-1.76E+01	-1.80E+01	-1.80E+01	1.69E+01	-1.80E+01	1.68E+01	-1.80E+01	1.69E+01	-1.76E+01	1.69E+01	-1.80E+01	-1.80E+01	1.69E+01	1.68E+01	1.68E+01	-1.80E+01	
group_1308	4.36E-01	4.07E-02	5.49E-01	-8.95E-02	1.49E-01	1.50E+00	-1.53E+00	-1.04E+00	-1.07E+00	-1.89E+00	-2.25E+00	-2.75E+00	-2.83E+00	-6.79E-01	-8.84E-01	-9.90E-01	-3.44E+00	2.91E-01	-1.43E+00	-1.60E+01	-7.47E-01	-1.46E+02	-1.46E+02	-1.46E+02	-1.76E+01	-1.80E+01	-1.80E+01	1.69E+01	-1.80E+01	1.68E+01	-1.80E+01	1.69E+01	-1.76E+01	1.69E+01	-1.80E+01	-1.80E+01	1.69E+01	1.68E+01	1.68E+01	-1.80E+01	
group_602	4.36E-01	4.07E-02	5.21E-01	-9.60E-02	1.49E-01	1.50E+00	-1.54E+00	-1.04E+00	-1.07E+00	-1.89E+00	-2.25E+00	-2.76E+00	-2.82E+00	-6.81E-01	-8.86E-01	-9.92E-01	-3.44E+00	2.89E-01	-1.43E+00	-1.60E+01	-7.46E-01	-1.46E+02	-1.46E+02	-1.46E+02	-1.76E+01	-1.80E+01	-1.80E+01	1.69E+01	-1.80E+01	1.68E+01	-1.80E+01	1.69E+01	-1.76E+01	1.69E+01	-1.80E+01	-1.80E+01	1.69E+01	1.68E+01	1.68E+01	-1.80E+01	
group_243	4.36E-01	4.07E-02	5.21E-01	-9.60E-02	1.49E-01	1.50E+00	-1.54E+00	-1.04E+00	-1.07E+00	-1.89E+00	-2.25E+00	-2.76E+00	-2.82E+00	-6.81E-01	-8.86E-01	-9.92E-01	-3.44E+00	2.89E-01	-1.43E+00	-1.60E+01	-7.46E-01	-1.46E+02	-1.46E+02	-1.46E+02	-1.76E+01	-1.80E+01	-1.80E+01	1.69E+01	-1.80E+01	1.68E+01	-1.80E+01	1.69E+01	-1.76E+01	1.69E+01	-1.80E+01	-1.80E+01	1.69E+01	1.68E+01	1.68E+01	-1.80E+01	
group_54	4.36E-01	4.07E-02	5.49E-01	-8.95E-02	1.49E-01	1.50E+00	-1.53E+00	-1.04E+00	-1.07E+00	-1.89E+00	-2.25E+00	-2.75E+00	-2.83E+00	-6.79E-01	-8.84E-01	-9.90E-01	-3.44E+00	2.91E-01	-1.43E+00	-1.60E+01	-7.47E-01	-1.46E+02	-1.46E+02	-1.46E+02	-1.76E+01	-1.80E+01	-1.80E+01	1.69E+01	-1.80E+01	1.68E+01	-1.80E+01	1.69E+01	-1.76E+01	1.69E+01	-1.80E+01	-1.80E+01	1.69E+01	1.68E+01	1.68E+01	-1.80E+01	
group_603	4.35E-01	4.71E-02	5.21E-01	-9.60E-02	1.49E-01	1.50E+00	-1.54E+00	-1.04E+00	-1.07E+00	-1.89E+00	-2.25E+00	-2.76E+00	-2.82E+00	-6.81E-01	-8.86E-01	-9.92E-01	-3.44E+00	2.89E-01	-1.43E+00	-1.52E+01	-7.46E-01	-1.46E+02	-1.46E+02	-1.46E+02	-1.76E+01	-1.80E+01	-1.80E+01	1.69E+01	-1.80E+01	1.68E+01	-1.80E+01	1.69E+01	-1.76E+01	1.69E+01	-1.80E+01	-1.80E+01	1.69E+01	1.68E+01	1.68E+01	-1.80E+01	
group_28	4.34E-01	5.45E-02	5.80E-01	-8.25E-02	1.49E-01	1.50E+00	-1.53E+00	-1.04E+00	-1.07E+00	-1.89E+00	-2.26E+00	-2.75E+00	-2.83E+00	-6.77E-01	-8.82E-01	-9.87E-01	-3.43E+00	2.94E-01	-1.44E+00	-1.65E+01	-7.49E-01	-1.46E+02	-1.46E+02	-1.46E+02	-1.77E+01	-1.80E+01	-1.80E+01	1.69E+01	-1.80E+01	1.68E+01	-1.80E+01	1.69E+01	-1.77E+01	1.69E+01	-1.80E+01	-1.80E+01	1.69E+01	1.68E+01	1.68E+01	-1.80E+01	
group_293	4.31E-01	9.48E-01	6.94E-01	5.20E-02	1.32E-01	1.44E+00	-1.52E+00	-1.06E+00	-1.10E+00	-1.92E+00	-2.28E+00	-2.76E+00	-2.88E+00	-6.85E-01	-8.72E-01	-9.72E-01	-3.40E+00	3.47E-01	-1.44E+00	-1.60E+01	-7.51E-01	-1.46E+02	-1.46E+02	-1.46E+02	-1.78E+01	-1.78E+01	-1.78E+01	1.68E+01	-1.78E+01	1.68E+01	-1.78E+01	1.68E+01	-1.78E+01	1.68E+01	-1.78E+01	-1.78E+01	1.68E+01	1.68E+01	1.68E+01	-1.80E+01	
mntH_3~~~mntH_2	4.31E-01	1.26E-02	7.92E-01	5.56E-02	2.12E-01	1.45E+00	-1.54E+00	-1.09E+00	-1.10E+00	-1.93E+00	-2.27E+00	-2.79E+00	-2.87E+00	-6.97E-01	-8.46E-01	-9.90E-01	-3.40E+00	2.84E-01	-1.45E+00	-1.60E+01	-7.59E-01	-1.46E+02	-1.46E+02	-1.46E+02	-1.78E+01	-1.78E+01	-1.78E+01	1.68E+01	-1.78E+01	1.68E+01	-1.78E+01	1.68E+01	-1.78E+01	1.68E+01	-1.78E+01	-1.78E+01	1.68E+01	1.68E+01	1.68E+01	-1.81E+01	
merR1	4.29E-01	9.88E-03	9.25E-01	1.96E-02	2.09E-01	1.46E+00	-1.51E+00	-1.07E+00	-1.11E+00	-1.93E+00	-2.28E+00	-2.76E+00	-2.87E+00	-6.68E-01	-8.53E-01	-9.66E-01	-3.41E+00	3.13E-01	-1.46E+00	-1.60E+01	-7.66E-01	-1.46E+02	-1.46E+02	-1.46E+02	-1.79E+01	-1.79E+01	-1.79E+01	1.68E+01	-1.79E+01	1.68E+01	-1.79E+01	1.68E+01	-1.79E+01	1.68E+01	-1.79E+01	-1.79E+01	1.68E+01	1.68E+01	1.68E+01	-1.79E+01	
merA	4.29E-01	9.88E-03	9.25E-01	1.96E-02	2.09E-01	1.46E+00	-1.51E+00	-1.07E+00	-1.11E+00	-1.93E+00	-2.28E+00	-2.76E+00	-2.87E+00	-6.68E-01	-8.53E-01	-9.66E-01	-3.41E+00	3.13E-01	-1.46E+00	-1.60E+01	-7.66E-01	-1.46E+02	-1.46E+02	-1.46E+02	-1.79E+01	-1.79E+01	-1.79E+01	1.68E+01	-1.79E+01	1.68E+01	-1.79E+01	1.68E+01	-1.79E+01	1.68E+01	-1.79E+01	-1.79E+01	1.68E+01	1.68E+01	1.68E+01	-1.79E+01	
group_1832	4.29E-01	1.18E-02	8.27E-01	4.55E-02	2.08E-01	1.45E+00	-1.53E+00	-1.09E+00	-1.10E+00	-1.93E+00	-2.27E+00	-2.78E+00	-2.87E+00	-6.89E-01	-8.48E-01	-9.83E-01	-3.40E+00	2.92E-01	-1.45E+00	-1.60E+01	-7.61E-01	-1.46E+02	-1.46E+02	-1.46E+02	-1.78E+01	-1.78E+01	-1.78E+01	1.68E+01	-1.78E+01	1.68E+01	-1.78E+01	1.68E+01	-1.78E+01	1.68E+01	-1.78E+01	-1.78E+01	1.68E+01	1.68E+01	1.68E+01	-1.80E+01	
group_997	4.28E-01	6.16E-08	4.21E-01	1.66E-01	2.06E-01	1.37E+00	-1.57E+00	-9.59E-01	-1.02E+00	-1.84E+00	-2.19E+00	-2.65E+00	-2.78E+00	-7.05E-01	-7.63E-01	-1.02E+00	-3.32E+00	4.22E-01	-1.37E+00	-1.59E+01	-6.76E-01	-1.46E+02	-1.46E+02	-1.46E+02	-1.74E+01	-1.74E+01	-1.74E+01	1.69E+01	-1.74E+01	1.69E+01	-1.74E+01	1.69E+01	-1.74E+01	1.69E+01	-1.74E+01	-1.74E+01	1.69E+01	1.67E+01	1.69E+01	-1.82E+01	
group_1382	4.25E-01	2.63E-25	1.80E-03	-9.42E-01	3.15E-01	2.38E+00	-2.41E+00	-1.79E+00	-2.04E+00	-2.85E+00	-3.20E+00	-3.39E+00	-3.80E+00	-1.57E+00	-1.78E+00	-1.87E+00	-4.33E+00	-5.93E-01	-1.44E+00	-1.60E+01	-1.69E+00	-1.47E+02	-1.47E+02	-1.47E+02	-1.78E+01	-1.78E+01	-1.78E+01	1.59E+01	-2.09E+01	1.59E+01	-2.09E+01	1.68E+01	-2.09E+01	1.68E+01	-1.78E+01	-2.09E+01	1.68E+01	1.59E+01	1.59E+01	-2.09E+01	
group_1948	4.20E-01	8.98E-30	1.00E+00	-2.87E+05	9.98E+00	2.87E+05	-2.87E+05	-2.87E+05	-2.87E+05	-2.87E+05	-2.87E+05	-2.87E+05	-2.82E+00	-2.87E+05	-2.87E+05	-2.87E+05	-2.87E+05	-2.87E+05	-2.87E+05	-3.65E+00	-2.87E+05	-2.87E+05	-2.87E+05	-2.87E+05	8.97E+05	8.97E+05	8.97E+05	-2.87E+05	8.97E+05	-2.87E+05	8.97E+05	-2.87E+05	8.97E+05	-2.87E+05	1.18E+06	8.97E+05	-2.87E+05	-2.87E+05	-2.87E+05	8.97E+05	matrix-inversion-error
group_226	4.20E-01	8.98E-30	1.00E+00	-2.87E+05	9.98E+00	2.87E+05	-2.87E+05	-2.87E+05	-2.87E+05	-2.87E+05	-2.87E+05	-2.87E+05	-2.82E+00	-2.87E+05	-2.87E+05	-2.87E+05	-2.87E+05	-2.87E+05	-2.87E+05	-3.65E+00	-2.87E+05	-2.87E+05	-2.87E+05	-2.87E+05	8.97E+05	8.97E+05	8.97E+05	-2.87E+05	8.97E+05	-2.87E+05	8.97E+05	-2.87E+05	8.97E+05	-2.87E+05	1.18E+06	8.97E+05	-2.87E+05	-2.87E+05	-2.87E+05	8.97E+05	matrix-inversion-error
group_2554	4.14E-01	7.94E-44	1.00E+00	-3.16E+05	1.00E+01	3.16E+05	-3.16E+05	-3.16E+05	-3.16E+05	-3.16E+05	-3.16E+05	-3.16E+05	-3.16E+05	-6.70E-01	-3.16E+05	-9.95E-01	-3.16E+05	-3.16E+05	-1.45E+00	-3.16E+05	-3.16E+05	-3.16E+05	-3.16E+05	-3.16E+05	8.69E+05	8.69E+05	8.69E+05	4.87E+04	8.69E+05	-3.16E+05	1.18E+06	4.87E+04	8.69E+05	-3.16E+05	8.69E+05	8.69E+05	-3.16E+05	-3.16E+05	-3.16E+05	8.69E+05	high-bse
group_2402	4.14E-01	7.94E-44	1.00E+00	-3.16E+05	1.00E+01	3.16E+05	-3.16E+05	-3.16E+05	-3.16E+05	-3.16E+05	-3.16E+05	-3.16E+05	-3.16E+05	-6.70E-01	-3.16E+05	-9.95E-01	-3.16E+05	-3.16E+05	-1.45E+00	-3.16E+05	-3.16E+05	-3.16E+05	-3.16E+05	-3.16E+05	8.69E+05	8.69E+05	8.69E+05	4.87E+04	8.69E+05	-3.16E+05	1.18E+06	4.87E+04	8.69E+05	-3.16E+05	8.69E+05	8.69E+05	-3.16E+05	-3.16E+05	-3.16E+05	8.69E+05	high-bse
group_2398	4.14E-01	7.94E-44	1.00E+00	-3.16E+05	1.00E+01	3.16E+05	-3.16E+05	-3.16E+05	-3.16E+05	-3.16E+05	-3.16E+05	-3.16E+05	-3.16E+05	-6.70E-01	-3.16E+05	-9.95E-01	-3.16E+05	-3.16E+05	-1.45E+00	-3.16E+05	-3.16E+05	-3.16E+05	-3.16E+05	-3.16E+05	8.69E+05	8.69E+05	8.69E+05	4.87E+04	8.69E+05	-3.16E+05	1.18E+06	4.87E+04	8.69E+05	-3.16E+05	8.69E+05	8.69E+05	-3.16E+05	-3.16E+05	-3.16E+05	8.69E+05	high-bse
group_2397	4.14E-01	7.94E-44	1.00E+00	-3.16E+05	1.00E+01	3.16E+05	-3.16E+05	-3.16E+05	-3.16E+05	-3.16E+05	-3.16E+05	-3.16E+05	-3.16E+05	-6.70E-01	-3.16E+05	-9.95E-01	-3.16E+05	-3.16E+05	-1.45E+00	-3.16E+05	-3.16E+05	-3.16E+05	-3.16E+05	-3.16E+05	8.69E+05	8.69E+05	8.69E+05	4.87E+04	8.69E+05	-3.16E+05	1.18E+06	4.87E+04	8.69E+05	-3.16E+05	8.69E+05	8.69E+05	-3.16E+05	-3.16E+05	-3.16E+05	8.69E+05	high-bse
group_1771	4.14E-01	7.94E-44	1.00E+00	-3.16E+05	1.00E+01	3.16E+05	-3.16E+05	-3.16E+05	-3.16E+05	-3.16E+05	-3.16E+05	-3.16E+05	-3.16E+05	-6.70E-01	-3.16E+05	-9.95E-01	-3.16E+05	-3.16E+05	-1.45E+00	-3.16E+05	-3.16E+05	-3.16E+05	-3.16E+05	-3.16E+05	8.69E+05	8.69E+05	8.69E+05	4.87E+04	8.69E+05	-3.16E+05	1.18E+06	4.87E+04	8.69E+05	-3.16E+05	8.69E+05	8.69E+05	-3.16E+05	-3.16E+05	-3.16E+05	8.69E+05	high-bse
group_2220	4.13E-01	1.38E-43	1.00E+00	3.59E-01	1.00E+01	1.10E+00	-1.13E+00	-6.91E-01	-7.52E-01	-1.57E+00	-1.91E+00	-2.36E+00	-2.47E+00	-6.80E-01	-5.28E-01	-1.01E+00	-2.71E+00	3.68E-01	-1.46E+00	-3.30E+00	-5.88E-01	-2.71E+00	-2.71E+00	-2.71E+00	-2.20E+00	-2.20E+00	-2.20E+00	-3.59E-01	-2.20E+00	1.78E-12	-2.56E+00	-3.59E-01	-2.20E+00	1.78E-12	-2.20E+00	-2.20E+00	1.78E-12	1.78E-12	1.78E-12	-2.20E+00	matrix-inversion-error
spsB_3	4.13E-01	1.38E-43	1.00E+00	3.59E-01	1.00E+01	1.10E+00	-1.13E+00	-6.91E-01	-7.52E-01	-1.57E+00	-1.91E+00	-2.36E+00	-2.47E+00	-6.80E-01	-5.28E-01	-1.01E+00	-2.71E+00	3.68E-01	-1.46E+00	-3.30E+00	-5.88E-01	-2.71E+00	-2.71E+00	-2.71E+00	-2.20E+00	-2.20E+00	-2.20E+00	-3.59E-01	-2.20E+00	1.78E-12	-2.56E+00	-3.59E-01	-2.20E+00	1.78E-12	-2.20E+00	-2.20E+00	1.78E-12	1.78E-12	1.78E-12	-2.20E+00	matrix-inversion-error
group_2264	4.12E-01	2.17E-44	4.86E-01	7.76E-01	1.17E+00	6.88E-01	-7.23E-01	-2.77E-01	-3.65E-01	-1.16E+00	-1.51E+00	-1.97E+00	-2.10E+00	-6.53E-01	-8.16E-02	-9.53E-01	-2.63E+00	1.10E+00	-6.88E-01	-1.49E+01	5.38E-03	-1.46E+02	-1.46E+02	-1.46E+02	-2.93E+01	-2.93E+01	-2.93E+01	1.76E+01	-2.93E+01	1.76E+01	-2.93E+01	1.76E+01	-2.93E+01	1.76E+01	-2.93E+01	-2.93E+01	1.76E+01	1.76E+01	1.76E+01	-2.93E+01	
group_343	4.12E-01	2.17E-44	4.86E-01	7.76E-01	1.17E+00	6.88E-01	-7.23E-01	-2.77E-01	-3.65E-01	-1.16E+00	-1.51E+00	-1.97E+00	-2.10E+00	-6.53E-01	-8.16E-02	-9.53E-01	-2.63E+00	1.10E+00	-6.88E-01	-1.49E+01	5.38E-03	-1.46E+02	-1.46E+02	-1.46E+02	-2.93E+01	-2.93E+01	-2.93E+01	1.76E+01	-2.93E+01	1.76E+01	-2.93E+01	1.76E+01	-2.93E+01	1.76E+01	-2.93E+01	-2.93E+01	1.76E+01	1.76E+01	1.76E+01	-2.93E+01	
group_109	4.10E-01	2.32E-11	4.57E-01	-1.07E-01	1.43E-01	1.48E+00	-1.44E+00	-1.02E+00	-1.12E+00	-1.95E+00	-2.22E+00	-2.67E+00	-2.82E+00	-5.65E-01	-7.88E-01	-8.78E-01	-3.42E+00	3.10E-01	-1.46E+00	-1.37E+01	-6.82E-01	-1.46E+02	-1.46E+02	-1.46E+02	-1.79E+01	-1.79E+01	-1.79E+01	1.68E+01	-1.79E+01	1.68E+01	-1.79E+01	1.69E+01	-1.79E+01	1.68E+01	-1.79E+01	-1.79E+01	1.68E+01	1.69E+01	1.69E+01	-1.76E+01	
gtfB_1~~~gtfB~~~gtfB_2	4.10E-01	2.58E-44	1.00E+00	5.87E+08	9.92E+00	-5.87E+08	5.87E+08	5.87E+08	5.87E+08	5.87E+08	5.87E+08	5.87E+08	5.87E+08	-6.87E-01	5.87E+08	-1.01E+00	5.87E+08	5.87E+08	5.87E+08	5.87E+08	5.87E+08	-2.70E+09	-3.18E+09	-2.93E+09	8.62E+05	8.62E+05	8.62E+05	-3.23E+05	8.62E+05	-3.23E+05	8.62E+05	-3.23E+05	8.62E+05	-3.23E+05	8.62E+05	8.62E+05	4.87E+04	-3.23E+05	-3.23E+05	8.62E+05	high-bse
secA_3~~~secA_2	4.10E-01	2.58E-44	1.00E+00	5.87E+08	9.92E+00	-5.87E+08	5.87E+08	5.87E+08	5.87E+08	5.87E+08	5.87E+08	5.87E+08	5.87E+08	-6.87E-01	5.87E+08	-1.01E+00	5.87E+08	5.87E+08	5.87E+08	5.87E+08	5.87E+08	-2.70E+09	-3.18E+09	-2.93E+09	8.62E+05	8.62E+05	8.62E+05	-3.23E+05	8.62E+05	-3.23E+05	8.62E+05	-3.23E+05	8.62E+05	-3.23E+05	8.62E+05	8.62E+05	4.87E+04	-3.23E+05	-3.23E+05	8.62E+05	high-bse
gtf3_2~~~gtf3_1~~~gtf3	4.10E-01	2.58E-44	1.00E+00	5.87E+08	9.92E+00	-5.87E+08	5.87E+08	5.87E+08	5.87E+08	5.87E+08	5.87E+08	5.87E+08	5.87E+08	-6.87E-01	5.87E+08	-1.01E+00	5.87E+08	5.87E+08	5.87E+08	5.87E+08	5.87E+08	-2.70E+09	-3.18E+09	-2.93E+09	8.62E+05	8.62E+05	8.62E+05	-3.23E+05	8.62E+05	-3.23E+05	8.62E+05	-3.23E+05	8.62E+05	-3.23E+05	8.62E+05	8.62E+05	4.87E+04	-3.23E+05	-3.23E+05	8.62E+05	high-bse
glyD~~~glyG_1~~~glyG_2	4.10E-01	2.58E-44	1.00E+00	5.87E+08	9.92E+00	-5.87E+08	5.87E+08	5.87E+08	5.87E+08	5.87E+08	5.87E+08	5.87E+08	5.87E+08	-6.87E-01	5.87E+08	-1.01E+00	5.87E+08	5.87E+08	5.87E+08	5.87E+08	5.87E+08	-2.70E+09	-3.18E+09	-2.93E+09	8.62E+05	8.62E+05	8.62E+05	-3.23E+05	8.62E+05	-3.23E+05	8.62E+05	-3.23E+05	8.62E+05	-3.23E+05	8.62E+05	8.62E+05	4.87E+04	-3.23E+05	-3.23E+05	8.62E+05	high-bse
gtfA_2~~~gtfA_1~~~gtfA	4.10E-01	2.58E-44	1.00E+00	5.87E+08	9.92E+00	-5.87E+08	5.87E+08	5.87E+08	5.87E+08	5.87E+08	5.87E+08	5.87E+08	5.87E+08	-6.87E-01	5.87E+08	-1.01E+00	5.87E+08	5.87E+08	5.87E+08	5.87E+08	5.87E+08	-2.70E+09	-3.18E+09	-2.93E+09	8.62E+05	8.62E+05	8.62E+05	-3.23E+05	8.62E+05	-3.23E+05	8.62E+05	-3.23E+05	8.62E+05	-3.23E+05	8.62E+05	8.62E+05	4.87E+04	-3.23E+05	-3.23E+05	8.62E+05	high-bse
group_1622	4.10E-01	2.58E-44	1.00E+00	5.87E+08	9.92E+00	-5.87E+08	5.87E+08	5.87E+08	5.87E+08	5.87E+08	5.87E+08	5.87E+08	5.87E+08	-6.87E-01	5.87E+08	-1.01E+00	5.87E+08	5.87E+08	5.87E+08	5.87E+08	5.87E+08	-2.70E+09	-3.18E+09	-2.93E+09	8.62E+05	8.62E+05	8.62E+05	-3.23E+05	8.62E+05	-3.23E+05	8.62E+05	-3.23E+05	8.62E+05	-3.23E+05	8.62E+05	8.62E+05	4.87E+04	-3.23E+05	-3.23E+05	8.62E+05	high-bse
group_1489	4.10E-01	2.58E-44	1.00E+00	5.87E+08	9.92E+00	-5.87E+08	5.87E+08	5.87E+08	5.87E+08	5.87E+08	5.87E+08	5.87E+08	5.87E+08	-6.87E-01	5.87E+08	-1.01E+00	5.87E+08	5.87E+08	5.87E+08	5.87E+08	5.87E+08	-2.70E+09	-3.18E+09	-2.93E+09	8.62E+05	8.62E+05	8.62E+05	-3.23E+05	8.62E+05	-3.23E+05	8.62E+05	-3.23E+05	8.62E+05	-3.23E+05	8.62E+05	8.62E+05	4.87E+04	-3.23E+05	-3.23E+05	8.62E+05	high-bse
secY_1~~~secY2	4.09E-01	1.02E-44	2.96E-01	2.57E+00	9.91E+00	-1.10E+00	1.06E+00	1.51E+00	1.44E+00	6.30E-01	2.90E-01	-1.66E-01	-2.74E-01	-6.91E-01	1.67E+00	-1.02E+00	-5.11E-01	2.56E+00	1.10E+00	-1.10E+00	1.61E+00	-5.11E-01	-5.11E-01	-5.11E-01	2.55E-13	2.55E-13	2.54E-13	2.20E+00	2.55E-13	2.20E+00	2.55E-13	2.20E+00	2.54E-13	2.20E+00	2.55E-13	2.54E-13	-3.70E-01	2.20E+00	2.20E+00	2.55E-13	high-bse
asp2_2~~~asp2_1~~~asp2	4.09E-01	1.02E-44	2.96E-01	2.57E+00	9.91E+00	-1.10E+00	1.06E+00	1.51E+00	1.44E+00	6.30E-01	2.90E-01	-1.66E-01	-2.74E-01	-6.91E-01	1.67E+00	-1.02E+00	-5.11E-01	2.56E+00	1.10E+00	-1.10E+00	1.61E+00	-5.11E-01	-5.11E-01	-5.11E-01	2.55E-13	2.55E-13	2.54E-13	2.20E+00	2.55E-13	2.20E+00	2.55E-13	2.20E+00	2.54E-13	2.20E+00	2.55E-13	2.54E-13	-3.70E-01	2.20E+00	2.20E+00	2.55E-13	high-bse
asp1~~~asp1_1~~~asp1_2	4.09E-01	1.02E-44	2.96E-01	2.57E+00	9.91E+00	-1.10E+00	1.06E+00	1.51E+00	1.44E+00	6.30E-01	2.90E-01	-1.66E-01	-2.74E-01	-6.91E-01	1.67E+00	-1.02E+00	-5.11E-01	2.56E+00	1.10E+00	-1.10E+00	1.61E+00	-5.11E-01	-5.11E-01	-5.11E-01	2.55E-13	2.55E-13	2.54E-13	2.20E+00	2.55E-13	2.20E+00	2.55E-13	2.20E+00	2.54E-13	2.20E+00	2.55E-13	2.54E-13	-3.70E-01	2.20E+00	2.20E+00	2.55E-13	high-bse
fap1	4.09E-01	1.02E-44	2.96E-01	2.57E+00	9.91E+00	-1.10E+00	1.06E+00	1.51E+00	1.44E+00	6.30E-01	2.90E-01	-1.66E-01	-2.74E-01	-6.91E-01	1.67E+00	-1.02E+00	-5.11E-01	2.56E+00	1.10E+00	-1.10E+00	1.61E+00	-5.11E-01	-5.11E-01	-5.11E-01	2.55E-13	2.55E-13	2.54E-13	2.20E+00	2.55E-13	2.20E+00	2.55E-13	2.20E+00	2.54E-13	2.20E+00	2.55E-13	2.54E-13	-3.70E-01	2.20E+00	2.20E+00	2.55E-13	high-bse
group_1838	4.07E-01	7.12E-16	1.00E+00	1.07E+00	1.19E+01	1.46E+00	-2.56E+00	-2.12E+00	-1.11E+00	-1.93E+00	-2.27E+00	-3.79E+00	-3.90E+00	-1.75E+00	-1.96E+00	-1.01E+00	-3.07E+00	-1.06E+00	-1.46E+00	-4.73E+00	-9.49E-01	-3.07E+00	-3.07E+00	-3.07E+00	-2.56E+00	-2.56E+00	-2.56E+00	-3.62E-01	-2.56E+00	-3.62E-01	-2.56E+00	-3.62E-01	-3.63E+00	-3.62E-01	-3.63E+00	-2.56E+00	-3.62E-01	-1.43E+00	-3.62E-01	-3.63E+00	high-bse
group_2766	4.06E-01	9.21E-44	7.59E-01	3.68E-01	1.16E+00	1.10E+00	-1.13E+00	-6.88E-01	-7.49E-01	-1.57E+00	-1.92E+00	-2.38E+00	-2.51E+00	-6.55E-01	-4.92E-01	-9.56E-01	-3.04E+00	6.93E-01	-1.10E+00	-1.54E+01	-4.05E-01	-1.46E+02	-1.46E+02	-1.46E+02	-1.59E+01	-1.59E+01	-1.59E+01	1.72E+01	-1.59E+01	1.72E+01	-1.59E+01	1.72E+01	-1.59E+01	1.72E+01	-1.59E+01	-1.59E+01	1.72E+01	1.72E+01	1.72E+01	-1.59E+01	
group_2520	4.06E-01	9.21E-44	7.59E-01	3.68E-01	1.16E+00	1.10E+00	-1.13E+00	-6.88E-01	-7.49E-01	-1.57E+00	-1.92E+00	-2.38E+00	-2.51E+00	-6.55E-01	-4.92E-01	-9.56E-01	-3.04E+00	6.93E-01	-1.10E+00	-1.54E+01	-4.05E-01	-1.46E+02	-1.46E+02	-1.46E+02	-1.59E+01	-1.59E+01	-1.59E+01	1.72E+01	-1.59E+01	1.72E+01	-1.59E+01	1.72E+01	-1.59E+01	1.72E+01	-1.59E+01	-1.59E+01	1.72E+01	1.72E+01	1.72E+01	-1.59E+01	
group_2116	4.06E-01	9.21E-44	7.59E-01	3.68E-01	1.16E+00	1.10E+00	-1.13E+00	-6.88E-01	-7.49E-01	-1.57E+00	-1.92E+00	-2.38E+00	-2.51E+00	-6.55E-01	-4.92E-01	-9.56E-01	-3.04E+00	6.93E-01	-1.10E+00	-1.54E+01	-4.05E-01	-1.46E+02	-1.46E+02	-1.46E+02	-1.59E+01	-1.59E+01	-1.59E+01	1.72E+01	-1.59E+01	1.72E+01	-1.59E+01	1.72E+01	-1.59E+01	1.72E+01	-1.59E+01	-1.59E+01	1.72E+01	1.72E+01	1.72E+01	-1.59E+01	
group_1962	4.06E-01	9.21E-44	7.59E-01	3.68E-01	1.16E+00	1.10E+00	-1.13E+00	-6.88E-01	-7.49E-01	-1.57E+00	-1.92E+00	-2.38E+00	-2.51E+00	-6.55E-01	-4.92E-01	-9.56E-01	-3.04E+00	6.93E-01	-1.10E+00	-1.54E+01	-4.05E-01	-1.46E+02	-1.46E+02	-1.46E+02	-1.59E+01	-1.59E+01	-1.59E+01	1.72E+01	-1.59E+01	1.72E+01	-1.59E+01	1.72E+01	-1.59E+01	1.72E+01	-1.59E+01	-1.59E+01	1.72E+01	1.72E+01	1.72E+01	-1.59E+01	
group_2037	4.03E-01	2.39E-42	4.40E-01	-7.43E-01	1.06E+00	2.20E+00	-2.23E+00	-1.79E+00	-1.85E+00	-2.67E+00	-3.02E+00	-3.48E+00	-3.61E+00	-6.43E-01	-1.59E+00	-9.43E-01	-4.14E+00	-4.05E-01	-2.20E+00	-1.66E+01	-1.50E+00	-1.47E+02	-1.47E+02	-1.47E+02	-2.17E+01	-2.17E+01	-2.17E+01	1.60E+01	-2.17E+01	1.60E+01	-2.17E+01	1.60E+01	-2.17E+01	1.60E+01	-2.17E+01	-2.17E+01	1.60E+01	1.60E+01	1.60E+01	-2.17E+01	
essC_1~~~carB_3~~~carB_1~~~essC~~~carB_2~~~essC_2	4.00E-01	2.74E-17	3.93E-01	-1.13E-01	1.18E+01	1.46E+00	-1.38E+00	-9.41E-01	-1.11E+00	-1.93E+00	-2.26E+00	-2.61E+00	-2.72E+00	-6.82E-01	-7.77E-01	-1.01E+00	-3.07E+00	1.19E-01	-1.35E+00	-3.66E+00	-8.37E-01	-3.07E+00	-2.99E+00	-2.96E+00	-2.45E+00	-2.56E+00	-2.45E+00	-3.61E-01	-2.56E+00	-3.61E-01	-2.56E+00	-2.49E-01	-2.56E+00	-3.61E-01	-2.56E+00	-2.45E+00	-3.61E-01	-2.49E-01	-3.61E-01	-2.56E+00	matrix-inversion-error
group_2384	3.99E-01	1.92E-42	4.86E-01	7.76E-01	1.17E+00	6.88E-01	-7.23E-01	-2.77E-01	-3.65E-01	-1.16E+00	-1.51E+00	-1.97E+00	-2.10E+00	1.23E-01	-8.16E-02	-9.53E-01	-2.63E+00	1.10E+00	-1.46E+00	-1.49E+01	5.40E-03	-1.45E+02	-1.45E+02	-1.45E+02	-1.72E+01	-1.72E+01	-1.72E+01	1.76E+01	-1.79E+01	1.76E+01	-1.72E+01	1.68E+01	-1.79E+01	1.76E+01	-1.72E+01	-1.72E+01	1.76E+01	1.76E+01	1.76E+01	-1.72E+01	
group_2055	3.99E-01	1.92E-42	4.86E-01	7.76E-01	1.17E+00	6.88E-01	-7.23E-01	-2.77E-01	-3.65E-01	-1.16E+00	-1.51E+00	-1.97E+00	-2.10E+00	1.23E-01	-8.16E-02	-9.53E-01	-2.63E+00	1.10E+00	-1.46E+00	-1.49E+01	5.40E-03	-1.45E+02	-1.45E+02	-1.45E+02	-1.72E+01	-1.72E+01	-1.72E+01	1.76E+01	-1.79E+01	1.76E+01	-1.72E+01	1.68E+01	-1.79E+01	1.76E+01	-1.72E+01	-1.72E+01	1.76E+01	1.76E+01	1.76E+01	-1.72E+01	
group_1920	3.99E-01	1.92E-42	4.86E-01	7.76E-01	1.17E+00	6.88E-01	-7.23E-01	-2.77E-01	-3.65E-01	-1.16E+00	-1.51E+00	-1.97E+00	-2.10E+00	1.23E-01	-8.16E-02	-9.53E-01	-2.63E+00	1.10E+00	-1.46E+00	-1.49E+01	5.40E-03	-1.45E+02	-1.45E+02	-1.45E+02	-1.72E+01	-1.72E+01	-1.72E+01	1.76E+01	-1.79E+01	1.76E+01	-1.72E+01	1.68E+01	-1.79E+01	1.76E+01	-1.72E+01	-1.72E+01	1.76E+01	1.76E+01	1.76E+01	-1.72E+01	
group_1737	3.99E-01	1.92E-42	4.86E-01	7.76E-01	1.17E+00	6.88E-01	-7.23E-01	-2.77E-01	-3.65E-01	-1.16E+00	-1.51E+00	-1.97E+00	-2.10E+00	1.23E-01	-8.16E-02	-9.53E-01	-2.63E+00	1.10E+00	-1.46E+00	-1.49E+01	5.40E-03	-1.45E+02	-1.45E+02	-1.45E+02	-1.72E+01	-1.72E+01	-1.72E+01	1.76E+01	-1.79E+01	1.76E+01	-1.72E+01	1.68E+01	-1.79E+01	1.76E+01	-1.72E+01	-1.72E+01	1.76E+01	1.76E+01	1.76E+01	-1.72E+01	
group_1722	3.99E-01	1.92E-42	4.86E-01	7.76E-01	1.17E+00	6.88E-01	-7.23E-01	-2.77E-01	-3.65E-01	-1.16E+00	-1.51E+00	-1.97E+00	-2.10E+00	1.23E-01	-8.16E-02	-9.53E-01	-2.63E+00	1.10E+00	-1.46E+00	-1.49E+01	5.40E-03	-1.45E+02	-1.45E+02	-1.45E+02	-1.72E+01	-1.72E+01	-1.72E+01	1.76E+01	-1.79E+01	1.76E+01	-1.72E+01	1.68E+01	-1.79E+01	1.76E+01	-1.72E+01	-1.72E+01	1.76E+01	1.76E+01	1.76E+01	-1.72E+01	
group_281	3.99E-01	1.92E-42	4.86E-01	7.76E-01	1.17E+00	6.88E-01	-7.23E-01	-2.77E-01	-3.65E-01	-1.16E+00	-1.51E+00	-1.97E+00	-2.10E+00	1.23E-01	-8.16E-02	-9.53E-01	-2.63E+00	1.10E+00	-1.46E+00	-1.49E+01	5.40E-03	-1.45E+02	-1.45E+02	-1.45E+02	-1.72E+01	-1.72E+01	-1.72E+01	1.76E+01	-1.79E+01	1.76E+01	-1.72E+01	1.68E+01	-1.79E+01	1.76E+01	-1.72E+01	-1.72E+01	1.76E+01	1.76E+01	1.76E+01	-1.72E+01	
xerC_4~~~xerC_3~~~xerC_6	3.96E-01	3.85E-19	2.18E-02	1.11E+00	5.21E-01	1.46E+00	-2.56E+00	-1.05E+00	-2.22E+00	-2.95E+00	-3.39E+00	-2.75E+00	-3.97E+00	-6.53E-01	-1.96E+00	-9.53E-01	-3.41E+00	3.28E-01	-1.46E+00	-1.60E+01	-1.88E+00	-1.47E+02	-1.47E+02	-1.46E+02	-1.79E+01	-1.79E+01	-1.79E+01	1.68E+01	-2.09E+01	1.57E+01	-2.09E+01	1.68E+01	-1.79E+01	1.68E+01	-1.79E+01	-1.79E+01	1.68E+01	1.57E+01	1.57E+01	-1.79E+01	
group_2222	3.96E-01	3.85E-19	2.18E-02	1.11E+00	5.21E-01	1.46E+00	-2.56E+00	-1.05E+00	-2.22E+00	-2.95E+00	-3.39E+00	-2.75E+00	-3.97E+00	-6.53E-01	-1.96E+00	-9.53E-01	-3.41E+00	3.28E-01	-1.46E+00	-1.60E+01	-1.88E+00	-1.47E+02	-1.47E+02	-1.46E+02	-1.79E+01	-1.79E+01	-1.79E+01	1.68E+01	-2.09E+01	1.57E+01	-2.09E+01	1.68E+01	-1.79E+01	1.68E+01	-1.79E+01	-1.79E+01	1.68E+01	1.57E+01	1.57E+01	-1.79E+01	
group_2187	3.96E-01	3.85E-19	2.18E-02	1.11E+00	5.21E-01	1.46E+00	-2.56E+00	-1.05E+00	-2.22E+00	-2.95E+00	-3.39E+00	-2.75E+00	-3.97E+00	-6.53E-01	-1.96E+00	-9.53E-01	-3.41E+00	3.28E-01	-1.46E+00	-1.60E+01	-1.88E+00	-1.47E+02	-1.47E+02	-1.46E+02	-1.79E+01	-1.79E+01	-1.79E+01	1.68E+01	-2.09E+01	1.57E+01	-2.09E+01	1.68E+01	-1.79E+01	1.68E+01	-1.79E+01	-1.79E+01	1.68E+01	1.57E+01	1.57E+01	-1.79E+01	
group_2093	3.96E-01	3.85E-19	2.18E-02	1.11E+00	5.21E-01	1.46E+00	-2.56E+00	-1.05E+00	-2.22E+00	-2.95E+00	-3.39E+00	-2.75E+00	-3.97E+00	-6.53E-01	-1.96E+00	-9.53E-01	-3.41E+00	3.28E-01	-1.46E+00	-1.60E+01	-1.88E+00	-1.47E+02	-1.47E+02	-1.46E+02	-1.79E+01	-1.79E+01	-1.79E+01	1.68E+01	-2.09E+01	1.57E+01	-2.09E+01	1.68E+01	-1.79E+01	1.68E+01	-1.79E+01	-1.79E+01	1.68E+01	1.57E+01	1.57E+01	-1.79E+01	
group_2088	3.96E-01	3.85E-19	2.18E-02	1.11E+00	5.21E-01	1.46E+00	-2.56E+00	-1.05E+00	-2.22E+00	-2.95E+00	-3.39E+00	-2.75E+00	-3.97E+00	-6.53E-01	-1.96E+00	-9.53E-01	-3.41E+00	3.28E-01	-1.46E+00	-1.60E+01	-1.88E+00	-1.47E+02	-1.47E+02	-1.46E+02	-1.79E+01	-1.79E+01	-1.79E+01	1.68E+01	-2.09E+01	1.57E+01	-2.09E+01	1.68E+01	-1.79E+01	1.68E+01	-1.79E+01	-1.79E+01	1.68E+01	1.57E+01	1.57E+01	-1.79E+01	
group_2087	3.96E-01	3.85E-19	2.18E-02	1.11E+00	5.21E-01	1.46E+00	-2.56E+00	-1.05E+00	-2.22E+00	-2.95E+00	-3.39E+00	-2.75E+00	-3.97E+00	-6.53E-01	-1.96E+00	-9.53E-01	-3.41E+00	3.28E-01	-1.46E+00	-1.60E+01	-1.88E+00	-1.47E+02	-1.47E+02	-1.46E+02	-1.79E+01	-1.79E+01	-1.79E+01	1.68E+01	-2.09E+01	1.57E+01	-2.09E+01	1.68E+01	-1.79E+01	1.68E+01	-1.79E+01	-1.79E+01	1.68E+01	1.57E+01	1.57E+01	-1.79E+01	
group_2045	3.96E-01	3.85E-19	2.18E-02	1.11E+00	5.21E-01	1.46E+00	-2.56E+00	-1.05E+00	-2.22E+00	-2.95E+00	-3.39E+00	-2.75E+00	-3.97E+00	-6.53E-01	-1.96E+00	-9.53E-01	-3.41E+00	3.28E-01	-1.46E+00	-1.60E+01	-1.88E+00	-1.47E+02	-1.47E+02	-1.46E+02	-1.79E+01	-1.79E+01	-1.79E+01	1.68E+01	-2.09E+01	1.57E+01	-2.09E+01	1.68E+01	-1.79E+01	1.68E+01	-1.79E+01	-1.79E+01	1.68E+01	1.57E+01	1.57E+01	-1.79E+01	
group_1319	3.96E-01	3.85E-19	2.18E-02	1.11E+00	5.21E-01	1.46E+00	-2.56E+00	-1.05E+00	-2.22E+00	-2.95E+00	-3.39E+00	-2.75E+00	-3.97E+00	-6.53E-01	-1.96E+00	-9.53E-01	-3.41E+00	3.28E-01	-1.46E+00	-1.60E+01	-1.88E+00	-1.47E+02	-1.47E+02	-1.46E+02	-1.79E+01	-1.79E+01	-1.79E+01	1.68E+01	-2.09E+01	1.57E+01	-2.09E+01	1.68E+01	-1.79E+01	1.68E+01	-1.79E+01	-1.79E+01	1.68E+01	1.57E+01	1.57E+01	-1.79E+01	
group_1295	3.96E-01	3.85E-19	2.18E-02	1.11E+00	5.21E-01	1.46E+00	-2.56E+00	-1.05E+00	-2.22E+00	-2.95E+00	-3.39E+00	-2.75E+00	-3.97E+00	-6.53E-01	-1.96E+00	-9.53E-01	-3.41E+00	3.28E-01	-1.46E+00	-1.60E+01	-1.88E+00	-1.47E+02	-1.47E+02	-1.46E+02	-1.79E+01	-1.79E+01	-1.79E+01	1.68E+01	-2.09E+01	1.57E+01	-2.09E+01	1.68E+01	-1.79E+01	1.68E+01	-1.79E+01	-1.79E+01	1.68E+01	1.57E+01	1.57E+01	-1.79E+01	
group_1937	3.95E-01	6.65E-19	1.85E-02	1.13E+00	5.18E-01	1.46E+00	-2.58E+00	-1.05E+00	-2.24E+00	-2.97E+00	-3.41E+00	-2.75E+00	-3.97E+00	-6.53E-01	-1.98E+00	-9.53E-01	-3.41E+00	3.28E-01	-1.46E+00	-1.60E+01	-1.90E+00	-1.47E+02	-1.47E+02	-1.46E+02	-1.79E+01	-1.79E+01	-1.79E+01	1.68E+01	-2.10E+01	1.57E+01	-2.10E+01	1.68E+01	-1.79E+01	1.68E+01	-1.79E+01	-1.79E+01	1.68E+01	1.57E+01	1.57E+01	-1.79E+01	
group_2197	3.90E-01	1.15E-16	1.00E+00	1.52E+00	1.17E+01	1.46E+00	-3.02E+00	-2.56E+00	-1.11E+00	-1.93E+00	-2.27E+00	-4.25E+00	-4.36E+00	-6.82E-01	-2.41E+00	-1.01E+00	-3.07E+00	-1.52E+00	-1.46E+00	-3.66E+00	-2.47E+00	-3.07E+00	-3.07E+00	-4.59E+00	-4.08E+00	-2.56E+00	-4.08E+00	-3.62E-01	-2.56E+00	-3.62E-01	-2.56E+00	-3.62E-01	-2.56E+00	-3.62E-01	-2.56E+00	-4.08E+00	-3.62E-01	-3.62E-01	-3.62E-01	-2.56E+00	high-bse
pknD_1	3.89E-01	2.95E-41	8.41E-01	-2.48E-01	1.26E+00	1.71E+00	-1.75E+00	-1.30E+00	-1.36E+00	-2.18E+00	-2.53E+00	-2.99E+00	-3.12E+00	-9.00E-01	-1.10E+00	-1.20E+00	-3.66E+00	8.08E-02	-1.71E+00	-1.60E+01	-1.02E+00	-1.47E+02	-1.47E+02	-1.47E+02	-1.96E+01	-1.96E+01	-1.96E+01	1.65E+01	-1.96E+01	1.65E+01	-1.96E+01	1.65E+01	-1.96E+01	1.65E+01	-1.96E+01	-1.96E+01	1.68E+01	1.65E+01	1.65E+01	-1.96E+01	
group_1864	3.89E-01	2.95E-41	8.41E-01	-2.48E-01	1.26E+00	1.71E+00	-1.75E+00	-1.30E+00	-1.36E+00	-2.18E+00	-2.53E+00	-2.99E+00	-3.12E+00	-9.00E-01	-1.10E+00	-1.20E+00	-3.66E+00	8.08E-02	-1.71E+00	-1.60E+01	-1.02E+00	-1.47E+02	-1.47E+02	-1.47E+02	-1.96E+01	-1.96E+01	-1.96E+01	1.65E+01	-1.96E+01	1.65E+01	-1.96E+01	1.65E+01	-1.96E+01	1.65E+01	-1.96E+01	-1.96E+01	1.68E+01	1.65E+01	1.65E+01	-1.96E+01	
group_159	3.89E-01	2.95E-41	8.41E-01	-2.48E-01	1.26E+00	1.71E+00	-1.75E+00	-1.30E+00	-1.36E+00	-2.18E+00	-2.53E+00	-2.99E+00	-3.12E+00	-9.00E-01	-1.10E+00	-1.20E+00	-3.66E+00	8.08E-02	-1.71E+00	-1.60E+01	-1.02E+00	-1.47E+02	-1.47E+02	-1.47E+02	-1.96E+01	-1.96E+01	-1.96E+01	1.65E+01	-1.96E+01	1.65E+01	-1.96E+01	1.65E+01	-1.96E+01	1.65E+01	-1.96E+01	-1.96E+01	1.68E+01	1.65E+01	1.65E+01	-1.96E+01	
group_2586	3.88E-01	4.99E-41	6.92E-01	-4.59E-01	1.20E+00	1.92E+00	-1.96E+00	-1.51E+00	-1.57E+00	-2.39E+00	-2.74E+00	-3.20E+00	-3.33E+00	-1.11E+00	-1.31E+00	-1.41E+00	-3.87E+00	-1.28E-01	-1.92E+00	-1.60E+01	-1.23E+00	-1.47E+02	-1.47E+02	-1.47E+02	-2.03E+01	-2.03E+01	-2.03E+01	1.63E+01	-2.03E+01	1.63E+01	-2.03E+01	1.63E+01	-2.03E+01	1.63E+01	-2.03E+01	-2.03E+01	1.68E+01	1.63E+01	1.63E+01	-2.03E+01	
group_2302	3.88E-01	4.99E-41	6.92E-01	-4.59E-01	1.20E+00	1.92E+00	-1.96E+00	-1.51E+00	-1.57E+00	-2.39E+00	-2.74E+00	-3.20E+00	-3.33E+00	-1.11E+00	-1.31E+00	-1.41E+00	-3.87E+00	-1.28E-01	-1.92E+00	-1.60E+01	-1.23E+00	-1.47E+02	-1.47E+02	-1.47E+02	-2.03E+01	-2.03E+01	-2.03E+01	1.63E+01	-2.03E+01	1.63E+01	-2.03E+01	1.63E+01	-2.03E+01	1.63E+01	-2.03E+01	-2.03E+01	1.68E+01	1.63E+01	1.63E+01	-2.03E+01	
xerC_4~~~xerC_3~~~xerC_5	3.88E-01	4.99E-41	6.92E-01	-4.59E-01	1.20E+00	1.92E+00	-1.96E+00	-1.51E+00	-1.57E+00	-2.39E+00	-2.74E+00	-3.20E+00	-3.33E+00	-1.11E+00	-1.31E+00	-1.41E+00	-3.87E+00	-1.28E-01	-1.92E+00	-1.60E+01	-1.23E+00	-1.47E+02	-1.47E+02	-1.47E+02	-2.03E+01	-2.03E+01	-2.03E+01	1.63E+01	-2.03E+01	1.63E+01	-2.03E+01	1.63E+01	-2.03E+01	1.63E+01	-2.03E+01	-2.03E+01	1.68E+01	1.63E+01	1.63E+01	-2.03E+01	
group_1668	3.88E-01	4.99E-41	6.92E-01	-4.59E-01	1.20E+00	1.92E+00	-1.96E+00	-1.51E+00	-1.57E+00	-2.39E+00	-2.74E+00	-3.20E+00	-3.33E+00	-1.11E+00	-1.31E+00	-1.41E+00	-3.87E+00	-1.28E-01	-1.92E+00	-1.60E+01	-1.23E+00	-1.47E+02	-1.47E+02	-1.47E+02	-2.03E+01	-2.03E+01	-2.03E+01	1.63E+01	-2.03E+01	1.63E+01	-2.03E+01	1.63E+01	-2.03E+01	1.63E+01	-2.03E+01	-2.03E+01	1.68E+01	1.63E+01	1.63E+01	-2.03E+01	
group_1549	3.88E-01	4.99E-41	6.92E-01	-4.59E-01	1.20E+00	1.92E+00	-1.96E+00	-1.51E+00	-1.57E+00	-2.39E+00	-2.74E+00	-3.20E+00	-3.33E+00	-1.11E+00	-1.31E+00	-1.41E+00	-3.87E+00	-1.28E-01	-1.92E+00	-1.60E+01	-1.23E+00	-1.47E+02	-1.47E+02	-1.47E+02	-2.03E+01	-2.03E+01	-2.03E+01	1.63E+01	-2.03E+01	1.63E+01	-2.03E+01	1.63E+01	-2.03E+01	1.63E+01	-2.03E+01	-2.03E+01	1.68E+01	1.63E+01	1.63E+01	-2.03E+01	
group_347	3.88E-01	4.99E-41	6.92E-01	-4.59E-01	1.20E+00	1.92E+00	-1.96E+00	-1.51E+00	-1.57E+00	-2.39E+00	-2.74E+00	-3.20E+00	-3.33E+00	-1.11E+00	-1.31E+00	-1.41E+00	-3.87E+00	-1.28E-01	-1.92E+00	-1.60E+01	-1.23E+00	-1.47E+02	-1.47E+02	-1.47E+02	-2.03E+01	-2.03E+01	-2.03E+01	1.63E+01	-2.03E+01	1.63E+01	-2.03E+01	1.63E+01	-2.03E+01	1.63E+01	-2.03E+01	-2.03E+01	1.68E+01	1.63E+01	1.63E+01	-2.03E+01	
group_2861	3.87E-01	4.28E-43	1.00E+00	-5.37E+05	9.56E+00	5.37E+05	-5.37E+05	-5.37E+05	-5.37E+05	-5.37E+05	-5.37E+05	-5.37E+05	-5.37E+05	-5.37E+05	-5.37E+05	-5.37E+05	-5.37E+05	-5.37E+05	-5.37E+05	-5.37E+05	-5.37E+05	-5.37E+05	-5.37E+05	-5.37E+05	8.89E+05	8.89E+05	8.89E+05	3.93E+05	8.89E+05	3.93E+05	8.89E+05	3.93E+05	8.89E+05	3.93E+05	8.89E+05	8.89E+05	3.93E+05	3.93E+05	3.93E+05	8.89E+05	high-bse
group_2852	3.87E-01	4.28E-43	1.00E+00	-5.37E+05	9.56E+00	5.37E+05	-5.37E+05	-5.37E+05	-5.37E+05	-5.37E+05	-5.37E+05	-5.37E+05	-5.37E+05	-5.37E+05	-5.37E+05	-5.37E+05	-5.37E+05	-5.37E+05	-5.37E+05	-5.37E+05	-5.37E+05	-5.37E+05	-5.37E+05	-5.37E+05	8.89E+05	8.89E+05	8.89E+05	3.93E+05	8.89E+05	3.93E+05	8.89E+05	3.93E+05	8.89E+05	3.93E+05	8.89E+05	8.89E+05	3.93E+05	3.93E+05	3.93E+05	8.89E+05	high-bse
group_2791	3.84E-01	1.15E-05	6.04E-01	1.03E-01	1.99E-01	1.41E+00	-1.54E+00	-9.99E-01	-1.06E+00	-1.88E+00	-2.23E+00	-2.69E+00	-2.82E+00	-5.99E-01	-8.04E-01	-8.99E-01	-3.36E+00	3.82E-01	-1.41E+00	-1.60E+01	-7.17E-01	-1.46E+02	-1.46E+02	-1.46E+02	-1.76E+01	-1.81E+01	-1.76E+01	1.69E+01	-1.76E+01	1.69E+01	-1.76E+01	1.69E+01	-1.76E+01	1.69E+01	-1.76E+01	-1.81E+01	1.69E+01	1.68E+01	1.69E+01	-1.76E+01	
group_2552	3.84E-01	1.15E-05	6.04E-01	1.03E-01	1.99E-01	1.41E+00	-1.54E+00	-9.99E-01	-1.06E+00	-1.88E+00	-2.23E+00	-2.69E+00	-2.82E+00	-5.99E-01	-8.04E-01	-8.99E-01	-3.36E+00	3.82E-01	-1.41E+00	-1.60E+01	-7.17E-01	-1.46E+02	-1.46E+02	-1.46E+02	-1.76E+01	-1.81E+01	-1.76E+01	1.69E+01	-1.76E+01	1.69E+01	-1.76E+01	1.69E+01	-1.76E+01	1.69E+01	-1.76E+01	-1.81E+01	1.69E+01	1.68E+01	1.69E+01	-1.76E+01	
group_2527	3.84E-01	1.15E-05	6.04E-01	1.03E-01	1.99E-01	1.41E+00	-1.54E+00	-9.99E-01	-1.06E+00	-1.88E+00	-2.23E+00	-2.69E+00	-2.82E+00	-5.99E-01	-8.04E-01	-8.99E-01	-3.36E+00	3.82E-01	-1.41E+00	-1.60E+01	-7.17E-01	-1.46E+02	-1.46E+02	-1.46E+02	-1.76E+01	-1.81E+01	-1.76E+01	1.69E+01	-1.76E+01	1.69E+01	-1.76E+01	1.69E+01	-1.76E+01	1.69E+01	-1.76E+01	-1.81E+01	1.69E+01	1.68E+01	1.69E+01	-1.76E+01	
group_2391	3.84E-01	1.15E-05	6.04E-01	1.03E-01	1.99E-01	1.41E+00	-1.54E+00	-9.99E-01	-1.06E+00	-1.88E+00	-2.23E+00	-2.69E+00	-2.82E+00	-5.99E-01	-8.04E-01	-8.99E-01	-3.36E+00	3.82E-01	-1.41E+00	-1.60E+01	-7.17E-01	-1.46E+02	-1.46E+02	-1.46E+02	-1.76E+01	-1.81E+01	-1.76E+01	1.69E+01	-1.76E+01	1.69E+01	-1.76E+01	1.69E+01	-1.76E+01	1.69E+01	-1.76E+01	-1.81E+01	1.69E+01	1.68E+01	1.69E+01	-1.76E+01	
group_2390	3.84E-01	1.15E-05	6.04E-01	1.03E-01	1.99E-01	1.41E+00	-1.54E+00	-9.99E-01	-1.06E+00	-1.88E+00	-2.23E+00	-2.69E+00	-2.82E+00	-5.99E-01	-8.04E-01	-8.99E-01	-3.36E+00	3.82E-01	-1.41E+00	-1.60E+01	-7.17E-01	-1.46E+02	-1.46E+02	-1.46E+02	-1.76E+01	-1.81E+01	-1.76E+01	1.69E+01	-1.76E+01	1.69E+01	-1.76E+01	1.69E+01	-1.76E+01	1.69E+01	-1.76E+01	-1.81E+01	1.69E+01	1.68E+01	1.69E+01	-1.76E+01	
group_2250	3.84E-01	1.15E-05	6.04E-01	1.03E-01	1.99E-01	1.41E+00	-1.54E+00	-9.99E-01	-1.06E+00	-1.88E+00	-2.23E+00	-2.69E+00	-2.82E+00	-5.99E-01	-8.04E-01	-8.99E-01	-3.36E+00	3.82E-01	-1.41E+00	-1.60E+01	-7.17E-01	-1.46E+02	-1.46E+02	-1.46E+02	-1.76E+01	-1.81E+01	-1.76E+01	1.69E+01	-1.76E+01	1.69E+01	-1.76E+01	1.69E+01	-1.76E+01	1.69E+01	-1.76E+01	-1.81E+01	1.69E+01	1.68E+01	1.69E+01	-1.76E+01	
xerC_2~~~xerC_1~~~intQ	3.84E-01	1.15E-05	6.04E-01	1.03E-01	1.99E-01	1.41E+00	-1.54E+00	-9.99E-01	-1.06E+00	-1.88E+00	-2.23E+00	-2.69E+00	-2.82E+00	-5.99E-01	-8.04E-01	-8.99E-01	-3.36E+00	3.82E-01	-1.41E+00	-1.60E+01	-7.17E-01	-1.46E+02	-1.46E+02	-1.46E+02	-1.76E+01	-1.81E+01	-1.76E+01	1.69E+01	-1.76E+01	1.69E+01	-1.76E+01	1.69E+01	-1.76E+01	1.69E+01	-1.76E+01	-1.81E+01	1.69E+01	1.68E+01	1.69E+01	-1.76E+01	
group_2054	3.84E-01	1.15E-05	6.04E-01	1.03E-01	1.99E-01	1.41E+00	-1.54E+00	-9.99E-01	-1.06E+00	-1.88E+00	-2.23E+00	-2.69E+00	-2.82E+00	-5.99E-01	-8.04E-01	-8.99E-01	-3.36E+00	3.82E-01	-1.41E+00	-1.60E+01	-7.17E-01	-1.46E+02	-1.46E+02	-1.46E+02	-1.76E+01	-1.81E+01	-1.76E+01	1.69E+01	-1.76E+01	1.69E+01	-1.76E+01	1.69E+01	-1.76E+01	1.69E+01	-1.76E+01	-1.81E+01	1.69E+01	1.68E+01	1.69E+01	-1.76E+01	
group_1919	3.84E-01	1.15E-05	6.04E-01	1.03E-01	1.99E-01	1.41E+00	-1.54E+00	-9.99E-01	-1.06E+00	-1.88E+00	-2.23E+00	-2.69E+00	-2.82E+00	-5.99E-01	-8.04E-01	-8.99E-01	-3.36E+00	3.82E-01	-1.41E+00	-1.60E+01	-7.17E-01	-1.46E+02	-1.46E+02	-1.46E+02	-1.76E+01	-1.81E+01	-1.76E+01	1.69E+01	-1.76E+01	1.69E+01	-1.76E+01	1.69E+01	-1.76E+01	1.69E+01	-1.76E+01	-1.81E+01	1.69E+01	1.68E+01	1.69E+01	-1.76E+01	
group_1776	3.84E-01	1.15E-05	6.04E-01	1.03E-01	1.99E-01	1.41E+00	-1.54E+00	-9.99E-01	-1.06E+00	-1.88E+00	-2.23E+00	-2.69E+00	-2.82E+00	-5.99E-01	-8.04E-01	-8.99E-01	-3.36E+00	3.82E-01	-1.41E+00	-1.60E+01	-7.17E-01	-1.46E+02	-1.46E+02	-1.46E+02	-1.76E+01	-1.81E+01	-1.76E+01	1.69E+01	-1.76E+01	1.69E+01	-1.76E+01	1.69E+01	-1.76E+01	1.69E+01	-1.76E+01	-1.81E+01	1.69E+01	1.68E+01	1.69E+01	-1.76E+01	
group_1674	3.84E-01	1.15E-05	6.04E-01	1.03E-01	1.99E-01	1.41E+00	-1.54E+00	-9.99E-01	-1.06E+00	-1.88E+00	-2.23E+00	-2.69E+00	-2.82E+00	-5.99E-01	-8.04E-01	-8.99E-01	-3.36E+00	3.82E-01	-1.41E+00	-1.60E+01	-7.17E-01	-1.46E+02	-1.46E+02	-1.46E+02	-1.76E+01	-1.81E+01	-1.76E+01	1.69E+01	-1.76E+01	1.69E+01	-1.76E+01	1.69E+01	-1.76E+01	1.69E+01	-1.76E+01	-1.81E+01	1.69E+01	1.68E+01	1.69E+01	-1.76E+01	
group_1579	3.84E-01	1.15E-05	6.04E-01	1.03E-01	1.99E-01	1.41E+00	-1.54E+00	-9.99E-01	-1.06E+00	-1.88E+00	-2.23E+00	-2.69E+00	-2.82E+00	-5.99E-01	-8.04E-01	-8.99E-01	-3.36E+00	3.82E-01	-1.41E+00	-1.60E+01	-7.17E-01	-1.46E+02	-1.46E+02	-1.46E+02	-1.76E+01	-1.81E+01	-1.76E+01	1.69E+01	-1.76E+01	1.69E+01	-1.76E+01	1.69E+01	-1.76E+01	1.69E+01	-1.76E+01	-1.81E+01	1.69E+01	1.68E+01	1.69E+01	-1.76E+01	
group_1486	3.84E-01	1.15E-05	6.04E-01	1.03E-01	1.99E-01	1.41E+00	-1.54E+00	-9.99E-01	-1.06E+00	-1.88E+00	-2.23E+00	-2.69E+00	-2.82E+00	-5.99E-01	-8.04E-01	-8.99E-01	-3.36E+00	3.82E-01	-1.41E+00	-1.60E+01	-7.17E-01	-1.46E+02	-1.46E+02	-1.46E+02	-1.76E+01	-1.81E+01	-1.76E+01	1.69E+01	-1.76E+01	1.69E+01	-1.76E+01	1.69E+01	-1.76E+01	1.69E+01	-1.76E+01	-1.81E+01	1.69E+01	1.68E+01	1.69E+01	-1.76E+01	
group_1306	3.84E-01	1.15E-05	6.04E-01	1.03E-01	1.99E-01	1.41E+00	-1.54E+00	-9.99E-01	-1.06E+00	-1.88E+00	-2.23E+00	-2.69E+00	-2.82E+00	-5.99E-01	-8.04E-01	-8.99E-01	-3.36E+00	3.82E-01	-1.41E+00	-1.60E+01	-7.17E-01	-1.46E+02	-1.46E+02	-1.46E+02	-1.76E+01	-1.81E+01	-1.76E+01	1.69E+01	-1.76E+01	1.69E+01	-1.76E+01	1.69E+01	-1.76E+01	1.69E+01	-1.76E+01	-1.81E+01	1.69E+01	1.68E+01	1.69E+01	-1.76E+01	
group_364	3.84E-01	1.15E-05	6.04E-01	1.03E-01	1.99E-01	1.41E+00	-1.54E+00	-9.99E-01	-1.06E+00	-1.88E+00	-2.23E+00	-2.69E+00	-2.82E+00	-5.99E-01	-8.04E-01	-8.99E-01	-3.36E+00	3.82E-01	-1.41E+00	-1.60E+01	-7.17E-01	-1.46E+02	-1.46E+02	-1.46E+02	-1.76E+01	-1.81E+01	-1.76E+01	1.69E+01	-1.76E+01	1.69E+01	-1.76E+01	1.69E+01	-1.76E+01	1.69E+01	-1.76E+01	-1.81E+01	1.69E+01	1.68E+01	1.69E+01	-1.76E+01	
group_314	3.84E-01	1.26E-15	3.77E-01	6.20E-01	7.21E-01	1.46E+00	-2.11E+00	-1.66E+00	-1.11E+00	-1.94E+00	-2.28E+00	-3.35E+00	-3.49E+00	-6.53E-01	-1.48E+00	-9.53E-01	-3.41E+00	-2.92E-01	-1.46E+00	-1.60E+01	-1.39E+00	-1.46E+02	-1.46E+02	-1.47E+02	-2.00E+01	-1.79E+01	-1.79E+01	1.68E+01	-1.79E+01	1.68E+01	-1.79E+01	1.68E+01	-1.79E+01	1.68E+01	-1.79E+01	-2.00E+01	1.68E+01	1.68E+01	1.68E+01	-1.79E+01	
group_252	3.84E-01	1.15E-05	6.04E-01	1.03E-01	1.99E-01	1.41E+00	-1.54E+00	-9.99E-01	-1.06E+00	-1.88E+00	-2.23E+00	-2.69E+00	-2.82E+00	-5.99E-01	-8.04E-01	-8.99E-01	-3.36E+00	3.82E-01	-1.41E+00	-1.60E+01	-7.17E-01	-1.46E+02	-1.46E+02	-1.46E+02	-1.76E+01	-1.81E+01	-1.76E+01	1.69E+01	-1.76E+01	1.69E+01	-1.76E+01	1.69E+01	-1.76E+01	1.69E+01	-1.76E+01	-1.81E+01	1.69E+01	1.68E+01	1.69E+01	-1.76E+01	
group_51	3.84E-01	1.15E-05	6.04E-01	1.03E-01	1.99E-01	1.41E+00	-1.54E+00	-9.99E-01	-1.06E+00	-1.88E+00	-2.23E+00	-2.69E+00	-2.82E+00	-5.99E-01	-8.04E-01	-8.99E-01	-3.36E+00	3.82E-01	-1.41E+00	-1.60E+01	-7.17E-01	-1.46E+02	-1.46E+02	-1.46E+02	-1.76E+01	-1.81E+01	-1.76E+01	1.69E+01	-1.76E+01	1.69E+01	-1.76E+01	1.69E+01	-1.76E+01	1.69E+01	-1.76E+01	-1.81E+01	1.69E+01	1.68E+01	1.69E+01	-1.76E+01	
group_2307	3.83E-01	1.39E-05	6.30E-01	9.57E-02	1.99E-01	1.41E+00	-1.54E+00	-1.00E+00	-1.06E+00	-1.89E+00	-2.23E+00	-2.70E+00	-2.83E+00	-6.03E-01	-8.08E-01	-9.03E-01	-3.36E+00	3.78E-01	-1.41E+00	-1.60E+01	-7.21E-01	-1.46E+02	-1.46E+02	-1.46E+02	-1.76E+01	-1.81E+01	-1.76E+01	1.69E+01	-1.76E+01	1.69E+01	-1.76E+01	1.69E+01	-1.76E+01	1.69E+01	-1.76E+01	-1.81E+01	1.69E+01	1.68E+01	1.69E+01	-1.76E+01	
group_1596	3.83E-01	1.39E-05	6.30E-01	9.57E-02	1.99E-01	1.41E+00	-1.54E+00	-1.00E+00	-1.06E+00	-1.89E+00	-2.23E+00	-2.70E+00	-2.83E+00	-6.03E-01	-8.08E-01	-9.03E-01	-3.36E+00	3.78E-01	-1.41E+00	-1.60E+01	-7.21E-01	-1.46E+02	-1.46E+02	-1.46E+02	-1.76E+01	-1.81E+01	-1.76E+01	1.69E+01	-1.76E+01	1.69E+01	-1.76E+01	1.69E+01	-1.76E+01	1.69E+01	-1.76E+01	-1.81E+01	1.69E+01	1.68E+01	1.69E+01	-1.76E+01	
group_278	3.83E-01	8.53E-06	5.39E-01	1.21E-01	1.98E-01	1.40E+00	-1.55E+00	-9.90E-01	-1.05E+00	-1.87E+00	-2.22E+00	-2.68E+00	-2.81E+00	-5.90E-01	-7.95E-01	-8.90E-01	-3.35E+00	3.91E-01	-1.40E+00	-1.60E+01	-7.08E-01	-1.46E+02	-1.46E+02	-1.46E+02	-1.76E+01	-1.81E+01	-1.76E+01	1.69E+01	-1.76E+01	1.69E+01	-1.76E+01	1.69E+01	-1.76E+01	1.69E+01	-1.76E+01	-1.81E+01	1.69E+01	1.67E+01	1.69E+01	-1.76E+01	
group_1072	3.78E-01	2.70E-09	8.15E-01	8.42E-02	3.61E-01	1.46E+00	-1.49E+00	-1.13E+00	-1.19E+00	-2.01E+00	-2.36E+00	-2.74E+00	-2.95E+00	-6.46E-01	-9.35E-01	-9.46E-01	-3.47E+00	2.50E-01	-1.54E+00	-1.60E+01	-8.48E-01	-1.46E+02	-1.46E+02	-1.46E+02	-1.82E+01	-1.82E+01	-1.82E+01	1.67E+01	-1.82E+01	1.67E+01	-1.82E+01	1.67E+01	-1.82E+01	1.67E+01	-1.78E+01	-1.82E+01	1.67E+01	1.68E+01	1.67E+01	-1.78E+01	
group_1057	3.78E-01	2.70E-09	8.15E-01	8.42E-02	3.61E-01	1.46E+00	-1.49E+00	-1.13E+00	-1.19E+00	-2.01E+00	-2.36E+00	-2.74E+00	-2.95E+00	-6.46E-01	-9.35E-01	-9.46E-01	-3.47E+00	2.50E-01	-1.54E+00	-1.60E+01	-8.48E-01	-1.46E+02	-1.46E+02	-1.46E+02	-1.82E+01	-1.82E+01	-1.82E+01	1.67E+01	-1.82E+01	1.67E+01	-1.82E+01	1.67E+01	-1.82E+01	1.67E+01	-1.78E+01	-1.82E+01	1.67E+01	1.68E+01	1.67E+01	-1.78E+01	
group_703	3.77E-01	1.44E-01	3.33E-01	-1.34E-01	1.38E-01	1.52E+00	-1.46E+00	-1.04E+00	-1.17E+00	-1.99E+00	-2.31E+00	-2.79E+00	-2.92E+00	-5.77E-01	-8.23E-01	-8.72E-01	-3.45E+00	2.76E-01	-1.45E+00	-1.60E+01	-6.90E-01	-1.46E+02	-1.46E+02	-1.46E+02	-1.81E+01	-1.81E+01	-1.76E+01	1.67E+01	-1.81E+01	1.67E+01	-1.76E+01	1.67E+01	-1.81E+01	1.67E+01	-1.76E+01	-1.81E+01	1.67E+01	1.69E+01	1.67E+01	-1.76E+01	
group_1039	3.75E-01	6.29E-09	9.20E-01	3.61E-02	3.59E-01	1.46E+00	-1.50E+00	-1.09E+00	-1.15E+00	-1.97E+00	-2.32E+00	-2.75E+00	-2.91E+00	-6.50E-01	-8.91E-01	-9.50E-01	-3.41E+00	2.95E-01	-1.50E+00	-1.60E+01	-8.04E-01	-1.46E+02	-1.46E+02	-1.46E+02	-1.81E+01	-1.81E+01	-1.81E+01	1.68E+01	-1.81E+01	1.68E+01	-1.81E+01	1.68E+01	-1.81E+01	1.68E+01	-1.79E+01	-1.81E+01	1.68E+01	1.68E+01	1.68E+01	-1.81E+01	
pre	3.75E-01	6.29E-09	9.20E-01	3.61E-02	3.59E-01	1.46E+00	-1.50E+00	-1.09E+00	-1.15E+00	-1.97E+00	-2.32E+00	-2.75E+00	-2.91E+00	-6.50E-01	-8.91E-01	-9.50E-01	-3.41E+00	2.95E-01	-1.50E+00	-1.60E+01	-8.04E-01	-1.46E+02	-1.46E+02	-1.46E+02	-1.81E+01	-1.81E+01	-1.81E+01	1.68E+01	-1.81E+01	1.68E+01	-1.81E+01	1.68E+01	-1.81E+01	1.68E+01	-1.79E+01	-1.81E+01	1.68E+01	1.68E+01	1.68E+01	-1.81E+01	
repD~~~repE	3.75E-01	9.09E-09	9.20E-01	3.61E-02	3.59E-01	1.46E+00	-1.50E+00	-1.09E+00	-1.15E+00	-1.97E+00	-2.32E+00	-2.75E+00	-2.91E+00	-6.50E-01	-8.91E-01	-9.50E-01	-3.41E+00	2.95E-01	-1.50E+00	-1.60E+01	-8.04E-01	-1.46E+02	-1.46E+02	-1.46E+02	-1.80E+01	-1.80E+01	-1.80E+01	1.68E+01	-1.80E+01	1.68E+01	-1.80E+01	1.68E+01	-1.80E+01	1.68E+01	-1.79E+01	-1.80E+01	1.68E+01	1.68E+01	1.68E+01	-1.79E+01	
group_2708	3.71E-01	1.86E-16	1.03E-01	-4.89E-01	3.04E-01	1.46E+00	-1.07E+00	-1.05E+00	-6.69E-01	-1.45E+00	-1.80E+00	-2.75E+00	-2.88E+00	-1.98E-01	-4.22E-01	-9.53E-01	-3.41E+00	3.28E-01	-1.10E+00	-1.60E+01	-2.81E-01	-1.46E+02	-1.46E+02	-1.46E+02	-1.55E+01	-1.55E+01	-1.79E+01	1.73E+01	-1.55E+01	1.68E+01	-1.79E+01	1.68E+01	-1.55E+01	1.73E+01	-1.55E+01	-1.55E+01	1.73E+01	1.73E+01	1.73E+01	-1.79E+01	
group_2132	3.71E-01	1.86E-16	1.03E-01	-4.89E-01	3.04E-01	1.46E+00	-1.07E+00	-1.05E+00	-6.69E-01	-1.45E+00	-1.80E+00	-2.75E+00	-2.88E+00	-1.98E-01	-4.22E-01	-9.53E-01	-3.41E+00	3.28E-01	-1.10E+00	-1.60E+01	-2.81E-01	-1.46E+02	-1.46E+02	-1.46E+02	-1.55E+01	-1.55E+01	-1.79E+01	1.73E+01	-1.55E+01	1.68E+01	-1.79E+01	1.68E+01	-1.55E+01	1.73E+01	-1.55E+01	-1.55E+01	1.73E+01	1.73E+01	1.73E+01	-1.79E+01	
group_725	3.65E-01	1.30E-18	1.95E-01	-4.80E-01	3.75E-01	1.46E+00	-1.02E+00	-7.01E-01	-1.11E+00	-1.94E+00	-2.28E+00	-2.27E+00	-2.40E+00	-6.53E-01	-3.78E-01	-9.53E-01	-3.41E+00	8.08E-01	-9.84E-01	-1.60E+01	-2.91E-01	-1.46E+02	-1.46E+02	-1.46E+02	-1.56E+01	-1.79E+01	-1.79E+01	1.68E+01	-1.79E+01	1.68E+01	-1.79E+01	1.73E+01	-1.79E+01	1.68E+01	-1.79E+01	-1.56E+01	1.68E+01	1.68E+01	1.68E+01	-1.79E+01	
group_403	3.62E-01	6.36E-19	1.95E-01	-4.80E-01	3.75E-01	1.46E+00	-1.02E+00	-7.01E-01	-1.11E+00	-1.94E+00	-2.28E+00	-2.27E+00	-2.40E+00	-6.53E-01	-3.78E-01	-9.53E-01	-3.41E+00	8.08E-01	-1.46E+00	-1.60E+01	-2.91E-01	-1.46E+02	-1.46E+02	-1.46E+02	-1.60E+01	-1.79E+01	-1.60E+01	1.68E+01	-1.79E+01	1.68E+01	-1.79E+01	1.68E+01	-1.79E+01	1.68E+01	-1.79E+01	-1.60E+01	1.68E+01	1.68E+01	1.68E+01	-1.79E+01	
group_2619	3.62E-01	1.10E-18	2.26E-01	-4.41E-01	3.69E-01	1.46E+00	-1.06E+00	-7.30E-01	-1.11E+00	-1.94E+00	-2.28E+00	-2.31E+00	-2.45E+00	-6.53E-01	-4.16E-01	-9.53E-01	-3.41E+00	7.70E-01	-1.46E+00	-1.60E+01	-3.29E-01	-1.46E+02	-1.46E+02	-1.46E+02	-1.63E+01	-1.79E+01	-1.63E+01	1.68E+01	-1.79E+01	1.68E+01	-1.79E+01	1.68E+01	-1.79E+01	1.68E+01	-1.79E+01	-1.63E+01	1.68E+01	1.68E+01	1.68E+01	-1.79E+01	
group_2129	3.62E-01	1.10E-18	2.26E-01	-4.41E-01	3.69E-01	1.46E+00	-1.06E+00	-7.30E-01	-1.11E+00	-1.94E+00	-2.28E+00	-2.31E+00	-2.45E+00	-6.53E-01	-4.16E-01	-9.53E-01	-3.41E+00	7.70E-01	-1.46E+00	-1.60E+01	-3.29E-01	-1.46E+02	-1.46E+02	-1.46E+02	-1.63E+01	-1.79E+01	-1.63E+01	1.68E+01	-1.79E+01	1.68E+01	-1.79E+01	1.68E+01	-1.79E+01	1.68E+01	-1.79E+01	-1.63E+01	1.68E+01	1.68E+01	1.68E+01	-1.79E+01	
group_1802	3.62E-01	1.10E-18	2.26E-01	-4.41E-01	3.69E-01	1.46E+00	-1.06E+00	-7.30E-01	-1.11E+00	-1.94E+00	-2.28E+00	-2.31E+00	-2.45E+00	-6.53E-01	-4.16E-01	-9.53E-01	-3.41E+00	7.70E-01	-1.46E+00	-1.60E+01	-3.29E-01	-1.46E+02	-1.46E+02	-1.46E+02	-1.63E+01	-1.79E+01	-1.63E+01	1.68E+01	-1.79E+01	1.68E+01	-1.79E+01	1.68E+01	-1.79E+01	1.68E+01	-1.79E+01	-1.63E+01	1.68E+01	1.68E+01	1.68E+01	-1.79E+01	
group_259	3.62E-01	1.10E-18	2.26E-01	-4.41E-01	3.69E-01	1.46E+00	-1.06E+00	-7.30E-01	-1.11E+00	-1.94E+00	-2.28E+00	-2.31E+00	-2.45E+00	-6.53E-01	-4.16E-01	-9.53E-01	-3.41E+00	7.70E-01	-1.46E+00	-1.60E+01	-3.29E-01	-1.46E+02	-1.46E+02	-1.46E+02	-1.63E+01	-1.79E+01	-1.63E+01	1.68E+01	-1.79E+01	1.68E+01	-1.79E+01	1.68E+01	-1.79E+01	1.68E+01	-1.79E+01	-1.63E+01	1.68E+01	1.68E+01	1.68E+01	-1.79E+01	
group_84	3.62E-01	4.15E-19	1.44E-01	-5.33E-01	3.71E-01	1.46E+00	-9.68E-01	-6.61E-01	-1.11E+00	-1.94E+00	-2.28E+00	-2.21E+00	-2.34E+00	-6.53E-01	-3.24E-01	-9.53E-01	-3.41E+00	8.61E-01	-1.46E+00	-1.60E+01	-2.37E-01	-1.46E+02	-1.46E+02	-1.46E+02	-1.56E+01	-1.79E+01	-1.56E+01	1.68E+01	-1.79E+01	1.68E+01	-1.79E+01	1.68E+01	-1.79E+01	1.68E+01	-1.79E+01	-1.56E+01	1.68E+01	1.68E+01	1.68E+01	-1.79E+01	
group_2860	3.61E-01	1.89E-18	1.00E+00	3.89E+03	1.10E+01	1.43E+00	-1.46E+00	-3.89E+03	-3.89E+03	-3.89E+03	-3.89E+03	-3.89E+03	-2.80E+00	-6.50E-01	-8.57E-01	-9.76E-01	-3.89E+03	-3.89E+03	-3.89E+03	-3.62E+00	-3.89E+03	-3.89E+03	-3.89E+03	-3.89E+03	1.48E+04	1.48E+04	1.48E+04	-6.34E+03	1.48E+04	-6.34E+03	1.48E+04	-6.34E+03	1.94E+04	-6.34E+03	1.94E+04	1.94E+04	-6.34E+03	1.01E+05	-6.34E+03	1.48E+04	high-bse
xerC_4~~~intS~~~xerC_6	3.59E-01	6.82E-11	4.03E-01	4.52E-01	5.65E-01	1.45E+00	-1.49E+00	-1.49E+00	-1.55E+00	-2.37E+00	-2.72E+00	-2.74E+00	-3.30E+00	-6.40E-01	-1.30E+00	-9.40E-01	-3.75E+00	-1.12E-01	-1.90E+00	-1.60E+01	-1.21E+00	-1.47E+02	-1.47E+02	-1.47E+02	-1.96E+01	-1.96E+01	-1.96E+01	1.64E+01	-1.96E+01	1.64E+01	-1.96E+01	1.64E+01	-1.96E+01	1.64E+01	-1.78E+01	-1.96E+01	1.64E+01	1.68E+01	1.64E+01	-1.78E+01	
group_800	3.56E-01	1.52E-05	1.65E-02	-1.96E-01	1.09E+01	1.49E+00	-1.39E+00	-9.54E-01	-1.14E+00	-1.95E+00	-2.24E+00	-2.64E+00	-2.79E+00	-5.19E-01	-7.94E-01	-8.44E-01	-3.08E+00	6.04E-02	-1.35E+00	-3.64E+00	-8.50E-01	-3.10E+00	-3.10E+00	-3.01E+00	-2.59E+00	-2.59E+00	-2.59E+00	-3.93E-01	-2.59E+00	-3.93E-01	-2.59E+00	-3.93E-01	-2.59E+00	-3.93E-01	-2.59E+00	-2.59E+00	-3.93E-01	-1.98E-01	-3.93E-01	-2.40E+00	matrix-inversion-error
group_266	3.56E-01	1.71E-10	5.22E-01	3.42E-01	5.49E-01	1.45E+00	-1.49E+00	-1.38E+00	-1.45E+00	-2.27E+00	-2.61E+00	-2.74E+00	-3.20E+00	-6.43E-01	-1.19E+00	-9.43E-01	-3.45E+00	-3.61E-03	-1.80E+00	-1.60E+01	-1.10E+00	-1.47E+02	-1.47E+02	-1.47E+02	-1.93E+01	-1.93E+01	-1.93E+01	1.65E+01	-1.93E+01	1.65E+01	-1.93E+01	1.65E+01	-1.93E+01	1.65E+01	-1.78E+01	-1.93E+01	1.65E+01	1.68E+01	1.65E+01	-1.93E+01	
group_551	3.56E-01	2.56E-10	5.22E-01	3.42E-01	5.49E-01	1.45E+00	-1.49E+00	-1.38E+00	-1.45E+00	-2.27E+00	-2.61E+00	-2.74E+00	-3.20E+00	-6.43E-01	-1.19E+00	-9.43E-01	-3.45E+00	-3.61E-03	-1.80E+00	-1.60E+01	-1.10E+00	-1.47E+02	-1.47E+02	-1.47E+02	-1.92E+01	-1.92E+01	-1.92E+01	1.65E+01	-1.92E+01	1.65E+01	-1.92E+01	1.65E+01	-1.92E+01	1.65E+01	-1.78E+01	-1.92E+01	1.65E+01	1.68E+01	1.65E+01	-1.78E+01	
group_2068	3.55E-01	1.89E-10	4.85E-01	3.70E-01	5.48E-01	1.45E+00	-1.49E+00	-1.41E+00	-1.47E+00	-2.29E+00	-2.64E+00	-2.74E+00	-3.22E+00	-6.43E-01	-1.22E+00	-9.43E-01	-3.45E+00	-3.20E-02	-1.82E+00	-1.60E+01	-1.13E+00	-1.47E+02	-1.47E+02	-1.47E+02	-1.94E+01	-1.94E+01	-1.94E+01	1.64E+01	-1.94E+01	1.64E+01	-1.94E+01	1.64E+01	-1.94E+01	1.64E+01	-1.78E+01	-1.94E+01	1.64E+01	1.68E+01	1.64E+01	-1.94E+01	
group_837	3.55E-01	2.83E-10	6.52E-01	2.23E-01	5.04E-01	1.46E+00	-1.49E+00	-1.27E+00	-1.33E+00	-2.15E+00	-2.50E+00	-2.74E+00	-3.08E+00	-6.46E-01	-1.07E+00	-9.46E-01	-3.43E+00	1.12E-01	-1.68E+00	-1.60E+01	-9.87E-01	-1.47E+02	-1.47E+02	-1.47E+02	-1.87E+01	-1.87E+01	-1.87E+01	1.66E+01	-1.87E+01	1.66E+01	-1.87E+01	1.66E+01	-1.87E+01	1.66E+01	-1.78E+01	-1.87E+01	1.66E+01	1.68E+01	1.66E+01	-1.78E+01	
group_386	3.54E-01	2.09E-10	6.71E-01	2.14E-01	5.13E-01	1.46E+00	-1.49E+00	-1.26E+00	-1.32E+00	-2.14E+00	-2.49E+00	-2.74E+00	-3.08E+00	-6.47E-01	-1.07E+00	-9.47E-01	-3.43E+00	1.20E-01	-1.62E+00	-1.60E+01	-9.79E-01	-1.47E+02	-1.47E+02	-1.47E+02	-1.87E+01	-1.87E+01	-1.87E+01	1.66E+01	-1.87E+01	1.66E+01	-1.87E+01	1.66E+01	-1.87E+01	1.66E+01	-1.79E+01	-1.87E+01	1.66E+01	1.68E+01	1.66E+01	-1.79E+01	
group_346	3.51E-01	8.18E-17	4.94E-01	-2.13E-01	1.10E+01	1.46E+00	-1.50E+00	-8.45E-01	-9.10E-01	-1.72E+00	-2.06E+00	-2.51E+00	-2.83E+00	-6.82E-01	-8.90E-01	-1.01E+00	-3.07E+00	2.19E-01	-1.25E+00	-3.66E+00	-7.37E-01	-2.93E+00	-2.86E+00	-2.86E+00	-2.35E+00	-2.35E+00	-2.35E+00	-1.49E-01	-2.35E+00	-1.49E-01	-2.35E+00	-1.49E-01	-2.56E+00	-1.49E-01	-2.56E+00	-2.56E+00	-1.49E-01	-3.62E-01	-1.49E-01	-2.56E+00	matrix-inversion-error
group_73	3.51E-01	8.18E-17	4.94E-01	-2.13E-01	1.10E+01	1.46E+00	-1.50E+00	-8.45E-01	-9.10E-01	-1.72E+00	-2.06E+00	-2.51E+00	-2.83E+00	-6.82E-01	-8.90E-01	-1.01E+00	-3.07E+00	2.19E-01	-1.25E+00	-3.66E+00	-7.37E-01	-2.93E+00	-2.86E+00	-2.86E+00	-2.35E+00	-2.35E+00	-2.35E+00	-1.49E-01	-2.35E+00	-1.49E-01	-2.35E+00	-1.49E-01	-2.56E+00	-1.49E-01	-2.56E+00	-2.56E+00	-1.49E-01	-3.62E-01	-1.49E-01	-2.56E+00	matrix-inversion-error
bca	3.42E-01	1.02E-09	7.07E-01	7.40E-02	1.97E-01	1.46E+00	-1.56E+00	-1.06E+00	-1.12E+00	-1.93E+00	-2.34E+00	-2.74E+00	-2.94E+00	-6.62E-01	-8.49E-01	-9.45E-01	-3.47E+00	3.15E-01	-1.53E+00	-1.60E+01	-7.62E-01	-1.46E+02	-1.46E+02	-1.46E+02	-1.81E+01	-1.78E+01	-1.81E+01	1.68E+01	-1.81E+01	1.67E+01	-1.81E+01	1.67E+01	-1.78E+01	1.68E+01	-1.78E+01	-1.78E+01	1.68E+01	1.67E+01	1.68E+01	-1.81E+01	
xerC_3~~~xerC_2~~~xerC_6~~~xerC_1	3.34E-01	3.83E-12	6.88E-01	-6.63E-02	1.65E-01	1.47E+00	-1.45E+00	-1.01E+00	-1.11E+00	-1.94E+00	-2.26E+00	-2.70E+00	-2.83E+00	-5.91E-01	-8.16E-01	-8.88E-01	-3.40E+00	3.83E-01	-1.43E+00	-1.73E+01	-7.06E-01	-1.46E+02	-1.46E+02	-3.38E+02	-1.79E+01	-1.79E+01	-1.79E+01	1.68E+01	-1.79E+01	1.68E+01	-1.79E+01	1.69E+01	-1.79E+01	1.68E+01	-1.79E+01	-1.79E+01	1.68E+01	1.69E+01	1.68E+01	-1.60E+01	
group_2487	3.32E-01	1.90E-02	9.05E-01	-2.44E-02	2.05E-01	1.47E+00	-1.48E+00	-1.06E+00	-1.12E+00	-1.94E+00	-2.27E+00	-2.75E+00	-2.88E+00	-6.33E-01	-8.61E-01	-9.37E-01	-3.40E+00	3.23E-01	-1.44E+00	-1.60E+01	-7.76E-01	-1.46E+02	-1.46E+02	-1.46E+02	-1.79E+01	-1.79E+01	-1.79E+01	1.68E+01	-1.79E+01	1.68E+01	-1.79E+01	1.68E+01	-1.79E+01	1.68E+01	-1.79E+01	-1.79E+01	1.68E+01	1.68E+01	1.68E+01	-1.79E+01	
group_2300	3.32E-01	1.90E-02	9.05E-01	-2.44E-02	2.05E-01	1.47E+00	-1.48E+00	-1.06E+00	-1.12E+00	-1.94E+00	-2.27E+00	-2.75E+00	-2.88E+00	-6.33E-01	-8.61E-01	-9.37E-01	-3.40E+00	3.23E-01	-1.44E+00	-1.60E+01	-7.76E-01	-1.46E+02	-1.46E+02	-1.46E+02	-1.79E+01	-1.79E+01	-1.79E+01	1.68E+01	-1.79E+01	1.68E+01	-1.79E+01	1.68E+01	-1.79E+01	1.68E+01	-1.79E+01	-1.79E+01	1.68E+01	1.68E+01	1.68E+01	-1.79E+01	
group_1996	3.32E-01	1.90E-02	9.05E-01	-2.44E-02	2.05E-01	1.47E+00	-1.48E+00	-1.06E+00	-1.12E+00	-1.94E+00	-2.27E+00	-2.75E+00	-2.88E+00	-6.33E-01	-8.61E-01	-9.37E-01	-3.40E+00	3.23E-01	-1.44E+00	-1.60E+01	-7.76E-01	-1.46E+02	-1.46E+02	-1.46E+02	-1.79E+01	-1.79E+01	-1.79E+01	1.68E+01	-1.79E+01	1.68E+01	-1.79E+01	1.68E+01	-1.79E+01	1.68E+01	-1.79E+01	-1.79E+01	1.68E+01	1.68E+01	1.68E+01	-1.79E+01	
group_1585	3.32E-01	1.90E-02	9.05E-01	-2.44E-02	2.05E-01	1.47E+00	-1.48E+00	-1.06E+00	-1.12E+00	-1.94E+00	-2.27E+00	-2.75E+00	-2.88E+00	-6.33E-01	-8.61E-01	-9.37E-01	-3.40E+00	3.23E-01	-1.44E+00	-1.60E+01	-7.76E-01	-1.46E+02	-1.46E+02	-1.46E+02	-1.79E+01	-1.79E+01	-1.79E+01	1.68E+01	-1.79E+01	1.68E+01	-1.79E+01	1.68E+01	-1.79E+01	1.68E+01	-1.79E+01	-1.79E+01	1.68E+01	1.68E+01	1.68E+01	-1.79E+01	
group_247	3.32E-01	3.35E-02	7.47E-01	6.72E-02	2.09E-01	1.45E+00	-1.55E+00	-1.04E+00	-1.10E+00	-1.92E+00	-2.33E+00	-2.73E+00	-2.86E+00	-7.06E-01	-8.48E-01	-9.98E-01	-3.43E+00	3.42E-01	-1.52E+00	-1.60E+01	-7.57E-01	-1.46E+02	-1.46E+02	-1.46E+02	-1.78E+01	-1.78E+01	-1.78E+01	1.68E+01	-1.78E+01	1.67E+01	-1.78E+01	1.67E+01	-1.78E+01	1.68E+01	-1.78E+01	-1.78E+01	1.68E+01	1.67E+01	1.68E+01	-1.78E+01	
smc_2~~~smc_3~~~smc_4~~~smc_1	3.32E-01	3.35E-02	9.12E-01	2.28E-02	2.06E-01	1.46E+00	-1.52E+00	-1.05E+00	-1.11E+00	-1.93E+00	-2.30E+00	-2.74E+00	-2.87E+00	-6.71E-01	-8.54E-01	-9.68E-01	-3.42E+00	3.33E-01	-1.48E+00	-1.60E+01	-7.66E-01	-1.46E+02	-1.46E+02	-1.46E+02	-1.79E+01	-1.79E+01	-1.79E+01	1.68E+01	-1.79E+01	1.68E+01	-1.79E+01	1.68E+01	-1.79E+01	1.68E+01	-1.79E+01	-1.79E+01	1.68E+01	1.68E+01	1.68E+01	-1.79E+01	
group_1394	3.29E-01	1.67E-12	7.68E-01	-4.87E-02	1.65E-01	1.46E+00	-1.47E+00	-1.02E+00	-1.11E+00	-1.94E+00	-2.27E+00	-2.71E+00	-2.84E+00	-6.05E-01	-8.27E-01	-9.05E-01	-3.40E+00	3.27E-01	-1.44E+00	-1.88E+01	-7.23E-01	-1.46E+02	-1.46E+02	-2.29E+02	-1.79E+01	-1.79E+01	-1.79E+01	1.68E+01	-1.79E+01	1.68E+01	-1.79E+01	1.68E+01	-1.79E+01	1.68E+01	-1.79E+01	-1.79E+01	1.68E+01	1.68E+01	1.68E+01	-1.68E+01	
group_2053	3.27E-01	6.75E-02	5.97E-01	1.11E-01	2.12E-01	1.44E+00	-1.58E+00	-1.03E+00	-1.09E+00	-1.91E+00	-2.36E+00	-2.73E+00	-2.85E+00	-7.41E-01	-8.41E-01	-1.03E+00	-3.40E+00	3.51E-01	-1.55E+00	-1.60E+01	-7.48E-01	-1.46E+02	-1.46E+02	-1.46E+02	-1.78E+01	-1.78E+01	-1.78E+01	1.68E+01	-1.78E+01	1.67E+01	-1.78E+01	1.68E+01	-1.78E+01	1.68E+01	-1.78E+01	-1.78E+01	1.68E+01	1.67E+01	1.68E+01	-1.78E+01	
group_3624	3.25E-01	7.96E-33	8.06E-01	-7.10E-02	2.91E-01	1.52E+00	-1.56E+00	-1.11E+00	-1.17E+00	-2.00E+00	-2.34E+00	-2.81E+00	-2.94E+00	-7.13E-01	-9.17E-01	-1.01E+00	-3.47E+00	2.68E-01	-1.52E+00	-1.61E+01	-8.30E-01	-1.46E+02	-1.46E+02	-1.46E+02	-1.82E+01	-1.82E+01	-1.82E+01	1.67E+01	-1.82E+01	1.67E+01	-1.82E+01	1.67E+01	-1.82E+01	1.67E+01	-1.82E+01	-1.82E+01	1.67E+01	1.67E+01	1.67E+01	-1.82E+01	
xerC_2~~~xerC_5~~~xerC_3~~~xerC_4~~~xerD~~~xerC_1	3.23E-01	2.24E-03	2.92E-01	2.26E-01	2.17E-01	1.41E+00	-1.44E+00	-9.98E-01	-1.27E+00	-2.11E+00	-2.43E+00	-2.69E+00	-3.03E+00	-5.95E-01	-8.00E-01	-8.95E-01	-3.58E+00	3.56E-01	-1.41E+00	-1.60E+01	-8.62E-01	-1.47E+02	-1.47E+02	-1.47E+02	-1.86E+01	-1.86E+01	-1.86E+01	1.66E+01	-1.86E+01	1.66E+01	-1.86E+01	1.69E+01	-1.76E+01	1.66E+01	-1.76E+01	-1.86E+01	1.66E+01	1.69E+01	1.66E+01	-1.76E+01	
group_66	3.15E-01	1.73E-01	5.12E-01	9.22E-02	1.41E-01	1.43E+00	-1.51E+00	-1.02E+00	-1.08E+00	-1.91E+00	-2.27E+00	-2.76E+00	-2.87E+00	-7.11E-01	-8.24E-01	-9.88E-01	-3.38E+00	3.62E-01	-1.43E+00	-1.60E+01	-7.37E-01	-1.46E+02	-1.46E+02	-1.46E+02	-1.77E+01	-1.77E+01	-1.77E+01	1.68E+01	-1.77E+01	1.68E+01	-1.77E+01	1.68E+01	-1.77E+01	1.68E+01	-1.77E+01	-1.77E+01	1.68E+01	1.67E+01	1.68E+01	-1.81E+01	
group_883	3.14E-01	4.05E-04	6.37E-01	-7.19E-02	1.52E-01	1.47E+00	-1.45E+00	-1.03E+00	-1.12E+00	-1.94E+00	-2.28E+00	-2.73E+00	-2.86E+00	-5.89E-01	-8.02E-01	-9.16E-01	-3.41E+00	3.51E-01	-1.42E+00	-1.61E+01	-7.55E-01	-1.46E+02	-1.46E+02	-1.46E+02	-1.79E+01	-1.79E+01	-1.79E+01	1.68E+01	-1.79E+01	1.68E+01	-1.79E+01	1.69E+01	-1.79E+01	1.68E+01	-1.79E+01	-1.79E+01	1.68E+01	1.69E+01	1.69E+01	-1.76E+01	
group_46	3.02E-01	1.09E-05	7.30E-01	4.92E-02	1.43E-01	1.46E+00	-1.52E+00	-1.07E+00	-1.11E+00	-1.93E+00	-2.29E+00	-2.77E+00	-2.91E+00	-6.96E-01	-8.57E-01	-9.77E-01	-3.40E+00	3.34E-01	-1.47E+00	-1.89E+01	-7.64E-01	-1.46E+02	-1.46E+02	-1.46E+02	-1.79E+01	-1.79E+01	-1.79E+01	1.68E+01	-1.79E+01	1.68E+01	-1.79E+01	1.68E+01	-1.79E+01	1.68E+01	-1.79E+01	-1.79E+01	1.68E+01	1.68E+01	1.68E+01	-1.79E+01	
group_2044	2.95E-01	8.26E-01	6.16E-01	-1.06E-01	2.11E-01	1.49E+00	-1.42E+00	-1.08E+00	-1.14E+00	-1.96E+00	-2.30E+00	-2.77E+00	-2.90E+00	-5.70E-01	-7.80E-01	-8.83E-01	-3.38E+00	3.05E-01	-1.38E+00	-1.61E+01	-7.93E-01	-1.46E+02	-1.46E+02	-1.46E+02	-1.80E+01	-1.80E+01	-1.80E+01	1.68E+01	-1.80E+01	1.69E+01	-1.80E+01	1.69E+01	-1.74E+01	1.68E+01	-1.80E+01	-1.80E+01	1.68E+01	1.69E+01	1.68E+01	-1.80E+01	
group_258	2.95E-01	8.26E-01	5.93E-01	-1.13E-01	2.11E-01	1.49E+00	-1.42E+00	-1.08E+00	-1.14E+00	-1.96E+00	-2.30E+00	-2.77E+00	-2.90E+00	-5.64E-01	-7.69E-01	-8.78E-01	-3.38E+00	3.04E-01	-1.38E+00	-1.61E+01	-7.95E-01	-1.46E+02	-1.46E+02	-1.46E+02	-1.80E+01	-1.80E+01	-1.80E+01	1.68E+01	-1.80E+01	1.69E+01	-1.80E+01	1.69E+01	-1.74E+01	1.68E+01	-1.80E+01	-1.80E+01	1.68E+01	1.69E+01	1.68E+01	-1.80E+01	
group_58	2.92E-01	2.64E-04	3.28E-01	3.41E-01	3.51E-01	1.46E+00	-1.84E+00	-1.08E+00	-1.46E+00	-2.05E+00	-2.28E+00	-2.75E+00	-2.88E+00	-6.53E-01	-1.16E+00	-9.53E-01	-3.41E+00	3.28E-01	-1.81E+00	-1.60E+01	-1.11E+00	-1.46E+02	-1.46E+02	-1.46E+02	-1.79E+01	-1.79E+01	-1.79E+01	1.68E+01	-1.79E+01	1.65E+01	-1.79E+01	1.65E+01	-1.87E+01	1.68E+01	-1.79E+01	-1.79E+01	1.68E+01	1.65E+01	1.68E+01	-1.79E+01	
deoB_3~~~deoB_2~~~deoB	2.86E-01	4.62E-01	6.75E-01	5.92E-02	1.41E-01	1.45E+00	-1.50E+00	-1.06E+00	-1.10E+00	-1.93E+00	-2.31E+00	-2.73E+00	-2.86E+00	-6.42E-01	-8.40E-01	-9.58E-01	-3.40E+00	3.29E-01	-1.45E+00	-1.61E+01	-7.53E-01	-1.46E+02	-1.46E+02	-1.46E+02	-1.78E+01	-1.78E+01	-1.78E+01	1.68E+01	-1.78E+01	1.68E+01	-1.78E+01	1.68E+01	-1.78E+01	1.68E+01	-1.80E+01	-1.78E+01	1.68E+01	1.68E+01	1.68E+01	-1.80E+01	
group_1141	2.85E-01	3.04E-04	6.42E-01	-6.56E-02	1.41E-01	1.47E+00	-1.48E+00	-1.03E+00	-1.12E+00	-1.94E+00	-2.27E+00	-2.72E+00	-2.86E+00	-5.96E-01	-8.63E-01	-9.05E-01	-3.42E+00	3.47E-01	-1.47E+00	-1.67E+01	-7.36E-01	-1.46E+02	-1.46E+02	-3.10E+02	-1.80E+01	-1.80E+01	-1.80E+01	1.68E+01	-1.80E+01	1.68E+01	-1.80E+01	1.68E+01	-1.80E+01	1.68E+01	-1.80E+01	-1.80E+01	1.68E+01	1.69E+01	1.68E+01	-1.69E+01	
group_927	2.84E-01	8.35E-01	7.25E-01	-7.46E-02	2.12E-01	1.48E+00	-1.45E+00	-1.07E+00	-1.13E+00	-1.95E+00	-2.30E+00	-2.76E+00	-2.89E+00	-5.94E-01	-8.69E-01	-9.03E-01	-3.39E+00	3.12E-01	-1.41E+00	-1.61E+01	-7.87E-01	-1.46E+02	-1.46E+02	-1.46E+02	-1.80E+01	-1.80E+01	-1.80E+01	1.68E+01	-1.80E+01	1.69E+01	-1.80E+01	1.68E+01	-1.80E+01	1.68E+01	-1.80E+01	-1.80E+01	1.68E+01	1.69E+01	1.68E+01	-1.80E+01	
group_2466	2.81E-01	2.37E-04	3.92E-01	-5.93E-01	7.14E-01	1.46E+00	-9.10E-01	-1.05E+00	-5.48E-01	-1.94E+00	-2.27E+00	-2.75E+00	-2.88E+00	-5.97E-02	-8.57E-01	-3.60E-01	-3.41E+00	6.13E-01	-1.46E+00	-1.60E+01	-7.70E-01	-1.45E+02	-1.45E+02	-1.45E+02	-1.79E+01	-1.63E+01	-1.79E+01	1.74E+01	-1.63E+01	1.74E+01	-1.79E+01	1.68E+01	-1.79E+01	1.74E+01	-1.79E+01	-1.63E+01	1.68E+01	1.74E+01	1.74E+01	-1.79E+01	
group_417	2.81E-01	4.75E-04	9.62E-01	-2.86E-02	5.98E-01	1.46E+00	-1.47E+00	-1.05E+00	-1.09E+00	-1.94E+00	-2.28E+00	-2.75E+00	-2.88E+00	-6.24E-01	-8.57E-01	-9.24E-01	-3.41E+00	3.53E-01	-1.46E+00	-1.60E+01	-7.70E-01	-1.46E+02	-1.46E+02	-1.46E+02	-1.79E+01	-1.74E+01	-1.79E+01	1.68E+01	-1.74E+01	1.68E+01	-1.79E+01	1.68E+01	-1.79E+01	1.68E+01	-1.79E+01	-1.74E+01	1.68E+01	1.68E+01	1.68E+01	-1.79E+01	
group_2186	2.80E-01	9.41E-01	7.21E-01	-7.65E-02	2.14E-01	1.48E+00	-1.44E+00	-1.07E+00	-1.13E+00	-1.95E+00	-2.30E+00	-2.76E+00	-2.89E+00	-5.93E-01	-8.74E-01	-9.02E-01	-3.40E+00	3.12E-01	-1.48E+00	-1.61E+01	-7.87E-01	-1.46E+02	-1.46E+02	-1.46E+02	-1.80E+01	-1.80E+01	-1.80E+01	1.68E+01	-1.80E+01	1.68E+01	-1.80E+01	1.69E+01	-1.80E+01	1.68E+01	-1.80E+01	-1.80E+01	1.68E+01	1.69E+01	1.68E+01	-1.80E+01	
group_1827	2.79E-01	8.21E-01	8.88E-01	3.07E-02	2.19E-01	1.46E+00	-1.52E+00	-1.05E+00	-1.11E+00	-1.93E+00	-2.28E+00	-2.74E+00	-2.87E+00	-6.77E-01	-8.53E-01	-9.73E-01	-3.41E+00	3.35E-01	-1.49E+00	-1.60E+01	-7.64E-01	-1.46E+02	-1.46E+02	-1.46E+02	-1.79E+01	-1.79E+01	-1.79E+01	1.68E+01	-1.79E+01	1.68E+01	-1.79E+01	1.68E+01	-1.79E+01	1.68E+01	-1.79E+01	-1.79E+01	1.68E+01	1.68E+01	1.68E+01	-1.79E+01	
group_2615	2.78E-01	4.76E-04	4.51E-01	1.18E-01	1.57E-01	1.42E+00	-1.47E+00	-1.03E+00	-1.08E+00	-2.01E+00	-2.24E+00	-2.70E+00	-2.83E+00	-6.71E-01	-8.20E-01	-1.03E+00	-3.48E+00	3.72E-01	-1.42E+00	-1.60E+01	-8.45E-01	-1.46E+02	-1.46E+02	-1.46E+02	-1.77E+01	-1.77E+01	-1.77E+01	1.68E+01	-1.82E+01	1.68E+01	-1.77E+01	1.67E+01	-1.77E+01	1.68E+01	-1.77E+01	-1.77E+01	1.68E+01	1.67E+01	1.68E+01	-1.77E+01	
xerC_6~~~xerC_3~~~xerC_2~~~xerC_5	2.78E-01	4.97E-01	9.63E-01	1.24E-02	2.66E-01	1.46E+00	-1.51E+00	-1.05E+00	-1.11E+00	-1.94E+00	-2.28E+00	-2.75E+00	-2.88E+00	-6.63E-01	-8.55E-01	-9.63E-01	-3.41E+00	3.30E-01	-1.46E+00	-1.58E+01	-7.68E-01	-1.50E+02	-1.46E+02	-1.46E+02	-1.78E+01	-1.78E+01	-1.78E+01	1.68E+01	-1.78E+01	1.68E+01	-1.78E+01	1.68E+01	-1.78E+01	1.68E+01	-1.78E+01	-1.78E+01	1.68E+01	1.68E+01	1.68E+01	-1.82E+01	
tetW~~~tetO~~~tetO~~~tetM_1~~~tetM~~~tetM	2.78E-01	1.11E-03	3.52E-01	-1.52E-01	1.64E-01	1.54E+00	-1.57E+00	-1.09E+00	-1.17E+00	-2.01E+00	-2.36E+00	-2.71E+00	-2.94E+00	-7.10E-01	-9.24E-01	-1.03E+00	-3.47E+00	4.05E-01	-1.54E+00	-1.61E+01	-8.46E-01	-1.47E+02	-1.46E+02	-1.46E+02	-1.82E+01	-1.82E+01	-1.76E+01	1.67E+01	-1.76E+01	1.67E+01	-1.76E+01	1.67E+01	-1.82E+01	1.67E+01	-1.82E+01	-1.82E+01	1.67E+01	1.67E+01	1.67E+01	-1.82E+01	
group_824	2.75E-01	1.52E-02	1.41E-01	2.08E-01	1.42E-01	1.44E+00	-1.59E+00	-1.09E+00	-1.17E+00	-1.93E+00	-2.33E+00	-2.80E+00	-3.00E+00	-8.32E-01	-8.97E-01	-1.06E+00	-3.39E+00	3.48E-01	-1.60E+00	-3.87E+01	-8.18E-01	-1.46E+02	-1.46E+02	-1.46E+02	-1.78E+01	-1.78E+01	-1.78E+01	1.68E+01	-1.78E+01	1.68E+01	-1.78E+01	1.66E+01	-1.78E+01	1.68E+01	-1.78E+01	-1.78E+01	1.68E+01	1.66E+01	1.66E+01	-1.85E+01	
smc_2~~~smc_1~~~smc_3~~~smc_4	2.75E-01	1.17E-04	5.38E-01	9.71E-02	1.58E-01	1.43E+00	-1.48E+00	-1.03E+00	-1.09E+00	-2.00E+00	-2.25E+00	-2.71E+00	-2.84E+00	-6.68E-01	-8.27E-01	-1.01E+00	-3.39E+00	3.65E-01	-1.43E+00	-1.60E+01	-8.31E-01	-1.46E+02	-1.46E+02	-1.46E+02	-1.77E+01	-1.77E+01	-1.77E+01	1.68E+01	-1.77E+01	1.68E+01	-1.77E+01	1.67E+01	-1.77E+01	1.68E+01	-1.77E+01	-1.77E+01	1.67E+01	1.67E+01	1.68E+01	-1.77E+01	
group_193	2.74E-01	6.65E-01	8.03E-01	5.56E-02	2.23E-01	1.45E+00	-1.54E+00	-1.04E+00	-1.10E+00	-1.93E+00	-2.27E+00	-2.74E+00	-2.87E+00	-6.97E-01	-8.46E-01	-9.90E-01	-3.40E+00	3.40E-01	-1.45E+00	-1.60E+01	-7.59E-01	-1.46E+02	-1.46E+02	-1.46E+02	-1.78E+01	-1.78E+01	-1.78E+01	1.68E+01	-1.78E+01	1.68E+01	-1.78E+01	1.68E+01	-1.78E+01	1.68E+01	-1.78E+01	-1.78E+01	1.68E+01	1.68E+01	1.68E+01	-1.78E+01	
group_2119	2.73E-01	1.53E-05	7.34E-01	-5.00E-02	1.47E-01	1.47E+00	-1.48E+00	-1.04E+00	-1.12E+00	-1.94E+00	-2.28E+00	-2.72E+00	-2.86E+00	-6.08E-01	-8.48E-01	-9.08E-01	-3.41E+00	3.73E-01	-1.43E+00	-1.88E+01	-7.42E-01	-1.46E+02	-1.46E+02	-1.46E+02	-1.79E+01	-1.79E+01	-1.79E+01	1.68E+01	-1.79E+01	1.68E+01	-1.79E+01	1.68E+01	-1.79E+01	1.68E+01	-1.79E+01	-1.79E+01	1.68E+01	1.68E+01	1.68E+01	-1.77E+01	
group_1032	2.72E-01	3.82E-01	2.91E-01	2.37E-01	2.27E-01	1.41E+00	-1.44E+00	-9.97E-01	-1.28E+00	-2.12E+00	-2.23E+00	-2.69E+00	-3.04E+00	-5.94E-01	-7.99E-01	-8.94E-01	-3.59E+00	3.55E-01	-1.41E+00	-1.60E+01	-8.68E-01	-1.47E+02	-1.47E+02	-1.47E+02	-1.86E+01	-1.86E+01	-1.86E+01	1.66E+01	-1.86E+01	1.69E+01	-1.86E+01	1.69E+01	-1.76E+01	1.66E+01	-1.76E+01	-1.86E+01	1.66E+01	1.69E+01	1.66E+01	-1.76E+01	
group_856	2.71E-01	1.80E-06	2.71E-01	-1.75E-01	1.59E-01	1.47E+00	-1.39E+00	-9.74E-01	-1.11E+00	-1.94E+00	-2.25E+00	-2.67E+00	-2.88E+00	-4.85E-01	-7.50E-01	-7.85E-01	-3.40E+00	4.24E-01	-1.38E+00	-1.61E+01	-7.18E-01	-1.46E+02	-1.46E+02	-1.46E+02	-1.79E+01	-1.79E+01	-1.79E+01	1.68E+01	-1.79E+01	1.68E+01	-1.79E+01	1.70E+01	-1.79E+01	1.68E+01	-1.79E+01	-1.79E+01	1.68E+01	1.70E+01	1.70E+01	-1.72E+01	
group_758	2.69E-01	2.44E-07	5.79E-01	-9.49E-02	1.71E-01	1.46E+00	-1.43E+00	-9.94E-01	-1.11E+00	-1.93E+00	-2.26E+00	-2.70E+00	-2.87E+00	-5.58E-01	-7.96E-01	-8.58E-01	-3.40E+00	3.28E-01	-1.46E+00	-1.60E+01	-7.07E-01	-1.46E+02	-1.46E+02	-1.46E+02	-1.79E+01	-1.79E+01	-1.79E+01	1.68E+01	-1.79E+01	1.68E+01	-1.79E+01	1.69E+01	-1.79E+01	1.68E+01	-1.79E+01	-1.79E+01	1.68E+01	1.69E+01	1.68E+01	-1.75E+01	
group_872	2.69E-01	1.27E-03	7.06E-01	-5.45E-02	1.44E-01	1.47E+00	-1.48E+00	-1.05E+00	-1.12E+00	-1.94E+00	-2.28E+00	-2.72E+00	-2.86E+00	-6.07E-01	-8.63E-01	-9.07E-01	-3.42E+00	3.43E-01	-1.46E+00	-1.63E+01	-7.43E-01	-1.46E+02	-1.46E+02	-2.43E+02	-1.80E+01	-1.80E+01	-1.80E+01	1.68E+01	-1.80E+01	1.68E+01	-1.80E+01	1.68E+01	-1.80E+01	1.68E+01	-1.80E+01	-1.80E+01	1.68E+01	1.68E+01	1.68E+01	-1.71E+01	
group_705	2.66E-01	2.94E-05	3.27E-02	-1.30E-01	9.15E+00	1.48E+00	-1.45E+00	-1.06E+00	-1.13E+00	-1.94E+00	-2.26E+00	-2.67E+00	-2.76E+00	-5.73E-01	-8.95E-01	-9.32E-01	-3.09E+00	4.10E-02	-1.48E+00	-3.68E+00	-9.27E-01	-3.09E+00	-3.09E+00	-3.03E+00	-2.58E+00	-2.58E+00	-2.58E+00	-3.83E-01	-2.58E+00	-3.83E-01	-2.58E+00	-2.52E-01	-2.58E+00	-3.83E-01	-2.58E+00	-2.58E+00	-3.83E-01	-2.52E-01	-3.83E-01	-2.58E+00	matrix-inversion-error
ssb_3~~~ssb_1	2.57E-01	6.85E-07	6.22E-01	-8.32E-02	1.69E-01	1.46E+00	-1.45E+00	-1.00E+00	-1.11E+00	-1.93E+00	-2.26E+00	-2.71E+00	-2.87E+00	-5.69E-01	-8.13E-01	-8.70E-01	-3.40E+00	3.28E-01	-1.46E+00	-1.60E+01	-7.15E-01	-1.46E+02	-1.46E+02	-1.46E+02	-1.79E+01	-1.79E+01	-1.79E+01	1.68E+01	-1.79E+01	1.68E+01	-1.79E+01	1.69E+01	-1.79E+01	1.68E+01	-1.79E+01	-1.79E+01	1.68E+01	1.69E+01	1.68E+01	-1.76E+01	
group_1290	2.55E-01	2.33E-01	1.53E-06	1.49E+00	3.25E-01	1.46E+00	-2.93E+00	-2.05E+00	-1.11E+00	-1.95E+00	-2.28E+00	-2.75E+00	-2.88E+00	-6.53E-01	-8.57E-01	-9.53E-01	-3.41E+00	-1.16E+00	-1.46E+00	-1.60E+01	-2.26E+00	-1.46E+02	-1.46E+02	-1.46E+02	-1.79E+01	-1.79E+01	-1.79E+01	1.53E+01	-1.79E+01	1.68E+01	-1.79E+01	1.68E+01	-1.79E+01	1.68E+01	-1.79E+01	-1.79E+01	1.68E+01	1.68E+01	1.68E+01	-2.17E+01	
group_2878	2.54E-01	2.41E-01	2.85E-02	-1.16E-01	8.86E+00	1.49E+00	-1.50E+00	-1.05E+00	-1.10E+00	-1.92E+00	-2.26E+00	-2.73E+00	-2.82E+00	-6.79E-01	-8.63E-01	-1.01E+00	-3.04E+00	1.18E-02	-1.43E+00	-3.63E+00	-8.99E-01	-2.98E+00	-3.04E+00	-3.04E+00	-2.59E+00	-2.59E+00	-2.47E+00	-3.89E-01	-2.59E+00	-3.89E-01	-2.59E+00	-3.89E-01	-2.59E+00	-3.89E-01	-2.59E+00	-2.59E+00	-2.73E-01	-3.89E-01	-3.89E-01	-2.59E+00	matrix-inversion-error
group_2877	2.54E-01	2.41E-01	2.85E-02	-1.16E-01	8.86E+00	1.49E+00	-1.50E+00	-1.05E+00	-1.10E+00	-1.92E+00	-2.26E+00	-2.73E+00	-2.82E+00	-6.79E-01	-8.63E-01	-1.01E+00	-3.04E+00	1.18E-02	-1.43E+00	-3.63E+00	-8.99E-01	-2.98E+00	-3.04E+00	-3.04E+00	-2.59E+00	-2.59E+00	-2.47E+00	-3.89E-01	-2.59E+00	-3.89E-01	-2.59E+00	-3.89E-01	-2.59E+00	-3.89E-01	-2.59E+00	-2.59E+00	-2.73E-01	-3.89E-01	-3.89E-01	-2.59E+00	matrix-inversion-error
group_2876	2.54E-01	2.41E-01	2.85E-02	-1.16E-01	8.86E+00	1.49E+00	-1.50E+00	-1.05E+00	-1.10E+00	-1.92E+00	-2.26E+00	-2.73E+00	-2.82E+00	-6.79E-01	-8.63E-01	-1.01E+00	-3.04E+00	1.18E-02	-1.43E+00	-3.63E+00	-8.99E-01	-2.98E+00	-3.04E+00	-3.04E+00	-2.59E+00	-2.59E+00	-2.47E+00	-3.89E-01	-2.59E+00	-3.89E-01	-2.59E+00	-3.89E-01	-2.59E+00	-3.89E-01	-2.59E+00	-2.59E+00	-2.73E-01	-3.89E-01	-3.89E-01	-2.59E+00	matrix-inversion-error
group_2875	2.54E-01	2.41E-01	2.85E-02	-1.16E-01	8.86E+00	1.49E+00	-1.50E+00	-1.05E+00	-1.10E+00	-1.92E+00	-2.26E+00	-2.73E+00	-2.82E+00	-6.79E-01	-8.63E-01	-1.01E+00	-3.04E+00	1.18E-02	-1.43E+00	-3.63E+00	-8.99E-01	-2.98E+00	-3.04E+00	-3.04E+00	-2.59E+00	-2.59E+00	-2.47E+00	-3.89E-01	-2.59E+00	-3.89E-01	-2.59E+00	-3.89E-01	-2.59E+00	-3.89E-01	-2.59E+00	-2.59E+00	-2.73E-01	-3.89E-01	-3.89E-01	-2.59E+00	matrix-inversion-error
group_2874	2.54E-01	2.41E-01	2.85E-02	-1.16E-01	8.86E+00	1.49E+00	-1.50E+00	-1.05E+00	-1.10E+00	-1.92E+00	-2.26E+00	-2.73E+00	-2.82E+00	-6.79E-01	-8.63E-01	-1.01E+00	-3.04E+00	1.18E-02	-1.43E+00	-3.63E+00	-8.99E-01	-2.98E+00	-3.04E+00	-3.04E+00	-2.59E+00	-2.59E+00	-2.47E+00	-3.89E-01	-2.59E+00	-3.89E-01	-2.59E+00	-3.89E-01	-2.59E+00	-3.89E-01	-2.59E+00	-2.59E+00	-2.73E-01	-3.89E-01	-3.89E-01	-2.59E+00	matrix-inversion-error
group_2873	2.54E-01	2.41E-01	2.85E-02	-1.16E-01	8.86E+00	1.49E+00	-1.50E+00	-1.05E+00	-1.10E+00	-1.92E+00	-2.26E+00	-2.73E+00	-2.82E+00	-6.79E-01	-8.63E-01	-1.01E+00	-3.04E+00	1.18E-02	-1.43E+00	-3.63E+00	-8.99E-01	-2.98E+00	-3.04E+00	-3.04E+00	-2.59E+00	-2.59E+00	-2.47E+00	-3.89E-01	-2.59E+00	-3.89E-01	-2.59E+00	-3.89E-01	-2.59E+00	-3.89E-01	-2.59E+00	-2.59E+00	-2.73E-01	-3.89E-01	-3.89E-01	-2.59E+00	matrix-inversion-error
group_2872	2.54E-01	2.41E-01	2.85E-02	-1.16E-01	8.86E+00	1.49E+00	-1.50E+00	-1.05E+00	-1.10E+00	-1.92E+00	-2.26E+00	-2.73E+00	-2.82E+00	-6.79E-01	-8.63E-01	-1.01E+00	-3.04E+00	1.18E-02	-1.43E+00	-3.63E+00	-8.99E-01	-2.98E+00	-3.04E+00	-3.04E+00	-2.59E+00	-2.59E+00	-2.47E+00	-3.89E-01	-2.59E+00	-3.89E-01	-2.59E+00	-3.89E-01	-2.59E+00	-3.89E-01	-2.59E+00	-2.59E+00	-2.73E-01	-3.89E-01	-3.89E-01	-2.59E+00	matrix-inversion-error
group_614	2.52E-01	3.28E-04	4.24E-02	-3.25E-01	1.60E-01	1.49E+00	-1.31E+00	-9.25E-01	-1.11E+00	-1.95E+00	-2.24E+00	-2.77E+00	-2.89E+00	-3.52E-01	-6.49E-01	-7.31E-01	-3.40E+00	3.04E-01	-1.41E+00	-2.15E+01	-7.95E-01	-1.46E+02	-1.46E+02	-1.46E+02	-1.80E+01	-1.80E+01	-1.80E+01	1.68E+01	-1.80E+01	1.68E+01	-1.80E+01	1.68E+01	-1.80E+01	1.68E+01	-1.80E+01	-1.80E+01	1.68E+01	1.71E+01	1.71E+01	-1.80E+01	
group_2822	2.49E-01	2.16E-08	7.81E-01	4.38E-02	1.57E-01	1.46E+00	-1.52E+00	-1.05E+00	-1.12E+00	-1.94E+00	-2.29E+00	-2.78E+00	-2.89E+00	-6.92E-01	-8.59E-01	-9.82E-01	-3.41E+00	3.31E-01	-1.47E+00	-1.60E+01	-7.67E-01	-1.46E+02	-1.46E+02	-1.46E+02	-1.79E+01	-1.79E+01	-1.79E+01	1.68E+01	-1.79E+01	1.68E+01	-1.79E+01	1.68E+01	-1.79E+01	1.68E+01	-1.79E+01	-1.79E+01	1.68E+01	1.68E+01	1.68E+01	-1.79E+01	
group_1404	2.49E-01	3.16E-08	6.84E-01	6.41E-02	1.58E-01	1.46E+00	-1.53E+00	-1.06E+00	-1.12E+00	-1.94E+00	-2.30E+00	-2.80E+00	-2.90E+00	-7.10E-01	-8.60E-01	-9.96E-01	-3.41E+00	3.33E-01	-1.48E+00	-1.60E+01	-7.66E-01	-1.46E+02	-1.46E+02	-1.46E+02	-1.79E+01	-1.79E+01	-1.79E+01	1.68E+01	-1.79E+01	1.68E+01	-1.79E+01	1.68E+01	-1.79E+01	1.68E+01	-1.79E+01	-1.79E+01	1.68E+01	1.67E+01	1.68E+01	-1.79E+01	
group_697	2.47E-01	1.14E-01	1.68E-01	2.73E-01	2.01E-01	1.39E+00	-1.44E+00	-9.87E-01	-1.30E+00	-1.86E+00	-2.45E+00	-2.69E+00	-2.82E+00	-5.80E-01	-7.85E-01	-8.80E-01	-3.34E+00	3.28E-01	-1.39E+00	-1.60E+01	-6.98E-01	-1.47E+02	-1.47E+02	-1.47E+02	-1.76E+01	-1.87E+01	-1.76E+01	1.66E+01	-1.87E+01	1.66E+01	-1.87E+01	1.69E+01	-1.76E+01	1.66E+01	-1.76E+01	-1.87E+01	1.69E+01	1.69E+01	1.66E+01	-1.87E+01	
cbiO~~~ykoD_4~~~btuD_6~~~ecfA1_1~~~ykoD_3~~~ykoD_2	2.45E-01	1.51E-07	2.06E-02	2.87E+00	9.40E+00	1.46E+00	-4.37E+00	-1.05E+00	-1.11E+00	-1.93E+00	-2.39E+00	-2.72E+00	-5.71E+00	-3.56E+00	-3.76E+00	-1.01E+00	-3.07E+00	6.17E-03	-1.46E+00	-3.66E+00	-9.49E-01	-3.07E+00	-3.07E+00	-3.07E+00	-2.56E+00	-2.56E+00	-2.56E+00	-3.62E-01	-2.56E+00	-3.62E-01	-2.56E+00	-3.62E-01	-5.43E+00	-3.62E-01	-2.56E+00	-2.56E+00	-3.62E-01	-3.24E+00	-3.62E-01	-2.56E+00	matrix-inversion-error
group_2464	2.45E-01	1.51E-07	2.06E-02	2.87E+00	9.40E+00	1.46E+00	-4.37E+00	-1.05E+00	-1.11E+00	-1.93E+00	-2.39E+00	-2.72E+00	-5.71E+00	-3.56E+00	-3.76E+00	-1.01E+00	-3.07E+00	6.17E-03	-1.46E+00	-3.66E+00	-9.49E-01	-3.07E+00	-3.07E+00	-3.07E+00	-2.56E+00	-2.56E+00	-2.56E+00	-3.62E-01	-2.56E+00	-3.62E-01	-2.56E+00	-3.62E-01	-5.43E+00	-3.62E-01	-2.56E+00	-2.56E+00	-3.62E-01	-3.24E+00	-3.62E-01	-2.56E+00	matrix-inversion-error
group_2345	2.45E-01	1.51E-07	2.06E-02	2.87E+00	9.40E+00	1.46E+00	-4.37E+00	-1.05E+00	-1.11E+00	-1.93E+00	-2.39E+00	-2.72E+00	-5.71E+00	-3.56E+00	-3.76E+00	-1.01E+00	-3.07E+00	6.17E-03	-1.46E+00	-3.66E+00	-9.49E-01	-3.07E+00	-3.07E+00	-3.07E+00	-2.56E+00	-2.56E+00	-2.56E+00	-3.62E-01	-2.56E+00	-3.62E-01	-2.56E+00	-3.62E-01	-5.43E+00	-3.62E-01	-2.56E+00	-2.56E+00	-3.62E-01	-3.24E+00	-3.62E-01	-2.56E+00	matrix-inversion-error
btuD_2	2.45E-01	1.51E-07	2.06E-02	2.87E+00	9.40E+00	1.46E+00	-4.37E+00	-1.05E+00	-1.11E+00	-1.93E+00	-2.39E+00	-2.72E+00	-5.71E+00	-3.56E+00	-3.76E+00	-1.01E+00	-3.07E+00	6.17E-03	-1.46E+00	-3.66E+00	-9.49E-01	-3.07E+00	-3.07E+00	-3.07E+00	-2.56E+00	-2.56E+00	-2.56E+00	-3.62E-01	-2.56E+00	-3.62E-01	-2.56E+00	-3.62E-01	-5.43E+00	-3.62E-01	-2.56E+00	-2.56E+00	-3.62E-01	-3.24E+00	-3.62E-01	-2.56E+00	matrix-inversion-error
group_1917	2.45E-01	1.51E-07	2.06E-02	2.87E+00	9.40E+00	1.46E+00	-4.37E+00	-1.05E+00	-1.11E+00	-1.93E+00	-2.39E+00	-2.72E+00	-5.71E+00	-3.56E+00	-3.76E+00	-1.01E+00	-3.07E+00	6.17E-03	-1.46E+00	-3.66E+00	-9.49E-01	-3.07E+00	-3.07E+00	-3.07E+00	-2.56E+00	-2.56E+00	-2.56E+00	-3.62E-01	-2.56E+00	-3.62E-01	-2.56E+00	-3.62E-01	-5.43E+00	-3.62E-01	-2.56E+00	-2.56E+00	-3.62E-01	-3.24E+00	-3.62E-01	-2.56E+00	matrix-inversion-error
mntR	2.45E-01	1.51E-07	2.06E-02	2.87E+00	9.40E+00	1.46E+00	-4.37E+00	-1.05E+00	-1.11E+00	-1.93E+00	-2.39E+00	-2.72E+00	-5.71E+00	-3.56E+00	-3.76E+00	-1.01E+00	-3.07E+00	6.17E-03	-1.46E+00	-3.66E+00	-9.49E-01	-3.07E+00	-3.07E+00	-3.07E+00	-2.56E+00	-2.56E+00	-2.56E+00	-3.62E-01	-2.56E+00	-3.62E-01	-2.56E+00	-3.62E-01	-5.43E+00	-3.62E-01	-2.56E+00	-2.56E+00	-3.62E-01	-3.24E+00	-3.62E-01	-2.56E+00	matrix-inversion-error
group_1656	2.45E-01	1.51E-07	2.06E-02	2.87E+00	9.40E+00	1.46E+00	-4.37E+00	-1.05E+00	-1.11E+00	-1.93E+00	-2.39E+00	-2.72E+00	-5.71E+00	-3.56E+00	-3.76E+00	-1.01E+00	-3.07E+00	6.17E-03	-1.46E+00	-3.66E+00	-9.49E-01	-3.07E+00	-3.07E+00	-3.07E+00	-2.56E+00	-2.56E+00	-2.56E+00	-3.62E-01	-2.56E+00	-3.62E-01	-2.56E+00	-3.62E-01	-5.43E+00	-3.62E-01	-2.56E+00	-2.56E+00	-3.62E-01	-3.24E+00	-3.62E-01	-2.56E+00	matrix-inversion-error
ncsB2	2.45E-01	1.51E-07	2.06E-02	2.87E+00	9.40E+00	1.46E+00	-4.37E+00	-1.05E+00	-1.11E+00	-1.93E+00	-2.39E+00	-2.72E+00	-5.71E+00	-3.56E+00	-3.76E+00	-1.01E+00	-3.07E+00	6.17E-03	-1.46E+00	-3.66E+00	-9.49E-01	-3.07E+00	-3.07E+00	-3.07E+00	-2.56E+00	-2.56E+00	-2.56E+00	-3.62E-01	-2.56E+00	-3.62E-01	-2.56E+00	-3.62E-01	-5.43E+00	-3.62E-01	-2.56E+00	-2.56E+00	-3.62E-01	-3.24E+00	-3.62E-01	-2.56E+00	matrix-inversion-error
group_775	2.45E-01	1.51E-07	2.06E-02	2.87E+00	9.40E+00	1.46E+00	-4.37E+00	-1.05E+00	-1.11E+00	-1.93E+00	-2.39E+00	-2.72E+00	-5.71E+00	-3.56E+00	-3.76E+00	-1.01E+00	-3.07E+00	6.17E-03	-1.46E+00	-3.66E+00	-9.49E-01	-3.07E+00	-3.07E+00	-3.07E+00	-2.56E+00	-2.56E+00	-2.56E+00	-3.62E-01	-2.56E+00	-3.62E-01	-2.56E+00	-3.62E-01	-5.43E+00	-3.62E-01	-2.56E+00	-2.56E+00	-3.62E-01	-3.24E+00	-3.62E-01	-2.56E+00	matrix-inversion-error
group_774	2.45E-01	1.31E-01	2.04E-01	2.53E-01	2.01E-01	1.40E+00	-1.44E+00	-9.93E-01	-1.29E+00	-1.87E+00	-2.44E+00	-2.69E+00	-2.82E+00	-5.87E-01	-7.91E-01	-8.87E-01	-3.34E+00	3.27E-01	-1.40E+00	-1.60E+01	-7.04E-01	-1.47E+02	-1.47E+02	-1.47E+02	-1.76E+01	-1.86E+01	-1.76E+01	1.66E+01	-1.86E+01	1.66E+01	-1.76E+01	1.69E+01	-1.76E+01	1.66E+01	-1.76E+01	-1.86E+01	1.69E+01	1.69E+01	1.66E+01	-1.86E+01	
msbA~~~btuD_3	2.45E-01	1.51E-07	2.06E-02	2.87E+00	9.40E+00	1.46E+00	-4.37E+00	-1.05E+00	-1.11E+00	-1.93E+00	-2.39E+00	-2.72E+00	-5.71E+00	-3.56E+00	-3.76E+00	-1.01E+00	-3.07E+00	6.17E-03	-1.46E+00	-3.66E+00	-9.49E-01	-3.07E+00	-3.07E+00	-3.07E+00	-2.56E+00	-2.56E+00	-2.56E+00	-3.62E-01	-2.56E+00	-3.62E-01	-2.56E+00	-3.62E-01	-5.43E+00	-3.62E-01	-2.56E+00	-2.56E+00	-3.62E-01	-3.24E+00	-3.62E-01	-2.56E+00	matrix-inversion-error
group_2072	2.44E-01	8.82E-02	2.14E-01	2.45E-01	1.99E-01	1.40E+00	-1.44E+00	-9.92E-01	-1.28E+00	-1.87E+00	-2.42E+00	-2.69E+00	-2.83E+00	-5.87E-01	-7.92E-01	-8.88E-01	-3.34E+00	3.28E-01	-1.40E+00	-1.60E+01	-7.05E-01	-1.47E+02	-1.47E+02	-1.47E+02	-1.76E+01	-1.86E+01	-1.76E+01	1.66E+01	-1.76E+01	1.66E+01	-1.76E+01	1.69E+01	-1.76E+01	1.66E+01	-1.76E+01	-1.86E+01	1.69E+01	1.69E+01	1.66E+01	-1.86E+01	
group_268	2.44E-01	8.82E-02	2.14E-01	2.45E-01	1.99E-01	1.40E+00	-1.44E+00	-9.92E-01	-1.28E+00	-1.87E+00	-2.42E+00	-2.69E+00	-2.83E+00	-5.87E-01	-7.92E-01	-8.88E-01	-3.34E+00	3.28E-01	-1.40E+00	-1.60E+01	-7.05E-01	-1.47E+02	-1.47E+02	-1.47E+02	-1.76E+01	-1.86E+01	-1.76E+01	1.66E+01	-1.76E+01	1.66E+01	-1.76E+01	1.69E+01	-1.76E+01	1.66E+01	-1.76E+01	-1.86E+01	1.69E+01	1.69E+01	1.66E+01	-1.86E+01	
group_3623	2.44E-01	1.72E-21	5.82E-01	-1.20E-01	2.19E-01	1.54E+00	-1.58E+00	-1.13E+00	-1.19E+00	-2.01E+00	-2.36E+00	-2.82E+00	-2.95E+00	-7.30E-01	-9.34E-01	-1.03E+00	-3.49E+00	2.51E-01	-1.54E+00	-1.61E+01	-8.47E-01	-1.47E+02	-1.47E+02	-1.47E+02	-1.82E+01	-1.82E+01	-1.82E+01	1.67E+01	-1.82E+01	1.67E+01	-1.82E+01	1.67E+01	-1.82E+01	1.67E+01	-1.82E+01	-1.82E+01	1.67E+01	1.67E+01	1.67E+01	-1.82E+01	
group_1231	2.43E-01	4.11E-03	8.87E-01	-2.13E-02	1.50E-01	1.47E+00	-1.49E+00	-1.05E+00	-1.12E+00	-1.94E+00	-2.28E+00	-2.74E+00	-2.88E+00	-6.35E-01	-8.59E-01	-9.34E-01	-3.41E+00	3.35E-01	-1.47E+00	-2.78E+01	-7.66E-01	-1.46E+02	-1.46E+02	-1.58E+02	-1.79E+01	-1.79E+01	-1.79E+01	1.68E+01	-1.79E+01	1.68E+01	-1.79E+01	1.68E+01	-1.79E+01	1.68E+01	-1.79E+01	-1.79E+01	1.68E+01	1.68E+01	1.68E+01	-1.76E+01	
group_1219	2.43E-01	6.23E-08	6.21E-01	-9.42E-02	1.90E-01	1.47E+00	-1.51E+00	-1.01E+00	-1.11E+00	-1.94E+00	-2.20E+00	-2.68E+00	-2.89E+00	-6.63E-01	-7.73E-01	-9.63E-01	-3.40E+00	4.12E-01	-1.47E+00	-1.61E+01	-7.81E-01	-1.46E+02	-1.46E+02	-1.46E+02	-1.76E+01	-1.79E+01	-1.76E+01	1.68E+01	-1.76E+01	1.68E+01	-1.76E+01	1.68E+01	-1.79E+01	1.68E+01	-1.76E+01	-1.76E+01	1.68E+01	1.68E+01	1.68E+01	-1.79E+01	
group_1217	2.42E-01	9.04E-08	7.04E-01	-7.23E-02	1.90E-01	1.47E+00	-1.50E+00	-1.02E+00	-1.11E+00	-1.94E+00	-2.22E+00	-2.70E+00	-2.88E+00	-6.60E-01	-7.93E-01	-9.61E-01	-3.40E+00	3.93E-01	-1.47E+00	-1.61E+01	-7.78E-01	-1.46E+02	-1.46E+02	-1.46E+02	-1.77E+01	-1.79E+01	-1.77E+01	1.68E+01	-1.77E+01	1.68E+01	-1.77E+01	1.68E+01	-1.79E+01	1.68E+01	-1.77E+01	-1.77E+01	1.68E+01	1.68E+01	1.68E+01	-1.79E+01	
group_676	2.42E-01	6.59E-04	1.17E-01	-2.55E-01	1.63E-01	1.48E+00	-1.34E+00	-9.77E-01	-1.11E+00	-1.95E+00	-2.25E+00	-2.76E+00	-2.88E+00	-4.15E-01	-6.93E-01	-8.41E-01	-3.40E+00	3.10E-01	-1.42E+00	-2.28E+01	-7.88E-01	-1.46E+02	-1.46E+02	-1.46E+02	-1.79E+01	-1.79E+01	-1.79E+01	1.68E+01	-1.79E+01	1.68E+01	-1.79E+01	1.68E+01	-1.79E+01	1.68E+01	-1.79E+01	-1.79E+01	1.68E+01	1.70E+01	1.70E+01	-1.79E+01	
group_664	2.40E-01	2.64E-03	4.44E-01	1.15E-01	1.50E-01	1.46E+00	-1.55E+00	-1.07E+00	-1.12E+00	-1.94E+00	-2.31E+00	-2.78E+00	-2.92E+00	-7.55E-01	-8.76E-01	-1.02E+00	-3.40E+00	2.22E-01	-1.48E+00	-1.60E+01	-8.00E-01	-1.46E+02	-1.47E+02	-1.47E+02	-1.79E+01	-1.79E+01	-1.79E+01	1.68E+01	-1.79E+01	1.68E+01	-1.79E+01	1.68E+01	-1.79E+01	1.68E+01	-1.79E+01	-1.79E+01	1.68E+01	1.67E+01	1.67E+01	-1.82E+01	
group_2221	2.39E-01	1.43E-02	8.01E-01	3.81E-02	1.51E-01	1.46E+00	-1.51E+00	-1.06E+00	-1.11E+00	-1.93E+00	-2.29E+00	-2.76E+00	-2.88E+00	-6.85E-01	-8.55E-01	-9.86E-01	-3.40E+00	3.17E-01	-1.46E+00	-1.96E+01	-7.91E-01	-1.46E+02	-1.46E+02	-1.88E+02	-1.78E+01	-1.78E+01	-1.78E+01	1.68E+01	-1.78E+01	1.68E+01	-1.78E+01	1.68E+01	-1.78E+01	1.68E+01	-1.78E+01	-1.78E+01	1.68E+01	1.68E+01	1.68E+01	-1.83E+01	
group_1395	2.36E-01	1.12E-02	9.54E-01	-1.03E-02	1.78E-01	1.46E+00	-1.49E+00	-1.05E+00	-1.11E+00	-1.94E+00	-2.28E+00	-2.75E+00	-2.88E+00	-6.43E-01	-8.52E-01	-9.45E-01	-3.41E+00	3.37E-01	-1.46E+00	-1.47E+01	-7.67E-01	-1.46E+02	-1.46E+02	-1.46E+02	-1.79E+01	-1.79E+01	-1.79E+01	1.68E+01	-1.79E+01	1.68E+01	-1.79E+01	1.68E+01	-1.79E+01	1.68E+01	-1.79E+01	-1.79E+01	1.68E+01	1.68E+01	1.68E+01	-1.78E+01	
xerC_4~~~intQ~~~xerC_5~~~xerC_6	2.35E-01	6.87E-23	1.94E-01	2.62E-01	2.01E-01	1.32E+00	-1.35E+00	-9.15E-01	-9.70E-01	-1.81E+00	-2.14E+00	-2.60E+00	-2.74E+00	-5.08E-01	-7.13E-01	-8.08E-01	-3.27E+00	2.11E-01	-1.52E+00	-1.59E+01	-6.26E-01	-1.46E+02	-1.46E+02	-1.46E+02	-1.71E+01	-1.71E+01	-1.71E+01	1.69E+01	-1.71E+01	1.69E+01	-1.71E+01	1.67E+01	-1.71E+01	1.69E+01	-1.71E+01	-1.71E+01	1.69E+01	1.69E+01	1.69E+01	-1.84E+01	
group_1433	2.34E-01	1.29E-08	3.29E-02	1.55E-01	8.88E+00	1.46E+00	-1.57E+00	-1.09E+00	-1.11E+00	-1.93E+00	-2.31E+00	-2.82E+00	-2.95E+00	-8.34E-01	-8.96E-01	-1.12E+00	-3.07E+00	9.31E-03	-1.53E+00	-3.69E+00	-1.10E+00	-3.07E+00	-3.07E+00	-3.15E+00	-2.56E+00	-2.56E+00	-2.56E+00	-3.58E-01	-2.56E+00	-3.58E-01	-2.56E+00	-5.13E-01	-2.56E+00	-3.58E-01	-2.56E+00	-2.56E+00	-3.58E-01	-5.13E-01	-3.58E-01	-2.71E+00	matrix-inversion-error
group_250	2.33E-01	4.44E-01	8.89E-01	2.54E-02	1.83E-01	1.46E+00	-1.49E+00	-1.05E+00	-1.13E+00	-1.93E+00	-2.30E+00	-2.74E+00	-2.87E+00	-6.46E-01	-8.50E-01	-9.46E-01	-3.40E+00	3.28E-01	-1.46E+00	-1.60E+01	-7.63E-01	-1.46E+02	-1.46E+02	-1.46E+02	-1.78E+01	-1.80E+01	-1.78E+01	1.68E+01	-1.80E+01	1.68E+01	-1.80E+01	1.68E+01	-1.78E+01	1.68E+01	-1.78E+01	-1.80E+01	1.68E+01	1.68E+01	1.68E+01	-1.80E+01	
group_1392	2.32E-01	1.23E-06	1.60E-01	-2.17E-01	1.54E-01	1.56E+00	-1.55E+00	-1.09E+00	-1.21E+00	-2.03E+00	-2.37E+00	-2.84E+00	-2.97E+00	-7.47E-01	-8.22E-01	-1.05E+00	-3.48E+00	2.34E-01	-1.56E+00	-1.61E+01	-8.65E-01	-1.47E+02	-1.47E+02	-1.47E+02	-1.82E+01	-1.82E+01	-1.82E+01	1.67E+01	-1.82E+01	1.67E+01	-1.82E+01	1.67E+01	-1.82E+01	1.67E+01	-1.82E+01	-1.82E+01	1.67E+01	1.67E+01	1.67E+01	-1.82E+01	
group_2528	2.31E-01	1.20E-07	2.37E-01	2.35E-01	1.99E-01	1.46E+00	-1.69E+00	-1.07E+00	-1.14E+00	-2.08E+00	-2.30E+00	-2.79E+00	-2.88E+00	-6.52E-01	-9.79E-01	-9.52E-01	-3.59E+00	3.29E-01	-1.52E+00	-1.63E+01	-9.25E-01	-1.46E+02	-1.46E+02	-1.46E+02	-1.86E+01	-1.79E+01	-1.86E+01	1.68E+01	-1.86E+01	1.66E+01	-1.79E+01	1.68E+01	-1.86E+01	1.68E+01	-1.86E+01	-1.79E+01	1.68E+01	1.66E+01	1.68E+01	-1.79E+01	
group_608	2.31E-01	7.69E-01	8.43E-01	4.25E-02	2.15E-01	1.45E+00	-1.49E+00	-1.08E+00	-1.11E+00	-1.93E+00	-2.28E+00	-2.78E+00	-2.87E+00	-6.44E-01	-8.49E-01	-9.60E-01	-3.42E+00	2.94E-01	-1.45E+00	-1.60E+01	-7.62E-01	-1.46E+02	-1.46E+02	-1.46E+02	-1.78E+01	-1.78E+01	-1.78E+01	1.68E+01	-1.78E+01	1.68E+01	-1.78E+01	1.68E+01	-1.78E+01	1.68E+01	-1.78E+01	-1.78E+01	1.68E+01	1.68E+01	1.68E+01	-1.80E+01	
group_781	2.29E-01	1.29E-06	9.40E-01	-1.20E-02	1.59E-01	1.46E+00	-1.49E+00	-1.05E+00	-1.11E+00	-1.94E+00	-2.28E+00	-2.74E+00	-2.87E+00	-6.42E-01	-8.58E-01	-9.43E-01	-3.41E+00	3.27E-01	-1.46E+00	-1.61E+01	-7.67E-01	-1.46E+02	-1.46E+02	-1.50E+02	-1.79E+01	-1.79E+01	-1.79E+01	1.68E+01	-1.79E+01	1.68E+01	-1.79E+01	1.68E+01	-1.79E+01	1.68E+01	-1.79E+01	-1.79E+01	1.68E+01	1.68E+01	1.68E+01	-1.77E+01	
xerC_1~~~xerD~~~xerC_5~~~xerC_2~~~IntTn_2~~~IntTn_3	2.28E-01	1.63E-19	1.00E+00	8.47E-01	8.59E+00	1.46E+00	-1.50E+00	-1.05E+00	-1.96E+00	-2.78E+00	-2.27E+00	-3.57E+00	-3.68E+00	-6.82E-01	-1.74E+00	-1.01E+00	-3.07E+00	6.17E-03	-1.46E+00	-3.41E+00	-9.49E-01	-3.92E+00	-3.92E+00	-3.92E+00	-3.41E+00	-2.56E+00	-3.41E+00	-1.21E+00	-2.56E+00	-1.21E+00	-2.56E+00	-3.62E-01	-3.41E+00	-1.21E+00	-2.56E+00	-3.41E+00	-3.62E-01	-1.21E+00	-3.62E-01	-2.56E+00	matrix-inversion-error
group_1366	2.27E-01	8.44E-01	5.87E-01	1.19E-01	2.21E-01	1.44E+00	-1.47E+00	-1.13E+00	-1.09E+00	-1.91E+00	-2.26E+00	-2.84E+00	-2.85E+00	-6.28E-01	-8.33E-01	-9.73E-01	-3.39E+00	2.33E-01	-1.44E+00	-1.60E+01	-7.46E-01	-1.46E+02	-1.46E+02	-1.46E+02	-1.78E+01	-1.78E+01	-1.78E+01	1.68E+01	-1.78E+01	1.68E+01	-1.78E+01	1.68E+01	-1.78E+01	1.68E+01	-1.78E+01	-1.78E+01	1.68E+01	1.68E+01	1.68E+01	-1.83E+01	
group_1029	2.27E-01	2.94E-19	1.00E+00	1.48E+04	8.42E+00	1.46E+00	-1.49E+00	-1.05E+00	-1.48E+04	-1.48E+04	-2.26E+00	-1.48E+04	-1.48E+04	-6.78E-01	-1.48E+04	-1.00E+00	-3.06E+00	1.10E-02	-1.46E+00	-3.65E+00	-9.44E-01	-1.48E+04	-1.48E+04	-1.48E+04	-3.22E+01	-4.39E+01	-3.22E+01	3.33E+04	-4.39E+01	3.33E+04	-4.39E+01	4.80E+04	-3.22E+01	3.33E+04	-4.39E+01	-3.22E+01	4.80E+04	3.33E+04	4.80E+04	-4.39E+01	matrix-inversion-error
group_885	2.27E-01	8.44E-01	5.87E-01	1.19E-01	2.21E-01	1.44E+00	-1.47E+00	-1.13E+00	-1.09E+00	-1.91E+00	-2.26E+00	-2.84E+00	-2.85E+00	-6.28E-01	-8.33E-01	-9.73E-01	-3.39E+00	2.33E-01	-1.44E+00	-1.60E+01	-7.46E-01	-1.46E+02	-1.46E+02	-1.46E+02	-1.78E+01	-1.78E+01	-1.78E+01	1.68E+01	-1.78E+01	1.68E+01	-1.78E+01	1.68E+01	-1.78E+01	1.68E+01	-1.78E+01	-1.78E+01	1.68E+01	1.68E+01	1.68E+01	-1.83E+01	
group_352	2.27E-01	1.02E-08	5.63E-01	8.84E-02	1.53E-01	1.43E+00	-1.48E+00	-1.04E+00	-1.09E+00	-1.91E+00	-2.26E+00	-2.71E+00	-2.84E+00	-6.67E-01	-8.29E-01	-9.86E-01	-3.41E+00	3.61E-01	-1.43E+00	-1.59E+01	-7.37E-01	-1.46E+02	-1.46E+02	-1.46E+02	-1.78E+01	-1.78E+01	-1.78E+01	1.68E+01	-1.78E+01	1.68E+01	-1.78E+01	1.67E+01	-1.78E+01	1.68E+01	-1.78E+01	-1.78E+01	1.67E+01	1.67E+01	1.68E+01	-1.78E+01	
group_2009	2.26E-01	2.71E-08	6.68E-01	6.72E-02	1.57E-01	1.44E+00	-1.48E+00	-1.04E+00	-1.09E+00	-1.92E+00	-2.26E+00	-2.72E+00	-2.85E+00	-6.63E-01	-8.36E-01	-9.95E-01	-3.45E+00	3.54E-01	-1.44E+00	-1.60E+01	-7.45E-01	-1.46E+02	-1.46E+02	-1.46E+02	-1.78E+01	-1.78E+01	-1.78E+01	1.68E+01	-1.80E+01	1.68E+01	-1.78E+01	1.68E+01	-1.78E+01	1.68E+01	-1.78E+01	-1.78E+01	1.68E+01	1.68E+01	1.68E+01	-1.78E+01	
group_597	2.26E-01	6.41E-10	6.83E-01	6.40E-02	1.57E-01	1.44E+00	-1.48E+00	-1.04E+00	-1.10E+00	-1.92E+00	-2.26E+00	-2.72E+00	-2.85E+00	-6.63E-01	-8.37E-01	-9.93E-01	-3.39E+00	2.88E-01	-1.44E+00	-1.60E+01	-7.46E-01	-1.46E+02	-1.46E+02	-1.46E+02	-1.78E+01	-1.78E+01	-1.78E+01	1.68E+01	-1.78E+01	1.68E+01	-1.78E+01	1.68E+01	-1.78E+01	1.68E+01	-1.78E+01	-1.78E+01	1.68E+01	1.68E+01	1.68E+01	-1.80E+01	
group_219	2.26E-01	6.41E-10	6.83E-01	6.40E-02	1.57E-01	1.44E+00	-1.48E+00	-1.04E+00	-1.10E+00	-1.92E+00	-2.26E+00	-2.72E+00	-2.85E+00	-6.63E-01	-8.37E-01	-9.93E-01	-3.39E+00	2.88E-01	-1.44E+00	-1.60E+01	-7.46E-01	-1.46E+02	-1.46E+02	-1.46E+02	-1.78E+01	-1.78E+01	-1.78E+01	1.68E+01	-1.78E+01	1.68E+01	-1.78E+01	1.68E+01	-1.78E+01	1.68E+01	-1.78E+01	-1.78E+01	1.68E+01	1.68E+01	1.68E+01	-1.80E+01	
group_2631	2.25E-01	2.21E-08	7.12E-01	5.79E-02	1.57E-01	1.44E+00	-1.49E+00	-1.04E+00	-1.10E+00	-1.92E+00	-2.26E+00	-2.73E+00	-2.86E+00	-6.62E-01	-8.39E-01	-9.89E-01	-3.44E+00	3.50E-01	-1.44E+00	-1.60E+01	-7.49E-01	-1.46E+02	-1.46E+02	-1.46E+02	-1.78E+01	-1.78E+01	-1.78E+01	1.68E+01	-1.80E+01	1.68E+01	-1.78E+01	1.68E+01	-1.78E+01	1.68E+01	-1.78E+01	-1.78E+01	1.68E+01	1.68E+01	1.68E+01	-1.78E+01	
group_2022	2.25E-01	1.11E-09	7.64E-01	4.72E-02	1.57E-01	1.45E+00	-1.49E+00	-1.04E+00	-1.10E+00	-1.92E+00	-2.27E+00	-2.73E+00	-2.86E+00	-6.60E-01	-8.42E-01	-9.82E-01	-3.40E+00	2.99E-01	-1.45E+00	-1.60E+01	-7.53E-01	-1.46E+02	-1.46E+02	-1.46E+02	-1.78E+01	-1.78E+01	-1.78E+01	1.68E+01	-1.78E+01	1.68E+01	-1.78E+01	1.68E+01	-1.78E+01	1.68E+01	-1.78E+01	-1.78E+01	1.68E+01	1.68E+01	1.68E+01	-1.80E+01	
group_1664	2.25E-01	1.11E-09	7.64E-01	4.72E-02	1.57E-01	1.45E+00	-1.49E+00	-1.04E+00	-1.10E+00	-1.92E+00	-2.27E+00	-2.73E+00	-2.86E+00	-6.60E-01	-8.42E-01	-9.82E-01	-3.40E+00	2.99E-01	-1.45E+00	-1.60E+01	-7.53E-01	-1.46E+02	-1.46E+02	-1.46E+02	-1.78E+01	-1.78E+01	-1.78E+01	1.68E+01	-1.78E+01	1.68E+01	-1.78E+01	1.68E+01	-1.78E+01	1.68E+01	-1.78E+01	-1.78E+01	1.68E+01	1.68E+01	1.68E+01	-1.80E+01	
group_426	2.25E-01	2.21E-08	7.12E-01	5.79E-02	1.57E-01	1.44E+00	-1.49E+00	-1.04E+00	-1.10E+00	-1.92E+00	-2.26E+00	-2.73E+00	-2.86E+00	-6.62E-01	-8.39E-01	-9.89E-01	-3.44E+00	3.50E-01	-1.44E+00	-1.60E+01	-7.49E-01	-1.46E+02	-1.46E+02	-1.46E+02	-1.78E+01	-1.78E+01	-1.78E+01	1.68E+01	-1.80E+01	1.68E+01	-1.78E+01	1.68E+01	-1.78E+01	1.68E+01	-1.78E+01	-1.78E+01	1.68E+01	1.68E+01	1.68E+01	-1.78E+01	
group_419	2.25E-01	2.21E-08	6.99E-01	6.06E-02	1.57E-01	1.44E+00	-1.49E+00	-1.04E+00	-1.10E+00	-1.92E+00	-2.26E+00	-2.72E+00	-2.85E+00	-6.62E-01	-8.38E-01	-9.90E-01	-3.44E+00	3.51E-01	-1.44E+00	-1.60E+01	-7.48E-01	-1.46E+02	-1.46E+02	-1.46E+02	-1.78E+01	-1.78E+01	-1.78E+01	1.68E+01	-1.80E+01	1.68E+01	-1.78E+01	1.68E+01	-1.78E+01	1.68E+01	-1.78E+01	-1.78E+01	1.68E+01	1.68E+01	1.68E+01	-1.78E+01	
group_144	2.25E-01	1.11E-09	7.64E-01	4.72E-02	1.57E-01	1.45E+00	-1.49E+00	-1.04E+00	-1.10E+00	-1.92E+00	-2.27E+00	-2.73E+00	-2.86E+00	-6.60E-01	-8.42E-01	-9.82E-01	-3.40E+00	2.99E-01	-1.45E+00	-1.60E+01	-7.53E-01	-1.46E+02	-1.46E+02	-1.46E+02	-1.78E+01	-1.78E+01	-1.78E+01	1.68E+01	-1.78E+01	1.68E+01	-1.78E+01	1.68E+01	-1.78E+01	1.68E+01	-1.78E+01	-1.78E+01	1.68E+01	1.68E+01	1.68E+01	-1.80E+01	
group_2399	2.24E-01	4.49E-22	4.51E-01	1.59E-01	2.10E-01	1.37E+00	-1.41E+00	-9.64E-01	-1.03E+00	-1.85E+00	-2.19E+00	-2.66E+00	-2.79E+00	-5.64E-01	-7.69E-01	-8.64E-01	-3.32E+00	4.17E-01	-1.49E+00	-1.59E+01	-6.82E-01	-1.46E+02	-1.46E+02	-1.46E+02	-1.74E+01	-1.74E+01	-1.74E+01	1.69E+01	-1.74E+01	1.69E+01	-1.74E+01	1.67E+01	-1.74E+01	1.69E+01	-1.74E+01	-1.74E+01	1.69E+01	1.69E+01	1.69E+01	-1.74E+01	
group_2281	2.24E-01	4.49E-22	4.51E-01	1.59E-01	2.10E-01	1.37E+00	-1.41E+00	-9.64E-01	-1.03E+00	-1.85E+00	-2.19E+00	-2.66E+00	-2.79E+00	-5.64E-01	-7.69E-01	-8.64E-01	-3.32E+00	4.17E-01	-1.49E+00	-1.59E+01	-6.82E-01	-1.46E+02	-1.46E+02	-1.46E+02	-1.74E+01	-1.74E+01	-1.74E+01	1.69E+01	-1.74E+01	1.69E+01	-1.74E+01	1.67E+01	-1.74E+01	1.69E+01	-1.74E+01	-1.74E+01	1.69E+01	1.69E+01	1.69E+01	-1.74E+01	
group_2212	2.24E-01	1.39E-08	5.66E-01	9.04E-02	1.58E-01	1.43E+00	-1.48E+00	-1.03E+00	-1.09E+00	-1.91E+00	-2.25E+00	-2.71E+00	-2.84E+00	-6.67E-01	-8.29E-01	-1.01E+00	-3.47E+00	3.62E-01	-1.43E+00	-1.60E+01	-7.36E-01	-1.46E+02	-1.46E+02	-1.46E+02	-1.77E+01	-1.77E+01	-1.77E+01	1.68E+01	-1.81E+01	1.68E+01	-1.77E+01	1.68E+01	-1.77E+01	1.68E+01	-1.77E+01	-1.77E+01	1.67E+01	1.67E+01	1.68E+01	-1.77E+01	
group_2061	2.24E-01	4.49E-22	4.51E-01	1.59E-01	2.10E-01	1.37E+00	-1.41E+00	-9.64E-01	-1.03E+00	-1.85E+00	-2.19E+00	-2.66E+00	-2.79E+00	-5.64E-01	-7.69E-01	-8.64E-01	-3.32E+00	4.17E-01	-1.49E+00	-1.59E+01	-6.82E-01	-1.46E+02	-1.46E+02	-1.46E+02	-1.74E+01	-1.74E+01	-1.74E+01	1.69E+01	-1.74E+01	1.69E+01	-1.74E+01	1.67E+01	-1.74E+01	1.69E+01	-1.74E+01	-1.74E+01	1.69E+01	1.69E+01	1.69E+01	-1.74E+01	
group_367	2.24E-01	4.49E-22	4.51E-01	1.59E-01	2.10E-01	1.37E+00	-1.41E+00	-9.64E-01	-1.03E+00	-1.85E+00	-2.19E+00	-2.66E+00	-2.79E+00	-5.64E-01	-7.69E-01	-8.64E-01	-3.32E+00	4.17E-01	-1.49E+00	-1.59E+01	-6.82E-01	-1.46E+02	-1.46E+02	-1.46E+02	-1.74E+01	-1.74E+01	-1.74E+01	1.69E+01	-1.74E+01	1.69E+01	-1.74E+01	1.67E+01	-1.74E+01	1.69E+01	-1.74E+01	-1.74E+01	1.69E+01	1.69E+01	1.69E+01	-1.74E+01	
group_361	2.24E-01	4.49E-22	4.51E-01	1.59E-01	2.10E-01	1.37E+00	-1.41E+00	-9.64E-01	-1.03E+00	-1.85E+00	-2.19E+00	-2.66E+00	-2.79E+00	-5.64E-01	-7.69E-01	-8.64E-01	-3.32E+00	4.17E-01	-1.49E+00	-1.59E+01	-6.82E-01	-1.46E+02	-1.46E+02	-1.46E+02	-1.74E+01	-1.74E+01	-1.74E+01	1.69E+01	-1.74E+01	1.69E+01	-1.74E+01	1.67E+01	-1.74E+01	1.69E+01	-1.74E+01	-1.74E+01	1.69E+01	1.69E+01	1.69E+01	-1.74E+01	
group_2871	2.21E-01	2.81E-04	1.00E+00	4.36E+03	9.08E+00	1.38E+00	-4.36E+03	-9.74E-01	-1.04E+00	-1.85E+00	-2.19E+00	-2.65E+00	-2.75E+00	-4.36E+03	-4.36E+03	-4.36E+03	-2.99E+00	8.46E-02	-1.38E+00	-4.36E+03	-8.71E-01	-2.99E+00	-2.99E+00	-2.99E+00	1.94E+04	1.94E+04	1.94E+04	1.01E+05	1.94E+04	1.01E+05	1.94E+04	1.01E+05	1.51E+04	1.01E+05	1.51E+04	1.94E+04	1.01E+05	-4.05E+03	1.01E+05	1.94E+04	matrix-inversion-error
group_2866	2.21E-01	2.81E-04	1.00E+00	4.36E+03	9.08E+00	1.38E+00	-4.36E+03	-9.74E-01	-1.04E+00	-1.85E+00	-2.19E+00	-2.65E+00	-2.75E+00	-4.36E+03	-4.36E+03	-4.36E+03	-2.99E+00	8.46E-02	-1.38E+00	-4.36E+03	-8.71E-01	-2.99E+00	-2.99E+00	-2.99E+00	1.94E+04	1.94E+04	1.94E+04	1.01E+05	1.94E+04	1.01E+05	1.94E+04	1.01E+05	1.51E+04	1.01E+05	1.51E+04	1.94E+04	1.01E+05	-4.05E+03	1.01E+05	1.94E+04	matrix-inversion-error
group_2301	2.21E-01	1.90E-22	3.88E-01	1.82E-01	2.11E-01	1.36E+00	-1.40E+00	-9.51E-01	-1.01E+00	-1.84E+00	-2.18E+00	-2.65E+00	-2.78E+00	-5.51E-01	-7.56E-01	-8.51E-01	-3.31E+00	4.30E-01	-1.36E+00	-1.59E+01	-6.69E-01	-1.46E+02	-1.46E+02	-1.46E+02	-1.74E+01	-1.74E+01	-1.74E+01	1.69E+01	-1.74E+01	1.69E+01	-1.74E+01	1.69E+01	-1.74E+01	1.69E+01	-1.74E+01	-1.74E+01	1.69E+01	1.69E+01	1.69E+01	-1.74E+01	
group_1586	2.21E-01	1.90E-22	3.88E-01	1.82E-01	2.11E-01	1.36E+00	-1.40E+00	-9.51E-01	-1.01E+00	-1.84E+00	-2.18E+00	-2.65E+00	-2.78E+00	-5.51E-01	-7.56E-01	-8.51E-01	-3.31E+00	4.30E-01	-1.36E+00	-1.59E+01	-6.69E-01	-1.46E+02	-1.46E+02	-1.46E+02	-1.74E+01	-1.74E+01	-1.74E+01	1.69E+01	-1.74E+01	1.69E+01	-1.74E+01	1.69E+01	-1.74E+01	1.69E+01	-1.74E+01	-1.74E+01	1.69E+01	1.69E+01	1.69E+01	-1.74E+01	
group_4	2.21E-01	1.90E-22	3.88E-01	1.82E-01	2.11E-01	1.36E+00	-1.40E+00	-9.51E-01	-1.01E+00	-1.84E+00	-2.18E+00	-2.65E+00	-2.78E+00	-5.51E-01	-7.56E-01	-8.51E-01	-3.31E+00	4.30E-01	-1.36E+00	-1.59E+01	-6.69E-01	-1.46E+02	-1.46E+02	-1.46E+02	-1.74E+01	-1.74E+01	-1.74E+01	1.69E+01	-1.74E+01	1.69E+01	-1.74E+01	1.69E+01	-1.74E+01	1.69E+01	-1.74E+01	-1.74E+01	1.69E+01	1.69E+01	1.69E+01	-1.74E+01	
group_2311	2.21E-01	1.23E-09	6.83E-01	6.40E-02	1.57E-01	1.44E+00	-1.48E+00	-1.04E+00	-1.10E+00	-1.92E+00	-2.26E+00	-2.72E+00	-2.85E+00	-6.63E-01	-8.37E-01	-9.93E-01	-3.39E+00	3.52E-01	-1.44E+00	-1.60E+01	-7.46E-01	-1.46E+02	-1.46E+02	-1.46E+02	-1.78E+01	-1.78E+01	-1.78E+01	1.68E+01	-1.78E+01	1.68E+01	-1.78E+01	1.68E+01	-1.78E+01	1.68E+01	-1.78E+01	-1.78E+01	1.68E+01	1.68E+01	1.68E+01	-1.78E+01	
group_2211	2.21E-01	1.23E-09	6.61E-01	6.87E-02	1.57E-01	1.44E+00	-1.48E+00	-1.04E+00	-1.09E+00	-1.91E+00	-2.26E+00	-2.72E+00	-2.85E+00	-6.63E-01	-8.36E-01	-9.96E-01	-3.40E+00	3.54E-01	-1.44E+00	-1.60E+01	-7.45E-01	-1.46E+02	-1.46E+02	-1.46E+02	-1.78E+01	-1.78E+01	-1.78E+01	1.68E+01	-1.78E+01	1.68E+01	-1.78E+01	1.68E+01	-1.78E+01	1.68E+01	-1.78E+01	-1.78E+01	1.68E+01	1.68E+01	1.68E+01	-1.78E+01	
group_711	2.21E-01	1.23E-09	6.83E-01	6.40E-02	1.57E-01	1.44E+00	-1.48E+00	-1.04E+00	-1.10E+00	-1.92E+00	-2.26E+00	-2.72E+00	-2.85E+00	-6.63E-01	-8.37E-01	-9.93E-01	-3.39E+00	3.52E-01	-1.44E+00	-1.60E+01	-7.46E-01	-1.46E+02	-1.46E+02	-1.46E+02	-1.78E+01	-1.78E+01	-1.78E+01	1.68E+01	-1.78E+01	1.68E+01	-1.78E+01	1.68E+01	-1.78E+01	1.68E+01	-1.78E+01	-1.78E+01	1.68E+01	1.68E+01	1.68E+01	-1.78E+01	
group_334	2.21E-01	1.23E-09	6.83E-01	6.40E-02	1.57E-01	1.44E+00	-1.48E+00	-1.04E+00	-1.10E+00	-1.92E+00	-2.26E+00	-2.72E+00	-2.85E+00	-6.63E-01	-8.37E-01	-9.93E-01	-3.39E+00	3.52E-01	-1.44E+00	-1.60E+01	-7.46E-01	-1.46E+02	-1.46E+02	-1.46E+02	-1.78E+01	-1.78E+01	-1.78E+01	1.68E+01	-1.78E+01	1.68E+01	-1.78E+01	1.68E+01	-1.78E+01	1.68E+01	-1.78E+01	-1.78E+01	1.68E+01	1.68E+01	1.68E+01	-1.78E+01	
group_65	2.21E-01	2.12E-03	8.62E-01	-2.87E-02	1.65E-01	1.47E+00	-1.51E+00	-1.06E+00	-1.12E+00	-1.95E+00	-2.28E+00	-2.76E+00	-2.88E+00	-6.64E-01	-8.69E-01	-9.64E-01	-3.42E+00	3.29E-01	-1.47E+00	-2.60E+01	-7.62E-01	-1.46E+02	-1.46E+02	-1.65E+02	-1.81E+01	-1.81E+01	-1.81E+01	1.68E+01	-1.81E+01	1.68E+01	-1.76E+01	1.68E+01	-1.81E+01	1.68E+01	-1.81E+01	-1.81E+01	1.68E+01	1.68E+01	1.68E+01	-1.81E+01	
group_2740	2.20E-01	1.61E-09	7.28E-01	5.44E-02	1.57E-01	1.44E+00	-1.49E+00	-1.04E+00	-1.10E+00	-1.92E+00	-2.26E+00	-2.73E+00	-2.86E+00	-6.61E-01	-8.40E-01	-9.87E-01	-3.40E+00	3.49E-01	-1.44E+00	-1.60E+01	-7.50E-01	-1.46E+02	-1.46E+02	-1.46E+02	-1.78E+01	-1.78E+01	-1.78E+01	1.68E+01	-1.78E+01	1.68E+01	-1.78E+01	1.68E+01	-1.78E+01	1.68E+01	-1.78E+01	-1.78E+01	1.68E+01	1.68E+01	1.68E+01	-1.78E+01	
group_2739	2.20E-01	1.61E-09	7.28E-01	5.44E-02	1.57E-01	1.44E+00	-1.49E+00	-1.04E+00	-1.10E+00	-1.92E+00	-2.26E+00	-2.73E+00	-2.86E+00	-6.61E-01	-8.40E-01	-9.87E-01	-3.40E+00	3.49E-01	-1.44E+00	-1.60E+01	-7.50E-01	-1.46E+02	-1.46E+02	-1.46E+02	-1.78E+01	-1.78E+01	-1.78E+01	1.68E+01	-1.78E+01	1.68E+01	-1.78E+01	1.68E+01	-1.78E+01	1.68E+01	-1.78E+01	-1.78E+01	1.68E+01	1.68E+01	1.68E+01	-1.78E+01	
group_2010	2.20E-01	7.38E-10	6.47E-01	7.19E-02	1.57E-01	1.44E+00	-1.48E+00	-1.04E+00	-1.09E+00	-1.91E+00	-2.26E+00	-2.72E+00	-2.85E+00	-6.64E-01	-8.35E-01	-9.98E-01	-3.39E+00	3.55E-01	-1.44E+00	-1.60E+01	-7.43E-01	-1.46E+02	-1.46E+02	-1.46E+02	-1.78E+01	-1.78E+01	-1.78E+01	1.68E+01	-1.78E+01	1.68E+01	-1.78E+01	1.68E+01	-1.78E+01	1.68E+01	-1.78E+01	-1.78E+01	1.68E+01	1.68E+01	1.68E+01	-1.78E+01	
group_1942	2.20E-01	1.61E-09	7.28E-01	5.44E-02	1.57E-01	1.44E+00	-1.49E+00	-1.04E+00	-1.10E+00	-1.92E+00	-2.26E+00	-2.73E+00	-2.86E+00	-6.61E-01	-8.40E-01	-9.87E-01	-3.40E+00	3.49E-01	-1.44E+00	-1.60E+01	-7.50E-01	-1.46E+02	-1.46E+02	-1.46E+02	-1.78E+01	-1.78E+01	-1.78E+01	1.68E+01	-1.78E+01	1.68E+01	-1.78E+01	1.68E+01	-1.78E+01	1.68E+01	-1.78E+01	-1.78E+01	1.68E+01	1.68E+01	1.68E+01	-1.78E+01	
group_1631	2.20E-01	1.61E-09	7.28E-01	5.44E-02	1.57E-01	1.44E+00	-1.49E+00	-1.04E+00	-1.10E+00	-1.92E+00	-2.26E+00	-2.73E+00	-2.86E+00	-6.61E-01	-8.40E-01	-9.87E-01	-3.40E+00	3.49E-01	-1.44E+00	-1.60E+01	-7.50E-01	-1.46E+02	-1.46E+02	-1.46E+02	-1.78E+01	-1.78E+01	-1.78E+01	1.68E+01	-1.78E+01	1.68E+01	-1.78E+01	1.68E+01	-1.78E+01	1.68E+01	-1.78E+01	-1.78E+01	1.68E+01	1.68E+01	1.68E+01	-1.78E+01	
group_1630	2.20E-01	1.61E-09	7.28E-01	5.44E-02	1.57E-01	1.44E+00	-1.49E+00	-1.04E+00	-1.10E+00	-1.92E+00	-2.26E+00	-2.73E+00	-2.86E+00	-6.61E-01	-8.40E-01	-9.87E-01	-3.40E+00	3.49E-01	-1.44E+00	-1.60E+01	-7.50E-01	-1.46E+02	-1.46E+02	-1.46E+02	-1.78E+01	-1.78E+01	-1.78E+01	1.68E+01	-1.78E+01	1.68E+01	-1.78E+01	1.68E+01	-1.78E+01	1.68E+01	-1.78E+01	-1.78E+01	1.68E+01	1.68E+01	1.68E+01	-1.78E+01	
group_1442	2.20E-01	1.61E-09	7.28E-01	5.44E-02	1.57E-01	1.44E+00	-1.49E+00	-1.04E+00	-1.10E+00	-1.92E+00	-2.26E+00	-2.73E+00	-2.86E+00	-6.61E-01	-8.40E-01	-9.87E-01	-3.40E+00	3.49E-01	-1.44E+00	-1.60E+01	-7.50E-01	-1.46E+02	-1.46E+02	-1.46E+02	-1.78E+01	-1.78E+01	-1.78E+01	1.68E+01	-1.78E+01	1.68E+01	-1.78E+01	1.68E+01	-1.78E+01	1.68E+01	-1.78E+01	-1.78E+01	1.68E+01	1.68E+01	1.68E+01	-1.78E+01	
group_1028	2.20E-01	1.84E-03	5.83E-01	1.56E-01	2.88E-01	1.44E+00	-1.48E+00	-1.03E+00	-1.24E+00	-2.07E+00	-2.26E+00	-2.73E+00	-3.00E+00	-6.32E-01	-8.37E-01	-9.32E-01	-3.55E+00	3.28E-01	-1.44E+00	-1.60E+01	-8.53E-01	-1.47E+02	-1.47E+02	-1.47E+02	-1.85E+01	-1.85E+01	-1.85E+01	1.68E+01	-1.85E+01	1.67E+01	-1.78E+01	1.68E+01	-1.78E+01	1.67E+01	-1.78E+01	-1.85E+01	1.67E+01	1.68E+01	1.67E+01	-1.78E+01	
group_749	2.20E-01	1.61E-09	7.28E-01	5.44E-02	1.57E-01	1.44E+00	-1.49E+00	-1.04E+00	-1.10E+00	-1.92E+00	-2.26E+00	-2.73E+00	-2.86E+00	-6.61E-01	-8.40E-01	-9.87E-01	-3.40E+00	3.49E-01	-1.44E+00	-1.60E+01	-7.50E-01	-1.46E+02	-1.46E+02	-1.46E+02	-1.78E+01	-1.78E+01	-1.78E+01	1.68E+01	-1.78E+01	1.68E+01	-1.78E+01	1.68E+01	-1.78E+01	1.68E+01	-1.78E+01	-1.78E+01	1.68E+01	1.68E+01	1.68E+01	-1.78E+01	
group_735	2.20E-01	6.55E-05	3.72E-02	4.20E-01	2.04E-01	1.45E+00	-1.51E+00	-1.21E+00	-1.42E+00	-1.95E+00	-2.67E+00	-2.74E+00	-3.28E+00	-6.51E-01	-9.83E-01	-9.36E-01	-3.45E+00	3.45E-01	-1.45E+00	-1.60E+01	-7.54E-01	-1.46E+02	-1.47E+02	-7.11E+01	-1.78E+01	-1.78E+01	-1.78E+01	1.68E+01	-1.78E+01	1.68E+01	-1.78E+01	1.68E+01	-1.91E+01	1.68E+01	-1.78E+01	-1.78E+01	1.68E+01	1.68E+01	1.68E+01	-1.78E+01	
group_643	2.20E-01	1.61E-09	7.28E-01	5.44E-02	1.57E-01	1.44E+00	-1.49E+00	-1.04E+00	-1.10E+00	-1.92E+00	-2.26E+00	-2.73E+00	-2.86E+00	-6.61E-01	-8.40E-01	-9.87E-01	-3.40E+00	3.49E-01	-1.44E+00	-1.60E+01	-7.50E-01	-1.46E+02	-1.46E+02	-1.46E+02	-1.78E+01	-1.78E+01	-1.78E+01	1.68E+01	-1.78E+01	1.68E+01	-1.78E+01	1.68E+01	-1.78E+01	1.68E+01	-1.78E+01	-1.78E+01	1.68E+01	1.68E+01	1.68E+01	-1.78E+01	
group_526	2.20E-01	1.61E-09	7.28E-01	5.44E-02	1.57E-01	1.44E+00	-1.49E+00	-1.04E+00	-1.10E+00	-1.92E+00	-2.26E+00	-2.73E+00	-2.86E+00	-6.61E-01	-8.40E-01	-9.87E-01	-3.40E+00	3.49E-01	-1.44E+00	-1.60E+01	-7.50E-01	-1.46E+02	-1.46E+02	-1.46E+02	-1.78E+01	-1.78E+01	-1.78E+01	1.68E+01	-1.78E+01	1.68E+01	-1.78E+01	1.68E+01	-1.78E+01	1.68E+01	-1.78E+01	-1.78E+01	1.68E+01	1.68E+01	1.68E+01	-1.78E+01	
group_525	2.20E-01	1.61E-09	7.28E-01	5.44E-02	1.57E-01	1.44E+00	-1.49E+00	-1.04E+00	-1.10E+00	-1.92E+00	-2.26E+00	-2.73E+00	-2.86E+00	-6.61E-01	-8.40E-01	-9.87E-01	-3.40E+00	3.49E-01	-1.44E+00	-1.60E+01	-7.50E-01	-1.46E+02	-1.46E+02	-1.46E+02	-1.78E+01	-1.78E+01	-1.78E+01	1.68E+01	-1.78E+01	1.68E+01	-1.78E+01	1.68E+01	-1.78E+01	1.68E+01	-1.78E+01	-1.78E+01	1.68E+01	1.68E+01	1.68E+01	-1.78E+01	
group_524	2.20E-01	1.61E-09	7.28E-01	5.44E-02	1.57E-01	1.44E+00	-1.49E+00	-1.04E+00	-1.10E+00	-1.92E+00	-2.26E+00	-2.73E+00	-2.86E+00	-6.61E-01	-8.40E-01	-9.87E-01	-3.40E+00	3.49E-01	-1.44E+00	-1.60E+01	-7.50E-01	-1.46E+02	-1.46E+02	-1.46E+02	-1.78E+01	-1.78E+01	-1.78E+01	1.68E+01	-1.78E+01	1.68E+01	-1.78E+01	1.68E+01	-1.78E+01	1.68E+01	-1.78E+01	-1.78E+01	1.68E+01	1.68E+01	1.68E+01	-1.78E+01	
group_523	2.20E-01	1.61E-09	7.28E-01	5.44E-02	1.57E-01	1.44E+00	-1.49E+00	-1.04E+00	-1.10E+00	-1.92E+00	-2.26E+00	-2.73E+00	-2.86E+00	-6.61E-01	-8.40E-01	-9.87E-01	-3.40E+00	3.49E-01	-1.44E+00	-1.60E+01	-7.50E-01	-1.46E+02	-1.46E+02	-1.46E+02	-1.78E+01	-1.78E+01	-1.78E+01	1.68E+01	-1.78E+01	1.68E+01	-1.78E+01	1.68E+01	-1.78E+01	1.68E+01	-1.78E+01	-1.78E+01	1.68E+01	1.68E+01	1.68E+01	-1.78E+01	
group_467	2.20E-01	1.61E-09	7.28E-01	5.44E-02	1.57E-01	1.44E+00	-1.49E+00	-1.04E+00	-1.10E+00	-1.92E+00	-2.26E+00	-2.73E+00	-2.86E+00	-6.61E-01	-8.40E-01	-9.87E-01	-3.40E+00	3.49E-01	-1.44E+00	-1.60E+01	-7.50E-01	-1.46E+02	-1.46E+02	-1.46E+02	-1.78E+01	-1.78E+01	-1.78E+01	1.68E+01	-1.78E+01	1.68E+01	-1.78E+01	1.68E+01	-1.78E+01	1.68E+01	-1.78E+01	-1.78E+01	1.68E+01	1.68E+01	1.68E+01	-1.78E+01	
group_462	2.20E-01	1.61E-09	7.28E-01	5.44E-02	1.57E-01	1.44E+00	-1.49E+00	-1.04E+00	-1.10E+00	-1.92E+00	-2.26E+00	-2.73E+00	-2.86E+00	-6.61E-01	-8.40E-01	-9.87E-01	-3.40E+00	3.49E-01	-1.44E+00	-1.60E+01	-7.50E-01	-1.46E+02	-1.46E+02	-1.46E+02	-1.78E+01	-1.78E+01	-1.78E+01	1.68E+01	-1.78E+01	1.68E+01	-1.78E+01	1.68E+01	-1.78E+01	1.68E+01	-1.78E+01	-1.78E+01	1.68E+01	1.68E+01	1.68E+01	-1.78E+01	
group_457	2.20E-01	1.61E-09	7.28E-01	5.44E-02	1.57E-01	1.44E+00	-1.49E+00	-1.04E+00	-1.10E+00	-1.92E+00	-2.26E+00	-2.73E+00	-2.86E+00	-6.61E-01	-8.40E-01	-9.87E-01	-3.40E+00	3.49E-01	-1.44E+00	-1.60E+01	-7.50E-01	-1.46E+02	-1.46E+02	-1.46E+02	-1.78E+01	-1.78E+01	-1.78E+01	1.68E+01	-1.78E+01	1.68E+01	-1.78E+01	1.68E+01	-1.78E+01	1.68E+01	-1.78E+01	-1.78E+01	1.68E+01	1.68E+01	1.68E+01	-1.78E+01	
group_453	2.20E-01	1.61E-09	7.28E-01	5.44E-02	1.57E-01	1.44E+00	-1.49E+00	-1.04E+00	-1.10E+00	-1.92E+00	-2.26E+00	-2.73E+00	-2.86E+00	-6.61E-01	-8.40E-01	-9.87E-01	-3.40E+00	3.49E-01	-1.44E+00	-1.60E+01	-7.50E-01	-1.46E+02	-1.46E+02	-1.46E+02	-1.78E+01	-1.78E+01	-1.78E+01	1.68E+01	-1.78E+01	1.68E+01	-1.78E+01	1.68E+01	-1.78E+01	1.68E+01	-1.78E+01	-1.78E+01	1.68E+01	1.68E+01	1.68E+01	-1.78E+01	
group_370	2.20E-01	7.38E-10	6.47E-01	7.19E-02	1.57E-01	1.44E+00	-1.48E+00	-1.04E+00	-1.09E+00	-1.91E+00	-2.26E+00	-2.72E+00	-2.85E+00	-6.64E-01	-8.35E-01	-9.98E-01	-3.39E+00	3.55E-01	-1.44E+00	-1.60E+01	-7.43E-01	-1.46E+02	-1.46E+02	-1.46E+02	-1.78E+01	-1.78E+01	-1.78E+01	1.68E+01	-1.78E+01	1.68E+01	-1.78E+01	1.68E+01	-1.78E+01	1.68E+01	-1.78E+01	-1.78E+01	1.68E+01	1.68E+01	1.68E+01	-1.78E+01	
group_166	2.20E-01	1.61E-09	7.28E-01	5.44E-02	1.57E-01	1.44E+00	-1.49E+00	-1.04E+00	-1.10E+00	-1.92E+00	-2.26E+00	-2.73E+00	-2.86E+00	-6.61E-01	-8.40E-01	-9.87E-01	-3.40E+00	3.49E-01	-1.44E+00	-1.60E+01	-7.50E-01	-1.46E+02	-1.46E+02	-1.46E+02	-1.78E+01	-1.78E+01	-1.78E+01	1.68E+01	-1.78E+01	1.68E+01	-1.78E+01	1.68E+01	-1.78E+01	1.68E+01	-1.78E+01	-1.78E+01	1.68E+01	1.68E+01	1.68E+01	-1.78E+01	
group_2642	2.19E-01	9.74E-10	6.94E-01	6.20E-02	1.57E-01	1.44E+00	-1.48E+00	-1.04E+00	-1.10E+00	-1.92E+00	-2.26E+00	-2.72E+00	-2.85E+00	-6.62E-01	-8.38E-01	-9.91E-01	-3.39E+00	3.52E-01	-1.44E+00	-1.60E+01	-7.47E-01	-1.46E+02	-1.46E+02	-1.46E+02	-1.78E+01	-1.78E+01	-1.78E+01	1.68E+01	-1.78E+01	1.68E+01	-1.78E+01	1.68E+01	-1.78E+01	1.68E+01	-1.78E+01	-1.78E+01	1.68E+01	1.68E+01	1.68E+01	-1.78E+01	
group_2591	2.19E-01	4.40E-10	6.12E-01	7.99E-02	1.58E-01	1.43E+00	-1.48E+00	-1.04E+00	-1.09E+00	-1.91E+00	-2.25E+00	-2.72E+00	-2.85E+00	-6.65E-01	-8.32E-01	-1.00E+00	-3.39E+00	3.58E-01	-1.43E+00	-1.60E+01	-7.40E-01	-1.46E+02	-1.46E+02	-1.46E+02	-1.78E+01	-1.78E+01	-1.78E+01	1.68E+01	-1.78E+01	1.68E+01	-1.78E+01	1.68E+01	-1.78E+01	1.68E+01	-1.78E+01	-1.78E+01	1.68E+01	1.68E+01	1.68E+01	-1.78E+01	
rhaR_1	2.19E-01	2.12E-09	7.75E-01	4.48E-02	1.57E-01	1.45E+00	-1.49E+00	-1.04E+00	-1.10E+00	-1.92E+00	-2.27E+00	-2.73E+00	-2.86E+00	-6.60E-01	-8.43E-01	-9.81E-01	-3.40E+00	3.45E-01	-1.45E+00	-1.60E+01	-7.53E-01	-1.46E+02	-1.46E+02	-1.46E+02	-1.78E+01	-1.78E+01	-1.78E+01	1.68E+01	-1.78E+01	1.68E+01	-1.78E+01	1.68E+01	-1.78E+01	1.68E+01	-1.78E+01	-1.78E+01	1.68E+01	1.68E+01	1.68E+01	-1.78E+01	
group_1004	2.19E-01	2.12E-09	7.90E-01	4.18E-02	1.57E-01	1.45E+00	-1.49E+00	-1.04E+00	-1.10E+00	-1.92E+00	-2.27E+00	-2.73E+00	-2.86E+00	-6.59E-01	-8.44E-01	-9.79E-01	-3.40E+00	3.44E-01	-1.45E+00	-1.60E+01	-7.55E-01	-1.46E+02	-1.46E+02	-1.46E+02	-1.78E+01	-1.78E+01	-1.78E+01	1.68E+01	-1.78E+01	1.68E+01	-1.78E+01	1.68E+01	-1.78E+01	1.68E+01	-1.78E+01	-1.78E+01	1.68E+01	1.68E+01	1.68E+01	-1.78E+01	
group_838	2.19E-01	8.79E-05	3.45E-02	4.27E-01	2.04E-01	1.45E+00	-1.51E+00	-1.21E+00	-1.42E+00	-1.95E+00	-2.67E+00	-2.74E+00	-3.29E+00	-6.51E-01	-9.85E-01	-9.36E-01	-3.39E+00	3.45E-01	-1.45E+00	-1.60E+01	-7.53E-01	-1.46E+02	-1.47E+02	-6.52E+01	-1.78E+01	-1.78E+01	-1.78E+01	1.68E+01	-1.78E+01	1.68E+01	-1.78E+01	1.68E+01	-1.91E+01	1.68E+01	-1.78E+01	-1.78E+01	1.68E+01	1.68E+01	1.68E+01	-1.78E+01	
group_312	2.19E-01	4.40E-10	6.12E-01	7.99E-02	1.58E-01	1.43E+00	-1.48E+00	-1.04E+00	-1.09E+00	-1.91E+00	-2.25E+00	-2.72E+00	-2.85E+00	-6.65E-01	-8.32E-01	-1.00E+00	-3.39E+00	3.58E-01	-1.43E+00	-1.60E+01	-7.40E-01	-1.46E+02	-1.46E+02	-1.46E+02	-1.78E+01	-1.78E+01	-1.78E+01	1.68E+01	-1.78E+01	1.68E+01	-1.78E+01	1.68E+01	-1.78E+01	1.68E+01	-1.78E+01	-1.78E+01	1.68E+01	1.68E+01	1.68E+01	-1.78E+01	
group_238	2.19E-01	9.74E-10	6.68E-01	6.73E-02	1.57E-01	1.44E+00	-1.48E+00	-1.04E+00	-1.10E+00	-1.92E+00	-2.26E+00	-2.72E+00	-2.85E+00	-6.63E-01	-8.36E-01	-9.95E-01	-3.39E+00	3.53E-01	-1.44E+00	-1.60E+01	-7.45E-01	-1.46E+02	-1.46E+02	-1.46E+02	-1.78E+01	-1.78E+01	-1.78E+01	1.68E+01	-1.78E+01	1.68E+01	-1.78E+01	1.68E+01	-1.78E+01	1.68E+01	-1.78E+01	-1.78E+01	1.68E+01	1.68E+01	1.68E+01	-1.78E+01	
hhaIM	2.19E-01	9.74E-10	6.94E-01	6.20E-02	1.57E-01	1.44E+00	-1.48E+00	-1.04E+00	-1.10E+00	-1.92E+00	-2.26E+00	-2.72E+00	-2.85E+00	-6.62E-01	-8.38E-01	-9.91E-01	-3.39E+00	3.52E-01	-1.44E+00	-1.60E+01	-7.47E-01	-1.46E+02	-1.46E+02	-1.46E+02	-1.78E+01	-1.78E+01	-1.78E+01	1.68E+01	-1.78E+01	1.68E+01	-1.78E+01	1.68E+01	-1.78E+01	1.68E+01	-1.78E+01	-1.78E+01	1.68E+01	1.68E+01	1.68E+01	-1.78E+01	
clpP_3~~~clpP_2	2.19E-01	5.83E-10	6.33E-01	7.53E-02	1.58E-01	1.44E+00	-1.48E+00	-1.04E+00	-1.09E+00	-1.91E+00	-2.25E+00	-2.72E+00	-2.85E+00	-6.65E-01	-8.34E-01	-1.00E+00	-3.39E+00	3.56E-01	-1.44E+00	-1.60E+01	-7.42E-01	-1.46E+02	-1.46E+02	-1.46E+02	-1.78E+01	-1.78E+01	-1.78E+01	1.68E+01	-1.78E+01	1.68E+01	-1.78E+01	1.68E+01	-1.78E+01	1.68E+01	-1.78E+01	-1.78E+01	1.68E+01	1.68E+01	1.68E+01	-1.78E+01	
group_2213	2.19E-01	5.83E-10	6.33E-01	7.53E-02	1.58E-01	1.44E+00	-1.48E+00	-1.04E+00	-1.09E+00	-1.91E+00	-2.25E+00	-2.72E+00	-2.85E+00	-6.65E-01	-8.34E-01	-1.00E+00	-3.39E+00	3.56E-01	-1.44E+00	-1.60E+01	-7.42E-01	-1.46E+02	-1.46E+02	-1.46E+02	-1.78E+01	-1.78E+01	-1.78E+01	1.68E+01	-1.78E+01	1.68E+01	-1.78E+01	1.68E+01	-1.78E+01	1.68E+01	-1.78E+01	-1.78E+01	1.68E+01	1.68E+01	1.68E+01	-1.78E+01	
group_1398	2.19E-01	5.83E-10	6.33E-01	7.53E-02	1.58E-01	1.44E+00	-1.48E+00	-1.04E+00	-1.09E+00	-1.91E+00	-2.25E+00	-2.72E+00	-2.85E+00	-6.65E-01	-8.34E-01	-1.00E+00	-3.39E+00	3.56E-01	-1.44E+00	-1.60E+01	-7.42E-01	-1.46E+02	-1.46E+02	-1.46E+02	-1.78E+01	-1.78E+01	-1.78E+01	1.68E+01	-1.78E+01	1.68E+01	-1.78E+01	1.68E+01	-1.78E+01	1.68E+01	-1.78E+01	-1.78E+01	1.68E+01	1.68E+01	1.68E+01	-1.78E+01	
topB~~~topB_2~~~topB_3~~~topB_1	2.19E-01	2.36E-05	8.64E-02	3.43E-01	2.02E-01	1.45E+00	-1.51E+00	-1.18E+00	-1.36E+00	-1.94E+00	-2.60E+00	-2.74E+00	-3.21E+00	-6.51E-01	-9.61E-01	-9.39E-01	-3.40E+00	3.42E-01	-1.45E+00	-1.60E+01	-7.56E-01	-1.46E+02	-1.47E+02	-1.47E+02	-1.78E+01	-1.78E+01	-1.78E+01	1.68E+01	-1.78E+01	1.68E+01	-1.78E+01	1.68E+01	-1.89E+01	1.68E+01	-1.78E+01	-1.78E+01	1.68E+01	1.68E+01	1.68E+01	-1.78E+01	
group_191	2.19E-01	5.83E-10	6.33E-01	7.53E-02	1.58E-01	1.44E+00	-1.48E+00	-1.04E+00	-1.09E+00	-1.91E+00	-2.25E+00	-2.72E+00	-2.85E+00	-6.65E-01	-8.34E-01	-1.00E+00	-3.39E+00	3.56E-01	-1.44E+00	-1.60E+01	-7.42E-01	-1.46E+02	-1.46E+02	-1.46E+02	-1.78E+01	-1.78E+01	-1.78E+01	1.68E+01	-1.78E+01	1.68E+01	-1.78E+01	1.68E+01	-1.78E+01	1.68E+01	-1.78E+01	-1.78E+01	1.68E+01	1.68E+01	1.68E+01	-1.78E+01	
group_2811	2.18E-01	3.22E-05	2.70E-02	1.86E-01	8.65E+00	1.46E+00	-1.59E+00	-1.09E+00	-1.11E+00	-1.94E+00	-2.31E+00	-2.82E+00	-2.91E+00	-8.65E-01	-9.08E-01	-1.14E+00	-3.07E+00	-1.49E-01	-1.46E+00	-3.65E+00	-1.07E+00	-3.07E+00	-3.07E+00	-3.16E+00	-2.56E+00	-2.56E+00	-2.56E+00	-3.58E-01	-2.56E+00	-3.58E-01	-2.56E+00	-5.44E-01	-2.56E+00	-3.58E-01	-2.56E+00	-2.56E+00	-3.58E-01	-5.44E-01	-3.58E-01	-2.56E+00	matrix-inversion-error
group_1085	2.18E-01	3.22E-05	6.86E-02	3.67E-01	2.03E-01	1.45E+00	-1.51E+00	-1.19E+00	-1.37E+00	-1.94E+00	-2.62E+00	-2.74E+00	-3.23E+00	-6.51E-01	-9.67E-01	-9.38E-01	-3.39E+00	3.43E-01	-1.45E+00	-1.60E+01	-7.56E-01	-1.46E+02	-1.47E+02	-1.47E+02	-1.78E+01	-1.78E+01	-1.78E+01	1.68E+01	-1.78E+01	1.68E+01	-1.78E+01	1.68E+01	-1.90E+01	1.68E+01	-1.78E+01	-1.78E+01	1.68E+01	1.68E+01	1.68E+01	-1.78E+01	
group_1079	2.18E-01	3.22E-05	6.86E-02	3.67E-01	2.03E-01	1.45E+00	-1.51E+00	-1.19E+00	-1.37E+00	-1.94E+00	-2.62E+00	-2.74E+00	-3.23E+00	-6.51E-01	-9.67E-01	-9.38E-01	-3.39E+00	3.43E-01	-1.45E+00	-1.60E+01	-7.56E-01	-1.46E+02	-1.47E+02	-1.47E+02	-1.78E+01	-1.78E+01	-1.78E+01	1.68E+01	-1.78E+01	1.68E+01	-1.78E+01	1.68E+01	-1.90E+01	1.68E+01	-1.78E+01	-1.78E+01	1.68E+01	1.68E+01	1.68E+01	-1.78E+01	
metK_1~~~metK_3~~~metK_2	2.18E-01	3.65E-09	7.70E-01	4.57E-02	1.57E-01	1.45E+00	-1.49E+00	-1.04E+00	-1.10E+00	-1.92E+00	-2.27E+00	-2.73E+00	-2.86E+00	-6.60E-01	-8.43E-01	-9.81E-01	-3.40E+00	3.45E-01	-1.45E+00	-1.60E+01	-7.53E-01	-1.46E+02	-1.46E+02	-1.46E+02	-1.78E+01	-1.78E+01	-1.78E+01	1.68E+01	-1.78E+01	1.68E+01	-1.78E+01	1.68E+01	-1.78E+01	1.68E+01	-1.78E+01	-1.78E+01	1.68E+01	1.68E+01	1.68E+01	-1.78E+01	
group_1021	2.18E-01	3.22E-05	6.86E-02	3.67E-01	2.03E-01	1.45E+00	-1.51E+00	-1.19E+00	-1.37E+00	-1.94E+00	-2.62E+00	-2.74E+00	-3.23E+00	-6.51E-01	-9.67E-01	-9.38E-01	-3.39E+00	3.43E-01	-1.45E+00	-1.60E+01	-7.56E-01	-1.46E+02	-1.47E+02	-1.47E+02	-1.78E+01	-1.78E+01	-1.78E+01	1.68E+01	-1.78E+01	1.68E+01	-1.78E+01	1.68E+01	-1.90E+01	1.68E+01	-1.78E+01	-1.78E+01	1.68E+01	1.68E+01	1.68E+01	-1.78E+01	
group_962	2.18E-01	3.22E-05	2.70E-02	1.86E-01	8.65E+00	1.46E+00	-1.59E+00	-1.09E+00	-1.11E+00	-1.94E+00	-2.31E+00	-2.82E+00	-2.91E+00	-8.65E-01	-9.08E-01	-1.14E+00	-3.07E+00	-1.49E-01	-1.46E+00	-3.65E+00	-1.07E+00	-3.07E+00	-3.07E+00	-3.16E+00	-2.56E+00	-2.56E+00	-2.56E+00	-3.58E-01	-2.56E+00	-3.58E-01	-2.56E+00	-5.44E-01	-2.56E+00	-3.58E-01	-2.56E+00	-2.56E+00	-3.58E-01	-5.44E-01	-3.58E-01	-2.56E+00	matrix-inversion-error
group_828	2.18E-01	3.65E-09	7.70E-01	4.57E-02	1.57E-01	1.45E+00	-1.49E+00	-1.04E+00	-1.10E+00	-1.92E+00	-2.27E+00	-2.73E+00	-2.86E+00	-6.60E-01	-8.43E-01	-9.81E-01	-3.40E+00	3.45E-01	-1.45E+00	-1.60E+01	-7.53E-01	-1.46E+02	-1.46E+02	-1.46E+02	-1.78E+01	-1.78E+01	-1.78E+01	1.68E+01	-1.78E+01	1.68E+01	-1.78E+01	1.68E+01	-1.78E+01	1.68E+01	-1.78E+01	-1.78E+01	1.68E+01	1.68E+01	1.68E+01	-1.78E+01	
group_710	2.18E-01	3.65E-09	7.70E-01	4.57E-02	1.57E-01	1.45E+00	-1.49E+00	-1.04E+00	-1.10E+00	-1.92E+00	-2.27E+00	-2.73E+00	-2.86E+00	-6.60E-01	-8.43E-01	-9.81E-01	-3.40E+00	3.45E-01	-1.45E+00	-1.60E+01	-7.53E-01	-1.46E+02	-1.46E+02	-1.46E+02	-1.78E+01	-1.78E+01	-1.78E+01	1.68E+01	-1.78E+01	1.68E+01	-1.78E+01	1.68E+01	-1.78E+01	1.68E+01	-1.78E+01	-1.78E+01	1.68E+01	1.68E+01	1.68E+01	-1.78E+01	
group_1205	2.18E-01	9.97E-03	9.24E-01	1.92E-02	2.01E-01	1.46E+00	-1.50E+00	-1.07E+00	-1.11E+00	-1.94E+00	-2.28E+00	-2.76E+00	-2.88E+00	-6.51E-01	-8.75E-01	-9.51E-01	-3.41E+00	3.11E-01	-1.46E+00	-1.60E+01	-7.68E-01	-1.46E+02	-1.46E+02	-1.47E+02	-1.80E+01	-1.79E+01	-1.80E+01	1.68E+01	-1.80E+01	1.68E+01	-1.80E+01	1.68E+01	-1.79E+01	1.68E+01	-1.80E+01	-1.80E+01	1.68E+01	1.68E+01	1.68E+01	-1.79E+01	
group_1142	2.18E-01	3.13E-03	5.29E-01	9.98E-02	1.59E-01	1.46E+00	-1.55E+00	-1.09E+00	-1.13E+00	-1.94E+00	-2.31E+00	-2.75E+00	-2.91E+00	-7.51E-01	-8.67E-01	-1.04E+00	-3.41E+00	2.88E-01	-1.54E+00	-6.29E+01	-8.35E-01	-1.46E+02	-1.47E+02	-1.47E+02	-1.79E+01	-1.79E+01	-1.79E+01	1.68E+01	-1.79E+01	1.68E+01	-1.79E+01	1.67E+01	-1.79E+01	1.68E+01	-1.79E+01	-1.79E+01	1.68E+01	1.67E+01	1.68E+01	-1.79E+01	
group_1012	2.18E-01	1.25E-04	2.46E-02	4.61E-01	2.08E-01	1.44E+00	-1.51E+00	-1.23E+00	-1.44E+00	-1.94E+00	-2.71E+00	-2.74E+00	-3.32E+00	-6.50E-01	-9.94E-01	-9.34E-01	-3.39E+00	3.47E-01	-1.44E+00	-1.60E+01	-7.52E-01	-1.46E+02	-1.47E+02	-1.47E+02	-1.78E+01	-1.78E+01	-1.78E+01	1.68E+01	-1.78E+01	1.68E+01	-1.78E+01	1.68E+01	-1.92E+01	1.68E+01	-1.78E+01	-1.78E+01	1.68E+01	1.68E+01	1.68E+01	-1.78E+01	
group_839	2.18E-01	4.37E-05	6.86E-02	3.67E-01	2.03E-01	1.45E+00	-1.51E+00	-1.19E+00	-1.37E+00	-1.94E+00	-2.62E+00	-2.74E+00	-3.23E+00	-6.51E-01	-9.67E-01	-9.38E-01	-3.39E+00	3.43E-01	-1.45E+00	-1.60E+01	-7.56E-01	-1.46E+02	-1.47E+02	-2.66E+02	-1.78E+01	-1.78E+01	-1.78E+01	1.68E+01	-1.78E+01	1.68E+01	-1.78E+01	1.68E+01	-1.90E+01	1.68E+01	-1.78E+01	-1.78E+01	1.68E+01	1.68E+01	1.68E+01	-1.78E+01	
group_2850	2.17E-01	1.72E-03	1.21E-01	2.55E+00	9.04E+00	1.46E+00	-4.04E+00	-1.05E+00	-1.11E+00	-1.93E+00	-2.27E+00	-2.72E+00	-2.83E+00	-3.23E+00	-3.07E+00	-3.56E+00	-3.07E+00	6.17E-03	-1.46E+00	-3.66E+00	-9.49E-01	-3.07E+00	-3.07E+00	-3.07E+00	-2.56E+00	-2.56E+00	-2.56E+00	-3.62E-01	-2.56E+00	-3.62E-01	-2.56E+00	-3.62E-01	-5.11E+00	-3.62E-01	-2.56E+00	-2.56E+00	-3.62E-01	-2.91E+00	-3.62E-01	-2.56E+00	high-bse
group_2694	2.17E-01	6.09E-10	5.53E-01	9.36E-02	1.58E-01	1.43E+00	-1.48E+00	-1.03E+00	-1.09E+00	-1.91E+00	-2.25E+00	-2.71E+00	-2.84E+00	-6.68E-01	-8.28E-01	-1.01E+00	-3.39E+00	3.63E-01	-1.43E+00	-1.60E+01	-7.36E-01	-1.46E+02	-1.46E+02	-1.46E+02	-1.78E+01	-1.78E+01	-1.78E+01	1.68E+01	-1.78E+01	1.68E+01	-1.78E+01	1.67E+01	-1.78E+01	1.68E+01	-1.78E+01	-1.78E+01	1.67E+01	1.67E+01	1.68E+01	-1.78E+01	
group_2131	2.17E-01	2.92E-09	7.97E-01	4.05E-02	1.57E-01	1.45E+00	-1.49E+00	-1.04E+00	-1.10E+00	-1.92E+00	-2.27E+00	-2.73E+00	-2.86E+00	-6.58E-01	-8.45E-01	-9.78E-01	-3.40E+00	3.43E-01	-1.45E+00	-1.60E+01	-7.55E-01	-1.46E+02	-1.46E+02	-1.46E+02	-1.78E+01	-1.78E+01	-1.78E+01	1.68E+01	-1.78E+01	1.68E+01	-1.78E+01	1.68E+01	-1.78E+01	1.68E+01	-1.78E+01	-1.78E+01	1.68E+01	1.68E+01	1.68E+01	-1.78E+01	
group_1206	2.17E-01	1.23E-02	8.29E-01	4.33E-02	2.01E-01	1.46E+00	-1.50E+00	-1.08E+00	-1.11E+00	-1.94E+00	-2.28E+00	-2.78E+00	-2.87E+00	-6.48E-01	-8.96E-01	-9.48E-01	-3.42E+00	2.89E-01	-1.46E+00	-1.60E+01	-7.66E-01	-1.46E+02	-1.46E+02	-1.47E+02	-1.81E+01	-1.78E+01	-1.81E+01	1.68E+01	-1.81E+01	1.68E+01	-1.81E+01	1.68E+01	-1.78E+01	1.68E+01	-1.81E+01	-1.81E+01	1.68E+01	1.68E+01	1.68E+01	-1.78E+01	
group_1698	2.16E-01	1.77E-09	6.76E-01	6.59E-02	1.58E-01	1.44E+00	-1.48E+00	-1.04E+00	-1.10E+00	-1.92E+00	-2.26E+00	-2.72E+00	-2.85E+00	-6.64E-01	-8.37E-01	-9.94E-01	-3.39E+00	3.53E-01	-1.44E+00	-1.60E+01	-7.46E-01	-1.46E+02	-1.46E+02	-1.46E+02	-1.78E+01	-1.78E+01	-1.78E+01	1.68E+01	-1.78E+01	1.68E+01	-1.78E+01	1.68E+01	-1.78E+01	1.68E+01	-1.78E+01	-1.78E+01	1.68E+01	1.68E+01	1.68E+01	-1.78E+01	
ssp5~~~ssp5_1~~~ssp5_2	2.16E-01	3.11E-12	2.83E-01	-2.27E-01	2.11E-01	1.47E+00	-1.50E+00	-9.23E-01	-1.10E+00	-1.92E+00	-2.07E+00	-2.57E+00	-2.88E+00	-6.62E-01	-6.53E-01	-9.62E-01	-3.39E+00	5.46E-01	-1.47E+00	-1.61E+01	-7.80E-01	-1.46E+02	-1.46E+02	-1.46E+02	-1.71E+01	-1.79E+01	-1.71E+01	1.68E+01	-1.71E+01	1.68E+01	-1.79E+01	1.68E+01	-1.79E+01	1.68E+01	-1.71E+01	-1.71E+01	1.68E+01	1.68E+01	1.68E+01	-1.79E+01	
group_655	2.16E-01	2.33E-09	7.22E-01	5.62E-02	1.58E-01	1.44E+00	-1.49E+00	-1.04E+00	-1.10E+00	-1.92E+00	-2.26E+00	-2.73E+00	-2.86E+00	-6.62E-01	-8.40E-01	-9.88E-01	-3.40E+00	3.49E-01	-1.44E+00	-1.60E+01	-7.50E-01	-1.46E+02	-1.46E+02	-1.46E+02	-1.78E+01	-1.78E+01	-1.78E+01	1.68E+01	-1.78E+01	1.68E+01	-1.78E+01	1.68E+01	-1.78E+01	1.68E+01	-1.78E+01	-1.78E+01	1.68E+01	1.68E+01	1.68E+01	-1.78E+01	
group_72	2.15E-01	1.64E-05	1.02E-01	-2.54E-01	1.55E-01	1.51E+00	-1.53E+00	-1.01E+00	-1.13E+00	-1.95E+00	-2.17E+00	-2.65E+00	-2.82E+00	-6.87E-01	-8.72E-01	-9.01E-01	-3.43E+00	5.37E-01	-1.51E+00	-1.61E+01	-7.28E-01	-1.46E+02	-1.46E+02	-1.46E+02	-1.81E+01	-1.81E+01	-1.81E+01	1.68E+01	-1.81E+01	1.68E+01	-1.81E+01	1.70E+01	-1.81E+01	1.68E+01	-1.69E+01	-1.81E+01	1.68E+01	1.68E+01	1.68E+01	-1.81E+01	
group_40	2.12E-01	9.02E-04	9.93E-01	-5.10E-03	5.71E-01	1.46E+00	-1.49E+00	-1.05E+00	-1.11E+00	-1.94E+00	-2.28E+00	-2.75E+00	-2.88E+00	-6.48E-01	-8.58E-01	-9.48E-01	-3.41E+00	3.28E-01	-1.46E+00	-1.61E+01	-7.70E-01	-1.47E+02	-1.46E+02	-1.46E+02	-1.79E+01	-1.79E+01	-1.79E+01	1.68E+01	-1.79E+01	1.68E+01	-1.79E+01	1.68E+01	-1.79E+01	1.68E+01	-1.79E+01	-1.79E+01	1.68E+01	1.68E+01	1.68E+01	-1.67E+01	
group_1922	2.10E-01	9.58E-04	7.53E-01	-9.96E-02	3.16E-01	1.46E+00	-1.41E+00	-1.04E+00	-1.11E+00	-1.94E+00	-2.28E+00	-2.75E+00	-2.88E+00	-5.53E-01	-8.52E-01	-9.03E-01	-3.40E+00	3.28E-01	-1.36E+00	-1.60E+01	-7.70E-01	-1.46E+02	-1.46E+02	-1.46E+02	-1.79E+01	-1.79E+01	-1.79E+01	1.68E+01	-1.79E+01	1.69E+01	-1.79E+01	1.69E+01	-1.79E+01	1.68E+01	-1.79E+01	-1.79E+01	1.68E+01	1.69E+01	1.68E+01	-1.79E+01	
group_1778	2.10E-01	1.24E-03	2.53E-01	2.60E-01	8.88E+00	1.46E+00	-1.75E+00	-1.05E+00	-1.11E+00	-1.92E+00	-2.27E+00	-2.72E+00	-2.83E+00	-9.13E-01	-8.86E-01	-1.26E+00	-3.07E+00	9.61E-03	-1.46E+00	-3.65E+00	-9.46E-01	-3.19E+00	-3.07E+00	-3.07E+00	-2.56E+00	-2.56E+00	-2.56E+00	-3.58E-01	-2.56E+00	-3.58E-01	-2.56E+00	-3.58E-01	-2.56E+00	-3.58E-01	-2.56E+00	-2.56E+00	-3.58E-01	-6.18E-01	-3.58E-01	-2.82E+00	matrix-inversion-error
group_2831	2.09E-01	1.68E-02	4.64E-01	1.16E-01	1.58E-01	1.46E+00	-1.55E+00	-1.08E+00	-1.11E+00	-1.93E+00	-2.31E+00	-2.77E+00	-2.91E+00	-7.57E-01	-8.64E-01	-1.06E+00	-3.40E+00	3.35E-01	-1.46E+00	-1.60E+01	-8.01E-01	-1.46E+02	-1.46E+02	-1.46E+02	-1.79E+01	-1.79E+01	-1.79E+01	1.68E+01	-1.79E+01	1.68E+01	-1.79E+01	1.67E+01	-1.79E+01	1.68E+01	-1.79E+01	-1.79E+01	1.68E+01	1.67E+01	1.68E+01	-1.79E+01	
group_1850	2.09E-01	1.65E-05	7.20E-01	5.80E-02	1.62E-01	1.46E+00	-1.53E+00	-1.08E+00	-1.11E+00	-1.94E+00	-2.28E+00	-2.78E+00	-2.90E+00	-6.90E-01	-8.91E-01	-9.95E-01	-3.42E+00	3.29E-01	-1.46E+00	-1.81E+01	-8.08E-01	-1.46E+02	-1.46E+02	-2.79E+02	-1.79E+01	-1.79E+01	-1.79E+01	1.68E+01	-1.79E+01	1.68E+01	-1.79E+01	1.67E+01	-1.79E+01	1.68E+01	-1.79E+01	-1.79E+01	1.68E+01	1.68E+01	1.68E+01	-1.79E+01	
group_2328	2.08E-01	6.81E-04	9.99E-01	-6.31E-04	7.42E-01	1.46E+00	-1.50E+00	-1.05E+00	-1.11E+00	-1.94E+00	-2.28E+00	-2.75E+00	-2.88E+00	-6.52E-01	-8.57E-01	-9.52E-01	-3.41E+00	3.28E-01	-1.46E+00	-1.60E+01	-7.70E-01	-1.46E+02	-1.46E+02	-1.46E+02	-1.79E+01	-1.79E+01	-1.79E+01	1.68E+01	-1.79E+01	1.68E+01	-1.79E+01	1.68E+01	-1.79E+01	1.68E+01	-1.79E+01	-1.79E+01	1.68E+01	1.68E+01	1.68E+01	-1.76E+01	
group_2235	2.08E-01	6.81E-04	9.99E-01	-6.31E-04	7.42E-01	1.46E+00	-1.50E+00	-1.05E+00	-1.11E+00	-1.94E+00	-2.28E+00	-2.75E+00	-2.88E+00	-6.52E-01	-8.57E-01	-9.52E-01	-3.41E+00	3.28E-01	-1.46E+00	-1.60E+01	-7.70E-01	-1.46E+02	-1.46E+02	-1.46E+02	-1.79E+01	-1.79E+01	-1.79E+01	1.68E+01	-1.79E+01	1.68E+01	-1.79E+01	1.68E+01	-1.79E+01	1.68E+01	-1.79E+01	-1.79E+01	1.68E+01	1.68E+01	1.68E+01	-1.76E+01	
group_2049	2.08E-01	6.81E-04	9.99E-01	-6.31E-04	7.42E-01	1.46E+00	-1.50E+00	-1.05E+00	-1.11E+00	-1.94E+00	-2.28E+00	-2.75E+00	-2.88E+00	-6.52E-01	-8.57E-01	-9.52E-01	-3.41E+00	3.28E-01	-1.46E+00	-1.60E+01	-7.70E-01	-1.46E+02	-1.46E+02	-1.46E+02	-1.79E+01	-1.79E+01	-1.79E+01	1.68E+01	-1.79E+01	1.68E+01	-1.79E+01	1.68E+01	-1.79E+01	1.68E+01	-1.79E+01	-1.79E+01	1.68E+01	1.68E+01	1.68E+01	-1.76E+01	
group_2790	2.05E-01	5.94E-10	7.51E-01	3.46E-01	1.09E+00	1.46E+00	-1.50E+00	-1.05E+00	-1.46E+00	-2.28E+00	-2.62E+00	-2.75E+00	-2.88E+00	-6.53E-01	-1.18E+00	-9.53E-01	-3.50E+00	3.28E-01	-1.81E+00	-1.60E+01	-1.12E+00	-1.46E+02	-1.47E+02	-1.47E+02	-1.93E+01	-1.93E+01	-1.93E+01	1.64E+01	-1.93E+01	1.64E+01	-1.93E+01	1.64E+01	-1.93E+01	1.64E+01	-1.93E+01	-1.93E+01	1.64E+01	1.68E+01	1.64E+01	-1.79E+01	
group_2772	2.05E-01	5.94E-10	7.51E-01	3.46E-01	1.09E+00	1.46E+00	-1.50E+00	-1.05E+00	-1.46E+00	-2.28E+00	-2.62E+00	-2.75E+00	-2.88E+00	-6.53E-01	-1.18E+00	-9.53E-01	-3.50E+00	3.28E-01	-1.81E+00	-1.60E+01	-1.12E+00	-1.46E+02	-1.47E+02	-1.47E+02	-1.93E+01	-1.93E+01	-1.93E+01	1.64E+01	-1.93E+01	1.64E+01	-1.93E+01	1.64E+01	-1.93E+01	1.64E+01	-1.93E+01	-1.93E+01	1.64E+01	1.68E+01	1.64E+01	-1.79E+01	
group_260	2.05E-01	1.22E-03	2.49E-01	3.07E-01	8.79E+00	1.46E+00	-1.79E+00	-1.05E+00	-1.11E+00	-1.93E+00	-2.27E+00	-2.72E+00	-2.83E+00	-9.54E-01	-8.86E-01	-1.31E+00	-3.07E+00	9.39E-03	-1.46E+00	-3.65E+00	-9.46E-01	-3.21E+00	-3.07E+00	-3.07E+00	-2.56E+00	-2.56E+00	-2.56E+00	-3.58E-01	-2.56E+00	-3.58E-01	-2.56E+00	-3.58E-01	-2.56E+00	-3.58E-01	-2.56E+00	-2.56E+00	-3.58E-01	-6.65E-01	-3.58E-01	-2.86E+00	matrix-inversion-error
fruA_1~~~fruA_2	2.05E-01	7.57E-11	1.00E+00	-6.84E+04	8.22E+00	1.47E+00	-1.50E+00	-1.06E+00	6.84E+04	6.84E+04	6.84E+04	-2.73E+00	-2.84E+00	-6.91E-01	-8.98E-01	-1.02E+00	6.84E+04	6.84E+04	6.84E+04	-3.67E+00	6.84E+04	-2.44E+05	-2.44E+05	-2.44E+05	-3.13E+01	-3.13E+01	-3.13E+01	3.11E+04	-3.13E+01	3.11E+04	-3.13E+01	3.11E+04	-4.39E+01	3.11E+04	-4.39E+01	-4.39E+01	3.11E+04	4.80E+04	3.11E+04	-3.13E+01	high-bse
alsE	2.05E-01	7.57E-11	1.00E+00	-6.84E+04	8.22E+00	1.47E+00	-1.50E+00	-1.06E+00	6.84E+04	6.84E+04	6.84E+04	-2.73E+00	-2.84E+00	-6.91E-01	-8.98E-01	-1.02E+00	6.84E+04	6.84E+04	6.84E+04	-3.67E+00	6.84E+04	-2.44E+05	-2.44E+05	-2.44E+05	-3.13E+01	-3.13E+01	-3.13E+01	3.11E+04	-3.13E+01	3.11E+04	-3.13E+01	3.11E+04	-4.39E+01	3.11E+04	-4.39E+01	-4.39E+01	3.11E+04	4.80E+04	3.11E+04	-3.13E+01	high-bse
tkt_4~~~tkt_3~~~tkt_2~~~tkt_1	2.05E-01	7.57E-11	1.00E+00	-6.84E+04	8.22E+00	1.47E+00	-1.50E+00	-1.06E+00	6.84E+04	6.84E+04	6.84E+04	-2.73E+00	-2.84E+00	-6.91E-01	-8.98E-01	-1.02E+00	6.84E+04	6.84E+04	6.84E+04	-3.67E+00	6.84E+04	-2.44E+05	-2.44E+05	-2.44E+05	-3.13E+01	-3.13E+01	-3.13E+01	3.11E+04	-3.13E+01	3.11E+04	-3.13E+01	3.11E+04	-4.39E+01	3.11E+04	-4.39E+01	-4.39E+01	3.11E+04	4.80E+04	3.11E+04	-3.13E+01	high-bse
group_2587	2.05E-01	9.20E-10	7.51E-01	3.46E-01	1.09E+00	1.46E+00	-1.50E+00	-1.05E+00	-1.46E+00	-2.28E+00	-2.62E+00	-2.75E+00	-2.88E+00	-6.53E-01	-1.18E+00	-9.53E-01	-3.50E+00	3.28E-01	-1.81E+00	-1.60E+01	-1.12E+00	-1.46E+02	-1.46E+02	-1.46E+02	-1.90E+01	-1.79E+01	-1.90E+01	1.65E+01	-1.90E+01	1.65E+01	-1.90E+01	1.65E+01	-1.90E+01	1.65E+01	-1.90E+01	-1.90E+01	1.65E+01	1.68E+01	1.65E+01	-1.79E+01	
group_2584	2.05E-01	9.20E-10	7.51E-01	3.46E-01	1.09E+00	1.46E+00	-1.50E+00	-1.05E+00	-1.46E+00	-2.28E+00	-2.62E+00	-2.75E+00	-2.88E+00	-6.53E-01	-1.18E+00	-9.53E-01	-3.50E+00	3.28E-01	-1.81E+00	-1.60E+01	-1.12E+00	-1.46E+02	-1.46E+02	-1.46E+02	-1.90E+01	-1.79E+01	-1.90E+01	1.65E+01	-1.90E+01	1.65E+01	-1.90E+01	1.65E+01	-1.90E+01	1.65E+01	-1.90E+01	-1.90E+01	1.65E+01	1.68E+01	1.65E+01	-1.79E+01	
group_2394	2.05E-01	4.07E-10	2.76E-02	-4.64E-01	2.08E-01	1.53E+00	-1.56E+00	-9.75E-01	-1.18E+00	-2.00E+00	-2.34E+00	-2.35E+00	-2.52E+00	-2.75E-01	-9.28E-01	-5.59E-01	-3.02E+00	2.58E-01	-1.53E+00	-1.56E+01	-8.41E-01	-1.47E+02	-1.47E+02	-1.47E+02	-1.54E+01	-1.54E+01	-1.54E+01	1.67E+01	-1.54E+01	1.67E+01	-1.82E+01	1.67E+01	-1.82E+01	1.72E+01	-1.54E+01	-1.82E+01	1.72E+01	1.67E+01	1.67E+01	-1.82E+01	
group_2355	2.05E-01	4.75E-14	3.98E-01	-3.91E-01	4.68E-01	1.46E+00	-1.50E+00	-7.02E-01	-1.11E+00	-1.93E+00	-1.90E+00	-2.36E+00	-2.88E+00	-6.53E-01	-8.57E-01	-9.53E-01	-3.37E+00	3.28E-01	-1.46E+00	-1.60E+01	-7.70E-01	-1.46E+02	-1.46E+02	-1.46E+02	-1.65E+01	-1.79E+01	-1.65E+01	1.68E+01	-1.79E+01	1.72E+01	-1.65E+01	1.68E+01	-1.79E+01	1.68E+01	-1.79E+01	-1.79E+01	1.68E+01	1.68E+01	1.68E+01	-1.79E+01	
tal_3~~~tal_2~~~tal_1	2.05E-01	7.57E-11	1.00E+00	-6.84E+04	8.22E+00	1.47E+00	-1.50E+00	-1.06E+00	6.84E+04	6.84E+04	6.84E+04	-2.73E+00	-2.84E+00	-6.91E-01	-8.98E-01	-1.02E+00	6.84E+04	6.84E+04	6.84E+04	-3.67E+00	6.84E+04	-2.44E+05	-2.44E+05	-2.44E+05	-3.13E+01	-3.13E+01	-3.13E+01	3.11E+04	-3.13E+01	3.11E+04	-3.13E+01	3.11E+04	-4.39E+01	3.11E+04	-4.39E+01	-4.39E+01	3.11E+04	4.80E+04	3.11E+04	-3.13E+01	high-bse
group_2210	2.05E-01	8.33E-05	1.21E-01	-6.73E-01	4.46E-01	1.46E+00	-8.70E-01	-1.05E+00	-1.11E+00	-1.93E+00	-2.26E+00	-2.75E+00	-2.88E+00	-2.11E-03	-1.85E-01	-9.53E-01	-3.20E+00	3.28E-01	-1.46E+00	-1.60E+01	-7.70E-01	-1.46E+02	-1.46E+02	-1.46E+02	-1.79E+01	-1.79E+01	-1.79E+01	1.68E+01	-1.79E+01	1.68E+01	-1.79E+01	1.68E+01	-2.48E+01	1.68E+01	-1.79E+01	-1.79E+01	1.68E+01	1.75E+01	1.68E+01	-1.79E+01	
uvrB_2	2.05E-01	9.98E-04	2.56E-01	1.06E+00	9.58E-01	1.46E+00	-2.55E+00	-1.05E+00	-1.11E+00	-1.94E+00	-2.28E+00	-2.75E+00	-2.88E+00	-1.57E+00	-8.56E-01	-2.01E+00	-3.41E+00	3.29E-01	-1.46E+00	-1.60E+01	-7.69E-01	-1.46E+02	-1.46E+02	-1.46E+02	-1.79E+01	-1.79E+01	-1.79E+01	1.68E+01	-1.79E+01	1.68E+01	-1.79E+01	1.68E+01	-1.79E+01	1.68E+01	-1.79E+01	-1.79E+01	1.68E+01	1.57E+01	1.68E+01	-2.08E+01	
group_1697	2.05E-01	9.98E-04	2.56E-01	1.06E+00	9.58E-01	1.46E+00	-2.55E+00	-1.05E+00	-1.11E+00	-1.94E+00	-2.28E+00	-2.75E+00	-2.88E+00	-1.57E+00	-8.56E-01	-2.01E+00	-3.41E+00	3.29E-01	-1.46E+00	-1.60E+01	-7.69E-01	-1.46E+02	-1.46E+02	-1.46E+02	-1.79E+01	-1.79E+01	-1.79E+01	1.68E+01	-1.79E+01	1.68E+01	-1.79E+01	1.68E+01	-1.79E+01	1.68E+01	-1.79E+01	-1.79E+01	1.68E+01	1.57E+01	1.68E+01	-2.08E+01	
manP	2.05E-01	7.57E-11	1.00E+00	-6.84E+04	8.22E+00	1.47E+00	-1.50E+00	-1.06E+00	6.84E+04	6.84E+04	6.84E+04	-2.73E+00	-2.84E+00	-6.91E-01	-8.98E-01	-1.02E+00	6.84E+04	6.84E+04	6.84E+04	-3.67E+00	6.84E+04	-2.44E+05	-2.44E+05	-2.44E+05	-3.13E+01	-3.13E+01	-3.13E+01	3.11E+04	-3.13E+01	3.11E+04	-3.13E+01	3.11E+04	-4.39E+01	3.11E+04	-4.39E+01	-4.39E+01	3.11E+04	4.80E+04	3.11E+04	-3.13E+01	high-bse
group_254	2.05E-01	9.20E-10	7.51E-01	3.46E-01	1.09E+00	1.46E+00	-1.50E+00	-1.05E+00	-1.46E+00	-2.28E+00	-2.62E+00	-2.75E+00	-2.88E+00	-6.53E-01	-1.18E+00	-9.53E-01	-3.50E+00	3.28E-01	-1.81E+00	-1.60E+01	-1.12E+00	-1.46E+02	-1.46E+02	-1.46E+02	-1.90E+01	-1.90E+01	-1.90E+01	1.65E+01	-1.90E+01	1.65E+01	-1.90E+01	1.65E+01	-1.90E+01	1.65E+01	-1.79E+01	-1.90E+01	1.65E+01	1.68E+01	1.65E+01	-1.79E+01	
group_2164	2.03E-01	2.57E-05	8.82E-01	2.54E-02	1.72E-01	1.45E+00	-1.49E+00	-1.04E+00	-1.11E+00	-1.93E+00	-2.29E+00	-2.74E+00	-2.87E+00	-6.43E-01	-8.49E-01	-9.43E-01	-3.40E+00	3.38E-01	-1.47E+00	-1.55E+01	-7.61E-01	-1.46E+02	-1.46E+02	-1.61E+02	-1.77E+01	-1.77E+01	-1.77E+01	1.68E+01	-1.77E+01	1.68E+01	-1.77E+01	1.68E+01	-1.77E+01	1.68E+01	-1.77E+01	-1.77E+01	1.68E+01	1.68E+01	1.68E+01	-1.77E+01	
group_1214	2.03E-01	2.95E-10	7.81E-01	-2.12E-01	7.71E-01	1.46E+00	-1.50E+00	-1.05E+00	-9.12E-01	-1.72E+00	-2.07E+00	-2.75E+00	-2.88E+00	-6.53E-01	-6.57E-01	-9.53E-01	-3.36E+00	3.28E-01	-1.25E+00	-1.60E+01	-5.58E-01	-1.46E+02	-1.46E+02	-1.46E+02	-1.73E+01	-1.73E+01	-1.73E+01	1.70E+01	-1.73E+01	1.70E+01	-1.73E+01	1.70E+01	-1.73E+01	1.70E+01	-1.73E+01	-1.73E+01	1.70E+01	1.68E+01	1.70E+01	-1.79E+01	
group_2294	2.02E-01	1.12E-03	9.70E-01	-1.92E-02	5.17E-01	1.46E+00	-1.48E+00	-1.05E+00	-1.11E+00	-1.94E+00	-2.28E+00	-2.75E+00	-2.88E+00	-6.36E-01	-8.58E-01	-9.34E-01	-3.41E+00	3.28E-01	-1.46E+00	-1.60E+01	-7.71E-01	-1.46E+02	-1.46E+02	-1.46E+02	-1.79E+01	-1.79E+01	-1.79E+01	1.68E+01	-1.79E+01	1.68E+01	-1.79E+01	1.68E+01	-1.79E+01	1.68E+01	-1.79E+01	-1.79E+01	1.68E+01	1.68E+01	1.68E+01	-1.78E+01	
group_2635	2.01E-01	1.45E-03	6.95E-01	2.09E-01	5.34E-01	1.46E+00	-1.70E+00	-1.05E+00	-1.11E+00	-1.94E+00	-2.28E+00	-2.75E+00	-2.88E+00	-8.35E-01	-8.56E-01	-1.16E+00	-3.41E+00	3.29E-01	-1.46E+00	-1.60E+01	-7.69E-01	-1.46E+02	-1.46E+02	-1.46E+02	-1.79E+01	-1.79E+01	-1.79E+01	1.68E+01	-1.79E+01	1.68E+01	-1.79E+01	1.68E+01	-1.79E+01	1.68E+01	-1.79E+01	-1.79E+01	1.68E+01	1.66E+01	1.68E+01	-1.85E+01	
group_975	2.01E-01	3.06E-06	2.50E-01	2.24E-01	1.95E-01	1.45E+00	-1.50E+00	-1.14E+00	-1.21E+00	-1.94E+00	-2.49E+00	-2.74E+00	-3.09E+00	-6.51E-01	-9.25E-01	-9.43E-01	-3.40E+00	3.38E-01	-1.45E+00	-1.60E+01	-7.61E-01	-1.46E+02	-1.47E+02	-1.47E+02	-1.78E+01	-1.78E+01	-1.78E+01	1.68E+01	-1.78E+01	1.68E+01	-1.78E+01	1.68E+01	-1.86E+01	1.68E+01	-1.78E+01	-1.78E+01	1.68E+01	1.68E+01	1.68E+01	-1.78E+01	
group_2290	2.00E-01	1.04E-11	1.00E+00	-7.34E+08	8.26E+00	1.48E+00	-1.51E+00	-1.07E+00	7.34E+08	7.34E+08	7.34E+08	-2.74E+00	-2.85E+00	-7.00E-01	-9.07E-01	-1.03E+00	7.34E+08	-1.14E-02	7.34E+08	-3.68E+00	7.34E+08	7.34E+08	7.34E+08	7.34E+08	-2.37E+03	-2.37E+03	-2.37E+03	-1.22E+09	-2.37E+03	-1.22E+09	-2.37E+03	-1.22E+09	-4.39E+01	-1.22E+09	-4.39E+01	-2.37E+03	-1.22E+09	-1.96E+09	-1.22E+09	-4.39E+01	high-bse
group_2778	1.99E-01	1.67E-11	1.00E+00	-8.43E+00		1.46E+00	-1.50E+00	-1.05E+00	7.31E+00	6.49E+00	6.14E+00	-2.75E+00	-2.88E+00	-6.53E-01	-8.57E-01	-9.53E-01	5.02E+00	3.28E-01	6.96E+00	-1.60E+01	7.66E+00	-1.75E+01	-1.75E+01	-1.75E+01	-2.04E+01	-2.04E+01	-2.04E+01	1.77E+01	-2.04E+01	1.77E+01	-2.04E+01	1.77E+01	-1.79E+01	1.77E+01	-1.79E+01	-1.79E+01	1.77E+01	1.68E+01	1.77E+01	-1.79E+01	
yddE	1.99E-01	1.67E-11	1.00E+00	-8.43E+00		1.46E+00	-1.50E+00	-1.05E+00	7.31E+00	6.49E+00	6.14E+00	-2.75E+00	-2.88E+00	-6.53E-01	-8.57E-01	-9.53E-01	5.02E+00	3.28E-01	6.96E+00	-1.60E+01	7.66E+00	-1.75E+01	-1.75E+01	-1.75E+01	-2.04E+01	-2.04E+01	-2.04E+01	1.77E+01	-2.04E+01	1.77E+01	-2.04E+01	1.77E+01	-1.79E+01	1.77E+01	-1.79E+01	-1.79E+01	1.77E+01	1.68E+01	1.77E+01	-1.79E+01	
group_2440	1.99E-01	1.67E-11	1.00E+00	-8.43E+00		1.46E+00	-1.50E+00	-1.05E+00	7.31E+00	6.49E+00	6.14E+00	-2.75E+00	-2.88E+00	-6.53E-01	-8.57E-01	-9.53E-01	5.02E+00	3.28E-01	6.96E+00	-1.60E+01	7.66E+00	-1.75E+01	-1.75E+01	-1.75E+01	-2.04E+01	-2.04E+01	-2.04E+01	1.77E+01	-2.04E+01	1.77E+01	-2.04E+01	1.77E+01	-1.79E+01	1.77E+01	-1.79E+01	-1.79E+01	1.77E+01	1.68E+01	1.77E+01	-1.79E+01	
group_2268	1.99E-01	1.67E-11	1.00E+00	-8.43E+00		1.46E+00	-1.50E+00	-1.05E+00	7.31E+00	6.49E+00	6.14E+00	-2.75E+00	-2.88E+00	-6.53E-01	-8.57E-01	-9.53E-01	5.02E+00	3.28E-01	6.96E+00	-1.60E+01	7.66E+00	-1.75E+01	-1.75E+01	-1.75E+01	-2.04E+01	-2.04E+01	-2.04E+01	1.77E+01	-2.04E+01	1.77E+01	-2.04E+01	1.77E+01	-1.79E+01	1.77E+01	-1.79E+01	-1.79E+01	1.77E+01	1.68E+01	1.77E+01	-1.79E+01	
frwD	1.99E-01	1.67E-11	1.00E+00	-8.43E+00		1.46E+00	-1.50E+00	-1.05E+00	7.31E+00	6.49E+00	6.14E+00	-2.75E+00	-2.88E+00	-6.53E-01	-8.57E-01	-9.53E-01	5.02E+00	3.28E-01	6.96E+00	-1.60E+01	7.66E+00	-1.75E+01	-1.75E+01	-1.75E+01	-2.04E+01	-2.04E+01	-2.04E+01	1.77E+01	-2.04E+01	1.77E+01	-2.04E+01	1.77E+01	-1.79E+01	1.77E+01	-1.79E+01	-1.79E+01	1.77E+01	1.68E+01	1.77E+01	-1.79E+01	
group_2184	1.99E-01	1.67E-11	1.00E+00	-8.43E+00		1.46E+00	-1.50E+00	-1.05E+00	7.31E+00	6.49E+00	6.14E+00	-2.75E+00	-2.88E+00	-6.53E-01	-8.57E-01	-9.53E-01	5.02E+00	3.28E-01	6.96E+00	-1.60E+01	7.66E+00	-1.75E+01	-1.75E+01	-1.75E+01	-2.04E+01	-2.04E+01	-2.04E+01	1.77E+01	-2.04E+01	1.77E+01	-2.04E+01	1.77E+01	-1.79E+01	1.77E+01	-1.79E+01	-1.79E+01	1.77E+01	1.68E+01	1.77E+01	-1.79E+01	
manR	1.99E-01	1.67E-11	1.00E+00	-8.43E+00		1.46E+00	-1.50E+00	-1.05E+00	7.31E+00	6.49E+00	6.14E+00	-2.75E+00	-2.88E+00	-6.53E-01	-8.57E-01	-9.53E-01	5.02E+00	3.28E-01	6.96E+00	-1.60E+01	7.66E+00	-1.75E+01	-1.75E+01	-1.75E+01	-2.04E+01	-2.04E+01	-2.04E+01	1.77E+01	-2.04E+01	1.77E+01	-2.04E+01	1.77E+01	-1.79E+01	1.77E+01	-1.79E+01	-1.79E+01	1.77E+01	1.68E+01	1.77E+01	-1.79E+01	
group_1856	1.99E-01	1.67E-11	1.00E+00	-8.43E+00		1.46E+00	-1.50E+00	-1.05E+00	7.31E+00	6.49E+00	6.14E+00	-2.75E+00	-2.88E+00	-6.53E-01	-8.57E-01	-9.53E-01	5.02E+00	3.28E-01	6.96E+00	-1.60E+01	7.66E+00	-1.75E+01	-1.75E+01	-1.75E+01	-2.04E+01	-2.04E+01	-2.04E+01	1.77E+01	-2.04E+01	1.77E+01	-2.04E+01	1.77E+01	-1.79E+01	1.77E+01	-1.79E+01	-1.79E+01	1.77E+01	1.68E+01	1.77E+01	-1.79E+01	
group_1563	1.99E-01	1.67E-11	1.00E+00	-8.43E+00		1.46E+00	-1.50E+00	-1.05E+00	7.31E+00	6.49E+00	6.14E+00	-2.75E+00	-2.88E+00	-6.53E-01	-8.57E-01	-9.53E-01	5.02E+00	3.28E-01	6.96E+00	-1.60E+01	7.66E+00	-1.75E+01	-1.75E+01	-1.75E+01	-2.04E+01	-2.04E+01	-2.04E+01	1.77E+01	-2.04E+01	1.77E+01	-2.04E+01	1.77E+01	-1.79E+01	1.77E+01	-1.79E+01	-1.79E+01	1.77E+01	1.68E+01	1.77E+01	-1.79E+01	
group_605	1.99E-01	3.53E-02	8.15E-02	3.26E-01	1.90E-01	1.38E+00	-1.43E+00	-9.71E-01	-1.13E+00	-1.85E+00	-2.49E+00	-2.68E+00	-2.81E+00	-5.68E-01	-7.73E-01	-8.69E-01	-3.33E+00	3.70E-01	-1.38E+00	-1.60E+01	-6.86E-01	-1.47E+02	-1.47E+02	-1.47E+02	-1.75E+01	-1.88E+01	-1.75E+01	1.66E+01	-1.75E+01	1.66E+01	-1.75E+01	1.69E+01	-1.75E+01	1.69E+01	-1.75E+01	-1.88E+01	1.69E+01	1.69E+01	1.66E+01	-1.88E+01	
group_578	1.99E-01	1.67E-11	1.00E+00	-8.43E+00		1.46E+00	-1.50E+00	-1.05E+00	7.31E+00	6.49E+00	6.14E+00	-2.75E+00	-2.88E+00	-6.53E-01	-8.57E-01	-9.53E-01	5.02E+00	3.28E-01	6.96E+00	-1.60E+01	7.66E+00	-1.75E+01	-1.75E+01	-1.75E+01	-2.04E+01	-2.04E+01	-2.04E+01	1.77E+01	-2.04E+01	1.77E+01	-2.04E+01	1.77E+01	-1.79E+01	1.77E+01	-1.79E+01	-1.79E+01	1.77E+01	1.68E+01	1.77E+01	-1.79E+01	
group_323	1.99E-01	1.25E-08	1.33E-02	-2.53E-01	8.00E+00	1.48E+00	-1.45E+00	-9.58E-01	-1.13E+00	-1.94E+00	-2.27E+00	-2.58E+00	-2.68E+00	-6.93E-01	-7.30E-01	-9.96E-01	-3.06E+00	-1.42E-02	-1.42E+00	-3.68E+00	-9.70E-01	-3.09E+00	-3.09E+00	-2.97E+00	-2.58E+00	-2.58E+00	-2.58E+00	-3.82E-01	-2.58E+00	-3.82E-01	-2.58E+00	-3.82E-01	-2.58E+00	-3.82E-01	-2.58E+00	-2.58E+00	-3.82E-01	-3.82E-01	-3.82E-01	-2.58E+00	matrix-inversion-error
xerC_6~~~xerC_4~~~xerC_7	1.99E-01	6.49E-04	5.42E-01	-2.87E-01	4.71E-01	1.47E+00	-1.23E+00	-1.05E+00	-1.12E+00	-1.94E+00	-2.29E+00	-2.75E+00	-2.88E+00	-3.99E-01	-8.60E-01	-6.68E-01	-3.41E+00	3.26E-01	-1.47E+00	-1.60E+01	-7.73E-01	-1.46E+02	-1.46E+02	-1.46E+02	-1.79E+01	-1.79E+01	-1.79E+01	1.68E+01	-1.79E+01	1.68E+01	-1.79E+01	1.68E+01	-1.79E+01	1.68E+01	-1.79E+01	-1.79E+01	1.68E+01	1.71E+01	1.68E+01	-1.67E+01	
group_1855	1.99E-01	2.68E-11	1.00E+00	6.49E-01	8.32E+00	1.46E+00	-1.50E+00	-1.05E+00	-1.76E+00	-2.56E+00	-2.92E+00	-2.72E+00	-2.83E+00	-6.82E-01	-8.90E-01	-1.01E+00	-3.72E+00	6.17E-03	-2.11E+00	-3.66E+00	-1.60E+00	-3.72E+00	-3.72E+00	-3.72E+00	-3.21E+00	-3.21E+00	-3.21E+00	-1.01E+00	-3.21E+00	-1.01E+00	-3.21E+00	-1.01E+00	-2.56E+00	-1.01E+00	-2.56E+00	-2.56E+00	-1.01E+00	-3.62E-01	-1.01E+00	-2.56E+00	high-bse
group_1220	1.98E-01	1.64E-13	1.54E-01	-3.00E-01	2.09E-01	1.48E+00	-1.50E+00	-9.08E-01	-1.10E+00	-1.93E+00	-2.01E+00	-2.51E+00	-2.88E+00	-6.65E-01	-5.87E-01	-9.65E-01	-3.39E+00	3.16E-01	-1.48E+00	-1.61E+01	-7.83E-01	-1.46E+02	-1.46E+02	-1.46E+02	-1.67E+01	-1.79E+01	-1.79E+01	1.68E+01	-1.67E+01	1.68E+01	-1.79E+01	1.68E+01	-1.79E+01	1.68E+01	-1.79E+01	-1.67E+01	1.68E+01	1.68E+01	1.68E+01	-1.79E+01	
group_1003	1.98E-01	6.38E-01	3.48E-02	-1.54E-01	7.69E+00	1.49E+00	-1.52E+00	-1.01E+00	-1.13E+00	-1.95E+00	-2.28E+00	-2.67E+00	-2.85E+00	-7.01E-01	-8.83E-01	-9.80E-01	-3.10E+00	1.30E-01	-1.37E+00	-3.65E+00	-8.25E-01	-3.10E+00	-2.95E+00	-3.02E+00	-2.59E+00	-2.59E+00	-2.59E+00	-3.92E-01	-2.59E+00	-3.92E-01	-2.59E+00	-2.37E-01	-2.59E+00	-3.92E-01	-2.59E+00	-2.59E+00	-3.92E-01	-3.92E-01	-2.37E-01	-2.59E+00	matrix-inversion-error
group_993	1.98E-01	2.40E-10	1.93E-01	-2.06E-01	1.58E-01	1.47E+00	-1.45E+00	-9.76E-01	-1.11E+00	-1.94E+00	-2.16E+00	-2.65E+00	-2.83E+00	-6.63E-01	-7.44E-01	-9.36E-01	-3.40E+00	3.18E-01	-1.47E+00	-2.84E+01	-7.10E-01	-1.46E+02	-1.46E+02	-1.46E+02	-1.79E+01	-1.79E+01	-1.79E+01	1.68E+01	-1.79E+01	1.68E+01	-1.79E+01	1.68E+01	-1.79E+01	1.68E+01	-1.79E+01	-1.79E+01	1.68E+01	1.68E+01	1.70E+01	-1.79E+01	
group_355	1.98E-01	4.29E-11	1.00E+00	6.68E+05	8.10E+00	1.41E+00	-1.44E+00	-1.00E+00	-6.68E+05	-6.68E+05	-6.68E+05	-2.67E+00	-2.78E+00	-6.32E-01	-8.39E-01	-9.57E-01	-6.68E+05	5.70E-02	-6.68E+05	-3.61E+00	-6.68E+05	-6.69E+05	-6.69E+05	-3.02E+00	8.89E+05	8.89E+05	8.89E+05	2.62E+05	8.89E+05	2.62E+05	8.89E+05	2.62E+05	1.18E+06	2.62E+05	1.18E+06	1.18E+06	2.62E+05	4.87E+04	2.62E+05	1.18E+06	matrix-inversion-error
group_1213	1.97E-01	3.42E-04	2.63E-01	-2.08E-01	1.85E-01	1.49E+00	-1.51E+00	-9.48E-01	-1.11E+00	-1.94E+00	-2.29E+00	-2.60E+00	-2.90E+00	-6.76E-01	-6.72E-01	-9.76E-01	-3.36E+00	5.13E-01	-1.49E+00	-1.61E+01	-7.94E-01	-1.46E+02	-1.46E+02	-1.46E+02	-1.72E+01	-1.80E+01	-1.72E+01	1.68E+01	-1.72E+01	1.68E+01	-1.72E+01	1.68E+01	-1.80E+01	1.68E+01	-1.72E+01	-1.72E+01	1.68E+01	1.68E+01	1.68E+01	-1.80E+01	
group_313	1.97E-01	4.79E-01	8.64E-01	2.75E-02	1.61E-01	1.46E+00	-1.51E+00	-1.06E+00	-1.11E+00	-1.93E+00	-2.29E+00	-2.75E+00	-2.88E+00	-6.76E-01	-8.56E-01	-9.71E-01	-3.41E+00	3.19E-01	-1.46E+00	-1.59E+01	-7.86E-01	-1.46E+02	-1.46E+02	-1.67E+02	-1.78E+01	-1.78E+01	-1.78E+01	1.68E+01	-1.78E+01	1.68E+01	-1.78E+01	1.68E+01	-1.78E+01	1.68E+01	-1.78E+01	-1.78E+01	1.68E+01	1.68E+01	1.68E+01	-1.82E+01	
group_2707	1.96E-01	2.85E-01	5.84E-01	9.29E-02	1.70E-01	1.45E+00	-1.54E+00	-1.05E+00	-1.10E+00	-1.92E+00	-2.27E+00	-2.73E+00	-2.86E+00	-6.36E-01	-8.41E-01	-9.36E-01	-3.39E+00	3.44E-01	-1.45E+00	-1.60E+01	-7.54E-01	-1.46E+02	-1.46E+02	-1.46E+02	-1.78E+01	-1.78E+01	-1.78E+01	1.68E+01	-1.78E+01	1.68E+01	-1.78E+01	1.68E+01	-1.78E+01	1.68E+01	-1.78E+01	-1.78E+01	1.68E+01	1.68E+01	1.68E+01	-1.78E+01	
group_1407	1.96E-01	1.23E-11	8.20E-01	-2.40E-01	1.05E+00	1.46E+00	-1.50E+00	-1.05E+00	-8.78E-01	-1.70E+00	-2.05E+00	-2.75E+00	-2.88E+00	-6.53E-01	-8.57E-01	-9.53E-01	-3.17E+00	3.28E-01	-1.22E+00	-1.56E+01	-7.70E-01	-1.45E+02	-1.45E+02	-1.46E+02	-1.79E+01	-1.25E+01	-1.79E+01	1.71E+01	-1.25E+01	1.71E+01	-1.79E+01	1.71E+01	-1.25E+01	1.71E+01	-1.25E+01	-1.79E+01	1.71E+01	1.71E+01	1.71E+01	-1.79E+01	
msrD	1.96E-01	2.85E-01	5.84E-01	9.29E-02	1.70E-01	1.45E+00	-1.54E+00	-1.05E+00	-1.10E+00	-1.92E+00	-2.27E+00	-2.73E+00	-2.86E+00	-6.36E-01	-8.41E-01	-9.36E-01	-3.39E+00	3.44E-01	-1.45E+00	-1.60E+01	-7.54E-01	-1.46E+02	-1.46E+02	-1.46E+02	-1.78E+01	-1.78E+01	-1.78E+01	1.68E+01	-1.78E+01	1.68E+01	-1.78E+01	1.68E+01	-1.78E+01	1.68E+01	-1.78E+01	-1.78E+01	1.68E+01	1.68E+01	1.68E+01	-1.78E+01	
group_1215	1.96E-01	4.51E-04	3.14E-01	-1.87E-01	1.85E-01	1.48E+00	-1.51E+00	-9.60E-01	-1.11E+00	-1.94E+00	-2.28E+00	-2.61E+00	-2.89E+00	-6.73E-01	-6.91E-01	-9.74E-01	-3.36E+00	4.95E-01	-1.48E+00	-1.61E+01	-7.91E-01	-1.46E+02	-1.46E+02	-1.46E+02	-1.73E+01	-1.79E+01	-1.73E+01	1.68E+01	-1.73E+01	1.68E+01	-1.73E+01	1.68E+01	-1.79E+01	1.68E+01	-1.73E+01	-1.73E+01	1.68E+01	1.68E+01	1.68E+01	-1.79E+01	
group_1209	1.96E-01	4.51E-04	2.87E-01	-1.99E-01	1.86E-01	1.49E+00	-1.51E+00	-9.53E-01	-1.11E+00	-1.94E+00	-2.29E+00	-2.61E+00	-2.90E+00	-6.75E-01	-6.81E-01	-9.75E-01	-3.36E+00	5.05E-01	-1.49E+00	-1.61E+01	-7.93E-01	-1.46E+02	-1.46E+02	-1.46E+02	-1.72E+01	-1.80E+01	-1.72E+01	1.68E+01	-1.72E+01	1.68E+01	-1.72E+01	1.68E+01	-1.80E+01	1.68E+01	-1.72E+01	-1.72E+01	1.68E+01	1.68E+01	1.68E+01	-1.80E+01	
group_1208	1.96E-01	4.51E-04	2.87E-01	-1.99E-01	1.86E-01	1.49E+00	-1.51E+00	-9.53E-01	-1.11E+00	-1.94E+00	-2.29E+00	-2.61E+00	-2.90E+00	-6.75E-01	-6.81E-01	-9.75E-01	-3.36E+00	5.05E-01	-1.49E+00	-1.61E+01	-7.93E-01	-1.46E+02	-1.46E+02	-1.46E+02	-1.72E+01	-1.80E+01	-1.72E+01	1.68E+01	-1.72E+01	1.68E+01	-1.72E+01	1.68E+01	-1.80E+01	1.68E+01	-1.72E+01	-1.72E+01	1.68E+01	1.68E+01	1.68E+01	-1.80E+01	
group_620	1.96E-01	2.85E-01	5.84E-01	9.29E-02	1.70E-01	1.45E+00	-1.54E+00	-1.05E+00	-1.10E+00	-1.92E+00	-2.27E+00	-2.73E+00	-2.86E+00	-6.36E-01	-8.41E-01	-9.36E-01	-3.39E+00	3.44E-01	-1.45E+00	-1.60E+01	-7.54E-01	-1.46E+02	-1.46E+02	-1.46E+02	-1.78E+01	-1.78E+01	-1.78E+01	1.68E+01	-1.78E+01	1.68E+01	-1.78E+01	1.68E+01	-1.78E+01	1.68E+01	-1.78E+01	-1.78E+01	1.68E+01	1.68E+01	1.68E+01	-1.78E+01	
group_531	1.95E-01	4.81E-11	2.64E-01	-1.29E+00	1.23E+00	1.46E+00	-1.50E+00	-1.05E+00	1.66E-01	-6.48E-01	-1.01E+00	-2.75E+00	-2.88E+00	-6.53E-01	-7.76E-01	-9.53E-01	-3.19E+00	3.28E-01	-1.74E-01	-1.60E+01	5.19E-01	-1.46E+02	-1.45E+02	-1.45E+02	-1.63E+01	-1.63E+01	-1.63E+01	1.81E+01	-1.63E+01	1.81E+01	-1.63E+01	1.81E+01	-1.63E+01	1.81E+01	-1.63E+01	-1.63E+01	1.81E+01	1.68E+01	1.81E+01	-1.79E+01	
group_410	1.95E-01	4.81E-11	6.45E-01	-6.00E-01	1.33E+00	1.46E+00	-1.50E+00	-1.05E+00	-5.19E-01	-1.34E+00	-1.69E+00	-2.75E+00	-2.88E+00	-6.53E-01	-8.57E-01	-9.53E-01	-3.28E+00	3.28E-01	-8.64E-01	-1.60E+01	-1.71E-01	-1.45E+02	-1.45E+02	-1.45E+02	-1.62E+01	-1.62E+01	-1.62E+01	1.74E+01	-1.62E+01	1.74E+01	-1.62E+01	1.74E+01	-1.79E+01	1.74E+01	-1.62E+01	-1.62E+01	1.74E+01	1.68E+01	1.74E+01	-1.79E+01	
erm	1.95E-01	7.40E-06	7.60E-01	5.59E-02	1.84E-01	1.46E+00	-1.49E+00	-1.06E+00	-1.11E+00	-1.96E+00	-2.28E+00	-2.78E+00	-2.92E+00	-6.46E-01	-8.54E-01	-9.46E-01	-3.42E+00	3.04E-01	-1.46E+00	-1.60E+01	-7.63E-01	-1.46E+02	-1.46E+02	-1.46E+02	-1.79E+01	-1.79E+01	-1.81E+01	1.68E+01	-1.79E+01	1.68E+01	-1.79E+01	1.68E+01	-1.79E+01	1.68E+01	-1.79E+01	-1.79E+01	1.68E+01	1.68E+01	1.68E+01	-1.79E+01	
group_2224	1.95E-01	1.82E-10	1.00E+00	2.57E+07	7.96E+00	1.41E+00	-1.44E+00	-9.98E-01	-2.57E+07	-2.57E+07	-2.57E+07	-2.67E+00	-2.78E+00	-6.29E-01	-8.36E-01	-9.54E-01	-3.02E+00	6.00E-02	-2.57E+07	-3.60E+00	-2.57E+07	5.03E+07	5.03E+07	5.03E+07	8.46E+05	8.46E+05	8.46E+05	-3.39E+05	8.46E+05	-3.39E+05	8.46E+05	-3.39E+05	1.18E+06	-3.39E+05	1.18E+06	8.46E+05	-3.39E+05	4.87E+04	-3.39E+05	1.18E+06	matrix-inversion-error
group_1288	1.95E-01	7.67E-11	6.69E-01	5.26E-01	1.26E+00	1.46E+00	-1.50E+00	-1.05E+00	-1.63E+00	-2.45E+00	-2.81E+00	-2.75E+00	-2.88E+00	-6.53E-01	-8.57E-01	-9.53E-01	-3.94E+00	3.28E-01	-1.99E+00	-1.60E+01	-7.70E-01	-1.45E+02	-1.45E+02	-1.46E+02	-1.79E+01	-1.52E+01	-1.79E+01	1.63E+01	-1.52E+01	1.63E+01	-1.52E+01	1.63E+01	-1.52E+01	1.63E+01	-1.52E+01	-1.79E+01	1.63E+01	1.63E+01	1.63E+01	-1.79E+01	
group_315	1.95E-01	1.04E-05	6.92E-01	7.31E-02	1.85E-01	1.45E+00	-1.49E+00	-1.06E+00	-1.11E+00	-1.97E+00	-2.28E+00	-2.79E+00	-2.93E+00	-6.44E-01	-8.53E-01	-9.44E-01	-3.42E+00	2.96E-01	-1.45E+00	-1.60E+01	-7.61E-01	-1.46E+02	-1.46E+02	-1.46E+02	-1.78E+01	-1.78E+01	-1.81E+01	1.68E+01	-1.78E+01	1.68E+01	-1.78E+01	1.68E+01	-1.78E+01	1.68E+01	-1.78E+01	-1.78E+01	1.67E+01	1.68E+01	1.68E+01	-1.78E+01	
xre	1.95E-01	2.91E-04	2.40E-01	-4.64E-01	3.98E-01	1.46E+00	-1.07E+00	-1.04E+00	-1.11E+00	-1.94E+00	-2.28E+00	-2.75E+00	-2.88E+00	-1.89E-01	-8.57E-01	-7.14E-01	-3.41E+00	3.28E-01	-1.46E+00	-1.60E+01	-7.70E-01	-1.46E+02	-1.46E+02	-1.46E+02	-1.79E+01	-1.79E+01	-1.79E+01	1.68E+01	-1.79E+01	1.68E+01	-1.79E+01	1.68E+01	-1.79E+01	1.68E+01	-1.79E+01	-1.79E+01	1.68E+01	1.73E+01	1.68E+01	-1.79E+01	
group_2040	1.94E-01	1.22E-10	6.45E-01	-6.00E-01	1.33E+00	1.46E+00	-1.50E+00	-1.05E+00	-5.19E-01	-1.34E+00	-1.69E+00	-2.75E+00	-2.88E+00	-6.53E-01	-8.57E-01	-9.53E-01	-3.28E+00	3.28E-01	-8.64E-01	-1.60E+01	-1.71E-01	-1.46E+02	-1.46E+02	-1.46E+02	-1.64E+01	-1.64E+01	-1.64E+01	1.74E+01	-1.64E+01	1.74E+01	-1.64E+01	1.74E+01	-1.79E+01	1.74E+01	-1.64E+01	-1.64E+01	1.74E+01	1.68E+01	1.74E+01	-1.79E+01	
group_499	1.94E-01	1.02E-01	3.03E-01	2.26E-01	2.21E-01	1.44E+00	-1.48E+00	-1.21E+00	-1.11E+00	-1.92E+00	-2.28E+00	-2.91E+00	-2.85E+00	-6.30E-01	-8.48E-01	-9.30E-01	-3.48E+00	1.25E-01	-1.44E+00	-1.60E+01	-7.48E-01	-1.46E+02	-1.46E+02	-1.46E+02	-1.87E+01	-1.78E+01	-1.87E+01	1.68E+01	-1.87E+01	1.68E+01	-1.87E+01	1.68E+01	-1.78E+01	1.68E+01	-1.87E+01	-1.78E+01	1.68E+01	1.68E+01	1.68E+01	-1.78E+01	
group_178	1.93E-01	2.21E-11	7.29E-01	-1.95E+00	8.18E+00	1.46E+00	-1.50E+00	-1.05E+00	8.32E-01	1.76E-02	-3.62E-01	-2.72E+00	-2.83E+00	-6.82E-01	-8.90E-01	-1.01E+00	-1.12E+00	6.17E-03	-1.46E+00	-3.66E+00	-9.49E-01	-1.12E+00	-1.12E+00	-3.07E+00	-2.56E+00	-6.13E-01	-2.56E+00	1.58E+00	-6.13E-01	1.58E+00	-6.13E-01	-3.62E-01	-6.13E-01	1.58E+00	-6.13E-01	-2.56E+00	1.58E+00	1.58E+00	1.58E+00	-2.56E+00	high-bse
group_1900	1.92E-01	3.55E-11	8.73E-01	-2.37E-01	1.48E+00	1.46E+00	-1.50E+00	-1.05E+00	-8.79E-01	-1.70E+00	-2.05E+00	-2.75E+00	-2.88E+00	-6.53E-01	-8.57E-01	-9.53E-01	-3.17E+00	3.28E-01	-1.46E+00	-1.60E+01	-7.70E-01	-1.44E+02	-1.44E+02	-1.46E+02	-1.79E+01	-1.25E+01	-1.79E+01	1.71E+01	-1.25E+01	1.71E+01	-1.25E+01	1.68E+01	-1.25E+01	1.71E+01	-1.25E+01	-1.79E+01	1.71E+01	1.71E+01	1.71E+01	-1.79E+01	
group_802	1.92E-01	1.38E-01	1.61E-01	3.49E-01	2.53E-01	1.44E+00	-1.47E+00	-1.31E+00	-1.10E+00	-1.92E+00	-2.60E+00	-2.75E+00	-2.85E+00	-6.24E-01	-8.48E-01	-9.24E-01	-3.52E+00	7.30E-03	-1.44E+00	-1.60E+01	-7.42E-01	-1.46E+02	-1.46E+02	-1.46E+02	-1.91E+01	-1.78E+01	-1.91E+01	1.68E+01	-1.91E+01	1.68E+01	-1.91E+01	1.68E+01	-1.78E+01	1.68E+01	-1.91E+01	-1.78E+01	1.68E+01	1.68E+01	1.68E+01	-1.78E+01	
group_2166	1.92E-01	7.26E-01	1.57E-01	3.34E-01	2.41E-01	1.42E+00	-1.46E+00	-1.01E+00	-1.39E+00	-1.89E+00	-2.52E+00	-2.71E+00	-2.85E+00	-6.05E-01	-8.10E-01	-9.05E-01	-3.36E+00	3.33E-01	-1.42E+00	-1.60E+01	-7.23E-01	-1.47E+02	-1.47E+02	-1.47E+02	-1.77E+01	-1.90E+01	-1.77E+01	1.65E+01	-1.77E+01	1.68E+01	-1.90E+01	1.68E+01	-1.77E+01	1.65E+01	-1.77E+01	-1.90E+01	1.68E+01	1.68E+01	1.65E+01	-1.90E+01	
group_1088	1.91E-01	1.84E-01	5.98E-02	5.14E-01	2.75E-01	1.45E+00	-1.49E+00	-1.35E+00	-1.60E+00	-1.94E+00	-2.27E+00	-2.74E+00	-3.35E+00	-6.43E-01	-1.30E+00	-9.43E-01	-3.40E+00	-9.06E-02	-1.71E+00	-1.60E+01	-7.61E-01	-1.47E+02	-1.47E+02	-1.47E+02	-1.93E+01	-1.93E+01	-1.93E+01	1.63E+01	-1.79E+01	1.63E+01	-1.79E+01	1.63E+01	-1.79E+01	1.63E+01	-1.79E+01	-1.93E+01	1.68E+01	1.68E+01	1.63E+01	-1.79E+01	
group_1170	1.90E-01	2.46E-11	7.22E-01	3.64E-01	1.02E+00	1.46E+00	-1.50E+00	-1.05E+00	-1.46E+00	-2.30E+00	-2.65E+00	-2.75E+00	-2.88E+00	-6.53E-01	-8.57E-01	-9.53E-01	-3.77E+00	3.28E-01	-1.46E+00	-1.60E+01	-7.70E-01	-1.46E+02	-1.46E+02	-1.46E+02	-1.79E+01	-1.84E+01	-1.79E+01	1.64E+01	-1.84E+01	1.64E+01	-1.84E+01	1.68E+01	-1.84E+01	1.68E+01	-1.84E+01	-1.79E+01	1.64E+01	1.64E+01	1.64E+01	-1.79E+01	
group_1066	1.88E-01	3.08E-01	1.65E-01	3.12E-01	2.28E-01	1.43E+00	-1.47E+00	-1.27E+00	-1.12E+00	-1.91E+00	-2.26E+00	-2.98E+00	-2.85E+00	-6.22E-01	-8.45E-01	-9.23E-01	-3.42E+00	4.62E-02	-1.43E+00	-1.60E+01	-7.40E-01	-1.46E+02	-1.46E+02	-1.46E+02	-1.90E+01	-1.78E+01	-1.90E+01	1.68E+01	-1.78E+01	1.68E+01	-1.90E+01	1.68E+01	-1.78E+01	1.68E+01	-1.90E+01	-1.78E+01	1.68E+01	1.68E+01	1.68E+01	-1.78E+01	
group_30	1.88E-01	4.17E-11	8.38E-01	1.74E-01	8.53E-01	1.46E+00	-1.50E+00	-1.05E+00	-1.28E+00	-2.11E+00	-2.46E+00	-2.75E+00	-2.88E+00	-6.53E-01	-8.57E-01	-9.53E-01	-3.58E+00	3.28E-01	-1.46E+00	-1.60E+01	-7.70E-01	-1.46E+02	-1.46E+02	-1.46E+02	-1.79E+01	-1.77E+01	-1.79E+01	1.66E+01	-1.77E+01	1.66E+01	-1.79E+01	1.68E+01	-1.77E+01	1.68E+01	-1.77E+01	-1.79E+01	1.66E+01	1.66E+01	1.66E+01	-1.79E+01	
group_86	1.88E-01	1.98E-05	5.26E-01	1.10E-01	1.73E-01	1.46E+00	-1.55E+00	-1.08E+00	-1.12E+00	-1.94E+00	-2.31E+00	-2.81E+00	-2.88E+00	-7.62E-01	-8.64E-01	-1.06E+00	-3.41E+00	3.28E-01	-1.46E+00	-1.60E+01	-8.43E-01	-1.46E+02	-1.46E+02	-1.46E+02	-1.79E+01	-1.79E+01	-1.79E+01	1.68E+01	-1.79E+01	1.68E+01	-1.79E+01	1.67E+01	-1.79E+01	1.68E+01	-1.79E+01	-1.79E+01	1.68E+01	1.67E+01	1.68E+01	-1.82E+01	
group_766	1.87E-01	4.38E-06	4.23E-01	1.48E-01	1.85E-01	1.46E+00	-1.57E+00	-1.06E+00	-1.12E+00	-1.95E+00	-2.39E+00	-2.75E+00	-2.95E+00	-8.00E-01	-8.91E-01	-1.06E+00	-3.43E+00	2.88E-01	-1.46E+00	-1.00E+02	-9.17E-01	-1.46E+02	-1.46E+02	-1.46E+02	-1.79E+01	-1.79E+01	-1.79E+01	1.68E+01	-1.79E+01	1.68E+01	-1.79E+01	1.68E+01	-1.79E+01	1.68E+01	-1.79E+01	-1.79E+01	1.68E+01	1.67E+01	1.68E+01	-1.83E+01	
group_162	1.87E-01	4.86E-05	6.50E-01	-8.41E-02	1.85E-01	1.50E+00	-1.53E+00	-1.08E+00	-1.15E+00	-1.97E+00	-2.28E+00	-2.78E+00	-2.91E+00	-6.85E-01	-8.90E-01	-9.85E-01	-3.43E+00	2.96E-01	-1.50E+00	-1.66E+01	-8.03E-01	-1.46E+02	-1.46E+02	-1.46E+02	-1.80E+01	-1.80E+01	-1.77E+01	1.68E+01	-1.80E+01	1.68E+01	-1.77E+01	1.68E+01	-1.80E+01	1.68E+01	-1.77E+01	-1.80E+01	1.68E+01	1.68E+01	1.68E+01	-1.80E+01	
group_1317	1.86E-01	1.44E-03	3.12E-01	2.31E-01	2.32E-01	1.43E+00	-1.47E+00	-1.02E+00	-1.16E+00	-2.14E+00	-2.26E+00	-2.72E+00	-3.06E+00	-6.21E-01	-8.26E-01	-9.21E-01	-3.61E+00	3.29E-01	-1.43E+00	-1.60E+01	-8.91E-01	-1.47E+02	-1.47E+02	-1.47E+02	-1.87E+01	-1.87E+01	-1.87E+01	1.68E+01	-1.77E+01	1.66E+01	-1.87E+01	1.68E+01	-1.77E+01	1.68E+01	-1.77E+01	-1.87E+01	1.66E+01	1.68E+01	1.66E+01	-1.87E+01	
group_1785	1.86E-01	2.70E-10	7.22E-01	3.64E-01	1.02E+00	1.46E+00	-1.50E+00	-1.05E+00	-1.46E+00	-2.30E+00	-2.65E+00	-2.75E+00	-2.88E+00	-6.53E-01	-8.57E-01	-9.53E-01	-3.77E+00	3.28E-01	-1.46E+00	-1.60E+01	-7.70E-01	-1.46E+02	-1.46E+02	-1.46E+02	-1.79E+01	-1.79E+01	-1.79E+01	1.64E+01	-1.82E+01	1.68E+01	-1.79E+01	1.68E+01	-1.82E+01	1.68E+01	-1.82E+01	-1.79E+01	1.64E+01	1.64E+01	1.64E+01	-1.79E+01	
group_2036	1.84E-01	7.80E-12	5.32E-01	-3.69E-01	5.97E-01	1.46E+00	-1.50E+00	-1.05E+00	-7.89E-01	-1.57E+00	-1.92E+00	-2.75E+00	-2.88E+00	-6.53E-01	-8.57E-01	-9.53E-01	-3.04E+00	3.28E-01	-1.46E+00	-1.60E+01	-7.70E-01	-1.46E+02	-1.46E+02	-1.46E+02	-1.79E+01	-1.48E+01	-1.79E+01	1.72E+01	-1.48E+01	1.72E+01	-1.48E+01	1.68E+01	-1.48E+01	1.72E+01	-1.48E+01	-1.79E+01	1.72E+01	1.72E+01	1.72E+01	-1.79E+01	
group_395	1.84E-01	6.71E-10	5.83E-02	-1.42E-01	7.61E+00	1.46E+00	-1.50E+00	-9.63E-01	-1.11E+00	-1.92E+00	-2.23E+00	-2.62E+00	-2.72E+00	-6.86E-01	-8.02E-01	-1.01E+00	-3.05E+00	1.24E-01	-1.39E+00	-3.66E+00	-8.11E-01	-3.07E+00	-3.07E+00	-3.00E+00	-2.56E+00	-2.56E+00	-2.56E+00	-3.65E-01	-2.56E+00	-3.65E-01	-2.56E+00	-2.23E-01	-2.56E+00	-3.65E-01	-2.56E+00	-2.56E+00	-3.65E-01	-3.65E-01	-3.65E-01	-2.42E+00	matrix-inversion-error
dpnM	1.82E-01	4.02E-04	6.79E-01	-1.57E-01	3.80E-01	1.46E+00	-1.36E+00	-1.05E+00	-1.11E+00	-1.94E+00	-2.28E+00	-2.75E+00	-2.88E+00	-5.13E-01	-8.57E-01	-9.53E-01	-3.39E+00	3.28E-01	-1.46E+00	-1.60E+01	-7.70E-01	-1.46E+02	-1.46E+02	-1.46E+02	-1.79E+01	-1.79E+01	-1.79E+01	1.68E+01	-1.79E+01	1.68E+01	-1.79E+01	1.68E+01	-1.79E+01	1.68E+01	-1.79E+01	-1.79E+01	1.68E+01	1.68E+01	1.68E+01	-1.79E+01	
group_1387	1.82E-01	5.34E-04	8.81E-01	-5.62E-02	3.75E-01	1.46E+00	-1.45E+00	-1.05E+00	-1.11E+00	-1.94E+00	-2.28E+00	-2.75E+00	-2.88E+00	-6.05E-01	-8.57E-01	-9.53E-01	-3.40E+00	3.28E-01	-1.46E+00	-1.60E+01	-7.70E-01	-1.46E+02	-1.46E+02	-1.46E+02	-1.79E+01	-1.79E+01	-1.79E+01	1.68E+01	-1.79E+01	1.68E+01	-1.79E+01	1.68E+01	-1.79E+01	1.68E+01	-1.79E+01	-1.79E+01	1.68E+01	1.68E+01	1.68E+01	-1.79E+01	
group_321	1.82E-01	2.94E-06	3.12E-02	-1.64E-01	7.67E+00	1.47E+00	-1.47E+00	-9.92E-01	-1.12E+00	-1.93E+00	-2.26E+00	-2.62E+00	-2.79E+00	-6.75E-01	-7.95E-01	-9.58E-01	-3.06E+00	-5.11E-03	-1.43E+00	-3.67E+00	-9.05E-01	-3.08E+00	-3.08E+00	-3.00E+00	-2.57E+00	-2.57E+00	-2.57E+00	-3.73E-01	-2.57E+00	-3.73E-01	-2.57E+00	-3.73E-01	-2.57E+00	-3.73E-01	-2.57E+00	-2.57E+00	-3.73E-01	-3.73E-01	-3.73E-01	-2.57E+00	matrix-inversion-error
group_2481	1.79E-01	1.24E-04	5.56E-01	3.83E-01	6.57E-01	1.46E+00	-1.87E+00	-1.05E+00	-1.11E+00	-1.94E+00	-2.28E+00	-2.75E+00	-2.88E+00	-6.53E-01	-8.57E-01	-9.53E-01	-3.41E+00	3.28E-01	-1.46E+00	-1.60E+01	-7.70E-01	-1.46E+02	-1.46E+02	-1.46E+02	-1.79E+01	-1.90E+01	-1.79E+01	1.68E+01	-1.79E+01	1.68E+01	-1.79E+01	1.68E+01	-1.79E+01	1.68E+01	-1.79E+01	-1.90E+01	1.68E+01	1.64E+01	1.68E+01	-1.79E+01	
group_552	1.79E-01	2.93E-01	3.25E-01	2.64E-01	2.73E-01	1.43E+00	-1.47E+00	-1.02E+00	-1.34E+00	-1.91E+00	-2.49E+00	-2.72E+00	-2.86E+00	-6.21E-01	-8.26E-01	-9.21E-01	-3.38E+00	3.25E-01	-1.43E+00	-1.60E+01	-7.39E-01	-1.47E+02	-1.47E+02	-1.47E+02	-1.77E+01	-1.88E+01	-1.77E+01	1.66E+01	-1.88E+01	1.66E+01	-1.88E+01	1.68E+01	-1.77E+01	1.66E+01	-1.77E+01	-1.88E+01	1.68E+01	1.68E+01	1.66E+01	-1.77E+01	
group_588	1.78E-01	2.34E-05	1.27E-01	1.81E+00	1.28E+00	1.46E+00	-1.50E+00	-2.86E+00	-1.13E+00	-1.94E+00	-2.28E+00	-4.56E+00	-2.88E+00	-6.53E-01	-2.32E+00	-9.53E-01	-5.22E+00	-1.48E+00	-1.46E+00	-1.60E+01	-7.70E-01	-1.46E+02	-1.46E+02	-1.46E+02	-1.79E+01	-1.79E+01	-1.79E+01	1.68E+01	-2.40E+01	1.68E+01	-1.79E+01	1.68E+01	-2.40E+01	1.68E+01	-1.79E+01	-1.79E+01	1.68E+01	1.50E+01	1.68E+01	-1.79E+01	
group_2209	1.77E-01	2.44E-02	5.97E-01	1.24E-01	2.36E-01	1.44E+00	-1.48E+00	-1.03E+00	-1.09E+00	-2.04E+00	-2.26E+00	-2.73E+00	-2.97E+00	-6.31E-01	-8.36E-01	-9.31E-01	-3.51E+00	3.33E-01	-1.44E+00	-1.60E+01	-8.31E-01	-1.46E+02	-1.46E+02	-1.46E+02	-1.83E+01	-1.78E+01	-1.83E+01	1.67E+01	-1.83E+01	1.67E+01	-1.83E+01	1.68E+01	-1.78E+01	1.68E+01	-1.78E+01	-1.78E+01	1.67E+01	1.68E+01	1.68E+01	-1.78E+01	
group_1381	1.77E-01	2.44E-02	6.28E-01	1.14E-01	2.36E-01	1.44E+00	-1.48E+00	-1.03E+00	-1.09E+00	-2.03E+00	-2.27E+00	-2.73E+00	-2.96E+00	-6.33E-01	-8.37E-01	-9.33E-01	-3.50E+00	3.33E-01	-1.44E+00	-1.60E+01	-8.26E-01	-1.46E+02	-1.46E+02	-1.46E+02	-1.83E+01	-1.78E+01	-1.83E+01	1.67E+01	-1.78E+01	1.67E+01	-1.83E+01	1.68E+01	-1.78E+01	1.68E+01	-1.78E+01	-1.78E+01	1.67E+01	1.68E+01	1.68E+01	-1.78E+01	
group_930	1.77E-01	3.18E-09	9.63E-01	2.12E-02	4.53E-01	1.46E+00	-1.50E+00	-1.05E+00	-1.13E+00	-1.96E+00	-2.28E+00	-2.75E+00	-2.90E+00	-6.52E-01	-8.57E-01	-9.52E-01	-3.43E+00	3.26E-01	-1.46E+00	-1.60E+01	-7.84E-01	-1.46E+02	-1.46E+02	-1.46E+02	-1.80E+01	-1.80E+01	-1.80E+01	1.68E+01	-1.80E+01	1.68E+01	-1.79E+01	1.68E+01	-1.79E+01	1.68E+01	-1.79E+01	-1.80E+01	1.68E+01	1.68E+01	1.68E+01	-1.79E+01	
group_2265	1.77E-01	1.77E-03	9.64E-01	7.59E-03	1.68E-01	1.46E+00	-1.50E+00	-1.05E+00	-1.11E+00	-1.94E+00	-2.28E+00	-2.75E+00	-2.88E+00	-6.60E-01	-8.59E-01	-9.60E-01	-3.41E+00	3.23E-01	-1.46E+00	-1.60E+01	-7.73E-01	-1.46E+02	-1.46E+02	-1.48E+02	-1.79E+01	-1.79E+01	-1.79E+01	1.68E+01	-1.79E+01	1.68E+01	-1.79E+01	1.68E+01	-1.79E+01	1.68E+01	-1.79E+01	-1.79E+01	1.68E+01	1.68E+01	1.68E+01	-1.80E+01	
group_2100	1.76E-01	1.44E-03	9.31E-01	-1.46E-02	1.68E-01	1.46E+00	-1.49E+00	-1.05E+00	-1.11E+00	-1.94E+00	-2.28E+00	-2.74E+00	-2.87E+00	-6.39E-01	-8.55E-01	-9.38E-01	-3.41E+00	3.38E-01	-1.46E+00	-1.61E+01	-7.66E-01	-1.46E+02	-1.46E+02	-1.53E+02	-1.79E+01	-1.79E+01	-1.79E+01	1.68E+01	-1.79E+01	1.68E+01	-1.79E+01	1.68E+01	-1.79E+01	1.68E+01	-1.79E+01	-1.79E+01	1.68E+01	1.68E+01	1.68E+01	-1.76E+01	
group_2774	1.75E-01	8.54E-05	2.24E-02	-2.02E-01	7.60E+00	1.47E+00	-1.45E+00	-9.81E-01	-1.11E+00	-1.94E+00	-2.28E+00	-2.63E+00	-2.80E+00	-6.97E-01	-7.73E-01	-9.97E-01	-3.06E+00	-8.38E-03	-1.47E+00	-3.62E+00	-9.64E-01	-3.08E+00	-3.08E+00	-2.99E+00	-2.57E+00	-2.57E+00	-2.57E+00	-3.76E-01	-2.57E+00	-3.76E-01	-2.57E+00	-1.74E-01	-2.57E+00	-3.76E-01	-2.57E+00	-2.57E+00	-3.76E-01	-3.76E-01	-1.74E-01	-2.57E+00	matrix-inversion-error
group_2742	1.75E-01	8.54E-05	2.24E-02	-2.02E-01	7.60E+00	1.47E+00	-1.45E+00	-9.81E-01	-1.11E+00	-1.94E+00	-2.28E+00	-2.63E+00	-2.80E+00	-6.97E-01	-7.73E-01	-9.97E-01	-3.06E+00	-8.38E-03	-1.47E+00	-3.62E+00	-9.64E-01	-3.08E+00	-3.08E+00	-2.99E+00	-2.57E+00	-2.57E+00	-2.57E+00	-3.76E-01	-2.57E+00	-3.76E-01	-2.57E+00	-1.74E-01	-2.57E+00	-3.76E-01	-2.57E+00	-2.57E+00	-3.76E-01	-3.76E-01	-1.74E-01	-2.57E+00	matrix-inversion-error
group_2683	1.75E-01	8.54E-05	2.24E-02	-2.02E-01	7.60E+00	1.47E+00	-1.45E+00	-9.81E-01	-1.11E+00	-1.94E+00	-2.28E+00	-2.63E+00	-2.80E+00	-6.97E-01	-7.73E-01	-9.97E-01	-3.06E+00	-8.38E-03	-1.47E+00	-3.62E+00	-9.64E-01	-3.08E+00	-3.08E+00	-2.99E+00	-2.57E+00	-2.57E+00	-2.57E+00	-3.76E-01	-2.57E+00	-3.76E-01	-2.57E+00	-1.74E-01	-2.57E+00	-3.76E-01	-2.57E+00	-2.57E+00	-3.76E-01	-3.76E-01	-1.74E-01	-2.57E+00	matrix-inversion-error
group_2515	1.75E-01	1.52E-02	5.48E-01	-1.03E-01	1.72E-01	1.47E+00	-1.45E+00	-1.05E+00	-1.11E+00	-1.94E+00	-2.27E+00	-2.75E+00	-2.88E+00	-5.56E-01	-8.52E-01	-8.82E-01	-3.42E+00	3.22E-01	-1.44E+00	-1.50E+02	-7.77E-01	-1.46E+02	-1.46E+02	-1.46E+02	-1.78E+01	-1.78E+01	-1.78E+01	1.68E+01	-1.78E+01	1.68E+01	-1.78E+01	1.68E+01	-1.78E+01	1.68E+01	-1.78E+01	-1.78E+01	1.68E+01	1.69E+01	1.68E+01	-1.78E+01	
group_2223	1.75E-01	8.54E-05	2.24E-02	-2.02E-01	7.60E+00	1.47E+00	-1.45E+00	-9.81E-01	-1.11E+00	-1.94E+00	-2.28E+00	-2.63E+00	-2.80E+00	-6.97E-01	-7.73E-01	-9.97E-01	-3.06E+00	-8.38E-03	-1.47E+00	-3.62E+00	-9.64E-01	-3.08E+00	-3.08E+00	-2.99E+00	-2.57E+00	-2.57E+00	-2.57E+00	-3.76E-01	-2.57E+00	-3.76E-01	-2.57E+00	-1.74E-01	-2.57E+00	-3.76E-01	-2.57E+00	-2.57E+00	-3.76E-01	-3.76E-01	-1.74E-01	-2.57E+00	matrix-inversion-error
group_2172	1.75E-01	8.54E-05	2.24E-02	-2.02E-01	7.60E+00	1.47E+00	-1.45E+00	-9.81E-01	-1.11E+00	-1.94E+00	-2.28E+00	-2.63E+00	-2.80E+00	-6.97E-01	-7.73E-01	-9.97E-01	-3.06E+00	-8.38E-03	-1.47E+00	-3.62E+00	-9.64E-01	-3.08E+00	-3.08E+00	-2.99E+00	-2.57E+00	-2.57E+00	-2.57E+00	-3.76E-01	-2.57E+00	-3.76E-01	-2.57E+00	-1.74E-01	-2.57E+00	-3.76E-01	-2.57E+00	-2.57E+00	-3.76E-01	-3.76E-01	-1.74E-01	-2.57E+00	matrix-inversion-error
group_2102	1.75E-01	8.54E-05	2.24E-02	-2.02E-01	7.60E+00	1.47E+00	-1.45E+00	-9.81E-01	-1.11E+00	-1.94E+00	-2.28E+00	-2.63E+00	-2.80E+00	-6.97E-01	-7.73E-01	-9.97E-01	-3.06E+00	-8.38E-03	-1.47E+00	-3.62E+00	-9.64E-01	-3.08E+00	-3.08E+00	-2.99E+00	-2.57E+00	-2.57E+00	-2.57E+00	-3.76E-01	-2.57E+00	-3.76E-01	-2.57E+00	-1.74E-01	-2.57E+00	-3.76E-01	-2.57E+00	-2.57E+00	-3.76E-01	-3.76E-01	-1.74E-01	-2.57E+00	matrix-inversion-error
group_2032	1.75E-01	8.54E-05	2.24E-02	-2.02E-01	7.60E+00	1.47E+00	-1.45E+00	-9.81E-01	-1.11E+00	-1.94E+00	-2.28E+00	-2.63E+00	-2.80E+00	-6.97E-01	-7.73E-01	-9.97E-01	-3.06E+00	-8.38E-03	-1.47E+00	-3.62E+00	-9.64E-01	-3.08E+00	-3.08E+00	-2.99E+00	-2.57E+00	-2.57E+00	-2.57E+00	-3.76E-01	-2.57E+00	-3.76E-01	-2.57E+00	-1.74E-01	-2.57E+00	-3.76E-01	-2.57E+00	-2.57E+00	-3.76E-01	-3.76E-01	-1.74E-01	-2.57E+00	matrix-inversion-error
group_1810	1.75E-01	8.54E-05	2.24E-02	-2.02E-01	7.60E+00	1.47E+00	-1.45E+00	-9.81E-01	-1.11E+00	-1.94E+00	-2.28E+00	-2.63E+00	-2.80E+00	-6.97E-01	-7.73E-01	-9.97E-01	-3.06E+00	-8.38E-03	-1.47E+00	-3.62E+00	-9.64E-01	-3.08E+00	-3.08E+00	-2.99E+00	-2.57E+00	-2.57E+00	-2.57E+00	-3.76E-01	-2.57E+00	-3.76E-01	-2.57E+00	-1.74E-01	-2.57E+00	-3.76E-01	-2.57E+00	-2.57E+00	-3.76E-01	-3.76E-01	-1.74E-01	-2.57E+00	matrix-inversion-error
group_1013	1.75E-01	8.54E-05	2.24E-02	-2.02E-01	7.60E+00	1.47E+00	-1.45E+00	-9.81E-01	-1.11E+00	-1.94E+00	-2.28E+00	-2.63E+00	-2.80E+00	-6.97E-01	-7.73E-01	-9.97E-01	-3.06E+00	-8.38E-03	-1.47E+00	-3.62E+00	-9.64E-01	-3.08E+00	-3.08E+00	-2.99E+00	-2.57E+00	-2.57E+00	-2.57E+00	-3.76E-01	-2.57E+00	-3.76E-01	-2.57E+00	-1.74E-01	-2.57E+00	-3.76E-01	-2.57E+00	-2.57E+00	-3.76E-01	-3.76E-01	-1.74E-01	-2.57E+00	matrix-inversion-error
group_861	1.75E-01	8.54E-05	2.24E-02	-2.02E-01	7.60E+00	1.47E+00	-1.45E+00	-9.81E-01	-1.11E+00	-1.94E+00	-2.28E+00	-2.63E+00	-2.80E+00	-6.97E-01	-7.73E-01	-9.97E-01	-3.06E+00	-8.38E-03	-1.47E+00	-3.62E+00	-9.64E-01	-3.08E+00	-3.08E+00	-2.99E+00	-2.57E+00	-2.57E+00	-2.57E+00	-3.76E-01	-2.57E+00	-3.76E-01	-2.57E+00	-1.74E-01	-2.57E+00	-3.76E-01	-2.57E+00	-2.57E+00	-3.76E-01	-3.76E-01	-1.74E-01	-2.57E+00	matrix-inversion-error
group_780	1.75E-01	8.54E-05	2.24E-02	-2.02E-01	7.60E+00	1.47E+00	-1.45E+00	-9.81E-01	-1.11E+00	-1.94E+00	-2.28E+00	-2.63E+00	-2.80E+00	-6.97E-01	-7.73E-01	-9.97E-01	-3.06E+00	-8.38E-03	-1.47E+00	-3.62E+00	-9.64E-01	-3.08E+00	-3.08E+00	-2.99E+00	-2.57E+00	-2.57E+00	-2.57E+00	-3.76E-01	-2.57E+00	-3.76E-01	-2.57E+00	-1.74E-01	-2.57E+00	-3.76E-01	-2.57E+00	-2.57E+00	-3.76E-01	-3.76E-01	-1.74E-01	-2.57E+00	matrix-inversion-error
group_616	1.75E-01	8.54E-05	2.24E-02	-2.02E-01	7.60E+00	1.47E+00	-1.45E+00	-9.81E-01	-1.11E+00	-1.94E+00	-2.28E+00	-2.63E+00	-2.80E+00	-6.97E-01	-7.73E-01	-9.97E-01	-3.06E+00	-8.38E-03	-1.47E+00	-3.62E+00	-9.64E-01	-3.08E+00	-3.08E+00	-2.99E+00	-2.57E+00	-2.57E+00	-2.57E+00	-3.76E-01	-2.57E+00	-3.76E-01	-2.57E+00	-1.74E-01	-2.57E+00	-3.76E-01	-2.57E+00	-2.57E+00	-3.76E-01	-3.76E-01	-1.74E-01	-2.57E+00	matrix-inversion-error
group_449	1.75E-01	8.54E-05	2.24E-02	-2.02E-01	7.60E+00	1.47E+00	-1.45E+00	-9.81E-01	-1.11E+00	-1.94E+00	-2.28E+00	-2.63E+00	-2.80E+00	-6.97E-01	-7.73E-01	-9.97E-01	-3.06E+00	-8.38E-03	-1.47E+00	-3.62E+00	-9.64E-01	-3.08E+00	-3.08E+00	-2.99E+00	-2.57E+00	-2.57E+00	-2.57E+00	-3.76E-01	-2.57E+00	-3.76E-01	-2.57E+00	-1.74E-01	-2.57E+00	-3.76E-01	-2.57E+00	-2.57E+00	-3.76E-01	-3.76E-01	-1.74E-01	-2.57E+00	matrix-inversion-error
group_441	1.75E-01	8.54E-05	2.24E-02	-2.02E-01	7.60E+00	1.47E+00	-1.45E+00	-9.81E-01	-1.11E+00	-1.94E+00	-2.28E+00	-2.63E+00	-2.80E+00	-6.97E-01	-7.73E-01	-9.97E-01	-3.06E+00	-8.38E-03	-1.47E+00	-3.62E+00	-9.64E-01	-3.08E+00	-3.08E+00	-2.99E+00	-2.57E+00	-2.57E+00	-2.57E+00	-3.76E-01	-2.57E+00	-3.76E-01	-2.57E+00	-1.74E-01	-2.57E+00	-3.76E-01	-2.57E+00	-2.57E+00	-3.76E-01	-3.76E-01	-1.74E-01	-2.57E+00	matrix-inversion-error
group_296	1.75E-01	8.54E-05	2.24E-02	-2.02E-01	7.60E+00	1.47E+00	-1.45E+00	-9.81E-01	-1.11E+00	-1.94E+00	-2.28E+00	-2.63E+00	-2.80E+00	-6.97E-01	-7.73E-01	-9.97E-01	-3.06E+00	-8.38E-03	-1.47E+00	-3.62E+00	-9.64E-01	-3.08E+00	-3.08E+00	-2.99E+00	-2.57E+00	-2.57E+00	-2.57E+00	-3.76E-01	-2.57E+00	-3.76E-01	-2.57E+00	-1.74E-01	-2.57E+00	-3.76E-01	-2.57E+00	-2.57E+00	-3.76E-01	-3.76E-01	-1.74E-01	-2.57E+00	matrix-inversion-error
group_111	1.75E-01	8.54E-05	2.24E-02	-2.02E-01	7.60E+00	1.47E+00	-1.45E+00	-9.81E-01	-1.11E+00	-1.94E+00	-2.28E+00	-2.63E+00	-2.80E+00	-6.97E-01	-7.73E-01	-9.97E-01	-3.06E+00	-8.38E-03	-1.47E+00	-3.62E+00	-9.64E-01	-3.08E+00	-3.08E+00	-2.99E+00	-2.57E+00	-2.57E+00	-2.57E+00	-3.76E-01	-2.57E+00	-3.76E-01	-2.57E+00	-1.74E-01	-2.57E+00	-3.76E-01	-2.57E+00	-2.57E+00	-3.76E-01	-3.76E-01	-1.74E-01	-2.57E+00	matrix-inversion-error
group_1924	1.75E-01	3.78E-03	6.14E-01	1.53E-01	3.02E-01	1.46E+00	-1.63E+00	-1.05E+00	-1.11E+00	-1.94E+00	-2.28E+00	-2.75E+00	-2.88E+00	-7.51E-01	-8.57E-01	-1.07E+00	-3.41E+00	3.29E-01	-1.46E+00	-1.60E+01	-7.70E-01	-1.46E+02	-1.46E+02	-1.46E+02	-1.79E+01	-1.79E+01	-1.79E+01	1.68E+01	-1.79E+01	1.68E+01	-1.79E+01	1.68E+01	-1.79E+01	1.68E+01	-1.79E+01	-1.79E+01	1.68E+01	1.66E+01	1.68E+01	-1.83E+01	
group_1031	1.74E-01	8.29E-01	8.70E-01	3.40E-02	2.08E-01	1.46E+00	-1.50E+00	-1.08E+00	-1.11E+00	-1.94E+00	-2.28E+00	-2.75E+00	-2.87E+00	-6.49E-01	-8.88E-01	-9.50E-01	-3.41E+00	2.97E-01	-1.46E+00	-1.60E+01	-7.67E-01	-1.46E+02	-1.46E+02	-1.47E+02	-1.81E+01	-1.79E+01	-1.81E+01	1.68E+01	-1.81E+01	1.68E+01	-1.79E+01	1.68E+01	-1.79E+01	1.68E+01	-1.79E+01	-1.81E+01	1.68E+01	1.68E+01	1.68E+01	-1.79E+01	
group_702	1.73E-01	2.57E-03	4.84E-02	9.86E-02	7.77E+00	1.46E+00	-1.53E+00	-1.07E+00	-1.11E+00	-1.93E+00	-2.29E+00	-2.74E+00	-2.85E+00	-7.75E-01	-9.00E-01	-1.10E+00	-3.07E+00	-3.51E-02	-1.51E+00	-3.73E+00	-1.01E+00	-3.07E+00	-3.07E+00	-3.12E+00	-2.56E+00	-2.56E+00	-2.66E+00	-3.60E-01	-2.56E+00	-3.60E-01	-2.56E+00	-3.60E-01	-2.56E+00	-3.60E-01	-2.66E+00	-2.56E+00	-3.60E-01	-4.58E-01	-3.60E-01	-2.66E+00	matrix-inversion-error
group_326	1.73E-01	7.03E-05	2.45E-02	-1.92E-01	7.56E+00	1.47E+00	-1.46E+00	-9.85E-01	-1.11E+00	-1.94E+00	-2.28E+00	-2.64E+00	-2.80E+00	-6.96E-01	-7.78E-01	-9.97E-01	-3.06E+00	-7.28E-03	-1.47E+00	-3.63E+00	-9.63E-01	-3.08E+00	-3.08E+00	-2.99E+00	-2.57E+00	-2.57E+00	-2.57E+00	-3.75E-01	-2.57E+00	-3.75E-01	-2.57E+00	-3.75E-01	-2.57E+00	-3.75E-01	-2.57E+00	-2.57E+00	-3.75E-01	-3.75E-01	-1.83E-01	-2.57E+00	matrix-inversion-error
group_874	1.72E-01	4.40E-08	6.42E-01	9.64E-02	2.08E-01	1.46E+00	-1.50E+00	-1.07E+00	-1.15E+00	-1.94E+00	-2.37E+00	-2.74E+00	-2.97E+00	-6.48E-01	-8.87E-01	-9.49E-01	-3.41E+00	3.32E-01	-1.46E+00	-1.60E+01	-7.66E-01	-1.46E+02	-1.47E+02	-1.47E+02	-1.79E+01	-1.79E+01	-1.79E+01	1.68E+01	-1.79E+01	1.68E+01	-1.79E+01	1.68E+01	-1.82E+01	1.68E+01	-1.79E+01	-1.79E+01	1.68E+01	1.68E+01	1.68E+01	-1.79E+01	
group_1207	1.71E-01	4.42E-05	6.79E-01	-1.02E-01	2.47E-01	1.47E+00	-1.50E+00	-9.81E-01	-1.11E+00	-1.93E+00	-2.19E+00	-2.74E+00	-2.88E+00	-6.55E-01	-7.64E-01	-9.55E-01	-3.41E+00	3.41E-01	-1.47E+00	-1.60E+01	-7.73E-01	-1.46E+02	-1.46E+02	-1.46E+02	-1.76E+01	-1.79E+01	-1.79E+01	1.68E+01	-1.79E+01	1.68E+01	-1.79E+01	1.68E+01	-1.79E+01	1.68E+01	-1.76E+01	-1.76E+01	1.68E+01	1.68E+01	1.68E+01	-1.79E+01	
group_2764	1.70E-01	9.08E-04	1.29E-01	7.08E-01	4.79E-01	1.46E+00	-2.16E+00	-1.05E+00	-1.11E+00	-1.94E+00	-2.28E+00	-2.75E+00	-2.88E+00	-6.53E-01	-8.57E-01	-9.53E-01	-3.41E+00	3.28E-01	-1.46E+00	-1.60E+01	-7.70E-01	-1.46E+02	-1.46E+02	-1.46E+02	-1.79E+01	-1.79E+01	-1.79E+01	1.68E+01	-1.79E+01	1.68E+01	-1.79E+01	1.68E+01	-1.79E+01	1.68E+01	-1.79E+01	-1.79E+01	1.68E+01	1.68E+01	1.68E+01	-1.79E+01	
group_1195	1.68E-01	4.60E-09	2.84E-01	3.24E-01	3.06E-01	1.46E+00	-1.50E+00	-1.16E+00	-1.12E+00	-2.26E+00	-2.59E+00	-2.74E+00	-2.87E+00	-6.50E-01	-8.55E-01	-9.50E-01	-3.69E+00	2.01E-01	-1.78E+00	-1.64E+01	-1.09E+00	-1.46E+02	-1.46E+02	-1.46E+02	-1.79E+01	-1.79E+01	-1.79E+01	1.68E+01	-1.88E+01	1.68E+01	-1.88E+01	1.65E+01	-1.79E+01	1.68E+01	-1.79E+01	-1.79E+01	1.65E+01	1.68E+01	1.68E+01	-1.79E+01	
group_1165	1.68E-01	4.60E-09	2.84E-01	3.24E-01	3.06E-01	1.46E+00	-1.50E+00	-1.16E+00	-1.12E+00	-2.26E+00	-2.59E+00	-2.74E+00	-2.87E+00	-6.50E-01	-8.55E-01	-9.50E-01	-3.69E+00	2.01E-01	-1.78E+00	-1.64E+01	-1.09E+00	-1.46E+02	-1.46E+02	-1.46E+02	-1.79E+01	-1.79E+01	-1.79E+01	1.68E+01	-1.88E+01	1.68E+01	-1.88E+01	1.65E+01	-1.79E+01	1.68E+01	-1.79E+01	-1.79E+01	1.65E+01	1.68E+01	1.68E+01	-1.79E+01	
group_741	1.67E-01	2.07E-09	3.15E-01	3.11E-01	3.12E-01	1.46E+00	-1.50E+00	-1.16E+00	-1.12E+00	-2.25E+00	-2.58E+00	-2.75E+00	-2.87E+00	-6.50E-01	-8.55E-01	-9.50E-01	-3.68E+00	2.06E-01	-1.77E+00	-1.64E+01	-1.08E+00	-1.46E+02	-1.46E+02	-1.46E+02	-1.79E+01	-1.79E+01	-1.79E+01	1.68E+01	-1.88E+01	1.68E+01	-1.88E+01	1.65E+01	-1.79E+01	1.68E+01	-1.79E+01	-1.79E+01	1.65E+01	1.68E+01	1.68E+01	-1.79E+01	
group_1200	1.66E-01	1.38E-09	2.53E-01	3.57E-01	3.15E-01	1.46E+00	-1.50E+00	-1.18E+00	-1.12E+00	-2.29E+00	-2.63E+00	-2.75E+00	-2.88E+00	-6.52E-01	-8.56E-01	-9.52E-01	-3.77E+00	1.87E-01	-1.82E+00	-1.64E+01	-1.13E+00	-1.46E+02	-1.46E+02	-1.46E+02	-1.79E+01	-1.79E+01	-1.79E+01	1.68E+01	-1.89E+01	1.68E+01	-1.89E+01	1.64E+01	-1.79E+01	1.68E+01	-1.79E+01	-1.79E+01	1.64E+01	1.68E+01	1.68E+01	-1.79E+01	
group_1196	1.66E-01	1.38E-09	2.53E-01	3.57E-01	3.15E-01	1.46E+00	-1.50E+00	-1.18E+00	-1.12E+00	-2.29E+00	-2.63E+00	-2.75E+00	-2.88E+00	-6.52E-01	-8.56E-01	-9.52E-01	-3.77E+00	1.87E-01	-1.82E+00	-1.64E+01	-1.13E+00	-1.46E+02	-1.46E+02	-1.46E+02	-1.79E+01	-1.79E+01	-1.79E+01	1.68E+01	-1.89E+01	1.68E+01	-1.89E+01	1.64E+01	-1.79E+01	1.68E+01	-1.79E+01	-1.79E+01	1.64E+01	1.68E+01	1.68E+01	-1.79E+01	
group_1180	1.66E-01	1.38E-09	3.11E-01	3.10E-01	3.09E-01	1.46E+00	-1.50E+00	-1.16E+00	-1.12E+00	-2.25E+00	-2.58E+00	-2.75E+00	-2.88E+00	-6.52E-01	-8.57E-01	-9.52E-01	-3.68E+00	2.05E-01	-1.77E+00	-1.64E+01	-1.08E+00	-1.46E+02	-1.46E+02	-1.46E+02	-1.79E+01	-1.79E+01	-1.79E+01	1.68E+01	-1.88E+01	1.68E+01	-1.88E+01	1.65E+01	-1.79E+01	1.68E+01	-1.79E+01	-1.79E+01	1.65E+01	1.68E+01	1.68E+01	-1.79E+01	
group_846	1.66E-01	5.09E-09	1.45E-01	4.60E-01	3.20E-01	1.46E+00	-1.50E+00	-1.20E+00	-1.12E+00	-2.39E+00	-2.73E+00	-2.74E+00	-2.87E+00	-6.50E-01	-8.55E-01	-9.50E-01	-3.82E+00	1.52E-01	-1.92E+00	-1.65E+01	-1.23E+00	-1.46E+02	-1.46E+02	-1.46E+02	-1.79E+01	-1.79E+01	-1.79E+01	1.68E+01	-1.92E+01	1.68E+01	-1.92E+01	1.63E+01	-1.79E+01	1.68E+01	-1.79E+01	-1.79E+01	1.63E+01	1.68E+01	1.68E+01	-1.79E+01	
group_954	1.64E-01	5.35E-09	8.40E-02	5.51E-01	3.25E-01	1.46E+00	-1.50E+00	-1.23E+00	-1.13E+00	-2.49E+00	-2.82E+00	-2.75E+00	-2.88E+00	-6.51E-01	-8.56E-01	-9.51E-01	-3.96E+00	1.20E-01	-2.01E+00	-1.66E+01	-1.32E+00	-1.46E+02	-1.46E+02	-1.46E+02	-1.79E+01	-1.79E+01	-1.79E+01	1.68E+01	-1.94E+01	1.68E+01	-1.94E+01	1.62E+01	-1.79E+01	1.68E+01	-1.79E+01	-1.79E+01	1.62E+01	1.68E+01	1.68E+01	-1.79E+01	
group_926	1.64E-01	4.01E-02	8.81E-01	-3.03E-02	2.03E-01	1.47E+00	-1.50E+00	-1.04E+00	-1.11E+00	-1.94E+00	-2.29E+00	-2.73E+00	-2.88E+00	-6.56E-01	-8.59E-01	-9.56E-01	-3.41E+00	3.55E-01	-1.47E+00	-1.60E+01	-7.74E-01	-1.46E+02	-1.46E+02	-1.46E+02	-1.78E+01	-1.79E+01	-1.78E+01	1.68E+01	-1.78E+01	1.68E+01	-1.79E+01	1.68E+01	-1.79E+01	1.68E+01	-1.79E+01	-1.79E+01	1.68E+01	1.68E+01	1.68E+01	-1.79E+01	
group_913	1.64E-01	5.35E-09	6.47E-02	5.99E-01	3.31E-01	1.46E+00	-1.50E+00	-1.24E+00	-1.13E+00	-2.54E+00	-2.87E+00	-2.75E+00	-2.88E+00	-6.51E-01	-8.56E-01	-9.51E-01	-4.01E+00	1.04E-01	-2.06E+00	-1.67E+01	-1.37E+00	-1.46E+02	-1.46E+02	-1.46E+02	-1.79E+01	-1.79E+01	-1.79E+01	1.68E+01	-1.96E+01	1.68E+01	-1.96E+01	1.62E+01	-1.79E+01	1.68E+01	-1.79E+01	-1.79E+01	1.62E+01	1.68E+01	1.68E+01	-1.79E+01	
clpP_2~~~clpP_1	1.64E-01	2.28E-09	9.98E-02	5.29E-01	3.27E-01	1.46E+00	-1.50E+00	-1.23E+00	-1.13E+00	-2.47E+00	-2.80E+00	-2.75E+00	-2.88E+00	-6.51E-01	-8.56E-01	-9.51E-01	-3.94E+00	1.27E-01	-1.99E+00	-1.66E+01	-1.30E+00	-1.46E+02	-1.46E+02	-1.46E+02	-1.79E+01	-1.79E+01	-1.79E+01	1.68E+01	-1.94E+01	1.68E+01	-1.94E+01	1.68E+01	-1.79E+01	1.68E+01	-1.79E+01	-1.79E+01	1.63E+01	1.68E+01	1.68E+01	-1.79E+01	
group_2280	1.64E-01	3.59E-09	9.31E-02	5.39E-01	3.26E-01	1.46E+00	-1.50E+00	-1.23E+00	-1.13E+00	-2.48E+00	-2.80E+00	-2.75E+00	-2.88E+00	-6.52E-01	-8.57E-01	-9.52E-01	-3.95E+00	1.23E-01	-2.00E+00	-1.66E+01	-1.31E+00	-1.46E+02	-1.46E+02	-1.46E+02	-1.79E+01	-1.79E+01	-1.79E+01	1.68E+01	-1.94E+01	1.68E+01	-1.94E+01	1.63E+01	-1.79E+01	1.68E+01	-1.79E+01	-1.79E+01	1.63E+01	1.68E+01	1.68E+01	-1.79E+01	
group_2279	1.64E-01	3.59E-09	9.31E-02	5.39E-01	3.26E-01	1.46E+00	-1.50E+00	-1.23E+00	-1.13E+00	-2.48E+00	-2.80E+00	-2.75E+00	-2.88E+00	-6.52E-01	-8.57E-01	-9.52E-01	-3.95E+00	1.23E-01	-2.00E+00	-1.66E+01	-1.31E+00	-1.46E+02	-1.46E+02	-1.46E+02	-1.79E+01	-1.79E+01	-1.79E+01	1.68E+01	-1.94E+01	1.68E+01	-1.94E+01	1.63E+01	-1.79E+01	1.68E+01	-1.79E+01	-1.79E+01	1.63E+01	1.68E+01	1.68E+01	-1.79E+01	
group_2135	1.64E-01	3.59E-09	9.31E-02	5.39E-01	3.26E-01	1.46E+00	-1.50E+00	-1.23E+00	-1.13E+00	-2.48E+00	-2.80E+00	-2.75E+00	-2.88E+00	-6.52E-01	-8.57E-01	-9.52E-01	-3.95E+00	1.23E-01	-2.00E+00	-1.66E+01	-1.31E+00	-1.46E+02	-1.46E+02	-1.46E+02	-1.79E+01	-1.79E+01	-1.79E+01	1.68E+01	-1.94E+01	1.68E+01	-1.94E+01	1.63E+01	-1.79E+01	1.68E+01	-1.79E+01	-1.79E+01	1.63E+01	1.68E+01	1.68E+01	-1.79E+01	
group_1663	1.64E-01	3.59E-09	9.31E-02	5.39E-01	3.26E-01	1.46E+00	-1.50E+00	-1.23E+00	-1.13E+00	-2.48E+00	-2.80E+00	-2.75E+00	-2.88E+00	-6.52E-01	-8.57E-01	-9.52E-01	-3.95E+00	1.23E-01	-2.00E+00	-1.66E+01	-1.31E+00	-1.46E+02	-1.46E+02	-1.46E+02	-1.79E+01	-1.79E+01	-1.79E+01	1.68E+01	-1.94E+01	1.68E+01	-1.94E+01	1.63E+01	-1.79E+01	1.68E+01	-1.79E+01	-1.79E+01	1.63E+01	1.68E+01	1.68E+01	-1.79E+01	
group_1521	1.64E-01	3.59E-09	9.31E-02	5.39E-01	3.26E-01	1.46E+00	-1.50E+00	-1.23E+00	-1.13E+00	-2.48E+00	-2.80E+00	-2.75E+00	-2.88E+00	-6.52E-01	-8.57E-01	-9.52E-01	-3.95E+00	1.23E-01	-2.00E+00	-1.66E+01	-1.31E+00	-1.46E+02	-1.46E+02	-1.46E+02	-1.79E+01	-1.79E+01	-1.79E+01	1.68E+01	-1.94E+01	1.68E+01	-1.94E+01	1.63E+01	-1.79E+01	1.68E+01	-1.79E+01	-1.79E+01	1.63E+01	1.68E+01	1.68E+01	-1.79E+01	
group_1496	1.64E-01	3.59E-09	9.31E-02	5.39E-01	3.26E-01	1.46E+00	-1.50E+00	-1.23E+00	-1.13E+00	-2.48E+00	-2.80E+00	-2.75E+00	-2.88E+00	-6.52E-01	-8.57E-01	-9.52E-01	-3.95E+00	1.23E-01	-2.00E+00	-1.66E+01	-1.31E+00	-1.46E+02	-1.46E+02	-1.46E+02	-1.79E+01	-1.79E+01	-1.79E+01	1.68E+01	-1.94E+01	1.68E+01	-1.94E+01	1.63E+01	-1.79E+01	1.68E+01	-1.79E+01	-1.79E+01	1.63E+01	1.68E+01	1.68E+01	-1.79E+01	
group_948	1.64E-01	3.59E-09	8.89E-02	5.45E-01	3.26E-01	1.46E+00	-1.50E+00	-1.23E+00	-1.13E+00	-2.48E+00	-2.82E+00	-2.75E+00	-2.88E+00	-6.52E-01	-8.57E-01	-9.52E-01	-3.95E+00	1.21E-01	-2.01E+00	-1.66E+01	-1.31E+00	-1.46E+02	-1.46E+02	-1.46E+02	-1.79E+01	-1.79E+01	-1.79E+01	1.68E+01	-1.94E+01	1.68E+01	-1.94E+01	1.63E+01	-1.79E+01	1.68E+01	-1.79E+01	-1.79E+01	1.63E+01	1.68E+01	1.68E+01	-1.79E+01	
group_942	1.64E-01	3.59E-09	9.31E-02	5.39E-01	3.26E-01	1.46E+00	-1.50E+00	-1.23E+00	-1.13E+00	-2.48E+00	-2.80E+00	-2.75E+00	-2.88E+00	-6.52E-01	-8.57E-01	-9.52E-01	-3.95E+00	1.23E-01	-2.00E+00	-1.66E+01	-1.31E+00	-1.46E+02	-1.46E+02	-1.46E+02	-1.79E+01	-1.79E+01	-1.79E+01	1.68E+01	-1.94E+01	1.68E+01	-1.94E+01	1.63E+01	-1.79E+01	1.68E+01	-1.79E+01	-1.79E+01	1.63E+01	1.68E+01	1.68E+01	-1.79E+01	
group_938	1.64E-01	8.32E-09	5.38E-02	6.21E-01	3.29E-01	1.46E+00	-1.50E+00	-1.25E+00	-1.13E+00	-2.56E+00	-2.88E+00	-2.75E+00	-2.88E+00	-6.51E-01	-8.56E-01	-9.51E-01	-4.03E+00	9.70E-02	-2.08E+00	-1.67E+01	-1.39E+00	-1.46E+02	-1.46E+02	-1.46E+02	-1.79E+01	-1.79E+01	-1.79E+01	1.68E+01	-1.96E+01	1.68E+01	-1.96E+01	1.62E+01	-1.79E+01	1.68E+01	-1.79E+01	-1.79E+01	1.62E+01	1.68E+01	1.68E+01	-1.79E+01	
group_936	1.64E-01	3.59E-09	1.03E-01	5.25E-01	3.27E-01	1.46E+00	-1.50E+00	-1.22E+00	-1.13E+00	-2.46E+00	-2.80E+00	-2.75E+00	-2.88E+00	-6.52E-01	-8.57E-01	-9.52E-01	-3.88E+00	1.28E-01	-1.99E+00	-1.66E+01	-1.29E+00	-1.46E+02	-1.46E+02	-1.46E+02	-1.79E+01	-1.79E+01	-1.79E+01	1.68E+01	-1.94E+01	1.68E+01	-1.94E+01	1.63E+01	-1.79E+01	1.68E+01	-1.79E+01	-1.79E+01	1.63E+01	1.68E+01	1.68E+01	-1.79E+01	
group_931	1.64E-01	3.59E-09	9.31E-02	5.39E-01	3.26E-01	1.46E+00	-1.50E+00	-1.23E+00	-1.13E+00	-2.48E+00	-2.80E+00	-2.75E+00	-2.88E+00	-6.52E-01	-8.57E-01	-9.52E-01	-3.95E+00	1.23E-01	-2.00E+00	-1.66E+01	-1.31E+00	-1.46E+02	-1.46E+02	-1.46E+02	-1.79E+01	-1.79E+01	-1.79E+01	1.68E+01	-1.94E+01	1.68E+01	-1.94E+01	1.63E+01	-1.79E+01	1.68E+01	-1.79E+01	-1.79E+01	1.63E+01	1.68E+01	1.68E+01	-1.79E+01	
group_906	1.64E-01	3.59E-09	8.89E-02	5.45E-01	3.26E-01	1.46E+00	-1.50E+00	-1.23E+00	-1.13E+00	-2.48E+00	-2.82E+00	-2.75E+00	-2.88E+00	-6.52E-01	-8.57E-01	-9.52E-01	-3.95E+00	1.21E-01	-2.01E+00	-1.66E+01	-1.31E+00	-1.46E+02	-1.46E+02	-1.46E+02	-1.79E+01	-1.79E+01	-1.79E+01	1.68E+01	-1.94E+01	1.68E+01	-1.94E+01	1.63E+01	-1.79E+01	1.68E+01	-1.79E+01	-1.79E+01	1.63E+01	1.68E+01	1.68E+01	-1.79E+01	
group_857	1.64E-01	1.52E-09	1.91E-01	4.19E-01	3.24E-01	1.46E+00	-1.50E+00	-1.19E+00	-1.12E+00	-2.36E+00	-2.69E+00	-2.75E+00	-2.88E+00	-6.52E-01	-8.57E-01	-9.52E-01	-3.78E+00	1.64E-01	-1.88E+00	-1.65E+01	-1.19E+00	-1.46E+02	-1.46E+02	-1.46E+02	-1.79E+01	-1.79E+01	-1.79E+01	1.68E+01	-1.91E+01	1.68E+01	-1.91E+01	1.64E+01	-1.79E+01	1.68E+01	-1.79E+01	-1.79E+01	1.64E+01	1.68E+01	1.68E+01	-1.79E+01	
group_686	1.64E-01	3.59E-09	9.31E-02	5.39E-01	3.26E-01	1.46E+00	-1.50E+00	-1.23E+00	-1.13E+00	-2.48E+00	-2.80E+00	-2.75E+00	-2.88E+00	-6.52E-01	-8.57E-01	-9.52E-01	-3.95E+00	1.23E-01	-2.00E+00	-1.66E+01	-1.31E+00	-1.46E+02	-1.46E+02	-1.46E+02	-1.79E+01	-1.79E+01	-1.79E+01	1.68E+01	-1.94E+01	1.68E+01	-1.94E+01	1.63E+01	-1.79E+01	1.68E+01	-1.79E+01	-1.79E+01	1.63E+01	1.68E+01	1.68E+01	-1.79E+01	
group_858	1.63E-01	4.21E-02	4.35E-02	1.42E-01	7.64E+00	1.46E+00	-1.56E+00	-1.08E+00	-1.11E+00	-1.93E+00	-2.28E+00	-2.73E+00	-2.86E+00	-8.22E-01	-9.12E-01	-1.11E+00	-3.07E+00	8.62E-03	-1.46E+00	-3.65E+00	-1.04E+00	-3.07E+00	-3.07E+00	-3.14E+00	-2.56E+00	-2.56E+00	-2.56E+00	-3.59E-01	-2.56E+00	-3.59E-01	-2.56E+00	-3.59E-01	-2.56E+00	-3.59E-01	-2.56E+00	-2.56E+00	-3.59E-01	-5.01E-01	-3.59E-01	-2.70E+00	matrix-inversion-error
group_582	1.63E-01	2.40E-09	1.64E-01	4.43E-01	3.22E-01	1.46E+00	-1.50E+00	-1.20E+00	-1.13E+00	-2.38E+00	-2.71E+00	-2.75E+00	-2.88E+00	-6.52E-01	-8.57E-01	-9.52E-01	-3.80E+00	1.56E-01	-1.91E+00	-1.65E+01	-1.21E+00	-1.46E+02	-1.46E+02	-1.46E+02	-1.79E+01	-1.79E+01	-1.79E+01	1.68E+01	-1.91E+01	1.68E+01	-1.91E+01	1.64E+01	-1.79E+01	1.68E+01	-1.79E+01	-1.79E+01	1.64E+01	1.68E+01	1.68E+01	-1.79E+01	
group_2761	1.62E-01	3.64E-02	4.61E-02	1.32E-01	7.63E+00	1.46E+00	-1.56E+00	-1.08E+00	-1.11E+00	-1.93E+00	-2.28E+00	-2.73E+00	-2.86E+00	-8.12E-01	-9.03E-01	-1.10E+00	-3.07E+00	8.46E-03	-1.46E+00	-3.66E+00	-1.03E+00	-3.07E+00	-3.07E+00	-3.13E+00	-2.56E+00	-2.56E+00	-2.56E+00	-3.59E-01	-2.56E+00	-3.59E-01	-2.56E+00	-3.59E-01	-2.56E+00	-3.59E-01	-2.56E+00	-2.56E+00	-3.59E-01	-4.91E-01	-3.59E-01	-2.69E+00	matrix-inversion-error
group_903	1.62E-01	5.09E-02	4.21E-02	1.49E-01	7.63E+00	1.46E+00	-1.57E+00	-1.08E+00	-1.11E+00	-1.93E+00	-2.28E+00	-2.73E+00	-2.86E+00	-8.29E-01	-9.14E-01	-1.12E+00	-3.07E+00	8.72E-03	-1.46E+00	-3.65E+00	-1.05E+00	-3.07E+00	-3.07E+00	-3.14E+00	-2.56E+00	-2.56E+00	-2.56E+00	-3.59E-01	-2.56E+00	-3.59E-01	-2.56E+00	-3.59E-01	-2.56E+00	-3.59E-01	-2.56E+00	-2.56E+00	-3.59E-01	-5.08E-01	-3.59E-01	-2.71E+00	matrix-inversion-error
group_776	1.62E-01	5.09E-02	4.21E-02	1.49E-01	7.63E+00	1.46E+00	-1.57E+00	-1.08E+00	-1.11E+00	-1.93E+00	-2.28E+00	-2.73E+00	-2.86E+00	-8.29E-01	-9.14E-01	-1.12E+00	-3.07E+00	8.72E-03	-1.46E+00	-3.65E+00	-1.05E+00	-3.07E+00	-3.07E+00	-3.14E+00	-2.56E+00	-2.56E+00	-2.56E+00	-3.59E-01	-2.56E+00	-3.59E-01	-2.56E+00	-3.59E-01	-2.56E+00	-3.59E-01	-2.56E+00	-2.56E+00	-3.59E-01	-5.08E-01	-3.59E-01	-2.71E+00	matrix-inversion-error
group_611	1.62E-01	3.64E-02	4.61E-02	1.32E-01	7.63E+00	1.46E+00	-1.56E+00	-1.08E+00	-1.11E+00	-1.93E+00	-2.28E+00	-2.73E+00	-2.86E+00	-8.12E-01	-9.03E-01	-1.10E+00	-3.07E+00	8.46E-03	-1.46E+00	-3.66E+00	-1.03E+00	-3.07E+00	-3.07E+00	-3.13E+00	-2.56E+00	-2.56E+00	-2.56E+00	-3.59E-01	-2.56E+00	-3.59E-01	-2.56E+00	-3.59E-01	-2.56E+00	-3.59E-01	-2.56E+00	-2.56E+00	-3.59E-01	-4.91E-01	-3.59E-01	-2.69E+00	matrix-inversion-error
group_610	1.62E-01	5.09E-02	4.21E-02	1.49E-01	7.63E+00	1.46E+00	-1.57E+00	-1.08E+00	-1.11E+00	-1.93E+00	-2.28E+00	-2.73E+00	-2.86E+00	-8.29E-01	-9.14E-01	-1.12E+00	-3.07E+00	8.72E-03	-1.46E+00	-3.65E+00	-1.05E+00	-3.07E+00	-3.07E+00	-3.14E+00	-2.56E+00	-2.56E+00	-2.56E+00	-3.59E-01	-2.56E+00	-3.59E-01	-2.56E+00	-3.59E-01	-2.56E+00	-3.59E-01	-2.56E+00	-2.56E+00	-3.59E-01	-5.08E-01	-3.59E-01	-2.71E+00	matrix-inversion-error
group_601	1.62E-01	5.09E-02	4.21E-02	1.49E-01	7.63E+00	1.46E+00	-1.57E+00	-1.08E+00	-1.11E+00	-1.93E+00	-2.28E+00	-2.73E+00	-2.86E+00	-8.29E-01	-9.14E-01	-1.12E+00	-3.07E+00	8.72E-03	-1.46E+00	-3.65E+00	-1.05E+00	-3.07E+00	-3.07E+00	-3.14E+00	-2.56E+00	-2.56E+00	-2.56E+00	-3.59E-01	-2.56E+00	-3.59E-01	-2.56E+00	-3.59E-01	-2.56E+00	-3.59E-01	-2.56E+00	-2.56E+00	-3.59E-01	-5.08E-01	-3.59E-01	-2.71E+00	matrix-inversion-error
group_231	1.62E-01	5.09E-02	4.21E-02	1.49E-01	7.63E+00	1.46E+00	-1.57E+00	-1.08E+00	-1.11E+00	-1.93E+00	-2.28E+00	-2.73E+00	-2.86E+00	-8.29E-01	-9.14E-01	-1.12E+00	-3.07E+00	8.72E-03	-1.46E+00	-3.65E+00	-1.05E+00	-3.07E+00	-3.07E+00	-3.14E+00	-2.56E+00	-2.56E+00	-2.56E+00	-3.59E-01	-2.56E+00	-3.59E-01	-2.56E+00	-3.59E-01	-2.56E+00	-3.59E-01	-2.56E+00	-2.56E+00	-3.59E-01	-5.08E-01	-3.59E-01	-2.71E+00	matrix-inversion-error
group_2071	1.62E-01	6.32E-12	3.82E-01	-1.81E-01	2.07E-01	1.54E+00	-1.57E+00	-1.13E+00	-1.19E+00	-2.01E+00	-2.36E+00	-2.82E+00	-2.95E+00	-7.08E-01	-9.34E-01	-1.03E+00	-3.49E+00	2.52E-01	-1.54E+00	-1.61E+01	-8.47E-01	-1.47E+02	-1.47E+02	-1.47E+02	-1.82E+01	-1.82E+01	-1.82E+01	1.67E+01	-1.82E+01	1.67E+01	-1.82E+01	1.67E+01	-1.82E+01	1.67E+01	-1.82E+01	-1.82E+01	1.67E+01	1.67E+01	1.67E+01	-1.82E+01	
group_777	1.62E-01	4.42E-02	4.51E-02	1.37E-01	7.61E+00	1.46E+00	-1.56E+00	-1.08E+00	-1.11E+00	-1.93E+00	-2.28E+00	-2.73E+00	-2.85E+00	-8.17E-01	-9.12E-01	-1.11E+00	-3.07E+00	8.53E-03	-1.46E+00	-3.66E+00	-1.04E+00	-3.07E+00	-3.07E+00	-3.14E+00	-2.56E+00	-2.56E+00	-2.56E+00	-3.59E-01	-2.56E+00	-3.59E-01	-2.56E+00	-3.59E-01	-2.56E+00	-3.59E-01	-2.56E+00	-2.56E+00	-3.59E-01	-4.96E-01	-3.59E-01	-2.69E+00	matrix-inversion-error
group_771	1.62E-01	4.42E-02	4.51E-02	1.37E-01	7.61E+00	1.46E+00	-1.56E+00	-1.08E+00	-1.11E+00	-1.93E+00	-2.28E+00	-2.73E+00	-2.85E+00	-8.17E-01	-9.12E-01	-1.11E+00	-3.07E+00	8.53E-03	-1.46E+00	-3.66E+00	-1.04E+00	-3.07E+00	-3.07E+00	-3.14E+00	-2.56E+00	-2.56E+00	-2.56E+00	-3.59E-01	-2.56E+00	-3.59E-01	-2.56E+00	-3.59E-01	-2.56E+00	-3.59E-01	-2.56E+00	-2.56E+00	-3.59E-01	-4.96E-01	-3.59E-01	-2.69E+00	matrix-inversion-error
group_600	1.62E-01	4.42E-02	4.51E-02	1.37E-01	7.61E+00	1.46E+00	-1.56E+00	-1.08E+00	-1.11E+00	-1.93E+00	-2.28E+00	-2.73E+00	-2.85E+00	-8.17E-01	-9.12E-01	-1.11E+00	-3.07E+00	8.53E-03	-1.46E+00	-3.66E+00	-1.04E+00	-3.07E+00	-3.07E+00	-3.14E+00	-2.56E+00	-2.56E+00	-2.56E+00	-3.59E-01	-2.56E+00	-3.59E-01	-2.56E+00	-3.59E-01	-2.56E+00	-3.59E-01	-2.56E+00	-2.56E+00	-3.59E-01	-4.96E-01	-3.59E-01	-2.69E+00	matrix-inversion-error
group_97	1.62E-01	4.42E-02	4.51E-02	1.37E-01	7.61E+00	1.46E+00	-1.56E+00	-1.08E+00	-1.11E+00	-1.93E+00	-2.28E+00	-2.73E+00	-2.85E+00	-8.17E-01	-9.12E-01	-1.11E+00	-3.07E+00	8.53E-03	-1.46E+00	-3.66E+00	-1.04E+00	-3.07E+00	-3.07E+00	-3.14E+00	-2.56E+00	-2.56E+00	-2.56E+00	-3.59E-01	-2.56E+00	-3.59E-01	-2.56E+00	-3.59E-01	-2.56E+00	-3.59E-01	-2.56E+00	-2.56E+00	-3.59E-01	-4.96E-01	-3.59E-01	-2.69E+00	matrix-inversion-error
group_1694	1.61E-01	5.34E-02	3.87E-02	1.65E-01	7.60E+00	1.46E+00	-1.57E+00	-1.09E+00	-1.11E+00	-1.93E+00	-2.28E+00	-2.74E+00	-2.86E+00	-8.45E-01	-9.07E-01	-1.13E+00	-3.07E+00	8.69E-03	-1.46E+00	-3.65E+00	-1.06E+00	-3.07E+00	-3.07E+00	-3.15E+00	-2.56E+00	-2.56E+00	-2.56E+00	-3.59E-01	-2.56E+00	-3.59E-01	-2.56E+00	-3.59E-01	-2.56E+00	-3.59E-01	-2.56E+00	-2.56E+00	-3.59E-01	-5.24E-01	-3.59E-01	-2.72E+00	matrix-inversion-error
group_75	1.61E-01	9.92E-02	8.98E-01	2.37E-02	1.85E-01	1.46E+00	-1.50E+00	-1.06E+00	-1.11E+00	-1.93E+00	-2.28E+00	-2.76E+00	-2.89E+00	-6.51E-01	-8.56E-01	-9.56E-01	-3.41E+00	3.21E-01	-1.47E+00	-7.02E+01	-7.75E-01	-1.46E+02	-1.46E+02	-1.60E+02	-1.78E+01	-1.78E+01	-1.78E+01	1.68E+01	-1.78E+01	1.68E+01	-1.78E+01	1.68E+01	-1.78E+01	1.68E+01	-1.78E+01	-1.78E+01	1.68E+01	1.68E+01	1.68E+01	-1.78E+01	
group_1011	1.60E-01	8.75E-02	2.53E-01	2.05E-01	1.79E-01	1.46E+00	-1.60E+00	-1.10E+00	-1.12E+00	-1.94E+00	-2.33E+00	-2.75E+00	-2.89E+00	-8.47E-01	-8.67E-01	-1.10E+00	-3.41E+00	3.30E-01	-1.51E+00	-3.34E+01	-9.04E-01	-1.46E+02	-1.46E+02	-1.46E+02	-1.79E+01	-1.79E+01	-1.79E+01	1.68E+01	-1.79E+01	1.68E+01	-1.79E+01	1.66E+01	-1.79E+01	1.68E+01	-1.79E+01	-1.79E+01	1.68E+01	1.66E+01	1.68E+01	-1.85E+01	
group_514	1.60E-01	6.43E-02	3.50E-02	1.81E-01	7.59E+00	1.46E+00	-1.58E+00	-1.09E+00	-1.11E+00	-1.93E+00	-2.28E+00	-2.74E+00	-2.86E+00	-8.61E-01	-9.08E-01	-1.14E+00	-3.07E+00	8.90E-03	-1.46E+00	-3.65E+00	-1.07E+00	-3.07E+00	-3.07E+00	-3.16E+00	-2.56E+00	-2.56E+00	-2.56E+00	-3.59E-01	-2.56E+00	-3.59E-01	-2.56E+00	-3.59E-01	-2.56E+00	-3.59E-01	-2.56E+00	-2.56E+00	-3.59E-01	-5.40E-01	-3.59E-01	-2.74E+00	matrix-inversion-error
group_642	1.59E-01	2.26E-09	7.37E-01	-6.87E-02	2.05E-01	1.49E+00	-1.53E+00	-1.08E+00	-1.14E+00	-1.96E+00	-2.31E+00	-2.77E+00	-2.90E+00	-6.79E-01	-8.80E-01	-9.79E-01	-3.44E+00	3.02E-01	-1.49E+00	-1.79E+01	-7.97E-01	-1.46E+02	-1.46E+02	-1.46E+02	-1.80E+01	-1.80E+01	-1.77E+01	1.68E+01	-1.80E+01	1.68E+01	-1.77E+01	1.68E+01	-1.80E+01	1.68E+01	-1.77E+01	-1.80E+01	1.68E+01	1.68E+01	1.68E+01	-1.80E+01	
group_100	1.58E-01	1.86E-01	8.03E-01	-4.61E-02	1.84E-01	1.47E+00	-1.50E+00	-1.04E+00	-1.12E+00	-1.94E+00	-2.29E+00	-2.73E+00	-2.88E+00	-6.55E-01	-8.63E-01	-9.41E-01	-3.42E+00	3.62E-01	-1.44E+00	-1.64E+01	-7.76E-01	-1.46E+02	-1.46E+02	-2.05E+02	-1.80E+01	-1.80E+01	-1.80E+01	1.68E+01	-1.80E+01	1.68E+01	-1.80E+01	1.68E+01	-1.80E+01	1.68E+01	-1.80E+01	-1.80E+01	1.68E+01	1.68E+01	1.68E+01	-1.80E+01	
group_2474	1.58E-01	3.20E-23	9.98E-01	-7.02E+00		1.46E+00	-1.50E+00	-1.05E+00	-1.11E+00	5.08E+00	4.74E+00	-2.75E+00	4.14E+00	-6.53E-01	-8.57E-01	-9.53E-01	3.61E+00	3.28E-01	5.56E+00	-1.61E+01	6.25E+00	-1.46E+02	-1.46E+02	-1.46E+02	-1.34E+01	-1.79E+01	-1.34E+01	1.68E+01	-1.34E+01	1.68E+01	-1.34E+01	2.34E+01	-1.79E+01	1.68E+01	-1.34E+01	-1.79E+01	2.34E+01	1.68E+01	1.68E+01	-1.79E+01	
group_2199	1.58E-01	7.06E-02	3.09E-01	1.84E-01	1.81E-01	1.46E+00	-1.59E+00	-1.09E+00	-1.12E+00	-1.94E+00	-2.33E+00	-2.75E+00	-2.89E+00	-8.28E-01	-8.67E-01	-1.09E+00	-3.41E+00	3.29E-01	-1.46E+00	-1.60E+01	-8.91E-01	-1.46E+02	-1.46E+02	-1.46E+02	-1.79E+01	-1.79E+01	-1.79E+01	1.68E+01	-1.79E+01	1.68E+01	-1.79E+01	1.66E+01	-1.79E+01	1.68E+01	-1.79E+01	-1.79E+01	1.68E+01	1.66E+01	1.68E+01	-1.84E+01	
group_1966	1.58E-01	3.20E-23	9.98E-01	-7.02E+00		1.46E+00	-1.50E+00	-1.05E+00	-1.11E+00	5.08E+00	4.74E+00	-2.75E+00	4.14E+00	-6.53E-01	-8.57E-01	-9.53E-01	3.61E+00	3.28E-01	5.56E+00	-1.61E+01	6.25E+00	-1.46E+02	-1.46E+02	-1.46E+02	-1.34E+01	-1.79E+01	-1.34E+01	1.68E+01	-1.34E+01	1.68E+01	-1.34E+01	2.34E+01	-1.79E+01	1.68E+01	-1.34E+01	-1.79E+01	2.34E+01	1.68E+01	1.68E+01	-1.79E+01	
group_898	1.58E-01	7.93E-08	9.31E-02	5.39E-01	3.26E-01	1.46E+00	-1.50E+00	-1.23E+00	-1.13E+00	-2.48E+00	-2.80E+00	-2.75E+00	-2.88E+00	-6.52E-01	-8.57E-01	-9.52E-01	-3.41E+00	1.23E-01	-2.00E+00	-1.66E+01	-1.31E+00	-1.46E+02	-1.46E+02	-1.46E+02	-1.79E+01	-1.79E+01	-1.79E+01	1.68E+01	-1.79E+01	1.68E+01	-1.93E+01	1.63E+01	-1.79E+01	1.68E+01	-1.79E+01	-1.79E+01	1.63E+01	1.68E+01	1.68E+01	-1.79E+01	
group_621	1.58E-01	7.06E-02	3.09E-01	1.84E-01	1.81E-01	1.46E+00	-1.59E+00	-1.09E+00	-1.12E+00	-1.94E+00	-2.33E+00	-2.75E+00	-2.89E+00	-8.28E-01	-8.67E-01	-1.09E+00	-3.41E+00	3.29E-01	-1.46E+00	-1.60E+01	-8.91E-01	-1.46E+02	-1.46E+02	-1.46E+02	-1.79E+01	-1.79E+01	-1.79E+01	1.68E+01	-1.79E+01	1.68E+01	-1.79E+01	1.66E+01	-1.79E+01	1.68E+01	-1.79E+01	-1.79E+01	1.68E+01	1.66E+01	1.68E+01	-1.84E+01	
group_513	1.58E-01	1.57E-08	2.23E-01	3.63E-01	3.01E-01	1.46E+00	-1.50E+00	-1.17E+00	-1.12E+00	-2.30E+00	-2.61E+00	-2.75E+00	-2.88E+00	-6.52E-01	-8.56E-01	-1.04E+00	-3.69E+00	1.85E-01	-1.83E+00	-1.57E+01	-1.13E+00	-1.46E+02	-1.46E+02	-1.46E+02	-1.79E+01	-1.79E+01	-1.79E+01	1.68E+01	-1.90E+01	1.68E+01	-1.90E+01	1.64E+01	-1.79E+01	1.68E+01	-1.79E+01	-1.79E+01	1.64E+01	1.68E+01	1.68E+01	-1.79E+01	
hhaIM~~~banIM~~~hhaIM_1	1.57E-01	4.43E-02	2.17E-02	5.26E-01	2.32E-01	1.46E+00	-1.52E+00	-1.26E+00	-1.49E+00	-1.94E+00	-2.78E+00	-2.75E+00	-2.88E+00	-6.69E-01	-9.72E-01	-9.51E-01	-3.41E+00	3.30E-01	-1.46E+00	-1.60E+01	-7.69E-01	-1.46E+02	-1.46E+02	-1.46E+02	-1.79E+01	-1.79E+01	-1.79E+01	1.68E+01	-1.79E+01	1.68E+01	-1.79E+01	1.68E+01	-1.79E+01	1.68E+01	-1.79E+01	-1.79E+01	1.68E+01	1.68E+01	1.68E+01	-1.79E+01	
group_1412	1.56E-01	1.00E-01	9.34E-01	-1.53E-02	1.85E-01	1.47E+00	-1.50E+00	-1.05E+00	-1.12E+00	-1.94E+00	-2.28E+00	-2.74E+00	-2.87E+00	-6.54E-01	-8.59E-01	-9.51E-01	-3.41E+00	3.33E-01	-1.46E+00	-1.62E+01	-7.67E-01	-1.46E+02	-1.46E+02	-1.52E+02	-1.79E+01	-1.79E+01	-1.79E+01	1.68E+01	-1.79E+01	1.68E+01	-1.79E+01	1.68E+01	-1.79E+01	1.68E+01	-1.79E+01	-1.79E+01	1.68E+01	1.68E+01	1.68E+01	-1.79E+01	
group_860	1.56E-01	8.35E-08	5.34E-02	6.15E-01	3.25E-01	1.46E+00	-1.50E+00	-1.25E+00	-1.13E+00	-2.55E+00	-2.88E+00	-2.75E+00	-2.88E+00	-6.52E-01	-8.57E-01	-9.52E-01	-3.50E+00	9.79E-02	-2.08E+00	-1.67E+01	-1.38E+00	-1.46E+02	-1.46E+02	-1.46E+02	-1.79E+01	-1.79E+01	-1.79E+01	1.68E+01	-1.79E+01	1.68E+01	-1.96E+01	1.68E+01	-1.79E+01	1.68E+01	-1.79E+01	-1.79E+01	1.62E+01	1.68E+01	1.68E+01	-1.79E+01	
group_63	1.56E-01	1.04E-03	7.88E-01	7.18E-02	2.69E-01	1.45E+00	-1.49E+00	-1.04E+00	-1.10E+00	-2.00E+00	-2.27E+00	-2.74E+00	-2.93E+00	-6.43E-01	-8.48E-01	-9.43E-01	-3.47E+00	3.38E-01	-1.45E+00	-1.60E+01	-8.08E-01	-1.46E+02	-1.46E+02	-1.46E+02	-1.82E+01	-1.78E+01	-1.82E+01	1.67E+01	-1.82E+01	1.68E+01	-1.82E+01	1.68E+01	-1.78E+01	1.68E+01	-1.78E+01	-1.78E+01	1.67E+01	1.68E+01	1.68E+01	-1.78E+01	
group_609	1.55E-01	1.39E-01	3.27E-02	1.99E-01	7.48E+00	1.46E+00	-1.59E+00	-1.09E+00	-1.11E+00	-1.93E+00	-2.28E+00	-2.73E+00	-2.86E+00	-8.79E-01	-9.10E-01	-1.15E+00	-3.07E+00	9.15E-03	-1.46E+00	-3.65E+00	-1.08E+00	-3.07E+00	-3.07E+00	-3.17E+00	-2.56E+00	-2.56E+00	-2.56E+00	-3.59E-01	-2.56E+00	-3.59E-01	-2.56E+00	-3.59E-01	-2.56E+00	-3.59E-01	-2.56E+00	-2.56E+00	-3.59E-01	-5.58E-01	-3.59E-01	-2.76E+00	matrix-inversion-error
group_1153	1.55E-01	6.04E-08	1.53E-01	4.64E-01	3.28E-01	1.46E+00	-1.50E+00	-1.21E+00	-1.11E+00	-2.40E+00	-2.73E+00	-2.75E+00	-2.88E+00	-6.51E-01	-8.56E-01	-9.51E-01	-3.41E+00	1.49E-01	-1.46E+00	-1.65E+01	-1.23E+00	-1.46E+02	-1.46E+02	-1.46E+02	-1.79E+01	-1.79E+01	-1.79E+01	1.68E+01	-1.79E+01	1.68E+01	-1.79E+01	1.68E+01	-1.79E+01	1.68E+01	-1.79E+01	-1.79E+01	1.63E+01	1.68E+01	1.68E+01	-1.79E+01	
group_1143	1.55E-01	6.04E-08	1.53E-01	4.64E-01	3.28E-01	1.46E+00	-1.50E+00	-1.21E+00	-1.11E+00	-2.40E+00	-2.73E+00	-2.75E+00	-2.88E+00	-6.51E-01	-8.56E-01	-9.51E-01	-3.41E+00	1.49E-01	-1.46E+00	-1.65E+01	-1.23E+00	-1.46E+02	-1.46E+02	-1.46E+02	-1.79E+01	-1.79E+01	-1.79E+01	1.68E+01	-1.79E+01	1.68E+01	-1.79E+01	1.68E+01	-1.79E+01	1.68E+01	-1.79E+01	-1.79E+01	1.63E+01	1.68E+01	1.68E+01	-1.79E+01	
group_778	1.54E-01	1.89E-01	2.34E-02	2.45E-01	7.45E+00	1.46E+00	-1.61E+00	-1.10E+00	-1.11E+00	-1.93E+00	-2.28E+00	-2.73E+00	-2.87E+00	-9.24E-01	-9.15E-01	-1.19E+00	-3.07E+00	9.35E-03	-1.46E+00	-3.65E+00	-1.11E+00	-3.07E+00	-3.07E+00	-3.20E+00	-2.56E+00	-2.56E+00	-2.56E+00	-3.58E-01	-2.56E+00	-3.58E-01	-2.56E+00	-3.58E-01	-2.56E+00	-3.58E-01	-2.56E+00	-2.56E+00	-3.58E-01	-6.03E-01	-3.58E-01	-2.80E+00	matrix-inversion-error
group_641	1.54E-01	1.69E-09	5.11E-01	-1.39E-01	2.10E-01	1.52E+00	-1.55E+00	-1.11E+00	-1.17E+00	-1.99E+00	-2.34E+00	-2.80E+00	-2.93E+00	-7.07E-01	-9.03E-01	-1.01E+00	-3.46E+00	2.74E-01	-1.52E+00	-2.78E+02	-8.25E-01	-1.46E+02	-1.46E+02	-1.46E+02	-1.73E+01	-1.73E+01	-1.85E+01	1.68E+01	-1.73E+01	1.68E+01	-1.85E+01	1.68E+01	-1.73E+01	1.68E+01	-1.85E+01	-1.73E+01	1.68E+01	1.68E+01	1.68E+01	-1.73E+01	
group_161	1.54E-01	5.90E-02	3.97E-02	1.61E-01	7.45E+00	1.46E+00	-1.57E+00	-1.08E+00	-1.12E+00	-1.93E+00	-2.30E+00	-2.73E+00	-2.85E+00	-8.24E-01	-9.08E-01	-1.11E+00	-3.07E+00	-6.14E-02	-1.46E+00	-3.70E+00	-1.00E+00	-3.07E+00	-3.07E+00	-3.15E+00	-2.56E+00	-2.56E+00	-2.56E+00	-3.60E-01	-2.56E+00	-3.60E-01	-2.56E+00	-5.22E-01	-2.56E+00	-3.60E-01	-2.56E+00	-2.56E+00	-3.60E-01	-5.22E-01	-5.22E-01	-2.72E+00	matrix-inversion-error
xerC_3~~~xerD~~~xerC_4	1.53E-01	9.26E-10	5.94E-01	-1.13E-01	2.12E-01	1.51E+00	-1.54E+00	-1.10E+00	-1.16E+00	-1.98E+00	-2.33E+00	-2.79E+00	-2.92E+00	-6.97E-01	-8.95E-01	-9.97E-01	-3.45E+00	2.84E-01	-1.51E+00	-1.39E+01	-8.14E-01	-1.46E+02	-1.46E+02	-1.46E+02	-1.80E+01	-1.80E+01	-1.77E+01	1.68E+01	-1.80E+01	1.68E+01	-1.77E+01	1.68E+01	-1.80E+01	1.68E+01	-1.77E+01	-1.80E+01	1.68E+01	1.68E+01	1.68E+01	-1.80E+01	
group_1212	1.53E-01	1.40E-07	8.64E-02	-3.52E-01	2.05E-01	1.48E+00	-1.50E+00	-8.83E-01	-1.10E+00	-1.93E+00	-2.26E+00	-2.47E+00	-2.89E+00	-6.69E-01	-5.41E-01	-9.69E-01	-3.43E+00	3.68E-01	-1.48E+00	-1.61E+01	-7.87E-01	-1.46E+02	-1.46E+02	-1.46E+02	-1.64E+01	-1.79E+01	-1.79E+01	1.68E+01	-1.79E+01	1.68E+01	-1.79E+01	1.68E+01	-1.79E+01	1.68E+01	-1.64E+01	-1.64E+01	1.68E+01	1.68E+01	1.68E+01	-1.79E+01	
group_1059	1.53E-01	9.26E-10	6.00E-01	-1.11E-01	2.11E-01	1.51E+00	-1.54E+00	-1.10E+00	-1.16E+00	-1.98E+00	-2.32E+00	-2.79E+00	-2.92E+00	-6.96E-01	-9.01E-01	-9.96E-01	-3.45E+00	2.85E-01	-1.51E+00	-1.41E+01	-8.14E-01	-1.46E+02	-1.46E+02	-1.46E+02	-1.80E+01	-1.80E+01	-1.76E+01	1.68E+01	-1.80E+01	1.68E+01	-1.76E+01	1.68E+01	-1.80E+01	1.68E+01	-1.76E+01	-1.80E+01	1.68E+01	1.68E+01	1.68E+01	-1.80E+01	
group_1014	1.53E-01	4.08E-04	1.21E-01	-2.98E-01	1.91E-01	1.50E+00	-1.52E+00	-1.01E+00	-1.11E+00	-1.95E+00	-2.31E+00	-2.55E+00	-2.91E+00	-6.87E-01	-5.94E-01	-9.87E-01	-3.34E+00	5.91E-01	-1.50E+00	-1.61E+01	-8.05E-01	-1.46E+02	-1.46E+02	-1.46E+02	-1.80E+01	-1.80E+01	-1.67E+01	1.68E+01	-1.67E+01	1.68E+01	-1.67E+01	1.68E+01	-1.80E+01	1.68E+01	-1.80E+01	-1.67E+01	1.68E+01	1.68E+01	1.68E+01	-1.80E+01	
group_445	1.53E-01	9.26E-10	5.94E-01	-1.13E-01	2.12E-01	1.51E+00	-1.54E+00	-1.10E+00	-1.16E+00	-1.98E+00	-2.33E+00	-2.79E+00	-2.92E+00	-6.97E-01	-8.95E-01	-9.97E-01	-3.45E+00	2.84E-01	-1.51E+00	-1.39E+01	-8.14E-01	-1.46E+02	-1.46E+02	-1.46E+02	-1.80E+01	-1.80E+01	-1.77E+01	1.68E+01	-1.80E+01	1.68E+01	-1.77E+01	1.68E+01	-1.80E+01	1.68E+01	-1.77E+01	-1.80E+01	1.68E+01	1.68E+01	1.68E+01	-1.80E+01	
group_2776	1.52E-01	5.41E-09	1.74E-01	4.54E-01	3.39E-01	1.46E+00	-1.50E+00	-1.17E+00	-1.13E+00	-2.39E+00	-2.71E+00	-2.75E+00	-2.88E+00	-6.52E-01	-8.57E-01	-9.52E-01	-3.86E+00	1.52E-01	-1.92E+00	-1.60E+01	-1.22E+00	-1.46E+02	-1.46E+02	-1.46E+02	-1.79E+01	-1.79E+01	-1.79E+01	1.68E+01	-1.92E+01	1.68E+01	-1.92E+01	1.63E+01	-1.79E+01	1.68E+01	-1.79E+01	-1.79E+01	1.63E+01	1.68E+01	1.68E+01	-1.79E+01	
group_1522	1.52E-01	1.48E-07	4.60E-02	6.68E-01	3.42E-01	1.46E+00	-1.50E+00	-1.27E+00	-1.11E+00	-2.60E+00	-2.93E+00	-2.75E+00	-2.88E+00	-6.52E-01	-8.57E-01	-9.52E-01	-3.41E+00	8.13E-02	-1.46E+00	-1.67E+01	-1.44E+00	-1.46E+02	-1.46E+02	-1.46E+02	-1.79E+01	-1.79E+01	-1.79E+01	1.68E+01	-1.79E+01	1.68E+01	-1.79E+01	1.68E+01	-1.79E+01	1.68E+01	-1.79E+01	-1.79E+01	1.61E+01	1.68E+01	1.68E+01	-1.79E+01	
group_989	1.52E-01	8.00E-03	3.20E-01	-1.92E-01	1.92E-01	1.50E+00	-1.53E+00	-1.07E+00	-1.15E+00	-1.96E+00	-2.30E+00	-2.67E+00	-2.78E+00	-6.79E-01	-8.57E-01	-9.87E-01	-3.44E+00	4.86E-01	-1.40E+00	-1.61E+01	-7.39E-01	-1.46E+02	-1.46E+02	-1.46E+02	-1.80E+01	-1.80E+01	-1.80E+01	1.68E+01	-1.80E+01	1.68E+01	-1.80E+01	1.70E+01	-1.80E+01	1.68E+01	-1.80E+01	-1.80E+01	1.68E+01	1.68E+01	1.70E+01	-1.80E+01	
group_104	1.52E-01	1.48E-07	4.60E-02	6.68E-01	3.42E-01	1.46E+00	-1.50E+00	-1.27E+00	-1.11E+00	-2.60E+00	-2.93E+00	-2.75E+00	-2.88E+00	-6.52E-01	-8.57E-01	-9.52E-01	-3.41E+00	8.13E-02	-1.46E+00	-1.67E+01	-1.44E+00	-1.46E+02	-1.46E+02	-1.46E+02	-1.79E+01	-1.79E+01	-1.79E+01	1.68E+01	-1.79E+01	1.68E+01	-1.79E+01	1.68E+01	-1.79E+01	1.68E+01	-1.79E+01	-1.79E+01	1.61E+01	1.68E+01	1.68E+01	-1.79E+01	
lytG_1	1.52E-01	1.48E-07	4.60E-02	6.68E-01	3.42E-01	1.46E+00	-1.50E+00	-1.27E+00	-1.11E+00	-2.60E+00	-2.93E+00	-2.75E+00	-2.88E+00	-6.52E-01	-8.57E-01	-9.52E-01	-3.41E+00	8.13E-02	-1.46E+00	-1.67E+01	-1.44E+00	-1.46E+02	-1.46E+02	-1.46E+02	-1.79E+01	-1.79E+01	-1.79E+01	1.68E+01	-1.79E+01	1.68E+01	-1.79E+01	1.68E+01	-1.79E+01	1.68E+01	-1.79E+01	-1.79E+01	1.61E+01	1.68E+01	1.68E+01	-1.79E+01	
group_684	1.51E-01	2.24E-07	2.73E-02	7.46E-01	3.47E-01	1.46E+00	-1.50E+00	-1.29E+00	-1.11E+00	-2.68E+00	-3.01E+00	-2.75E+00	-2.88E+00	-6.52E-01	-8.56E-01	-9.52E-01	-3.41E+00	5.72E-02	-1.46E+00	-1.68E+01	-1.52E+00	-1.46E+02	-1.46E+02	-1.46E+02	-1.79E+01	-1.79E+01	-1.79E+01	1.68E+01	-1.79E+01	1.68E+01	-1.79E+01	1.68E+01	-1.79E+01	1.68E+01	-1.79E+01	-1.79E+01	1.60E+01	1.68E+01	1.68E+01	-1.79E+01	
group_2799	1.51E-01	4.97E-10	6.77E-01	-8.93E-02	2.14E-01	1.50E+00	-1.53E+00	-1.09E+00	-1.15E+00	-1.97E+00	-2.32E+00	-2.78E+00	-2.91E+00	-6.87E-01	-8.92E-01	-9.87E-01	-3.44E+00	2.94E-01	-1.50E+00	-1.63E+01	-8.05E-01	-1.46E+02	-1.46E+02	-1.46E+02	-1.80E+01	-1.80E+01	-1.76E+01	1.68E+01	-1.80E+01	1.68E+01	-1.76E+01	1.68E+01	-1.80E+01	1.68E+01	-1.76E+01	-1.80E+01	1.68E+01	1.68E+01	1.68E+01	-1.80E+01	
group_2711	1.51E-01	3.46E-03	8.75E-01	-3.95E-02	2.50E-01	1.46E+00	-1.47E+00	-1.05E+00	-1.11E+00	-1.94E+00	-2.28E+00	-2.75E+00	-2.88E+00	-6.28E-01	-8.58E-01	-9.23E-01	-3.41E+00	3.28E-01	-1.46E+00	-1.60E+01	-7.71E-01	-1.46E+02	-1.46E+02	-1.46E+02	-1.79E+01	-1.79E+01	-1.79E+01	1.68E+01	-1.79E+01	1.68E+01	-1.79E+01	1.68E+01	-1.79E+01	1.68E+01	-1.79E+01	-1.79E+01	1.68E+01	1.68E+01	1.68E+01	-1.78E+01	
group_2641	1.51E-01	4.97E-10	6.77E-01	-8.93E-02	2.14E-01	1.50E+00	-1.53E+00	-1.09E+00	-1.15E+00	-1.97E+00	-2.32E+00	-2.78E+00	-2.91E+00	-6.87E-01	-8.92E-01	-9.87E-01	-3.44E+00	2.94E-01	-1.50E+00	-1.63E+01	-8.05E-01	-1.46E+02	-1.46E+02	-1.46E+02	-1.80E+01	-1.80E+01	-1.76E+01	1.68E+01	-1.80E+01	1.68E+01	-1.76E+01	1.68E+01	-1.80E+01	1.68E+01	-1.76E+01	-1.80E+01	1.68E+01	1.68E+01	1.68E+01	-1.80E+01	
group_2118	1.51E-01	1.41E-01	2.17E-01	2.26E-01	1.83E-01	1.46E+00	-1.60E+00	-1.10E+00	-1.11E+00	-1.94E+00	-2.32E+00	-2.75E+00	-2.91E+00	-8.67E-01	-8.55E-01	-1.12E+00	-3.41E+00	3.31E-01	-1.46E+00	-2.84E+01	-8.41E-01	-1.46E+02	-1.46E+02	-1.46E+02	-1.79E+01	-1.79E+01	-1.79E+01	1.68E+01	-1.79E+01	1.68E+01	-1.79E+01	1.68E+01	-1.79E+01	1.68E+01	-1.79E+01	-1.79E+01	1.68E+01	1.66E+01	1.68E+01	-1.85E+01	
group_949	1.51E-01	7.81E-04	8.58E-01	5.15E-02	2.88E-01	1.46E+00	-1.49E+00	-1.05E+00	-1.11E+00	-1.98E+00	-2.28E+00	-2.74E+00	-2.92E+00	-6.46E-01	-8.50E-01	-9.46E-01	-3.45E+00	3.35E-01	-1.46E+00	-1.60E+01	-7.98E-01	-1.46E+02	-1.46E+02	-1.46E+02	-1.81E+01	-1.78E+01	-1.81E+01	1.68E+01	-1.81E+01	1.68E+01	-1.81E+01	1.68E+01	-1.78E+01	1.68E+01	-1.78E+01	-1.78E+01	1.68E+01	1.68E+01	1.68E+01	-1.78E+01	
group_547	1.51E-01	4.97E-10	6.77E-01	-8.93E-02	2.14E-01	1.50E+00	-1.53E+00	-1.09E+00	-1.15E+00	-1.97E+00	-2.32E+00	-2.78E+00	-2.91E+00	-6.87E-01	-8.92E-01	-9.87E-01	-3.44E+00	2.94E-01	-1.50E+00	-1.63E+01	-8.05E-01	-1.46E+02	-1.46E+02	-1.46E+02	-1.80E+01	-1.80E+01	-1.76E+01	1.68E+01	-1.80E+01	1.68E+01	-1.76E+01	1.68E+01	-1.80E+01	1.68E+01	-1.76E+01	-1.80E+01	1.68E+01	1.68E+01	1.68E+01	-1.80E+01	
group_451	1.51E-01	4.97E-10	6.77E-01	-8.93E-02	2.14E-01	1.50E+00	-1.53E+00	-1.09E+00	-1.15E+00	-1.97E+00	-2.32E+00	-2.78E+00	-2.91E+00	-6.87E-01	-8.92E-01	-9.87E-01	-3.44E+00	2.94E-01	-1.50E+00	-1.63E+01	-8.05E-01	-1.46E+02	-1.46E+02	-1.46E+02	-1.80E+01	-1.80E+01	-1.76E+01	1.68E+01	-1.80E+01	1.68E+01	-1.76E+01	1.68E+01	-1.80E+01	1.68E+01	-1.76E+01	-1.80E+01	1.68E+01	1.68E+01	1.68E+01	-1.80E+01	
group_450	1.51E-01	4.97E-10	6.77E-01	-8.93E-02	2.14E-01	1.50E+00	-1.53E+00	-1.09E+00	-1.15E+00	-1.97E+00	-2.32E+00	-2.78E+00	-2.91E+00	-6.87E-01	-8.92E-01	-9.87E-01	-3.44E+00	2.94E-01	-1.50E+00	-1.63E+01	-8.05E-01	-1.46E+02	-1.46E+02	-1.46E+02	-1.80E+01	-1.80E+01	-1.76E+01	1.68E+01	-1.80E+01	1.68E+01	-1.76E+01	1.68E+01	-1.80E+01	1.68E+01	-1.76E+01	-1.80E+01	1.68E+01	1.68E+01	1.68E+01	-1.80E+01	
group_444	1.51E-01	4.97E-10	6.77E-01	-8.93E-02	2.14E-01	1.50E+00	-1.53E+00	-1.09E+00	-1.15E+00	-1.97E+00	-2.32E+00	-2.78E+00	-2.91E+00	-6.87E-01	-8.92E-01	-9.87E-01	-3.44E+00	2.94E-01	-1.50E+00	-1.63E+01	-8.05E-01	-1.46E+02	-1.46E+02	-1.46E+02	-1.80E+01	-1.80E+01	-1.76E+01	1.68E+01	-1.80E+01	1.68E+01	-1.76E+01	1.68E+01	-1.80E+01	1.68E+01	-1.76E+01	-1.80E+01	1.68E+01	1.68E+01	1.68E+01	-1.80E+01	
group_435	1.51E-01	4.97E-10	6.77E-01	-8.93E-02	2.14E-01	1.50E+00	-1.53E+00	-1.09E+00	-1.15E+00	-1.97E+00	-2.32E+00	-2.78E+00	-2.91E+00	-6.87E-01	-8.92E-01	-9.87E-01	-3.44E+00	2.94E-01	-1.50E+00	-1.63E+01	-8.05E-01	-1.46E+02	-1.46E+02	-1.46E+02	-1.80E+01	-1.80E+01	-1.76E+01	1.68E+01	-1.80E+01	1.68E+01	-1.76E+01	1.68E+01	-1.80E+01	1.68E+01	-1.76E+01	-1.80E+01	1.68E+01	1.68E+01	1.68E+01	-1.80E+01	
group_328	1.51E-01	4.97E-10	6.77E-01	-8.93E-02	2.14E-01	1.50E+00	-1.53E+00	-1.09E+00	-1.15E+00	-1.97E+00	-2.32E+00	-2.78E+00	-2.91E+00	-6.87E-01	-8.92E-01	-9.87E-01	-3.44E+00	2.94E-01	-1.50E+00	-1.63E+01	-8.05E-01	-1.46E+02	-1.46E+02	-1.46E+02	-1.80E+01	-1.80E+01	-1.76E+01	1.68E+01	-1.80E+01	1.68E+01	-1.76E+01	1.68E+01	-1.80E+01	1.68E+01	-1.76E+01	-1.80E+01	1.68E+01	1.68E+01	1.68E+01	-1.80E+01	
group_217	1.51E-01	4.97E-10	6.77E-01	-8.93E-02	2.14E-01	1.50E+00	-1.53E+00	-1.09E+00	-1.15E+00	-1.97E+00	-2.32E+00	-2.78E+00	-2.91E+00	-6.87E-01	-8.92E-01	-9.87E-01	-3.44E+00	2.94E-01	-1.50E+00	-1.63E+01	-8.05E-01	-1.46E+02	-1.46E+02	-1.46E+02	-1.80E+01	-1.80E+01	-1.76E+01	1.68E+01	-1.80E+01	1.68E+01	-1.76E+01	1.68E+01	-1.80E+01	1.68E+01	-1.76E+01	-1.80E+01	1.68E+01	1.68E+01	1.68E+01	-1.80E+01	
group_216	1.51E-01	4.97E-10	6.77E-01	-8.93E-02	2.14E-01	1.50E+00	-1.53E+00	-1.09E+00	-1.15E+00	-1.97E+00	-2.32E+00	-2.78E+00	-2.91E+00	-6.87E-01	-8.92E-01	-9.87E-01	-3.44E+00	2.94E-01	-1.50E+00	-1.63E+01	-8.05E-01	-1.46E+02	-1.46E+02	-1.46E+02	-1.80E+01	-1.80E+01	-1.76E+01	1.68E+01	-1.80E+01	1.68E+01	-1.76E+01	1.68E+01	-1.80E+01	1.68E+01	-1.76E+01	-1.80E+01	1.68E+01	1.68E+01	1.68E+01	-1.80E+01	
group_170	1.51E-01	2.79E-02	5.45E-02	1.01E-01	7.37E+00	1.46E+00	-1.54E+00	-1.07E+00	-1.11E+00	-1.93E+00	-2.29E+00	-2.72E+00	-2.84E+00	-7.75E-01	-8.95E-01	-1.08E+00	-3.07E+00	-5.18E-02	-1.51E+00	-3.71E+00	-9.82E-01	-3.07E+00	-3.07E+00	-3.12E+00	-2.56E+00	-2.56E+00	-2.56E+00	-3.61E-01	-2.56E+00	-3.61E-01	-2.56E+00	-3.61E-01	-2.56E+00	-3.61E-01	-2.56E+00	-2.56E+00	-3.61E-01	-4.61E-01	-3.61E-01	-2.66E+00	matrix-inversion-error
group_114	1.51E-01	4.97E-10	6.77E-01	-8.93E-02	2.14E-01	1.50E+00	-1.53E+00	-1.09E+00	-1.15E+00	-1.97E+00	-2.32E+00	-2.78E+00	-2.91E+00	-6.87E-01	-8.92E-01	-9.87E-01	-3.44E+00	2.94E-01	-1.50E+00	-1.63E+01	-8.05E-01	-1.46E+02	-1.46E+02	-1.46E+02	-1.80E+01	-1.80E+01	-1.76E+01	1.68E+01	-1.80E+01	1.68E+01	-1.76E+01	1.68E+01	-1.80E+01	1.68E+01	-1.76E+01	-1.80E+01	1.68E+01	1.68E+01	1.68E+01	-1.80E+01	
uvrB_2~~~radD~~~uvrB_1	1.51E-01	4.97E-10	6.77E-01	-8.93E-02	2.14E-01	1.50E+00	-1.53E+00	-1.09E+00	-1.15E+00	-1.97E+00	-2.32E+00	-2.78E+00	-2.91E+00	-6.87E-01	-8.92E-01	-9.87E-01	-3.44E+00	2.94E-01	-1.50E+00	-1.63E+01	-8.05E-01	-1.46E+02	-1.46E+02	-1.46E+02	-1.80E+01	-1.80E+01	-1.76E+01	1.68E+01	-1.80E+01	1.68E+01	-1.76E+01	1.68E+01	-1.80E+01	1.68E+01	-1.76E+01	-1.80E+01	1.68E+01	1.68E+01	1.68E+01	-1.80E+01	
group_2017	1.50E-01	2.65E-10	6.77E-01	-8.93E-02	2.14E-01	1.50E+00	-1.53E+00	-1.09E+00	-1.15E+00	-1.97E+00	-2.32E+00	-2.78E+00	-2.91E+00	-6.87E-01	-8.92E-01	-9.87E-01	-3.44E+00	2.94E-01	-1.50E+00	-1.63E+01	-8.05E-01	-1.46E+02	-1.46E+02	-1.46E+02	-1.80E+01	-1.80E+01	-1.76E+01	1.68E+01	-1.80E+01	1.68E+01	-1.80E+01	1.68E+01	-1.80E+01	1.68E+01	-1.76E+01	-1.80E+01	1.68E+01	1.68E+01	1.68E+01	-1.80E+01	
group_2016	1.49E-01	9.88E-10	5.67E-02	7.82E-01	4.23E-01	1.46E+00	-1.50E+00	-1.05E+00	-1.31E+00	-2.70E+00	-3.05E+00	-2.75E+00	-2.88E+00	-6.53E-01	-1.54E+00	-9.53E-01	-3.41E+00	3.28E-01	-2.05E+00	-1.60E+01	-1.55E+00	-1.47E+02	-1.47E+02	-2.38E+01	-2.02E+01	-2.02E+01	-1.79E+01	1.68E+01	-2.02E+01	1.60E+01	-1.79E+01	1.68E+01	-2.02E+01	1.68E+01	-2.02E+01	-2.02E+01	1.60E+01	1.68E+01	1.60E+01	-1.79E+01	
group_1755	1.49E-01	2.01E-02	6.63E-01	8.03E-02	1.84E-01	1.46E+00	-1.54E+00	-1.07E+00	-1.11E+00	-1.94E+00	-2.30E+00	-2.75E+00	-2.88E+00	-7.26E-01	-8.62E-01	-1.01E+00	-3.41E+00	2.95E-01	-1.50E+00	-1.43E+01	-7.96E-01	-1.46E+02	-1.46E+02	-5.75E+02	-1.79E+01	-1.79E+01	-1.79E+01	1.68E+01	-1.79E+01	1.68E+01	-1.79E+01	1.68E+01	-1.79E+01	1.68E+01	-1.79E+01	-1.79E+01	1.68E+01	1.67E+01	1.68E+01	-1.90E+01	
group_2798	1.49E-01	4.90E-10	8.70E-01	-3.51E-02	2.14E-01	1.48E+00	-1.51E+00	-1.07E+00	-1.13E+00	-1.95E+00	-2.30E+00	-2.76E+00	-2.89E+00	-6.66E-01	-8.70E-01	-9.66E-01	-3.42E+00	3.15E-01	-1.48E+00	-2.18E+01	-7.83E-01	-1.46E+02	-1.46E+02	-1.46E+02	-1.79E+01	-1.79E+01	-1.78E+01	1.68E+01	-1.79E+01	1.68E+01	-1.78E+01	1.68E+01	-1.79E+01	1.68E+01	-1.78E+01	-1.79E+01	1.68E+01	1.68E+01	1.68E+01	-1.79E+01	
group_2746	1.49E-01	4.90E-10	8.70E-01	-3.51E-02	2.14E-01	1.48E+00	-1.51E+00	-1.07E+00	-1.13E+00	-1.95E+00	-2.30E+00	-2.76E+00	-2.89E+00	-6.66E-01	-8.70E-01	-9.66E-01	-3.42E+00	3.15E-01	-1.48E+00	-2.18E+01	-7.83E-01	-1.46E+02	-1.46E+02	-1.46E+02	-1.79E+01	-1.79E+01	-1.78E+01	1.68E+01	-1.79E+01	1.68E+01	-1.78E+01	1.68E+01	-1.79E+01	1.68E+01	-1.78E+01	-1.79E+01	1.68E+01	1.68E+01	1.68E+01	-1.79E+01	
group_2490	1.49E-01	1.23E-09	7.06E-01	-8.06E-02	2.13E-01	1.49E+00	-1.53E+00	-1.08E+00	-1.14E+00	-1.97E+00	-2.31E+00	-2.78E+00	-2.91E+00	-6.83E-01	-8.88E-01	-9.83E-01	-3.44E+00	2.98E-01	-1.49E+00	-1.70E+01	-8.01E-01	-1.46E+02	-1.46E+02	-1.46E+02	-1.80E+01	-1.80E+01	-1.77E+01	1.68E+01	-1.80E+01	1.68E+01	-1.77E+01	1.68E+01	-1.80E+01	1.68E+01	-1.77E+01	-1.80E+01	1.68E+01	1.68E+01	1.68E+01	-1.80E+01	
group_2050	1.49E-01	4.90E-10	8.70E-01	-3.51E-02	2.14E-01	1.48E+00	-1.51E+00	-1.07E+00	-1.13E+00	-1.95E+00	-2.30E+00	-2.76E+00	-2.89E+00	-6.66E-01	-8.70E-01	-9.66E-01	-3.42E+00	3.15E-01	-1.48E+00	-2.18E+01	-7.83E-01	-1.46E+02	-1.46E+02	-1.46E+02	-1.79E+01	-1.79E+01	-1.78E+01	1.68E+01	-1.79E+01	1.68E+01	-1.78E+01	1.68E+01	-1.79E+01	1.68E+01	-1.78E+01	-1.79E+01	1.68E+01	1.68E+01	1.68E+01	-1.79E+01	
group_2014	1.49E-01	4.90E-10	8.70E-01	-3.51E-02	2.14E-01	1.48E+00	-1.51E+00	-1.07E+00	-1.13E+00	-1.95E+00	-2.30E+00	-2.76E+00	-2.89E+00	-6.66E-01	-8.70E-01	-9.66E-01	-3.42E+00	3.15E-01	-1.48E+00	-2.18E+01	-7.83E-01	-1.46E+02	-1.46E+02	-1.46E+02	-1.79E+01	-1.79E+01	-1.78E+01	1.68E+01	-1.79E+01	1.68E+01	-1.78E+01	1.68E+01	-1.79E+01	1.68E+01	-1.78E+01	-1.79E+01	1.68E+01	1.68E+01	1.68E+01	-1.79E+01	
group_1446	1.49E-01	4.90E-10	8.70E-01	-3.51E-02	2.14E-01	1.48E+00	-1.51E+00	-1.07E+00	-1.13E+00	-1.95E+00	-2.30E+00	-2.76E+00	-2.89E+00	-6.66E-01	-8.70E-01	-9.66E-01	-3.42E+00	3.15E-01	-1.48E+00	-2.18E+01	-7.83E-01	-1.46E+02	-1.46E+02	-1.46E+02	-1.79E+01	-1.79E+01	-1.78E+01	1.68E+01	-1.79E+01	1.68E+01	-1.78E+01	1.68E+01	-1.79E+01	1.68E+01	-1.78E+01	-1.79E+01	1.68E+01	1.68E+01	1.68E+01	-1.79E+01	
group_1417	1.49E-01	4.90E-10	8.70E-01	-3.51E-02	2.14E-01	1.48E+00	-1.51E+00	-1.07E+00	-1.13E+00	-1.95E+00	-2.30E+00	-2.76E+00	-2.89E+00	-6.66E-01	-8.70E-01	-9.66E-01	-3.42E+00	3.15E-01	-1.48E+00	-2.18E+01	-7.83E-01	-1.46E+02	-1.46E+02	-1.46E+02	-1.79E+01	-1.79E+01	-1.78E+01	1.68E+01	-1.79E+01	1.68E+01	-1.78E+01	1.68E+01	-1.79E+01	1.68E+01	-1.78E+01	-1.79E+01	1.68E+01	1.68E+01	1.68E+01	-1.79E+01	
group_1111	1.49E-01	4.90E-10	8.70E-01	-3.51E-02	2.14E-01	1.48E+00	-1.51E+00	-1.07E+00	-1.13E+00	-1.95E+00	-2.30E+00	-2.76E+00	-2.89E+00	-6.66E-01	-8.70E-01	-9.66E-01	-3.42E+00	3.15E-01	-1.48E+00	-2.18E+01	-7.83E-01	-1.46E+02	-1.46E+02	-1.46E+02	-1.79E+01	-1.79E+01	-1.78E+01	1.68E+01	-1.79E+01	1.68E+01	-1.78E+01	1.68E+01	-1.79E+01	1.68E+01	-1.78E+01	-1.79E+01	1.68E+01	1.68E+01	1.68E+01	-1.79E+01	
group_1096	1.49E-01	4.90E-10	8.70E-01	-3.51E-02	2.14E-01	1.48E+00	-1.51E+00	-1.07E+00	-1.13E+00	-1.95E+00	-2.30E+00	-2.76E+00	-2.89E+00	-6.66E-01	-8.70E-01	-9.66E-01	-3.42E+00	3.15E-01	-1.48E+00	-2.18E+01	-7.83E-01	-1.46E+02	-1.46E+02	-1.46E+02	-1.79E+01	-1.79E+01	-1.78E+01	1.68E+01	-1.79E+01	1.68E+01	-1.78E+01	1.68E+01	-1.79E+01	1.68E+01	-1.78E+01	-1.79E+01	1.68E+01	1.68E+01	1.68E+01	-1.79E+01	
group_1080	1.49E-01	4.90E-10	8.70E-01	-3.51E-02	2.14E-01	1.48E+00	-1.51E+00	-1.07E+00	-1.13E+00	-1.95E+00	-2.30E+00	-2.76E+00	-2.89E+00	-6.66E-01	-8.70E-01	-9.66E-01	-3.42E+00	3.15E-01	-1.48E+00	-2.18E+01	-7.83E-01	-1.46E+02	-1.46E+02	-1.46E+02	-1.79E+01	-1.79E+01	-1.78E+01	1.68E+01	-1.79E+01	1.68E+01	-1.78E+01	1.68E+01	-1.79E+01	1.68E+01	-1.78E+01	-1.79E+01	1.68E+01	1.68E+01	1.68E+01	-1.79E+01	
group_1030	1.49E-01	4.90E-10	8.70E-01	-3.51E-02	2.14E-01	1.48E+00	-1.51E+00	-1.07E+00	-1.13E+00	-1.95E+00	-2.30E+00	-2.76E+00	-2.89E+00	-6.66E-01	-8.70E-01	-9.66E-01	-3.42E+00	3.15E-01	-1.48E+00	-2.18E+01	-7.83E-01	-1.46E+02	-1.46E+02	-1.46E+02	-1.79E+01	-1.79E+01	-1.78E+01	1.68E+01	-1.79E+01	1.68E+01	-1.78E+01	1.68E+01	-1.79E+01	1.68E+01	-1.78E+01	-1.79E+01	1.68E+01	1.68E+01	1.68E+01	-1.79E+01	
group_821	1.49E-01	4.90E-10	8.70E-01	-3.51E-02	2.14E-01	1.48E+00	-1.51E+00	-1.07E+00	-1.13E+00	-1.95E+00	-2.30E+00	-2.76E+00	-2.89E+00	-6.66E-01	-8.70E-01	-9.66E-01	-3.42E+00	3.15E-01	-1.48E+00	-2.18E+01	-7.83E-01	-1.46E+02	-1.46E+02	-1.46E+02	-1.79E+01	-1.79E+01	-1.78E+01	1.68E+01	-1.79E+01	1.68E+01	-1.78E+01	1.68E+01	-1.79E+01	1.68E+01	-1.78E+01	-1.79E+01	1.68E+01	1.68E+01	1.68E+01	-1.79E+01	
group_798	1.49E-01	4.90E-10	8.70E-01	-3.51E-02	2.14E-01	1.48E+00	-1.51E+00	-1.07E+00	-1.13E+00	-1.95E+00	-2.30E+00	-2.76E+00	-2.89E+00	-6.66E-01	-8.70E-01	-9.66E-01	-3.42E+00	3.15E-01	-1.48E+00	-2.18E+01	-7.83E-01	-1.46E+02	-1.46E+02	-1.46E+02	-1.79E+01	-1.79E+01	-1.78E+01	1.68E+01	-1.79E+01	1.68E+01	-1.78E+01	1.68E+01	-1.79E+01	1.68E+01	-1.78E+01	-1.79E+01	1.68E+01	1.68E+01	1.68E+01	-1.79E+01	
group_698	1.49E-01	4.90E-10	8.70E-01	-3.51E-02	2.14E-01	1.48E+00	-1.51E+00	-1.07E+00	-1.13E+00	-1.95E+00	-2.30E+00	-2.76E+00	-2.89E+00	-6.66E-01	-8.70E-01	-9.66E-01	-3.42E+00	3.15E-01	-1.48E+00	-2.18E+01	-7.83E-01	-1.46E+02	-1.46E+02	-1.46E+02	-1.79E+01	-1.79E+01	-1.78E+01	1.68E+01	-1.79E+01	1.68E+01	-1.78E+01	1.68E+01	-1.79E+01	1.68E+01	-1.78E+01	-1.79E+01	1.68E+01	1.68E+01	1.68E+01	-1.79E+01	
group_574	1.49E-01	4.90E-10	8.70E-01	-3.51E-02	2.14E-01	1.48E+00	-1.51E+00	-1.07E+00	-1.13E+00	-1.95E+00	-2.30E+00	-2.76E+00	-2.89E+00	-6.66E-01	-8.70E-01	-9.66E-01	-3.42E+00	3.15E-01	-1.48E+00	-2.18E+01	-7.83E-01	-1.46E+02	-1.46E+02	-1.46E+02	-1.79E+01	-1.79E+01	-1.78E+01	1.68E+01	-1.79E+01	1.68E+01	-1.78E+01	1.68E+01	-1.79E+01	1.68E+01	-1.78E+01	-1.79E+01	1.68E+01	1.68E+01	1.68E+01	-1.79E+01	
group_262	1.49E-01	4.90E-10	8.70E-01	-3.51E-02	2.14E-01	1.48E+00	-1.51E+00	-1.07E+00	-1.13E+00	-1.95E+00	-2.30E+00	-2.76E+00	-2.89E+00	-6.66E-01	-8.70E-01	-9.66E-01	-3.42E+00	3.15E-01	-1.48E+00	-2.18E+01	-7.83E-01	-1.46E+02	-1.46E+02	-1.46E+02	-1.79E+01	-1.79E+01	-1.78E+01	1.68E+01	-1.79E+01	1.68E+01	-1.78E+01	1.68E+01	-1.79E+01	1.68E+01	-1.78E+01	-1.79E+01	1.68E+01	1.68E+01	1.68E+01	-1.79E+01	
group_261	1.49E-01	4.90E-10	8.70E-01	-3.51E-02	2.14E-01	1.48E+00	-1.51E+00	-1.07E+00	-1.13E+00	-1.95E+00	-2.30E+00	-2.76E+00	-2.89E+00	-6.66E-01	-8.70E-01	-9.66E-01	-3.42E+00	3.15E-01	-1.48E+00	-2.18E+01	-7.83E-01	-1.46E+02	-1.46E+02	-1.46E+02	-1.79E+01	-1.79E+01	-1.78E+01	1.68E+01	-1.79E+01	1.68E+01	-1.78E+01	1.68E+01	-1.79E+01	1.68E+01	-1.78E+01	-1.79E+01	1.68E+01	1.68E+01	1.68E+01	-1.79E+01	
group_88	1.49E-01	4.90E-10	8.70E-01	-3.51E-02	2.14E-01	1.48E+00	-1.51E+00	-1.07E+00	-1.13E+00	-1.95E+00	-2.30E+00	-2.76E+00	-2.89E+00	-6.66E-01	-8.70E-01	-9.66E-01	-3.42E+00	3.15E-01	-1.48E+00	-2.18E+01	-7.83E-01	-1.46E+02	-1.46E+02	-1.46E+02	-1.79E+01	-1.79E+01	-1.78E+01	1.68E+01	-1.79E+01	1.68E+01	-1.78E+01	1.68E+01	-1.79E+01	1.68E+01	-1.78E+01	-1.79E+01	1.68E+01	1.68E+01	1.68E+01	-1.79E+01	
group_87	1.49E-01	4.90E-10	8.70E-01	-3.51E-02	2.14E-01	1.48E+00	-1.51E+00	-1.07E+00	-1.13E+00	-1.95E+00	-2.30E+00	-2.76E+00	-2.89E+00	-6.66E-01	-8.70E-01	-9.66E-01	-3.42E+00	3.15E-01	-1.48E+00	-2.18E+01	-7.83E-01	-1.46E+02	-1.46E+02	-1.46E+02	-1.79E+01	-1.79E+01	-1.78E+01	1.68E+01	-1.79E+01	1.68E+01	-1.78E+01	1.68E+01	-1.79E+01	1.68E+01	-1.78E+01	-1.79E+01	1.68E+01	1.68E+01	1.68E+01	-1.79E+01	
group_82	1.49E-01	4.90E-10	8.70E-01	-3.51E-02	2.14E-01	1.48E+00	-1.51E+00	-1.07E+00	-1.13E+00	-1.95E+00	-2.30E+00	-2.76E+00	-2.89E+00	-6.66E-01	-8.70E-01	-9.66E-01	-3.42E+00	3.15E-01	-1.48E+00	-2.18E+01	-7.83E-01	-1.46E+02	-1.46E+02	-1.46E+02	-1.79E+01	-1.79E+01	-1.78E+01	1.68E+01	-1.79E+01	1.68E+01	-1.78E+01	1.68E+01	-1.79E+01	1.68E+01	-1.78E+01	-1.79E+01	1.68E+01	1.68E+01	1.68E+01	-1.79E+01	
group_1732	1.48E-01	3.09E-02	2.30E-02	4.00E-01	1.76E-01	1.46E+00	-1.64E+00	-1.12E+00	-1.11E+00	-1.95E+00	-2.35E+00	-2.86E+00	-3.07E+00	-9.18E-01	-8.75E-01	-1.35E+00	-3.40E+00	3.33E-01	-1.46E+00	-1.60E+01	-7.66E-01	-1.46E+02	-1.46E+02	-1.46E+02	-1.79E+01	-1.79E+01	-1.79E+01	1.68E+01	-1.79E+01	1.68E+01	-1.79E+01	1.64E+01	-1.79E+01	1.68E+01	-1.79E+01	-1.79E+01	1.68E+01	1.68E+01	1.68E+01	-1.79E+01	
group_1168	1.48E-01	6.09E-03	3.23E-01	-1.94E-01	1.96E-01	1.49E+00	-1.51E+00	-1.02E+00	-1.11E+00	-1.95E+00	-2.29E+00	-2.62E+00	-2.90E+00	-6.75E-01	-6.85E-01	-9.75E-01	-3.39E+00	5.00E-01	-1.49E+00	-1.61E+01	-7.92E-01	-1.46E+02	-1.46E+02	-1.46E+02	-1.80E+01	-1.80E+01	-1.72E+01	1.68E+01	-1.72E+01	1.68E+01	-1.72E+01	1.68E+01	-1.80E+01	1.68E+01	-1.72E+01	-1.80E+01	1.68E+01	1.68E+01	1.68E+01	-1.80E+01	
group_1135	1.47E-01	2.27E-08	2.67E-01	3.35E-01	3.06E-01	1.46E+00	-1.50E+00	-1.14E+00	-1.13E+00	-2.27E+00	-2.57E+00	-2.75E+00	-2.88E+00	-6.52E-01	-8.57E-01	-9.52E-01	-3.74E+00	1.95E-01	-1.80E+00	-1.60E+01	-1.11E+00	-1.46E+02	-1.46E+02	-1.46E+02	-1.79E+01	-1.79E+01	-1.79E+01	1.68E+01	-1.89E+01	1.68E+01	-1.89E+01	1.65E+01	-1.79E+01	1.68E+01	-1.79E+01	-1.79E+01	1.65E+01	1.68E+01	1.68E+01	-1.79E+01	
group_977	1.47E-01	1.60E-01	1.38E-02	-2.66E-01	7.14E+00	1.48E+00	-1.45E+00	-9.56E-01	-1.12E+00	-1.95E+00	-2.29E+00	-2.73E+00	-2.85E+00	-6.95E-01	-7.39E-01	-9.98E-01	-3.06E+00	-1.72E-02	-1.48E+00	-3.68E+00	-8.82E-01	-3.09E+00	-3.09E+00	-2.97E+00	-2.58E+00	-2.58E+00	-2.58E+00	-3.85E-01	-2.58E+00	-3.85E-01	-2.58E+00	-3.85E-01	-2.58E+00	-3.85E-01	-2.58E+00	-2.58E+00	-3.85E-01	-3.85E-01	-3.85E-01	-2.58E+00	matrix-inversion-error
group_881	1.47E-01	4.81E-10	8.57E-01	-3.88E-02	2.15E-01	1.48E+00	-1.51E+00	-1.07E+00	-1.13E+00	-1.95E+00	-2.30E+00	-2.76E+00	-2.89E+00	-6.67E-01	-8.72E-01	-9.67E-01	-3.42E+00	3.14E-01	-1.48E+00	-2.08E+01	-7.85E-01	-1.46E+02	-1.46E+02	-1.46E+02	-1.79E+01	-1.79E+01	-1.78E+01	1.68E+01	-1.79E+01	1.68E+01	-1.78E+01	1.68E+01	-1.79E+01	1.68E+01	-1.78E+01	-1.79E+01	1.68E+01	1.68E+01	1.68E+01	-1.79E+01	
group_322	1.47E-01	1.21E-01	3.78E-01	1.65E-01	1.87E-01	1.46E+00	-1.57E+00	-1.09E+00	-1.11E+00	-1.94E+00	-2.31E+00	-2.75E+00	-2.90E+00	-8.10E-01	-8.76E-01	-1.05E+00	-3.41E+00	1.89E-01	-1.46E+00	-1.11E+02	-8.24E-01	-1.46E+02	-1.46E+02	-1.46E+02	-1.79E+01	-1.79E+01	-1.79E+01	1.68E+01	-1.79E+01	1.68E+01	-1.79E+01	1.68E+01	-1.79E+01	1.68E+01	-1.79E+01	-1.79E+01	1.68E+01	1.66E+01	1.68E+01	-1.79E+01	
group_1497	1.46E-01	4.78E-12	7.11E-01	-7.99E-02	2.15E-01	1.49E+00	-1.53E+00	-1.08E+00	-1.14E+00	-1.97E+00	-2.31E+00	-2.78E+00	-2.91E+00	-6.83E-01	-8.88E-01	-9.83E-01	-3.44E+00	2.98E-01	-1.49E+00	-1.61E+01	-8.01E-01	-1.46E+02	-1.46E+02	-1.46E+02	-1.80E+01	-1.80E+01	-1.80E+01	1.68E+01	-1.80E+01	1.68E+01	-1.80E+01	1.68E+01	-1.80E+01	1.68E+01	-1.80E+01	-1.80E+01	1.68E+01	1.68E+01	1.68E+01	-1.80E+01	
group_984	1.46E-01	2.55E-10	8.57E-01	-3.88E-02	2.15E-01	1.48E+00	-1.51E+00	-1.07E+00	-1.13E+00	-1.95E+00	-2.30E+00	-2.76E+00	-2.89E+00	-6.67E-01	-8.72E-01	-9.67E-01	-3.42E+00	3.14E-01	-1.48E+00	-2.08E+01	-7.85E-01	-1.46E+02	-1.46E+02	-1.46E+02	-1.79E+01	-1.79E+01	-1.78E+01	1.68E+01	-1.79E+01	1.68E+01	-1.79E+01	1.68E+01	-1.79E+01	1.68E+01	-1.78E+01	-1.79E+01	1.68E+01	1.68E+01	1.68E+01	-1.79E+01	
group_527	1.46E-01	3.32E-03	5.35E-02	5.63E-01	2.92E-01	1.46E+00	-1.50E+00	-1.45E+00	-1.12E+00	-1.95E+00	-2.83E+00	-2.79E+00	-2.87E+00	-6.49E-01	-8.54E-01	-9.49E-01	-3.49E+00	-1.36E-01	-1.46E+00	-1.60E+01	-7.67E-01	-1.46E+02	-1.46E+02	-1.46E+02	-1.96E+01	-1.79E+01	-1.96E+01	1.68E+01	-1.96E+01	1.68E+01	-1.79E+01	1.68E+01	-1.79E+01	1.68E+01	-1.96E+01	-1.79E+01	1.68E+01	1.68E+01	1.68E+01	-1.79E+01	
group_2429	1.45E-01	8.85E-10	7.55E-01	-6.74E-02	2.16E-01	1.49E+00	-1.52E+00	-1.08E+00	-1.14E+00	-1.96E+00	-2.31E+00	-2.77E+00	-2.90E+00	-6.78E-01	-8.82E-01	-9.78E-01	-3.43E+00	3.03E-01	-1.49E+00	-1.80E+01	-7.95E-01	-1.46E+02	-1.46E+02	-1.46E+02	-1.80E+01	-1.80E+01	-1.77E+01	1.68E+01	-1.80E+01	1.68E+01	-1.77E+01	1.68E+01	-1.80E+01	1.68E+01	-1.77E+01	-1.80E+01	1.68E+01	1.68E+01	1.68E+01	-1.80E+01	
group_1815	1.45E-01	8.85E-10	7.55E-01	-6.74E-02	2.16E-01	1.49E+00	-1.52E+00	-1.08E+00	-1.14E+00	-1.96E+00	-2.31E+00	-2.77E+00	-2.90E+00	-6.78E-01	-8.82E-01	-9.78E-01	-3.43E+00	3.03E-01	-1.49E+00	-1.80E+01	-7.95E-01	-1.46E+02	-1.46E+02	-1.46E+02	-1.80E+01	-1.80E+01	-1.77E+01	1.68E+01	-1.80E+01	1.68E+01	-1.77E+01	1.68E+01	-1.80E+01	1.68E+01	-1.77E+01	-1.80E+01	1.68E+01	1.68E+01	1.68E+01	-1.80E+01	
group_288	1.45E-01	4.88E-02	3.42E-01	-1.72E-01	1.80E-01	1.49E+00	-1.52E+00	-1.03E+00	-1.11E+00	-1.96E+00	-2.22E+00	-2.71E+00	-2.90E+00	-6.69E-01	-8.80E-01	-9.54E-01	-3.41E+00	4.54E-01	-1.49E+00	-1.61E+01	-7.35E-01	-1.46E+02	-1.46E+02	-1.46E+02	-1.80E+01	-1.80E+01	-1.80E+01	1.68E+01	-1.80E+01	1.68E+01	-1.80E+01	1.68E+01	-1.80E+01	1.68E+01	-1.80E+01	-1.80E+01	1.68E+01	1.68E+01	1.70E+01	-1.80E+01	
group_1731	1.45E-01	4.72E-10	7.55E-01	-6.74E-02	2.16E-01	1.49E+00	-1.52E+00	-1.08E+00	-1.14E+00	-1.96E+00	-2.31E+00	-2.77E+00	-2.90E+00	-6.78E-01	-8.82E-01	-9.78E-01	-3.43E+00	3.03E-01	-1.49E+00	-1.80E+01	-7.95E-01	-1.46E+02	-1.46E+02	-1.46E+02	-1.80E+01	-1.80E+01	-1.77E+01	1.68E+01	-1.80E+01	1.68E+01	-1.80E+01	1.68E+01	-1.80E+01	1.68E+01	-1.77E+01	-1.80E+01	1.68E+01	1.68E+01	1.68E+01	-1.80E+01	
group_1330	1.45E-01	4.72E-10	7.94E-01	-5.64E-02	2.15E-01	1.48E+00	-1.52E+00	-1.07E+00	-1.13E+00	-1.96E+00	-2.30E+00	-2.77E+00	-2.90E+00	-6.73E-01	-8.78E-01	-9.73E-01	-3.43E+00	3.08E-01	-1.48E+00	-1.88E+01	-7.91E-01	-1.46E+02	-1.46E+02	-1.46E+02	-1.80E+01	-1.80E+01	-1.77E+01	1.68E+01	-1.80E+01	1.68E+01	-1.80E+01	1.68E+01	-1.80E+01	1.68E+01	-1.77E+01	-1.80E+01	1.68E+01	1.68E+01	1.68E+01	-1.80E+01	
group_1090	1.45E-01	4.72E-10	7.55E-01	-6.74E-02	2.16E-01	1.49E+00	-1.52E+00	-1.08E+00	-1.14E+00	-1.96E+00	-2.31E+00	-2.77E+00	-2.90E+00	-6.78E-01	-8.82E-01	-9.78E-01	-3.43E+00	3.03E-01	-1.49E+00	-1.80E+01	-7.95E-01	-1.46E+02	-1.46E+02	-1.46E+02	-1.80E+01	-1.80E+01	-1.77E+01	1.68E+01	-1.80E+01	1.68E+01	-1.80E+01	1.68E+01	-1.80E+01	1.68E+01	-1.77E+01	-1.80E+01	1.68E+01	1.68E+01	1.68E+01	-1.80E+01	
group_2796	1.44E-01	4.02E-06	4.56E-01	-6.39E-01	8.85E-01	1.46E+00	-1.50E+00	-1.05E+00	-4.92E-01	-1.94E+00	-1.65E+00	-2.75E+00	-2.88E+00	-6.53E-01	-2.86E-01	-9.53E-01	-3.28E+00	3.28E-01	-8.24E-01	-1.60E+01	-7.70E-01	-1.46E+02	-1.46E+02	-1.46E+02	-5.58E+01	-1.79E+01	-5.58E+01	1.74E+01	-5.58E+01	1.74E+01	-5.58E+01	1.74E+01	-5.58E+01	1.74E+01	-5.58E+01	-5.58E+01	1.68E+01	1.68E+01	1.74E+01	-1.79E+01	
group_2765	1.44E-01	1.67E-02	4.43E-01	-1.39E-01	1.81E-01	1.48E+00	-1.52E+00	-1.04E+00	-1.11E+00	-1.95E+00	-2.28E+00	-2.69E+00	-2.85E+00	-6.60E-01	-8.68E-01	-9.18E-01	-3.43E+00	3.91E-01	-1.45E+00	-1.61E+01	-7.42E-01	-1.46E+02	-1.46E+02	-1.46E+02	-1.80E+01	-1.80E+01	-1.80E+01	1.68E+01	-1.80E+01	1.68E+01	-1.80E+01	1.69E+01	-1.80E+01	1.68E+01	-1.80E+01	-1.80E+01	1.68E+01	1.68E+01	1.68E+01	-1.80E+01	
group_784	1.43E-01	3.00E-03	2.72E-02	-2.24E-01	6.42E+00	1.49E+00	-1.52E+00	-1.03E+00	-1.11E+00	-1.95E+00	-2.27E+00	-2.62E+00	-2.78E+00	-7.02E-01	-8.92E-01	-9.80E-01	-3.10E+00	1.71E-01	-1.49E+00	-3.69E+00	-9.78E-01	-3.10E+00	-2.87E+00	-2.99E+00	-2.59E+00	-2.59E+00	-2.59E+00	-3.90E-01	-2.59E+00	-3.90E-01	-2.59E+00	-3.90E-01	-2.59E+00	-3.90E-01	-2.59E+00	-2.59E+00	-3.90E-01	-3.90E-01	-3.90E-01	-2.59E+00	matrix-inversion-error
group_982	1.42E-01	2.42E-03	2.92E-02	-2.17E-01	6.40E+00	1.49E+00	-1.52E+00	-1.03E+00	-1.11E+00	-1.95E+00	-2.26E+00	-2.63E+00	-2.78E+00	-7.02E-01	-9.17E-01	-9.81E-01	-3.10E+00	1.65E-01	-1.49E+00	-3.69E+00	-9.77E-01	-3.10E+00	-2.88E+00	-2.99E+00	-2.59E+00	-2.59E+00	-2.59E+00	-3.89E-01	-2.59E+00	-3.89E-01	-2.59E+00	-3.89E-01	-2.59E+00	-3.89E-01	-2.59E+00	-2.59E+00	-3.89E-01	-3.89E-01	-3.89E-01	-2.59E+00	matrix-inversion-error
group_235	1.42E-01	1.46E-06	2.39E-02	-2.35E-01	6.87E+00	1.46E+00	-1.45E+00	-9.54E-01	-1.12E+00	-1.92E+00	-2.27E+00	-2.61E+00	-2.78E+00	-6.77E-01	-7.54E-01	-1.01E+00	-3.05E+00	2.06E-01	-1.35E+00	-3.61E+00	-7.95E-01	-3.07E+00	-3.07E+00	-2.96E+00	-2.56E+00	-2.56E+00	-2.56E+00	-3.65E-01	-2.56E+00	-3.65E-01	-2.56E+00	-3.65E-01	-2.56E+00	-3.65E-01	-2.56E+00	-2.56E+00	-3.65E-01	-3.65E-01	-3.65E-01	-2.56E+00	matrix-inversion-error
group_1074	1.42E-01	1.07E-01	2.95E-03	6.71E-01	2.29E-01	1.46E+00	-1.51E+00	-1.29E+00	-1.45E+00	-1.95E+00	-2.91E+00	-2.74E+00	-2.92E+00	-6.47E-01	-9.96E-01	-9.47E-01	-3.40E+00	3.34E-01	-1.46E+00	-1.60E+01	-7.65E-01	-1.46E+02	-1.46E+02	-1.46E+02	-1.79E+01	-1.79E+01	-1.79E+01	1.68E+01	-1.79E+01	1.68E+01	-1.79E+01	1.68E+01	-1.79E+01	1.68E+01	-1.79E+01	-1.79E+01	1.68E+01	1.68E+01	1.68E+01	-1.79E+01	
group_24	1.41E-01	4.14E-03	6.45E-01	-1.11E-01	2.40E-01	1.46E+00	-1.43E+00	-1.05E+00	-1.11E+00	-1.94E+00	-2.28E+00	-2.75E+00	-2.88E+00	-5.68E-01	-8.58E-01	-8.84E-01	-3.41E+00	3.28E-01	-1.46E+00	-1.60E+01	-7.71E-01	-1.46E+02	-1.46E+02	-1.46E+02	-1.79E+01	-1.79E+01	-1.79E+01	1.68E+01	-1.79E+01	1.68E+01	-1.79E+01	1.68E+01	-1.79E+01	1.68E+01	-1.79E+01	-1.79E+01	1.68E+01	1.68E+01	1.68E+01	-1.79E+01	
group_1113	1.40E-01	1.98E-01	3.92E-02	4.31E-01	2.11E-01	1.45E+00	-1.50E+00	-1.19E+00	-1.33E+00	-1.94E+00	-2.27E+00	-2.74E+00	-3.29E+00	-6.36E-01	-9.61E-01	-9.36E-01	-3.45E+00	3.45E-01	-1.45E+00	-1.60E+01	-7.53E-01	-1.46E+02	-1.47E+02	-1.47E+02	-1.78E+01	-1.78E+01	-1.78E+01	1.68E+01	-1.78E+01	1.68E+01	-1.78E+01	1.68E+01	-1.91E+01	1.68E+01	-1.78E+01	-1.78E+01	1.68E+01	1.68E+01	1.68E+01	-1.78E+01	
group_764	1.40E-01	5.37E-03	5.58E-02	-1.44E-01	6.11E+00	1.48E+00	-1.51E+00	-1.06E+00	-1.13E+00	-1.94E+00	-2.27E+00	-2.66E+00	-2.75E+00	-7.04E-01	-9.11E-01	-1.03E+00	-3.09E+00	1.29E-01	-1.41E+00	-3.64E+00	-9.71E-01	-3.09E+00	-3.09E+00	-2.95E+00	-2.58E+00	-2.58E+00	-2.58E+00	-3.83E-01	-2.58E+00	-3.83E-01	-2.58E+00	-2.38E-01	-2.58E+00	-3.83E-01	-2.58E+00	-2.58E+00	-3.83E-01	-3.83E-01	-2.38E-01	-2.58E+00	matrix-inversion-error
xerC_5~~~xerC_4~~~xerC_2	1.40E-01	1.66E-06	1.44E-01	-3.15E-01	2.14E-01	1.58E+00	-1.61E+00	-1.17E+00	-1.23E+00	-2.05E+00	-2.40E+00	-2.86E+00	-2.99E+00	-7.65E-01	-9.32E-01	-1.07E+00	-3.21E+00	2.15E-01	-1.26E+00	-1.62E+01	-8.83E-01	-1.47E+02	-1.47E+02	-1.47E+02	-1.84E+01	-1.84E+01	-1.84E+01	1.67E+01	-1.84E+01	1.67E+01	-1.84E+01	1.67E+01	-1.67E+01	1.67E+01	-1.84E+01	-1.84E+01	1.67E+01	1.67E+01	1.67E+01	-1.84E+01	
group_2329	1.40E-01	1.66E-06	1.44E-01	-3.15E-01	2.14E-01	1.58E+00	-1.61E+00	-1.17E+00	-1.23E+00	-2.05E+00	-2.40E+00	-2.86E+00	-2.99E+00	-7.65E-01	-9.32E-01	-1.07E+00	-3.21E+00	2.15E-01	-1.26E+00	-1.62E+01	-8.83E-01	-1.47E+02	-1.47E+02	-1.47E+02	-1.84E+01	-1.84E+01	-1.84E+01	1.67E+01	-1.84E+01	1.67E+01	-1.84E+01	1.67E+01	-1.67E+01	1.67E+01	-1.84E+01	-1.84E+01	1.67E+01	1.67E+01	1.67E+01	-1.84E+01	
group_1640	1.40E-01	1.66E-06	1.44E-01	-3.15E-01	2.14E-01	1.58E+00	-1.61E+00	-1.17E+00	-1.23E+00	-2.05E+00	-2.40E+00	-2.86E+00	-2.99E+00	-7.65E-01	-9.32E-01	-1.07E+00	-3.21E+00	2.15E-01	-1.26E+00	-1.62E+01	-8.83E-01	-1.47E+02	-1.47E+02	-1.47E+02	-1.84E+01	-1.84E+01	-1.84E+01	1.67E+01	-1.84E+01	1.67E+01	-1.84E+01	1.67E+01	-1.67E+01	1.67E+01	-1.84E+01	-1.84E+01	1.67E+01	1.67E+01	1.67E+01	-1.84E+01	
group_501	1.40E-01	2.70E-03	2.22E-02	-2.53E-01	6.35E+00	1.49E+00	-1.52E+00	-1.03E+00	-1.11E+00	-1.96E+00	-2.27E+00	-2.61E+00	-2.78E+00	-7.05E-01	-9.23E-01	-9.77E-01	-3.10E+00	1.92E-01	-1.49E+00	-3.69E+00	-9.82E-01	-3.10E+00	-2.85E+00	-2.98E+00	-2.59E+00	-2.59E+00	-2.59E+00	-3.94E-01	-2.59E+00	-3.94E-01	-2.59E+00	-3.94E-01	-2.59E+00	-3.94E-01	-2.59E+00	-2.59E+00	-3.94E-01	-3.94E-01	-3.94E-01	-2.59E+00	matrix-inversion-error
group_1693	1.39E-01	1.01E-06	1.84E-01	-2.88E-01	2.16E-01	1.57E+00	-1.60E+00	-1.16E+00	-1.22E+00	-2.04E+00	-2.39E+00	-2.85E+00	-2.98E+00	-7.55E-01	-9.42E-01	-1.06E+00	-3.22E+00	2.26E-01	-1.28E+00	-1.62E+01	-8.73E-01	-1.47E+02	-1.47E+02	-1.47E+02	-1.83E+01	-1.83E+01	-1.83E+01	1.67E+01	-1.83E+01	1.67E+01	-1.83E+01	1.67E+01	-1.68E+01	1.67E+01	-1.83E+01	-1.83E+01	1.67E+01	1.67E+01	1.67E+01	-1.83E+01	
group_681	1.39E-01	3.63E-13	7.04E-04	-9.70E-01	2.90E-01	1.46E+00	-1.49E+00	-8.22E-01	-1.11E+00	-1.37E+00	-1.31E+00	-2.75E+00	-2.88E+00	2.87E-01	-8.57E-01	1.71E-02	-3.41E+00	3.28E-01	-1.46E+00	-1.51E+01	-7.70E-01	-1.46E+02	-1.46E+02	-1.46E+02	-1.79E+01	-1.76E+01	-1.79E+01	1.68E+01	-1.79E+01	1.68E+01	-1.79E+01	1.68E+01	-1.79E+01	1.68E+01	-1.76E+01	-1.79E+01	1.68E+01	1.68E+01	1.68E+01	-1.79E+01	
group_2522	1.38E-01	2.76E-01	2.69E-01	2.45E-01	2.24E-01	1.43E+00	-1.48E+00	-1.03E+00	-1.16E+00	-1.91E+00	-2.46E+00	-2.72E+00	-2.85E+00	-6.22E-01	-8.27E-01	-9.22E-01	-3.38E+00	3.26E-01	-1.43E+00	-1.60E+01	-7.40E-01	-1.47E+02	-1.47E+02	-1.47E+02	-1.77E+01	-1.87E+01	-1.77E+01	1.68E+01	-1.87E+01	1.68E+01	-1.87E+01	1.68E+01	-1.77E+01	1.68E+01	-1.77E+01	-1.87E+01	1.68E+01	1.68E+01	1.66E+01	-1.87E+01	
dnaG_1~~~dnaG_2	1.37E-01	4.88E-03	1.31E-01	3.89E-01	2.60E-01	1.45E+00	-1.49E+00	-1.31E+00	-1.14E+00	-1.94E+00	-2.28E+00	-3.07E+00	-2.87E+00	-6.43E-01	-8.48E-01	-9.43E-01	-3.45E+00	3.38E-01	-1.45E+00	-1.60E+01	-7.61E-01	-1.46E+02	-1.46E+02	-1.46E+02	-1.91E+01	-1.78E+01	-1.78E+01	1.68E+01	-1.78E+01	1.68E+01	-1.78E+01	1.68E+01	-1.78E+01	1.68E+01	-1.91E+01	-1.78E+01	1.68E+01	1.68E+01	1.68E+01	-1.78E+01	
group_569	1.37E-01	4.88E-03	5.72E-02	-1.46E-01	6.00E+00	1.48E+00	-1.51E+00	-1.07E+00	-1.13E+00	-1.94E+00	-2.27E+00	-2.65E+00	-2.76E+00	-7.04E-01	-9.11E-01	-1.03E+00	-3.09E+00	1.31E-01	-1.48E+00	-3.61E+00	-9.71E-01	-3.09E+00	-3.09E+00	-2.95E+00	-2.58E+00	-2.58E+00	-2.58E+00	-3.83E-01	-2.58E+00	-3.83E-01	-2.58E+00	-2.37E-01	-2.58E+00	-3.83E-01	-2.58E+00	-2.58E+00	-3.83E-01	-3.83E-01	-2.37E-01	-2.58E+00	matrix-inversion-error
group_520	1.37E-01	4.88E-03	5.91E-02	5.74E-01	3.05E-01	1.46E+00	-1.49E+00	-1.44E+00	-1.11E+00	-1.93E+00	-2.84E+00	-2.79E+00	-2.87E+00	-6.46E-01	-8.51E-01	-9.46E-01	-3.40E+00	2.66E-01	-1.46E+00	-1.60E+01	-7.64E-01	-1.46E+02	-1.46E+02	-1.46E+02	-1.96E+01	-1.79E+01	-1.79E+01	1.68E+01	-1.79E+01	1.68E+01	-1.79E+01	1.68E+01	-1.79E+01	1.68E+01	-1.96E+01	-1.79E+01	1.68E+01	1.68E+01	1.68E+01	-1.79E+01	
group_844	1.36E-01	8.16E-03	1.36E-01	3.34E-01	2.25E-01	1.46E+00	-1.51E+00	-1.19E+00	-1.26E+00	-1.94E+00	-2.60E+00	-2.75E+00	-2.88E+00	-6.52E-01	-8.94E-01	-9.52E-01	-3.41E+00	3.29E-01	-1.46E+00	-1.60E+01	-7.69E-01	-1.46E+02	-1.46E+02	-1.46E+02	-1.79E+01	-1.79E+01	-1.79E+01	1.68E+01	-1.79E+01	1.68E+01	-1.79E+01	1.68E+01	-1.79E+01	1.68E+01	-1.79E+01	-1.79E+01	1.68E+01	1.68E+01	1.68E+01	-1.79E+01	
group_542	1.36E-01	1.52E-01	6.39E-03	-3.44E-01	6.77E+00	1.49E+00	-1.46E+00	-9.43E-01	-1.15E+00	-1.96E+00	-2.29E+00	-2.72E+00	-2.87E+00	-7.03E-01	-7.18E-01	-9.55E-01	-3.07E+00	1.28E-01	-1.49E+00	-3.69E+00	-9.84E-01	-3.10E+00	-3.10E+00	-2.95E+00	-2.59E+00	-2.59E+00	-2.59E+00	-3.96E-01	-2.59E+00	-3.96E-01	-2.59E+00	-3.96E-01	-2.59E+00	-3.96E-01	-2.59E+00	-2.59E+00	-3.96E-01	-3.96E-01	-3.96E-01	-2.59E+00	matrix-inversion-error
group_843	1.35E-01	1.05E-02	1.20E-01	3.47E-01	2.25E-01	1.46E+00	-1.51E+00	-1.19E+00	-1.27E+00	-1.94E+00	-2.61E+00	-2.75E+00	-2.88E+00	-6.52E-01	-8.95E-01	-9.52E-01	-3.41E+00	3.29E-01	-1.46E+00	-1.60E+01	-7.69E-01	-1.46E+02	-1.46E+02	-1.46E+02	-1.79E+01	-1.79E+01	-1.79E+01	1.68E+01	-1.79E+01	1.68E+01	-1.79E+01	1.68E+01	-1.79E+01	1.68E+01	-1.79E+01	-1.79E+01	1.68E+01	1.68E+01	1.68E+01	-1.79E+01	
group_742	1.35E-01	1.05E-02	1.20E-01	3.47E-01	2.25E-01	1.46E+00	-1.51E+00	-1.19E+00	-1.27E+00	-1.94E+00	-2.61E+00	-2.75E+00	-2.88E+00	-6.52E-01	-8.95E-01	-9.52E-01	-3.41E+00	3.29E-01	-1.46E+00	-1.60E+01	-7.69E-01	-1.46E+02	-1.46E+02	-1.46E+02	-1.79E+01	-1.79E+01	-1.79E+01	1.68E+01	-1.79E+01	1.68E+01	-1.79E+01	1.68E+01	-1.79E+01	1.68E+01	-1.79E+01	-1.79E+01	1.68E+01	1.68E+01	1.68E+01	-1.79E+01	
group_298	1.35E-01	9.01E-04	7.31E-01	-6.27E-02	1.82E-01	1.47E+00	-1.50E+00	-1.04E+00	-1.11E+00	-1.94E+00	-2.25E+00	-2.75E+00	-2.85E+00	-6.55E-01	-8.47E-01	-9.57E-01	-3.41E+00	3.24E-01	-1.42E+00	-1.63E+01	-7.54E-01	-1.46E+02	-1.46E+02	-2.92E+02	-1.80E+01	-1.80E+01	-1.80E+01	1.68E+01	-1.80E+01	1.68E+01	-1.58E+01	1.69E+01	-1.80E+01	1.68E+01	-1.58E+01	-1.80E+01	1.68E+01	1.68E+01	1.68E+01	-1.80E+01	
group_2613	1.34E-01	6.20E-02	6.14E-01	-8.89E-02	1.76E-01	1.46E+00	-1.48E+00	-1.01E+00	-1.09E+00	-1.94E+00	-2.28E+00	-2.75E+00	-2.87E+00	-6.54E-01	-8.01E-01	-9.54E-01	-3.40E+00	3.27E-01	-1.46E+00	-1.60E+01	-7.72E-01	-1.46E+02	-1.46E+02	-1.46E+02	-1.79E+01	-1.79E+01	-1.79E+01	1.68E+01	-1.79E+01	1.68E+01	-1.79E+01	1.68E+01	-1.79E+01	1.68E+01	-1.79E+01	-1.79E+01	1.68E+01	1.68E+01	1.68E+01	-1.79E+01	
hipO	1.34E-01	1.10E-12	4.62E-01	3.64E-01	5.04E-01	1.46E+00	-1.50E+00	-1.08E+00	-1.12E+00	-2.30E+00	-2.63E+00	-2.75E+00	-2.88E+00	-6.52E-01	-8.57E-01	-9.52E-01	-3.77E+00	3.29E-01	-1.83E+00	-1.64E+01	-1.13E+00	-1.46E+02	-1.46E+02	-1.46E+02	-1.79E+01	-1.79E+01	-1.79E+01	1.68E+01	-1.89E+01	1.68E+01	-1.89E+01	1.64E+01	-1.79E+01	1.68E+01	-1.79E+01	-1.79E+01	1.64E+01	1.68E+01	1.68E+01	-1.79E+01	
group_530	1.33E-01	7.44E-04	1.22E-01	-2.90E-01	1.86E-01	1.50E+00	-1.53E+00	-1.03E+00	-1.11E+00	-1.97E+00	-2.29E+00	-2.62E+00	-2.81E+00	-6.78E-01	-8.95E-01	-9.16E-01	-3.45E+00	3.80E-01	-1.50E+00	-1.61E+01	-8.08E-01	-1.46E+02	-1.46E+02	-1.46E+02	-1.80E+01	-1.80E+01	-1.80E+01	1.68E+01	-1.80E+01	1.68E+01	-1.80E+01	1.68E+01	-1.80E+01	1.68E+01	-1.80E+01	-1.80E+01	1.68E+01	1.68E+01	1.68E+01	-1.80E+01	
group_2834	1.32E-01	5.03E-05	9.68E-01	-1.57E-02	3.94E-01	1.46E+00	-1.50E+00	-1.05E+00	-1.10E+00	-1.94E+00	-2.27E+00	-2.75E+00	-2.88E+00	-6.53E-01	-8.58E-01	-9.53E-01	-3.41E+00	3.32E-01	-1.46E+00	-1.60E+01	-7.71E-01	-1.46E+02	-1.46E+02	-1.46E+02	-1.79E+01	-1.79E+01	-1.79E+01	1.68E+01	-1.79E+01	1.68E+01	-1.79E+01	1.68E+01	-1.79E+01	1.68E+01	-1.79E+01	-1.79E+01	1.68E+01	1.68E+01	1.68E+01	-1.79E+01	
group_2074	1.32E-01	1.72E-03	9.74E-03	-4.58E-01	1.77E-01	1.49E+00	-1.39E+00	-8.73E-01	-1.10E+00	-1.93E+00	-2.30E+00	-2.77E+00	-2.89E+00	-6.74E-01	-5.49E-01	-9.75E-01	-3.38E+00	3.06E-01	-1.49E+00	-1.61E+01	-7.92E-01	-1.46E+02	-1.46E+02	-4.43E+01	-1.80E+01	-1.80E+01	-1.80E+01	1.68E+01	-1.80E+01	1.68E+01	-1.80E+01	1.68E+01	-1.80E+01	1.68E+01	-1.57E+01	-1.80E+01	1.68E+01	1.68E+01	1.68E+01	-1.80E+01	
group_1977	1.32E-01	3.81E-09	5.26E-02	-2.13E-01	6.59E+00	1.46E+00	-1.47E+00	-1.04E+00	-9.67E-01	-1.93E+00	-2.27E+00	-2.55E+00	-2.83E+00	-6.66E-01	-8.90E-01	-9.55E-01	-2.91E+00	5.82E-03	-1.35E+00	-3.66E+00	-9.50E-01	-2.97E+00	-3.07E+00	-2.86E+00	-2.56E+00	-2.56E+00	-2.56E+00	-1.49E-01	-2.35E+00	-3.62E-01	-2.56E+00	-1.49E-01	-2.56E+00	-1.49E-01	-2.35E+00	-2.56E+00	-3.62E-01	-3.62E-01	-3.62E-01	-2.56E+00	matrix-inversion-error
group_1384	1.32E-01	3.81E-09	5.26E-02	-2.13E-01	6.59E+00	1.46E+00	-1.47E+00	-1.04E+00	-9.67E-01	-1.93E+00	-2.27E+00	-2.55E+00	-2.83E+00	-6.66E-01	-8.90E-01	-9.55E-01	-2.91E+00	5.82E-03	-1.35E+00	-3.66E+00	-9.50E-01	-2.97E+00	-3.07E+00	-2.86E+00	-2.56E+00	-2.56E+00	-2.56E+00	-1.49E-01	-2.35E+00	-3.62E-01	-2.56E+00	-1.49E-01	-2.56E+00	-1.49E-01	-2.35E+00	-2.56E+00	-3.62E-01	-3.62E-01	-3.62E-01	-2.56E+00	matrix-inversion-error
lexA	1.32E-01	6.07E-03	1.66E-01	-2.57E-01	1.86E-01	1.47E+00	-1.42E+00	-9.16E-01	-1.12E+00	-1.94E+00	-2.26E+00	-2.75E+00	-2.87E+00	-6.13E-01	-7.06E-01	-9.55E-01	-3.38E+00	3.26E-01	-1.47E+00	-1.60E+01	-6.84E-01	-1.46E+02	-1.46E+02	-1.46E+02	-1.79E+01	-1.79E+01	-1.79E+01	1.68E+01	-1.79E+01	1.68E+01	-1.79E+01	1.68E+01	-1.79E+01	1.68E+01	-1.79E+01	-1.79E+01	1.68E+01	1.71E+01	1.68E+01	-1.79E+01	
group_1803	1.32E-01	6.07E-03	1.66E-01	-2.57E-01	1.86E-01	1.47E+00	-1.42E+00	-9.16E-01	-1.12E+00	-1.94E+00	-2.26E+00	-2.75E+00	-2.87E+00	-6.13E-01	-7.06E-01	-9.55E-01	-3.38E+00	3.26E-01	-1.47E+00	-1.60E+01	-6.84E-01	-1.46E+02	-1.46E+02	-1.46E+02	-1.79E+01	-1.79E+01	-1.79E+01	1.68E+01	-1.79E+01	1.68E+01	-1.79E+01	1.68E+01	-1.79E+01	1.68E+01	-1.79E+01	-1.79E+01	1.68E+01	1.71E+01	1.68E+01	-1.79E+01	
group_765	1.32E-01	6.83E-02	6.47E-01	-9.98E-02	2.17E-01	1.48E+00	-1.51E+00	-1.07E+00	-1.13E+00	-1.95E+00	-2.22E+00	-2.76E+00	-2.86E+00	-6.69E-01	-8.74E-01	-9.69E-01	-3.43E+00	3.26E-01	-1.48E+00	-1.61E+01	-7.87E-01	-1.46E+02	-1.46E+02	-1.46E+02	-1.79E+01	-1.79E+01	-1.79E+01	1.68E+01	-1.76E+01	1.68E+01	-1.76E+01	1.68E+01	-1.79E+01	1.68E+01	-1.79E+01	-1.79E+01	1.68E+01	1.68E+01	1.68E+01	-1.76E+01	
group_1229	1.31E-01	1.23E-02	9.88E-01	-2.76E-03	1.85E-01	1.46E+00	-1.50E+00	-1.05E+00	-1.11E+00	-1.94E+00	-2.28E+00	-2.75E+00	-2.88E+00	-6.53E-01	-8.58E-01	-9.53E-01	-3.41E+00	3.30E-01	-1.46E+00	-1.60E+01	-7.70E-01	-1.46E+02	-1.46E+02	-1.47E+02	-1.79E+01	-1.79E+01	-1.79E+01	1.68E+01	-1.79E+01	1.68E+01	-1.79E+01	1.68E+01	-1.79E+01	1.68E+01	-1.79E+01	-1.79E+01	1.68E+01	1.68E+01	1.68E+01	-1.78E+01	
group_2239	1.31E-01	3.49E-02	7.16E-02	-7.46E-01	4.28E-01	1.46E+00	-1.45E+00	-1.05E+00	-4.00E-01	-1.94E+00	-2.27E+00	-2.75E+00	-2.88E+00	9.34E-02	-1.11E-01	-2.07E-01	-2.78E+00	6.97E-01	-1.46E+00	-1.52E+01	-7.70E-01	-1.46E+02	-1.46E+02	-1.46E+02	-1.79E+01	-1.84E+01	-1.79E+01	1.76E+01	-1.84E+01	1.76E+01	-1.79E+01	1.68E+01	-1.84E+01	1.76E+01	-1.84E+01	-1.84E+01	1.68E+01	1.76E+01	1.76E+01	-1.79E+01	
group_2011	1.31E-01	3.49E-02	7.16E-02	-7.46E-01	4.28E-01	1.46E+00	-1.45E+00	-1.05E+00	-4.00E-01	-1.94E+00	-2.27E+00	-2.75E+00	-2.88E+00	9.34E-02	-1.11E-01	-2.07E-01	-2.78E+00	6.97E-01	-1.46E+00	-1.52E+01	-7.70E-01	-1.46E+02	-1.46E+02	-1.46E+02	-1.79E+01	-1.84E+01	-1.79E+01	1.76E+01	-1.84E+01	1.76E+01	-1.79E+01	1.68E+01	-1.84E+01	1.76E+01	-1.84E+01	-1.84E+01	1.68E+01	1.76E+01	1.76E+01	-1.79E+01	
group_2792	1.30E-01	3.47E-01	5.68E-02	-1.25E-01	6.13E+00	1.48E+00	-1.51E+00	-1.03E+00	-1.12E+00	-1.94E+00	-2.28E+00	-2.66E+00	-2.84E+00	-6.89E-01	-9.05E-01	-9.77E-01	-3.09E+00	9.69E-02	-1.38E+00	-3.67E+00	-9.65E-01	-3.09E+00	-2.96E+00	-3.02E+00	-2.57E+00	-2.57E+00	-2.57E+00	-3.77E-01	-2.57E+00	-3.77E-01	-2.57E+00	-3.77E-01	-2.57E+00	-3.77E-01	-2.57E+00	-2.57E+00	-3.77E-01	-3.77E-01	-3.77E-01	-2.57E+00	matrix-inversion-error
group_2150	1.30E-01	2.13E-02	1.83E-01	3.82E-01	2.94E-01	1.42E+00	-1.46E+00	-1.01E+00	-1.44E+00	-1.89E+00	-2.27E+00	-2.70E+00	-2.83E+00	-6.09E-01	-8.14E-01	-9.09E-01	-3.37E+00	3.23E-01	-1.42E+00	-1.60E+01	-7.27E-01	-1.47E+02	-1.47E+02	-1.47E+02	-1.77E+01	-1.92E+01	-1.77E+01	1.65E+01	-1.92E+01	1.65E+01	-1.77E+01	1.68E+01	-1.77E+01	1.65E+01	-1.77E+01	-1.92E+01	1.68E+01	1.68E+01	1.65E+01	-1.77E+01	
ermA1_2~~~ermA1~~~ermA1_1	1.30E-01	2.86E-05	1.97E-01	-2.75E-01	2.12E-01	1.48E+00	-1.51E+00	-1.02E+00	-1.03E+00	-1.91E+00	-2.04E+00	-2.76E+00	-2.89E+00	-6.68E-01	-8.39E-01	-9.68E-01	-3.42E+00	3.13E-01	-1.48E+00	-1.61E+01	-7.85E-01	-1.46E+02	-1.46E+02	-1.46E+02	-1.79E+01	-1.79E+01	-1.79E+01	1.71E+01	-1.79E+01	1.68E+01	-1.79E+01	1.68E+01	-1.79E+01	1.68E+01	-1.79E+01	-1.79E+01	1.68E+01	1.68E+01	1.68E+01	-1.79E+01	
pezA	1.30E-01	1.29E-02	5.30E-01	-1.30E-01	2.06E-01	1.48E+00	-1.51E+00	-1.03E+00	-1.11E+00	-1.95E+00	-2.29E+00	-2.66E+00	-2.89E+00	-6.67E-01	-8.64E-01	-9.67E-01	-3.39E+00	4.44E-01	-1.48E+00	-1.61E+01	-7.85E-01	-1.46E+02	-1.46E+02	-1.46E+02	-1.79E+01	-1.79E+01	-1.74E+01	1.68E+01	-1.74E+01	1.68E+01	-1.74E+01	1.68E+01	-1.79E+01	1.68E+01	-1.79E+01	-1.79E+01	1.68E+01	1.68E+01	1.68E+01	-1.79E+01	
pezT	1.30E-01	1.29E-02	5.30E-01	-1.30E-01	2.06E-01	1.48E+00	-1.51E+00	-1.03E+00	-1.11E+00	-1.95E+00	-2.29E+00	-2.66E+00	-2.89E+00	-6.67E-01	-8.64E-01	-9.67E-01	-3.39E+00	4.44E-01	-1.48E+00	-1.61E+01	-7.85E-01	-1.46E+02	-1.46E+02	-1.46E+02	-1.79E+01	-1.79E+01	-1.74E+01	1.68E+01	-1.74E+01	1.68E+01	-1.74E+01	1.68E+01	-1.79E+01	1.68E+01	-1.79E+01	-1.79E+01	1.68E+01	1.68E+01	1.68E+01	-1.79E+01	
group_1023	1.30E-01	4.32E-02	1.31E-01	-2.73E-01	1.80E-01	1.48E+00	-1.47E+00	-9.56E-01	-1.13E+00	-1.96E+00	-2.30E+00	-2.74E+00	-2.81E+00	-6.73E-01	-7.15E-01	-9.73E-01	-3.40E+00	4.31E-01	-1.48E+00	-1.61E+01	-7.91E-01	-1.46E+02	-1.46E+02	-1.46E+02	-1.80E+01	-1.80E+01	-1.80E+01	1.68E+01	-1.80E+01	1.68E+01	-1.80E+01	1.68E+01	-1.80E+01	1.68E+01	-1.80E+01	-1.80E+01	1.68E+01	1.68E+01	1.68E+01	-1.80E+01	
group_891	1.30E-01	1.29E-02	6.41E-01	-9.69E-02	2.07E-01	1.47E+00	-1.51E+00	-1.04E+00	-1.11E+00	-1.95E+00	-2.29E+00	-2.68E+00	-2.89E+00	-6.63E-01	-8.62E-01	-9.63E-01	-3.40E+00	4.15E-01	-1.47E+00	-1.61E+01	-7.81E-01	-1.46E+02	-1.46E+02	-1.46E+02	-1.79E+01	-1.79E+01	-1.76E+01	1.68E+01	-1.76E+01	1.68E+01	-1.76E+01	1.68E+01	-1.79E+01	1.68E+01	-1.76E+01	-1.79E+01	1.68E+01	1.68E+01	1.68E+01	-1.79E+01	
group_849	1.30E-01	3.47E-01	5.68E-02	-1.25E-01	6.13E+00	1.48E+00	-1.51E+00	-1.03E+00	-1.12E+00	-1.94E+00	-2.28E+00	-2.66E+00	-2.84E+00	-6.89E-01	-9.05E-01	-9.77E-01	-3.09E+00	9.69E-02	-1.38E+00	-3.67E+00	-9.65E-01	-3.09E+00	-2.96E+00	-3.02E+00	-2.57E+00	-2.57E+00	-2.57E+00	-3.77E-01	-2.57E+00	-3.77E-01	-2.57E+00	-3.77E-01	-2.57E+00	-3.77E-01	-2.57E+00	-2.57E+00	-3.77E-01	-3.77E-01	-3.77E-01	-2.57E+00	matrix-inversion-error
clpP_3~~~clpP_2~~~clpP_1	1.30E-01	3.47E-01	5.68E-02	-1.25E-01	6.13E+00	1.48E+00	-1.51E+00	-1.03E+00	-1.12E+00	-1.94E+00	-2.28E+00	-2.66E+00	-2.84E+00	-6.89E-01	-9.05E-01	-9.77E-01	-3.09E+00	9.69E-02	-1.38E+00	-3.67E+00	-9.65E-01	-3.09E+00	-2.96E+00	-3.02E+00	-2.57E+00	-2.57E+00	-2.57E+00	-3.77E-01	-2.57E+00	-3.77E-01	-2.57E+00	-3.77E-01	-2.57E+00	-3.77E-01	-2.57E+00	-2.57E+00	-3.77E-01	-3.77E-01	-3.77E-01	-2.57E+00	matrix-inversion-error
group_755	1.30E-01	3.47E-01	5.68E-02	-1.25E-01	6.13E+00	1.48E+00	-1.51E+00	-1.03E+00	-1.12E+00	-1.94E+00	-2.28E+00	-2.66E+00	-2.84E+00	-6.89E-01	-9.05E-01	-9.77E-01	-3.09E+00	9.69E-02	-1.38E+00	-3.67E+00	-9.65E-01	-3.09E+00	-2.96E+00	-3.02E+00	-2.57E+00	-2.57E+00	-2.57E+00	-3.77E-01	-2.57E+00	-3.77E-01	-2.57E+00	-3.77E-01	-2.57E+00	-3.77E-01	-2.57E+00	-2.57E+00	-3.77E-01	-3.77E-01	-3.77E-01	-2.57E+00	matrix-inversion-error
group_748	1.30E-01	3.47E-01	5.68E-02	-1.25E-01	6.13E+00	1.48E+00	-1.51E+00	-1.03E+00	-1.12E+00	-1.94E+00	-2.28E+00	-2.66E+00	-2.84E+00	-6.89E-01	-9.05E-01	-9.77E-01	-3.09E+00	9.69E-02	-1.38E+00	-3.67E+00	-9.65E-01	-3.09E+00	-2.96E+00	-3.02E+00	-2.57E+00	-2.57E+00	-2.57E+00	-3.77E-01	-2.57E+00	-3.77E-01	-2.57E+00	-3.77E-01	-2.57E+00	-3.77E-01	-2.57E+00	-2.57E+00	-3.77E-01	-3.77E-01	-3.77E-01	-2.57E+00	matrix-inversion-error
group_747	1.30E-01	3.47E-01	5.68E-02	-1.25E-01	6.13E+00	1.48E+00	-1.51E+00	-1.03E+00	-1.12E+00	-1.94E+00	-2.28E+00	-2.66E+00	-2.84E+00	-6.89E-01	-9.05E-01	-9.77E-01	-3.09E+00	9.69E-02	-1.38E+00	-3.67E+00	-9.65E-01	-3.09E+00	-2.96E+00	-3.02E+00	-2.57E+00	-2.57E+00	-2.57E+00	-3.77E-01	-2.57E+00	-3.77E-01	-2.57E+00	-3.77E-01	-2.57E+00	-3.77E-01	-2.57E+00	-2.57E+00	-3.77E-01	-3.77E-01	-3.77E-01	-2.57E+00	matrix-inversion-error
group_680	1.30E-01	3.47E-01	5.68E-02	-1.25E-01	6.13E+00	1.48E+00	-1.51E+00	-1.03E+00	-1.12E+00	-1.94E+00	-2.28E+00	-2.66E+00	-2.84E+00	-6.89E-01	-9.05E-01	-9.77E-01	-3.09E+00	9.69E-02	-1.38E+00	-3.67E+00	-9.65E-01	-3.09E+00	-2.96E+00	-3.02E+00	-2.57E+00	-2.57E+00	-2.57E+00	-3.77E-01	-2.57E+00	-3.77E-01	-2.57E+00	-3.77E-01	-2.57E+00	-3.77E-01	-2.57E+00	-2.57E+00	-3.77E-01	-3.77E-01	-3.77E-01	-2.57E+00	matrix-inversion-error
group_537	1.30E-01	3.47E-01	5.68E-02	-1.25E-01	6.13E+00	1.48E+00	-1.51E+00	-1.03E+00	-1.12E+00	-1.94E+00	-2.28E+00	-2.66E+00	-2.84E+00	-6.89E-01	-9.05E-01	-9.77E-01	-3.09E+00	9.69E-02	-1.38E+00	-3.67E+00	-9.65E-01	-3.09E+00	-2.96E+00	-3.02E+00	-2.57E+00	-2.57E+00	-2.57E+00	-3.77E-01	-2.57E+00	-3.77E-01	-2.57E+00	-3.77E-01	-2.57E+00	-3.77E-01	-2.57E+00	-2.57E+00	-3.77E-01	-3.77E-01	-3.77E-01	-2.57E+00	matrix-inversion-error
group_536	1.30E-01	3.47E-01	5.68E-02	-1.25E-01	6.13E+00	1.48E+00	-1.51E+00	-1.03E+00	-1.12E+00	-1.94E+00	-2.28E+00	-2.66E+00	-2.84E+00	-6.89E-01	-9.05E-01	-9.77E-01	-3.09E+00	9.69E-02	-1.38E+00	-3.67E+00	-9.65E-01	-3.09E+00	-2.96E+00	-3.02E+00	-2.57E+00	-2.57E+00	-2.57E+00	-3.77E-01	-2.57E+00	-3.77E-01	-2.57E+00	-3.77E-01	-2.57E+00	-3.77E-01	-2.57E+00	-2.57E+00	-3.77E-01	-3.77E-01	-3.77E-01	-2.57E+00	matrix-inversion-error
group_522	1.30E-01	3.47E-01	5.68E-02	-1.25E-01	6.13E+00	1.48E+00	-1.51E+00	-1.03E+00	-1.12E+00	-1.94E+00	-2.28E+00	-2.66E+00	-2.84E+00	-6.89E-01	-9.05E-01	-9.77E-01	-3.09E+00	9.69E-02	-1.38E+00	-3.67E+00	-9.65E-01	-3.09E+00	-2.96E+00	-3.02E+00	-2.57E+00	-2.57E+00	-2.57E+00	-3.77E-01	-2.57E+00	-3.77E-01	-2.57E+00	-3.77E-01	-2.57E+00	-3.77E-01	-2.57E+00	-2.57E+00	-3.77E-01	-3.77E-01	-3.77E-01	-2.57E+00	matrix-inversion-error
group_506	1.30E-01	3.47E-01	5.68E-02	-1.25E-01	6.13E+00	1.48E+00	-1.51E+00	-1.03E+00	-1.12E+00	-1.94E+00	-2.28E+00	-2.66E+00	-2.84E+00	-6.89E-01	-9.05E-01	-9.77E-01	-3.09E+00	9.69E-02	-1.38E+00	-3.67E+00	-9.65E-01	-3.09E+00	-2.96E+00	-3.02E+00	-2.57E+00	-2.57E+00	-2.57E+00	-3.77E-01	-2.57E+00	-3.77E-01	-2.57E+00	-3.77E-01	-2.57E+00	-3.77E-01	-2.57E+00	-2.57E+00	-3.77E-01	-3.77E-01	-3.77E-01	-2.57E+00	matrix-inversion-error
group_503	1.30E-01	3.47E-01	5.68E-02	-1.25E-01	6.13E+00	1.48E+00	-1.51E+00	-1.03E+00	-1.12E+00	-1.94E+00	-2.28E+00	-2.66E+00	-2.84E+00	-6.89E-01	-9.05E-01	-9.77E-01	-3.09E+00	9.69E-02	-1.38E+00	-3.67E+00	-9.65E-01	-3.09E+00	-2.96E+00	-3.02E+00	-2.57E+00	-2.57E+00	-2.57E+00	-3.77E-01	-2.57E+00	-3.77E-01	-2.57E+00	-3.77E-01	-2.57E+00	-3.77E-01	-2.57E+00	-2.57E+00	-3.77E-01	-3.77E-01	-3.77E-01	-2.57E+00	matrix-inversion-error
group_53	1.30E-01	2.13E-02	1.83E-01	3.82E-01	2.94E-01	1.42E+00	-1.46E+00	-1.01E+00	-1.44E+00	-1.89E+00	-2.27E+00	-2.70E+00	-2.83E+00	-6.09E-01	-8.14E-01	-9.09E-01	-3.37E+00	3.23E-01	-1.42E+00	-1.60E+01	-7.27E-01	-1.47E+02	-1.47E+02	-1.47E+02	-1.77E+01	-1.92E+01	-1.77E+01	1.65E+01	-1.92E+01	1.65E+01	-1.77E+01	1.68E+01	-1.77E+01	1.65E+01	-1.77E+01	-1.92E+01	1.68E+01	1.68E+01	1.65E+01	-1.77E+01	
pknD_1~~~pknD_2	1.28E-01	4.83E-11	4.62E-01	3.64E-01	5.04E-01	1.46E+00	-1.50E+00	-1.08E+00	-1.12E+00	-2.30E+00	-2.63E+00	-2.75E+00	-2.88E+00	-6.52E-01	-8.57E-01	-9.52E-01	-3.41E+00	3.29E-01	-1.83E+00	-1.64E+01	-1.13E+00	-1.46E+02	-1.46E+02	-1.46E+02	-1.79E+01	-1.79E+01	-1.79E+01	1.68E+01	-1.79E+01	1.68E+01	-1.88E+01	1.64E+01	-1.79E+01	1.68E+01	-1.79E+01	-1.79E+01	1.64E+01	1.68E+01	1.68E+01	-1.79E+01	
group_957	1.28E-01	2.62E-02	6.92E-01	-8.32E-02	2.09E-01	1.47E+00	-1.51E+00	-1.04E+00	-1.11E+00	-1.94E+00	-2.29E+00	-2.69E+00	-2.89E+00	-6.62E-01	-8.62E-01	-9.62E-01	-3.40E+00	4.02E-01	-1.47E+00	-1.61E+01	-7.79E-01	-1.46E+02	-1.46E+02	-1.46E+02	-1.79E+01	-1.79E+01	-1.76E+01	1.68E+01	-1.76E+01	1.68E+01	-1.76E+01	1.68E+01	-1.79E+01	1.68E+01	-1.79E+01	-1.79E+01	1.68E+01	1.68E+01	1.68E+01	-1.79E+01	
group_590	1.28E-01	6.68E-09	3.06E-02	8.71E-01	4.29E-01	1.46E+00	-1.50E+00	-1.11E+00	-1.12E+00	-2.76E+00	-3.10E+00	-2.74E+00	-2.90E+00	-6.48E-01	-9.42E-01	-9.48E-01	-4.01E+00	2.38E-01	-1.89E+00	-1.60E+01	-1.64E+00	-1.46E+02	-1.46E+02	-1.46E+02	-1.79E+01	-1.79E+01	-1.79E+01	1.68E+01	-2.08E+01	1.68E+01	-2.08E+01	1.68E+01	-2.08E+01	1.68E+01	-1.79E+01	-1.79E+01	1.59E+01	1.68E+01	1.68E+01	-1.79E+01	
group_74	1.28E-01	4.10E-01	6.35E-01	-9.39E-02	1.97E-01	1.48E+00	-1.51E+00	-1.04E+00	-1.12E+00	-1.95E+00	-2.29E+00	-2.71E+00	-2.89E+00	-6.58E-01	-8.70E-01	-9.30E-01	-3.42E+00	3.70E-01	-1.41E+00	-1.61E+01	-7.83E-01	-1.46E+02	-1.46E+02	-1.46E+02	-1.79E+01	-1.79E+01	-1.79E+01	1.68E+01	-1.79E+01	1.68E+01	-1.79E+01	1.68E+01	-1.79E+01	1.68E+01	-1.79E+01	-1.79E+01	1.68E+01	1.68E+01	1.68E+01	-1.79E+01	
group_272	1.27E-01	2.76E-02	8.97E-01	-2.77E-02	2.14E-01	1.47E+00	-1.50E+00	-1.05E+00	-1.11E+00	-1.94E+00	-2.29E+00	-2.73E+00	-2.88E+00	-6.56E-01	-8.59E-01	-9.56E-01	-3.41E+00	3.53E-01	-1.47E+00	-1.60E+01	-7.73E-01	-1.46E+02	-1.46E+02	-1.46E+02	-1.79E+01	-1.79E+01	-1.78E+01	1.68E+01	-1.78E+01	1.68E+01	-1.78E+01	1.68E+01	-1.79E+01	1.68E+01	-1.79E+01	-1.79E+01	1.68E+01	1.68E+01	1.68E+01	-1.79E+01	
group_2787	1.25E-01	1.93E-02	9.13E-01	2.34E-02	2.15E-01	1.46E+00	-1.51E+00	-1.05E+00	-1.11E+00	-1.94E+00	-2.28E+00	-2.75E+00	-2.88E+00	-6.76E-01	-8.59E-01	-9.70E-01	-3.41E+00	3.28E-01	-1.46E+00	-1.60E+01	-7.86E-01	-1.46E+02	-1.46E+02	-1.46E+02	-1.79E+01	-1.79E+01	-1.79E+01	1.68E+01	-1.79E+01	1.68E+01	-1.79E+01	1.68E+01	-1.79E+01	1.68E+01	-1.79E+01	-1.79E+01	1.68E+01	1.68E+01	1.68E+01	-1.79E+01	
group_2783	1.25E-01	6.15E-02	9.07E-01	-2.50E-02	2.14E-01	1.47E+00	-1.50E+00	-1.05E+00	-1.11E+00	-1.94E+00	-2.29E+00	-2.73E+00	-2.88E+00	-6.55E-01	-8.59E-01	-9.55E-01	-3.41E+00	3.50E-01	-1.47E+00	-1.60E+01	-7.73E-01	-1.46E+02	-1.46E+02	-1.46E+02	-1.79E+01	-1.79E+01	-1.78E+01	1.68E+01	-1.79E+01	1.68E+01	-1.78E+01	1.68E+01	-1.79E+01	1.68E+01	-1.79E+01	-1.79E+01	1.68E+01	1.68E+01	1.68E+01	-1.79E+01	
nisI	1.25E-01	6.15E-02	9.07E-01	-2.50E-02	2.14E-01	1.47E+00	-1.50E+00	-1.05E+00	-1.11E+00	-1.94E+00	-2.29E+00	-2.73E+00	-2.88E+00	-6.55E-01	-8.59E-01	-9.55E-01	-3.41E+00	3.50E-01	-1.47E+00	-1.60E+01	-7.73E-01	-1.46E+02	-1.46E+02	-1.46E+02	-1.79E+01	-1.79E+01	-1.78E+01	1.68E+01	-1.79E+01	1.68E+01	-1.78E+01	1.68E+01	-1.79E+01	1.68E+01	-1.79E+01	-1.79E+01	1.68E+01	1.68E+01	1.68E+01	-1.79E+01	
group_2632	1.25E-01	6.15E-02	9.07E-01	-2.50E-02	2.14E-01	1.47E+00	-1.50E+00	-1.05E+00	-1.11E+00	-1.94E+00	-2.29E+00	-2.73E+00	-2.88E+00	-6.55E-01	-8.59E-01	-9.55E-01	-3.41E+00	3.50E-01	-1.47E+00	-1.60E+01	-7.73E-01	-1.46E+02	-1.46E+02	-1.46E+02	-1.79E+01	-1.79E+01	-1.78E+01	1.68E+01	-1.79E+01	1.68E+01	-1.78E+01	1.68E+01	-1.79E+01	1.68E+01	-1.79E+01	-1.79E+01	1.68E+01	1.68E+01	1.68E+01	-1.79E+01	
group_2313	1.25E-01	6.15E-02	9.07E-01	-2.50E-02	2.14E-01	1.47E+00	-1.50E+00	-1.05E+00	-1.11E+00	-1.94E+00	-2.29E+00	-2.73E+00	-2.88E+00	-6.55E-01	-8.59E-01	-9.55E-01	-3.41E+00	3.50E-01	-1.47E+00	-1.60E+01	-7.73E-01	-1.46E+02	-1.46E+02	-1.46E+02	-1.79E+01	-1.79E+01	-1.78E+01	1.68E+01	-1.79E+01	1.68E+01	-1.78E+01	1.68E+01	-1.79E+01	1.68E+01	-1.79E+01	-1.79E+01	1.68E+01	1.68E+01	1.68E+01	-1.79E+01	
group_1870	1.25E-01	6.15E-02	9.07E-01	-2.50E-02	2.14E-01	1.47E+00	-1.50E+00	-1.05E+00	-1.11E+00	-1.94E+00	-2.29E+00	-2.73E+00	-2.88E+00	-6.55E-01	-8.59E-01	-9.55E-01	-3.41E+00	3.50E-01	-1.47E+00	-1.60E+01	-7.73E-01	-1.46E+02	-1.46E+02	-1.46E+02	-1.79E+01	-1.79E+01	-1.78E+01	1.68E+01	-1.79E+01	1.68E+01	-1.78E+01	1.68E+01	-1.79E+01	1.68E+01	-1.79E+01	-1.79E+01	1.68E+01	1.68E+01	1.68E+01	-1.79E+01	
creC	1.25E-01	6.15E-02	9.07E-01	-2.50E-02	2.14E-01	1.47E+00	-1.50E+00	-1.05E+00	-1.11E+00	-1.94E+00	-2.29E+00	-2.73E+00	-2.88E+00	-6.55E-01	-8.59E-01	-9.55E-01	-3.41E+00	3.50E-01	-1.47E+00	-1.60E+01	-7.73E-01	-1.46E+02	-1.46E+02	-1.46E+02	-1.79E+01	-1.79E+01	-1.78E+01	1.68E+01	-1.79E+01	1.68E+01	-1.78E+01	1.68E+01	-1.79E+01	1.68E+01	-1.79E+01	-1.79E+01	1.68E+01	1.68E+01	1.68E+01	-1.79E+01	
nisC	1.25E-01	6.15E-02	9.07E-01	-2.50E-02	2.14E-01	1.47E+00	-1.50E+00	-1.05E+00	-1.11E+00	-1.94E+00	-2.29E+00	-2.73E+00	-2.88E+00	-6.55E-01	-8.59E-01	-9.55E-01	-3.41E+00	3.50E-01	-1.47E+00	-1.60E+01	-7.73E-01	-1.46E+02	-1.46E+02	-1.46E+02	-1.79E+01	-1.79E+01	-1.78E+01	1.68E+01	-1.79E+01	1.68E+01	-1.78E+01	1.68E+01	-1.79E+01	1.68E+01	-1.79E+01	-1.79E+01	1.68E+01	1.68E+01	1.68E+01	-1.79E+01	
group_1858	1.25E-01	6.15E-02	9.07E-01	-2.50E-02	2.14E-01	1.47E+00	-1.50E+00	-1.05E+00	-1.11E+00	-1.94E+00	-2.29E+00	-2.73E+00	-2.88E+00	-6.55E-01	-8.59E-01	-9.55E-01	-3.41E+00	3.50E-01	-1.47E+00	-1.60E+01	-7.73E-01	-1.46E+02	-1.46E+02	-1.46E+02	-1.79E+01	-1.79E+01	-1.78E+01	1.68E+01	-1.79E+01	1.68E+01	-1.78E+01	1.68E+01	-1.79E+01	1.68E+01	-1.79E+01	-1.79E+01	1.68E+01	1.68E+01	1.68E+01	-1.79E+01	
group_1658	1.25E-01	6.15E-02	9.07E-01	-2.50E-02	2.14E-01	1.47E+00	-1.50E+00	-1.05E+00	-1.11E+00	-1.94E+00	-2.29E+00	-2.73E+00	-2.88E+00	-6.55E-01	-8.59E-01	-9.55E-01	-3.41E+00	3.50E-01	-1.47E+00	-1.60E+01	-7.73E-01	-1.46E+02	-1.46E+02	-1.46E+02	-1.79E+01	-1.79E+01	-1.78E+01	1.68E+01	-1.79E+01	1.68E+01	-1.78E+01	1.68E+01	-1.79E+01	1.68E+01	-1.79E+01	-1.79E+01	1.68E+01	1.68E+01	1.68E+01	-1.79E+01	
regX3	1.25E-01	6.15E-02	9.07E-01	-2.50E-02	2.14E-01	1.47E+00	-1.50E+00	-1.05E+00	-1.11E+00	-1.94E+00	-2.29E+00	-2.73E+00	-2.88E+00	-6.55E-01	-8.59E-01	-9.55E-01	-3.41E+00	3.50E-01	-1.47E+00	-1.60E+01	-7.73E-01	-1.46E+02	-1.46E+02	-1.46E+02	-1.79E+01	-1.79E+01	-1.78E+01	1.68E+01	-1.79E+01	1.68E+01	-1.78E+01	1.68E+01	-1.79E+01	1.68E+01	-1.79E+01	-1.79E+01	1.68E+01	1.68E+01	1.68E+01	-1.79E+01	
group_1046	1.25E-01	4.27E-02	9.56E-01	-1.19E-02	2.15E-01	1.46E+00	-1.50E+00	-1.05E+00	-1.11E+00	-1.94E+00	-2.28E+00	-2.74E+00	-2.88E+00	-6.54E-01	-8.58E-01	-9.54E-01	-3.41E+00	3.39E-01	-1.46E+00	-1.60E+01	-7.72E-01	-1.46E+02	-1.46E+02	-1.46E+02	-1.79E+01	-1.79E+01	-1.79E+01	1.68E+01	-1.79E+01	1.68E+01	-1.79E+01	1.68E+01	-1.79E+01	1.68E+01	-1.79E+01	-1.79E+01	1.68E+01	1.68E+01	1.68E+01	-1.79E+01	
group_270	1.25E-01	9.90E-01	4.33E-01	1.80E-01	2.32E-01	1.44E+00	-1.48E+00	-1.03E+00	-1.09E+00	-1.91E+00	-2.41E+00	-2.73E+00	-2.86E+00	-6.25E-01	-8.29E-01	-9.25E-01	-3.38E+00	3.32E-01	-1.44E+00	-1.60E+01	-7.42E-01	-1.46E+02	-1.46E+02	-1.46E+02	-1.78E+01	-1.78E+01	-1.78E+01	1.66E+01	-1.85E+01	1.68E+01	-1.78E+01	1.68E+01	-1.78E+01	1.68E+01	-1.78E+01	-1.78E+01	1.68E+01	1.68E+01	1.68E+01	-1.85E+01	
group_21	1.25E-01	6.15E-02	9.07E-01	-2.50E-02	2.14E-01	1.47E+00	-1.50E+00	-1.05E+00	-1.11E+00	-1.94E+00	-2.29E+00	-2.73E+00	-2.88E+00	-6.55E-01	-8.59E-01	-9.55E-01	-3.41E+00	3.50E-01	-1.47E+00	-1.60E+01	-7.73E-01	-1.46E+02	-1.46E+02	-1.46E+02	-1.79E+01	-1.79E+01	-1.78E+01	1.68E+01	-1.79E+01	1.68E+01	-1.78E+01	1.68E+01	-1.79E+01	1.68E+01	-1.79E+01	-1.79E+01	1.68E+01	1.68E+01	1.68E+01	-1.79E+01	
group_1132	1.25E-01	1.75E-05	5.68E-02	1.69E-01	5.87E+00	1.45E+00	-1.48E+00	-1.07E+00	-1.10E+00	-1.92E+00	-2.28E+00	-2.83E+00	-2.94E+00	-6.69E-01	-8.86E-01	-9.95E-01	-3.06E+00	1.96E-02	-1.45E+00	-3.69E+00	-9.36E-01	-3.06E+00	-3.06E+00	-3.14E+00	-2.55E+00	-2.55E+00	-2.55E+00	-3.48E-01	-2.55E+00	-3.48E-01	-2.55E+00	-5.17E-01	-2.55E+00	-3.48E-01	-2.55E+00	-2.55E+00	-3.48E-01	-3.48E-01	-3.48E-01	-2.55E+00	matrix-inversion-error
group_987	1.25E-01	3.62E-02	7.16E-01	7.84E-02	2.15E-01	1.46E+00	-1.54E+00	-1.05E+00	-1.11E+00	-1.94E+00	-2.29E+00	-2.75E+00	-2.88E+00	-7.31E-01	-8.62E-01	-1.01E+00	-3.41E+00	3.28E-01	-1.46E+00	-1.60E+01	-8.22E-01	-1.46E+02	-1.46E+02	-1.46E+02	-1.79E+01	-1.79E+01	-1.79E+01	1.68E+01	-1.79E+01	1.68E+01	-1.79E+01	1.68E+01	-1.79E+01	1.68E+01	-1.79E+01	-1.79E+01	1.68E+01	1.67E+01	1.68E+01	-1.81E+01	
lexA_2~~~lexA_1~~~lexA	1.24E-01	3.67E-01	7.27E-02	3.46E-01	1.93E-01	1.46E+00	-1.63E+00	-1.09E+00	-1.11E+00	-1.95E+00	-2.32E+00	-2.76E+00	-2.94E+00	-9.27E-01	-8.95E-01	-1.16E+00	-3.41E+00	3.87E-02	-1.63E+00	-1.88E+01	-9.95E-01	-1.46E+02	-1.46E+02	-1.46E+02	-1.79E+01	-1.79E+01	-1.79E+01	1.68E+01	-1.79E+01	1.68E+01	-1.79E+01	1.65E+01	-1.79E+01	1.68E+01	-1.79E+01	-1.79E+01	1.68E+01	1.68E+01	1.68E+01	-1.89E+01	
group_2339	1.23E-01	1.39E-02	1.48E-01	1.81E+00	6.75E+00	1.46E+00	-1.50E+00	-1.05E+00	-2.92E+00	-3.66E+00	-2.27E+00	-2.72E+00	-2.83E+00	-6.82E-01	-8.90E-01	-1.01E+00	-3.07E+00	6.17E-03	-1.46E+00	-3.66E+00	-9.49E-01	-3.07E+00	-3.07E+00	-3.07E+00	-2.56E+00	-2.56E+00	-2.56E+00	-2.17E+00	-2.56E+00	-2.17E+00	-2.56E+00	-3.62E-01	-2.56E+00	-3.62E-01	-2.56E+00	-2.56E+00	-3.62E-01	-2.17E+00	-3.62E-01	-2.56E+00	high-bse
group_850	1.23E-01	6.98E-02	1.09E-01	3.80E-01	2.39E-01	1.44E+00	-1.47E+00	-1.29E+00	-1.10E+00	-1.92E+00	-2.29E+00	-2.75E+00	-2.85E+00	-6.26E-01	-8.52E-01	-9.27E-01	-3.49E+00	3.50E-02	-1.44E+00	-1.60E+01	-7.44E-01	-1.46E+02	-1.46E+02	-1.46E+02	-1.91E+01	-1.78E+01	-1.91E+01	1.68E+01	-1.91E+01	1.68E+01	-1.91E+01	1.68E+01	-1.78E+01	1.68E+01	-1.78E+01	-1.78E+01	1.68E+01	1.68E+01	1.68E+01	-1.78E+01	
group_2473	1.22E-01	8.38E-11	2.20E-01	6.90E-01	5.90E-01	1.46E+00	-1.50E+00	-1.10E+00	-1.11E+00	-2.62E+00	-2.95E+00	-2.75E+00	-2.88E+00	-6.52E-01	-8.57E-01	-9.52E-01	-3.41E+00	3.29E-01	-1.46E+00	-1.68E+01	-1.46E+00	-1.46E+02	-1.46E+02	-1.46E+02	-1.79E+01	-1.79E+01	-1.79E+01	1.68E+01	-1.79E+01	1.68E+01	-1.79E+01	1.68E+01	-1.79E+01	1.68E+01	-1.79E+01	-1.79E+01	1.61E+01	1.68E+01	1.68E+01	-1.79E+01	
group_1277	1.22E-01	2.58E-02	3.62E-01	2.83E-01	3.17E-01	1.43E+00	-1.47E+00	-1.02E+00	-1.35E+00	-1.91E+00	-2.25E+00	-2.72E+00	-2.85E+00	-6.21E-01	-8.25E-01	-9.21E-01	-3.38E+00	3.23E-01	-1.43E+00	-1.60E+01	-7.38E-01	-1.47E+02	-1.47E+02	-1.47E+02	-1.77E+01	-1.89E+01	-1.77E+01	1.68E+01	-1.89E+01	1.65E+01	-1.77E+01	1.68E+01	-1.77E+01	1.65E+01	-1.77E+01	-1.89E+01	1.68E+01	1.68E+01	1.65E+01	-1.77E+01	
group_708	1.22E-01	1.74E-07	7.70E-01	6.45E-02	2.22E-01	1.46E+00	-1.50E+00	-1.06E+00	-1.11E+00	-1.94E+00	-2.32E+00	-2.78E+00	-2.90E+00	-6.52E-01	-8.58E-01	-9.65E-01	-3.41E+00	3.14E-01	-1.46E+00	-1.80E+01	-7.88E-01	-1.46E+02	-1.46E+02	-1.46E+02	-1.79E+01	-1.79E+01	-1.79E+01	1.68E+01	-1.79E+01	1.68E+01	-1.79E+01	1.67E+01	-1.79E+01	1.68E+01	-1.79E+01	-1.79E+01	1.68E+01	1.68E+01	1.68E+01	-1.79E+01	
group_205	1.22E-01	5.01E-04	4.71E-01	-1.55E-01	2.14E-01	1.48E+00	-1.51E+00	-1.07E+00	-1.13E+00	-1.95E+00	-2.29E+00	-2.67E+00	-2.79E+00	-6.72E-01	-8.59E-01	-9.73E-01	-3.43E+00	3.77E-01	-1.48E+00	-1.61E+01	-7.90E-01	-1.46E+02	-1.46E+02	-1.46E+02	-1.80E+01	-1.80E+01	-1.80E+01	1.68E+01	-1.80E+01	1.68E+01	-1.80E+01	1.69E+01	-1.80E+01	1.68E+01	-1.80E+01	-1.80E+01	1.68E+01	1.68E+01	1.68E+01	-1.80E+01	
group_571	1.21E-01	8.30E-01	6.73E-01	9.69E-02	2.31E-01	1.45E+00	-1.49E+00	-1.04E+00	-1.10E+00	-1.92E+00	-2.35E+00	-2.74E+00	-2.87E+00	-6.37E-01	-8.42E-01	-9.38E-01	-3.39E+00	3.30E-01	-1.45E+00	-1.60E+01	-7.55E-01	-1.46E+02	-1.46E+02	-1.46E+02	-1.78E+01	-1.78E+01	-1.78E+01	1.68E+01	-1.82E+01	1.68E+01	-1.78E+01	1.68E+01	-1.78E+01	1.68E+01	-1.78E+01	-1.78E+01	1.68E+01	1.68E+01	1.68E+01	-1.82E+01	
group_425	1.21E-01	4.96E-02	7.26E-01	7.65E-02	2.18E-01	1.46E+00	-1.54E+00	-1.05E+00	-1.11E+00	-1.94E+00	-2.29E+00	-2.75E+00	-2.88E+00	-7.29E-01	-8.62E-01	-1.01E+00	-3.41E+00	3.28E-01	-1.46E+00	-1.60E+01	-8.21E-01	-1.46E+02	-1.46E+02	-1.46E+02	-1.79E+01	-1.79E+01	-1.79E+01	1.68E+01	-1.79E+01	1.68E+01	-1.79E+01	1.68E+01	-1.79E+01	1.68E+01	-1.79E+01	-1.79E+01	1.68E+01	1.67E+01	1.68E+01	-1.81E+01	
group_2706	1.21E-01	1.87E-02	6.35E-01	1.07E-01	2.25E-01	1.46E+00	-1.56E+00	-1.06E+00	-1.11E+00	-1.94E+00	-2.28E+00	-2.75E+00	-2.88E+00	-6.52E-01	-8.56E-01	-9.52E-01	-3.41E+00	3.29E-01	-1.46E+00	-1.60E+01	-7.69E-01	-1.46E+02	-1.46E+02	-1.46E+02	-1.79E+01	-1.79E+01	-1.79E+01	1.68E+01	-1.79E+01	1.68E+01	-1.79E+01	1.68E+01	-1.79E+01	1.68E+01	-1.79E+01	-1.79E+01	1.68E+01	1.68E+01	1.68E+01	-1.79E+01	
dinB_2	1.21E-01	1.87E-02	6.35E-01	1.07E-01	2.25E-01	1.46E+00	-1.56E+00	-1.06E+00	-1.11E+00	-1.94E+00	-2.28E+00	-2.75E+00	-2.88E+00	-6.52E-01	-8.56E-01	-9.52E-01	-3.41E+00	3.29E-01	-1.46E+00	-1.60E+01	-7.69E-01	-1.46E+02	-1.46E+02	-1.46E+02	-1.79E+01	-1.79E+01	-1.79E+01	1.68E+01	-1.79E+01	1.68E+01	-1.79E+01	1.68E+01	-1.79E+01	1.68E+01	-1.79E+01	-1.79E+01	1.68E+01	1.68E+01	1.68E+01	-1.79E+01	
group_516	1.21E-01	1.87E-02	6.35E-01	1.07E-01	2.25E-01	1.46E+00	-1.56E+00	-1.06E+00	-1.11E+00	-1.94E+00	-2.28E+00	-2.75E+00	-2.88E+00	-6.52E-01	-8.56E-01	-9.52E-01	-3.41E+00	3.29E-01	-1.46E+00	-1.60E+01	-7.69E-01	-1.46E+02	-1.46E+02	-1.46E+02	-1.79E+01	-1.79E+01	-1.79E+01	1.68E+01	-1.79E+01	1.68E+01	-1.79E+01	1.68E+01	-1.79E+01	1.68E+01	-1.79E+01	-1.79E+01	1.68E+01	1.68E+01	1.68E+01	-1.79E+01	
group_1150	1.20E-01	1.28E-03	3.75E-02	-1.91E-01	6.45E+00	1.46E+00	-1.46E+00	-9.68E-01	-1.11E+00	-1.93E+00	-2.26E+00	-2.71E+00	-2.77E+00	-6.84E-01	-7.79E-01	-1.01E+00	-3.05E+00	1.14E-01	-1.37E+00	-3.61E+00	-9.51E-01	-3.07E+00	-3.07E+00	-2.98E+00	-2.56E+00	-2.56E+00	-2.56E+00	-3.63E-01	-2.56E+00	-3.63E-01	-2.37E+00	-1.73E-01	-2.56E+00	-3.63E-01	-2.56E+00	-2.56E+00	-3.63E-01	-3.63E-01	-1.73E-01	-2.56E+00	matrix-inversion-error
group_813	1.20E-01	4.02E-04	3.98E-01	-2.06E-01	2.43E-01	1.47E+00	-1.50E+00	-1.06E+00	-9.89E-01	-1.95E+00	-2.13E+00	-2.75E+00	-2.88E+00	-6.61E-01	-8.66E-01	-9.62E-01	-3.42E+00	3.81E-01	-1.47E+00	-1.61E+01	-7.79E-01	-1.46E+02	-1.46E+02	-1.46E+02	-1.79E+01	-1.79E+01	-1.79E+01	1.68E+01	-1.71E+01	1.68E+01	-1.79E+01	1.68E+01	-1.79E+01	1.70E+01	-1.79E+01	-1.79E+01	1.68E+01	1.68E+01	1.68E+01	-1.71E+01	
group_753	1.20E-01	3.73E-03	8.25E-03	8.09E-01	3.08E-01	1.46E+00	-1.50E+00	-1.52E+00	-1.11E+00	-1.95E+00	-3.08E+00	-2.81E+00	-2.88E+00	-6.53E-01	-8.57E-01	-9.53E-01	-3.41E+00	3.28E-01	-1.46E+00	-1.60E+01	-7.70E-01	-1.46E+02	-1.46E+02	-1.46E+02	-2.01E+01	-1.79E+01	-1.79E+01	1.68E+01	-1.79E+01	1.68E+01	-1.79E+01	1.68E+01	-1.79E+01	1.68E+01	-2.01E+01	-1.79E+01	1.68E+01	1.68E+01	1.68E+01	-1.79E+01	
group_1476	1.19E-01	6.42E-02	7.11E-01	8.08E-02	2.18E-01	1.46E+00	-1.54E+00	-1.05E+00	-1.11E+00	-1.94E+00	-2.29E+00	-2.75E+00	-2.88E+00	-7.33E-01	-8.67E-01	-1.01E+00	-3.41E+00	3.28E-01	-1.46E+00	-1.60E+01	-8.24E-01	-1.46E+02	-1.46E+02	-1.46E+02	-1.79E+01	-1.79E+01	-1.79E+01	1.68E+01	-1.79E+01	1.68E+01	-1.79E+01	1.68E+01	-1.79E+01	1.68E+01	-1.79E+01	-1.79E+01	1.68E+01	1.67E+01	1.68E+01	-1.81E+01	
ulaC_2~~~licR_2	1.19E-01	2.50E-02	7.16E-02	-7.46E-01	4.28E-01	1.46E+00	-1.45E+00	-1.05E+00	-4.00E-01	-1.94E+00	-2.27E+00	-2.75E+00	-2.88E+00	9.34E-02	-8.57E-01	-2.07E-01	-2.78E+00	6.97E-01	-1.46E+00	-1.52E+01	-7.70E-01	-1.46E+02	-1.46E+02	-1.46E+02	-1.79E+01	-1.78E+01	-1.79E+01	1.76E+01	-1.78E+01	1.76E+01	-1.79E+01	1.68E+01	-1.79E+01	1.76E+01	-1.78E+01	-1.78E+01	1.68E+01	1.76E+01	1.76E+01	-1.79E+01	
galM	1.19E-01	2.50E-02	7.16E-02	-7.46E-01	4.28E-01	1.46E+00	-1.45E+00	-1.05E+00	-4.00E-01	-1.94E+00	-2.27E+00	-2.75E+00	-2.88E+00	9.34E-02	-8.57E-01	-2.07E-01	-2.78E+00	6.97E-01	-1.46E+00	-1.52E+01	-7.70E-01	-1.46E+02	-1.46E+02	-1.46E+02	-1.79E+01	-1.78E+01	-1.79E+01	1.76E+01	-1.78E+01	1.76E+01	-1.79E+01	1.68E+01	-1.79E+01	1.76E+01	-1.78E+01	-1.78E+01	1.68E+01	1.76E+01	1.76E+01	-1.79E+01	
galT	1.19E-01	2.50E-02	7.16E-02	-7.46E-01	4.28E-01	1.46E+00	-1.45E+00	-1.05E+00	-4.00E-01	-1.94E+00	-2.27E+00	-2.75E+00	-2.88E+00	9.34E-02	-8.57E-01	-2.07E-01	-2.78E+00	6.97E-01	-1.46E+00	-1.52E+01	-7.70E-01	-1.46E+02	-1.46E+02	-1.46E+02	-1.79E+01	-1.78E+01	-1.79E+01	1.76E+01	-1.78E+01	1.76E+01	-1.79E+01	1.68E+01	-1.79E+01	1.76E+01	-1.78E+01	-1.78E+01	1.68E+01	1.76E+01	1.76E+01	-1.79E+01	
group_480	1.19E-01	3.75E-02	5.45E-02	1.64E-01	5.86E+00	1.44E+00	-1.48E+00	-1.06E+00	-1.10E+00	-1.92E+00	-2.36E+00	-2.77E+00	-2.83E+00	-6.74E-01	-8.74E-01	-1.03E+00	-3.07E+00	-1.20E-01	-1.44E+00	-3.64E+00	-9.89E-01	-3.05E+00	-3.05E+00	-3.14E+00	-2.54E+00	-2.54E+00	-2.54E+00	-3.46E-01	-2.54E+00	-3.46E-01	-2.54E+00	-5.11E-01	-2.54E+00	-3.46E-01	-2.54E+00	-2.54E+00	-3.46E-01	-3.46E-01	-3.46E-01	-2.54E+00	matrix-inversion-error
galE_2~~~galE_1	1.19E-01	2.50E-02	7.16E-02	-7.46E-01	4.28E-01	1.46E+00	-1.45E+00	-1.05E+00	-4.00E-01	-1.94E+00	-2.27E+00	-2.75E+00	-2.88E+00	9.34E-02	-8.57E-01	-2.07E-01	-2.78E+00	6.97E-01	-1.46E+00	-1.52E+01	-7.70E-01	-1.46E+02	-1.46E+02	-1.46E+02	-1.79E+01	-1.78E+01	-1.79E+01	1.76E+01	-1.78E+01	1.76E+01	-1.79E+01	1.68E+01	-1.79E+01	1.76E+01	-1.78E+01	-1.78E+01	1.68E+01	1.76E+01	1.76E+01	-1.79E+01	
yesO	1.18E-01	3.15E-02	1.25E-01	-6.18E-01	4.13E-01	1.46E+00	-1.46E+00	-1.05E+00	-5.29E-01	-1.94E+00	-2.27E+00	-2.75E+00	-2.88E+00	-3.44E-02	-8.57E-01	-3.35E-01	-2.89E+00	6.27E-01	-1.46E+00	-1.54E+01	-7.70E-01	-1.46E+02	-1.46E+02	-1.46E+02	-1.79E+01	-2.54E+01	-1.79E+01	1.74E+01	-2.54E+01	1.74E+01	-1.79E+01	1.68E+01	-1.79E+01	1.74E+01	-2.54E+01	-2.54E+01	1.68E+01	1.74E+01	1.74E+01	-1.79E+01	
group_2379	1.18E-01	3.15E-02	1.25E-01	-6.18E-01	4.13E-01	1.46E+00	-1.46E+00	-1.05E+00	-5.29E-01	-1.94E+00	-2.27E+00	-2.75E+00	-2.88E+00	-3.44E-02	-8.57E-01	-3.35E-01	-2.89E+00	6.27E-01	-1.46E+00	-1.54E+01	-7.70E-01	-1.46E+02	-1.46E+02	-1.46E+02	-1.79E+01	-2.54E+01	-1.79E+01	1.74E+01	-2.54E+01	1.74E+01	-1.79E+01	1.68E+01	-1.79E+01	1.74E+01	-2.54E+01	-2.54E+01	1.68E+01	1.74E+01	1.74E+01	-1.79E+01	
gatC_4~~~gatC_2	1.18E-01	3.15E-02	1.25E-01	-6.18E-01	4.13E-01	1.46E+00	-1.46E+00	-1.05E+00	-5.29E-01	-1.94E+00	-2.27E+00	-2.75E+00	-2.88E+00	-3.44E-02	-8.57E-01	-3.35E-01	-2.89E+00	6.27E-01	-1.46E+00	-1.54E+01	-7.70E-01	-1.46E+02	-1.46E+02	-1.46E+02	-1.79E+01	-2.54E+01	-1.79E+01	1.74E+01	-2.54E+01	1.74E+01	-1.79E+01	1.68E+01	-1.79E+01	1.74E+01	-2.54E+01	-2.54E+01	1.68E+01	1.74E+01	1.74E+01	-1.79E+01	
rhaD	1.18E-01	3.15E-02	1.25E-01	-6.18E-01	4.13E-01	1.46E+00	-1.46E+00	-1.05E+00	-5.29E-01	-1.94E+00	-2.27E+00	-2.75E+00	-2.88E+00	-3.44E-02	-8.57E-01	-3.35E-01	-2.89E+00	6.27E-01	-1.46E+00	-1.54E+01	-7.70E-01	-1.46E+02	-1.46E+02	-1.46E+02	-1.79E+01	-2.54E+01	-1.79E+01	1.74E+01	-2.54E+01	1.74E+01	-1.79E+01	1.68E+01	-1.79E+01	1.74E+01	-2.54E+01	-2.54E+01	1.68E+01	1.74E+01	1.74E+01	-1.79E+01	
melD	1.18E-01	3.15E-02	1.25E-01	-6.18E-01	4.13E-01	1.46E+00	-1.46E+00	-1.05E+00	-5.29E-01	-1.94E+00	-2.27E+00	-2.75E+00	-2.88E+00	-3.44E-02	-8.57E-01	-3.35E-01	-2.89E+00	6.27E-01	-1.46E+00	-1.54E+01	-7.70E-01	-1.46E+02	-1.46E+02	-1.46E+02	-1.79E+01	-2.54E+01	-1.79E+01	1.74E+01	-2.54E+01	1.74E+01	-1.79E+01	1.68E+01	-1.79E+01	1.74E+01	-2.54E+01	-2.54E+01	1.68E+01	1.74E+01	1.74E+01	-1.79E+01	
agaA_1~~~agaA_2	1.18E-01	3.15E-02	1.25E-01	-6.18E-01	4.13E-01	1.46E+00	-1.46E+00	-1.05E+00	-5.29E-01	-1.94E+00	-2.27E+00	-2.75E+00	-2.88E+00	-3.44E-02	-8.57E-01	-3.35E-01	-2.89E+00	6.27E-01	-1.46E+00	-1.54E+01	-7.70E-01	-1.46E+02	-1.46E+02	-1.46E+02	-1.79E+01	-2.54E+01	-1.79E+01	1.74E+01	-2.54E+01	1.74E+01	-1.79E+01	1.68E+01	-1.79E+01	1.74E+01	-2.54E+01	-2.54E+01	1.68E+01	1.74E+01	1.74E+01	-1.79E+01	
ngcG~~~araQ_1	1.18E-01	3.15E-02	1.25E-01	-6.18E-01	4.13E-01	1.46E+00	-1.46E+00	-1.05E+00	-5.29E-01	-1.94E+00	-2.27E+00	-2.75E+00	-2.88E+00	-3.44E-02	-8.57E-01	-3.35E-01	-2.89E+00	6.27E-01	-1.46E+00	-1.54E+01	-7.70E-01	-1.46E+02	-1.46E+02	-1.46E+02	-1.79E+01	-2.54E+01	-1.79E+01	1.74E+01	-2.54E+01	1.74E+01	-1.79E+01	1.68E+01	-1.79E+01	1.74E+01	-2.54E+01	-2.54E+01	1.68E+01	1.74E+01	1.74E+01	-1.79E+01	
rhaR_1~~~rhaS_2~~~rhaS_1	1.18E-01	3.15E-02	1.25E-01	-6.18E-01	4.13E-01	1.46E+00	-1.46E+00	-1.05E+00	-5.29E-01	-1.94E+00	-2.27E+00	-2.75E+00	-2.88E+00	-3.44E-02	-8.57E-01	-3.35E-01	-2.89E+00	6.27E-01	-1.46E+00	-1.54E+01	-7.70E-01	-1.46E+02	-1.46E+02	-1.46E+02	-1.79E+01	-2.54E+01	-1.79E+01	1.74E+01	-2.54E+01	1.74E+01	-1.79E+01	1.68E+01	-1.79E+01	1.74E+01	-2.54E+01	-2.54E+01	1.68E+01	1.74E+01	1.74E+01	-1.79E+01	
group_2031	1.18E-01	3.15E-02	3.92E-01	1.97E-01	2.31E-01	1.46E+00	-1.62E+00	-1.06E+00	-1.11E+00	-1.94E+00	-2.28E+00	-2.75E+00	-2.88E+00	-6.51E-01	-8.56E-01	-9.51E-01	-3.41E+00	3.30E-01	-1.46E+00	-1.60E+01	-7.69E-01	-1.46E+02	-1.46E+02	-1.46E+02	-1.79E+01	-1.79E+01	-1.79E+01	1.68E+01	-1.79E+01	1.68E+01	-1.79E+01	1.68E+01	-1.79E+01	1.68E+01	-1.79E+01	-1.79E+01	1.68E+01	1.68E+01	1.68E+01	-1.79E+01	
group_1616	1.18E-01	3.15E-02	1.25E-01	-6.18E-01	4.13E-01	1.46E+00	-1.46E+00	-1.05E+00	-5.29E-01	-1.94E+00	-2.27E+00	-2.75E+00	-2.88E+00	-3.44E-02	-8.57E-01	-3.35E-01	-2.89E+00	6.27E-01	-1.46E+00	-1.54E+01	-7.70E-01	-1.46E+02	-1.46E+02	-1.46E+02	-1.79E+01	-2.54E+01	-1.79E+01	1.74E+01	-2.54E+01	1.74E+01	-1.79E+01	1.68E+01	-1.79E+01	1.74E+01	-2.54E+01	-2.54E+01	1.68E+01	1.74E+01	1.74E+01	-1.79E+01	
gatA_3~~~gatA_2	1.18E-01	3.15E-02	1.25E-01	-6.18E-01	4.13E-01	1.46E+00	-1.46E+00	-1.05E+00	-5.29E-01	-1.94E+00	-2.27E+00	-2.75E+00	-2.88E+00	-3.44E-02	-8.57E-01	-3.35E-01	-2.89E+00	6.27E-01	-1.46E+00	-1.54E+01	-7.70E-01	-1.46E+02	-1.46E+02	-1.46E+02	-1.79E+01	-2.54E+01	-1.79E+01	1.74E+01	-2.54E+01	1.74E+01	-1.79E+01	1.68E+01	-1.79E+01	1.74E+01	-2.54E+01	-2.54E+01	1.68E+01	1.74E+01	1.74E+01	-1.79E+01	
galK_1~~~galK_2	1.18E-01	3.15E-02	1.25E-01	-6.18E-01	4.13E-01	1.46E+00	-1.46E+00	-1.05E+00	-5.29E-01	-1.94E+00	-2.27E+00	-2.75E+00	-2.88E+00	-3.44E-02	-8.57E-01	-3.35E-01	-2.89E+00	6.27E-01	-1.46E+00	-1.54E+01	-7.70E-01	-1.46E+02	-1.46E+02	-1.46E+02	-1.79E+01	-2.54E+01	-1.79E+01	1.74E+01	-2.54E+01	1.74E+01	-1.79E+01	1.68E+01	-1.79E+01	1.74E+01	-2.54E+01	-2.54E+01	1.68E+01	1.74E+01	1.74E+01	-1.79E+01	
gatA_1	1.18E-01	3.15E-02	1.25E-01	-6.18E-01	4.13E-01	1.46E+00	-1.46E+00	-1.05E+00	-5.29E-01	-1.94E+00	-2.27E+00	-2.75E+00	-2.88E+00	-3.44E-02	-8.57E-01	-3.35E-01	-2.89E+00	6.27E-01	-1.46E+00	-1.54E+01	-7.70E-01	-1.46E+02	-1.46E+02	-1.46E+02	-1.79E+01	-2.54E+01	-1.79E+01	1.74E+01	-2.54E+01	1.74E+01	-1.79E+01	1.68E+01	-1.79E+01	1.74E+01	-2.54E+01	-2.54E+01	1.68E+01	1.74E+01	1.74E+01	-1.79E+01	
gatC_4	1.18E-01	3.15E-02	1.25E-01	-6.18E-01	4.13E-01	1.46E+00	-1.46E+00	-1.05E+00	-5.29E-01	-1.94E+00	-2.27E+00	-2.75E+00	-2.88E+00	-3.44E-02	-8.57E-01	-3.35E-01	-2.89E+00	6.27E-01	-1.46E+00	-1.54E+01	-7.70E-01	-1.46E+02	-1.46E+02	-1.46E+02	-1.79E+01	-2.54E+01	-1.79E+01	1.74E+01	-2.54E+01	1.74E+01	-1.79E+01	1.68E+01	-1.79E+01	1.74E+01	-2.54E+01	-2.54E+01	1.68E+01	1.74E+01	1.74E+01	-1.79E+01	
group_455	1.17E-01	7.08E-02	9.56E-01	-1.22E-02	2.21E-01	1.46E+00	-1.50E+00	-1.05E+00	-1.11E+00	-1.94E+00	-2.28E+00	-2.74E+00	-2.88E+00	-6.54E-01	-8.59E-01	-9.54E-01	-3.41E+00	3.37E-01	-1.46E+00	-1.60E+01	-7.72E-01	-1.46E+02	-1.46E+02	-1.46E+02	-1.79E+01	-1.79E+01	-1.79E+01	1.68E+01	-1.79E+01	1.68E+01	-1.79E+01	1.68E+01	-1.79E+01	1.68E+01	-1.79E+01	-1.79E+01	1.68E+01	1.68E+01	1.68E+01	-1.79E+01	
group_171	1.17E-01	7.08E-02	9.56E-01	-1.22E-02	2.21E-01	1.46E+00	-1.50E+00	-1.05E+00	-1.11E+00	-1.94E+00	-2.28E+00	-2.74E+00	-2.88E+00	-6.54E-01	-8.59E-01	-9.54E-01	-3.41E+00	3.37E-01	-1.46E+00	-1.60E+01	-7.72E-01	-1.46E+02	-1.46E+02	-1.46E+02	-1.79E+01	-1.79E+01	-1.79E+01	1.68E+01	-1.79E+01	1.68E+01	-1.79E+01	1.68E+01	-1.79E+01	1.68E+01	-1.79E+01	-1.79E+01	1.68E+01	1.68E+01	1.68E+01	-1.79E+01	
group_2808	1.16E-01	6.81E-05	3.48E-01	-2.09E-01	2.22E-01	1.49E+00	-1.52E+00	-1.07E+00	-1.14E+00	-1.95E+00	-2.29E+00	-2.65E+00	-2.76E+00	-6.69E-01	-8.82E-01	-9.78E-01	-3.43E+00	3.97E-01	-1.49E+00	-1.61E+01	-7.24E-01	-1.46E+02	-1.46E+02	-1.46E+02	-1.80E+01	-1.80E+01	-1.80E+01	1.68E+01	-1.80E+01	1.68E+01	-1.80E+01	1.68E+01	-1.80E+01	1.68E+01	-1.80E+01	-1.80E+01	1.68E+01	1.68E+01	1.70E+01	-1.80E+01	
group_2800	1.16E-01	7.87E-06	8.82E-02	-4.43E-01	2.60E-01	1.47E+00	-1.50E+00	-8.82E-01	-1.10E+00	-1.51E+00	-2.23E+00	-2.75E+00	-2.87E+00	-6.57E-01	-8.07E-01	-9.57E-01	-3.37E+00	3.96E-01	-1.25E+00	-1.60E+01	-3.32E-01	-1.46E+02	-1.46E+02	-1.46E+02	-1.79E+01	-1.79E+01	-1.79E+01	1.68E+01	-1.57E+01	1.68E+01	-1.57E+01	1.68E+01	-1.79E+01	1.68E+01	-1.79E+01	-1.79E+01	1.72E+01	1.68E+01	1.68E+01	-1.79E+01	
group_2215	1.16E-01	1.30E-07	3.70E-02	-2.35E-01	5.73E+00	1.48E+00	-1.49E+00	-1.06E+00	-1.13E+00	-1.94E+00	-2.27E+00	-2.60E+00	-2.69E+00	-6.92E-01	-8.95E-01	-9.98E-01	-3.09E+00	-1.30E-02	-1.42E+00	-3.68E+00	-9.69E-01	-3.09E+00	-3.09E+00	-2.98E+00	-2.58E+00	-2.58E+00	-2.58E+00	-3.81E-01	-2.58E+00	-3.81E-01	-2.58E+00	-3.81E-01	-2.58E+00	-3.81E-01	-2.58E+00	-2.58E+00	-3.81E-01	-3.81E-01	-3.81E-01	-2.58E+00	matrix-inversion-error
group_645	1.16E-01	8.64E-02	9.57E-01	1.19E-02	2.23E-01	1.46E+00	-1.50E+00	-1.05E+00	-1.11E+00	-1.94E+00	-2.28E+00	-2.76E+00	-2.88E+00	-6.51E-01	-8.56E-01	-9.52E-01	-3.41E+00	3.19E-01	-1.46E+00	-1.60E+01	-7.69E-01	-1.46E+02	-1.46E+02	-1.46E+02	-1.79E+01	-1.79E+01	-1.79E+01	1.68E+01	-1.79E+01	1.68E+01	-1.79E+01	1.68E+01	-1.79E+01	1.68E+01	-1.79E+01	-1.79E+01	1.68E+01	1.68E+01	1.68E+01	-1.79E+01	
group_2564	1.16E-01	9.41E-03	8.06E-01	-5.54E-02	2.25E-01	1.46E+00	-1.47E+00	-1.05E+00	-1.11E+00	-1.94E+00	-2.28E+00	-2.75E+00	-2.88E+00	-6.32E-01	-8.58E-01	-9.18E-01	-3.41E+00	3.28E-01	-1.46E+00	-1.60E+01	-7.71E-01	-1.46E+02	-1.46E+02	-1.46E+02	-1.79E+01	-1.79E+01	-1.79E+01	1.68E+01	-1.79E+01	1.68E+01	-1.79E+01	1.68E+01	-1.79E+01	1.68E+01	-1.79E+01	-1.79E+01	1.68E+01	1.69E+01	1.68E+01	-1.77E+01	
group_1201	1.16E-01	3.49E-02	1.18E-02	-3.43E-01	6.07E+00	1.49E+00	-1.53E+00	-9.85E-01	-1.11E+00	-1.92E+00	-2.21E+00	-2.73E+00	-2.84E+00	-7.14E-01	-5.98E-01	-1.04E+00	-2.94E+00	7.96E-02	-1.49E+00	-3.69E+00	-9.81E-01	-3.10E+00	-2.94E+00	-2.76E+00	-2.59E+00	-2.59E+00	-2.59E+00	-3.93E-01	-2.59E+00	-3.93E-01	-2.59E+00	-3.93E-01	-2.59E+00	-3.93E-01	-2.59E+00	-2.59E+00	-3.93E-01	-3.93E-01	-3.93E-01	-2.25E+00	matrix-inversion-error
group_1146	1.16E-01	1.49E-02	4.93E-04	-1.13E+00	3.30E-01	1.46E+00	-1.50E+00	-5.55E-01	-1.53E-02	-1.94E+00	-2.28E+00	-2.75E+00	-2.88E+00	-6.53E-01	-8.57E-01	-9.53E-01	-3.41E+00	3.28E-01	-1.46E+00	-1.60E+01	-7.70E-01	-1.45E+02	-1.45E+02	-1.45E+02	-1.79E+01	-1.44E+01	-1.79E+01	1.79E+01	-1.79E+01	1.68E+01	-1.79E+01	1.68E+01	-1.79E+01	1.79E+01	-1.79E+01	-1.44E+01	1.68E+01	1.68E+01	1.79E+01	-1.79E+01	
xerC_6~~~xerC_1~~~IntTn_2~~~IntTn_1	1.16E-01	1.49E-02	4.93E-04	-1.13E+00	3.30E-01	1.46E+00	-1.50E+00	-5.55E-01	-1.53E-02	-1.94E+00	-2.28E+00	-2.75E+00	-2.88E+00	-6.53E-01	-8.57E-01	-9.53E-01	-3.41E+00	3.28E-01	-1.46E+00	-1.60E+01	-7.70E-01	-1.45E+02	-1.45E+02	-1.45E+02	-1.79E+01	-1.44E+01	-1.79E+01	1.79E+01	-1.79E+01	1.68E+01	-1.79E+01	1.68E+01	-1.79E+01	1.79E+01	-1.79E+01	-1.44E+01	1.68E+01	1.68E+01	1.79E+01	-1.79E+01	
group_928	1.16E-01	2.50E-06	1.54E-01	-2.80E-01	1.96E-01	1.46E+00	-1.45E+00	-9.42E-01	-1.11E+00	-1.94E+00	-2.28E+00	-2.61E+00	-2.88E+00	-6.42E-01	-6.91E-01	-8.82E-01	-3.38E+00	3.27E-01	-1.46E+00	-2.36E+01	-7.71E-01	-1.46E+02	-1.46E+02	-1.46E+02	-1.79E+01	-1.79E+01	-1.79E+01	1.68E+01	-1.79E+01	1.68E+01	-1.79E+01	1.68E+01	-1.79E+01	1.68E+01	-1.79E+01	-1.79E+01	1.68E+01	1.68E+01	1.68E+01	-1.79E+01	
group_1108	1.15E-01	6.36E-02	1.51E-01	3.16E-01	2.22E-01	1.45E+00	-1.50E+00	-1.15E+00	-1.18E+00	-1.94E+00	-2.27E+00	-2.74E+00	-3.18E+00	-6.40E-01	-8.98E-01	-9.40E-01	-3.40E+00	3.41E-01	-1.45E+00	-1.60E+01	-7.58E-01	-1.46E+02	-1.47E+02	-1.47E+02	-1.78E+01	-1.78E+01	-1.78E+01	1.68E+01	-1.78E+01	1.68E+01	-1.78E+01	1.68E+01	-1.88E+01	1.68E+01	-1.78E+01	-1.78E+01	1.68E+01	1.68E+01	1.68E+01	-1.78E+01	
group_901	1.15E-01	3.79E-06	1.54E-01	-2.80E-01	1.96E-01	1.46E+00	-1.45E+00	-9.42E-01	-1.11E+00	-1.94E+00	-2.28E+00	-2.61E+00	-2.88E+00	-6.42E-01	-6.91E-01	-8.82E-01	-3.38E+00	3.27E-01	-1.46E+00	-1.60E+01	-7.71E-01	-1.46E+02	-1.46E+02	-1.46E+02	-1.79E+01	-1.79E+01	-1.79E+01	1.68E+01	-1.79E+01	1.68E+01	-1.79E+01	1.68E+01	-1.79E+01	1.68E+01	-1.79E+01	-1.79E+01	1.68E+01	1.68E+01	1.68E+01	-1.79E+01	
group_770	1.15E-01	6.36E-02	4.83E-02	-1.44E-01	6.42E+00	1.46E+00	-1.46E+00	-9.95E-01	-1.11E+00	-1.93E+00	-2.26E+00	-2.73E+00	-2.82E+00	-6.85E-01	-8.08E-01	-1.01E+00	-3.05E+00	8.52E-02	-1.43E+00	-3.62E+00	-9.52E-01	-3.07E+00	-3.07E+00	-3.00E+00	-2.56E+00	-2.56E+00	-2.56E+00	-3.64E-01	-2.56E+00	-3.64E-01	-2.56E+00	-3.64E-01	-2.56E+00	-3.64E-01	-2.56E+00	-2.56E+00	-3.64E-01	-3.64E-01	-2.21E-01	-2.56E+00	matrix-inversion-error
group_790	1.14E-01	1.57E-02	6.00E-04	-1.11E+00	3.30E-01	1.46E+00	-1.50E+00	-5.77E-01	-2.94E-02	-1.94E+00	-2.28E+00	-2.75E+00	-2.88E+00	-6.53E-01	-8.57E-01	-9.53E-01	-3.41E+00	3.28E-01	-1.46E+00	-1.60E+01	-7.70E-01	-1.45E+02	-1.45E+02	-1.45E+02	-1.79E+01	-1.47E+01	-1.79E+01	1.79E+01	-1.79E+01	1.68E+01	-1.79E+01	1.68E+01	-1.79E+01	1.79E+01	-1.79E+01	-1.47E+01	1.68E+01	1.68E+01	1.79E+01	-1.79E+01	
group_463	1.14E-01	1.57E-02	6.00E-04	-1.11E+00	3.30E-01	1.46E+00	-1.50E+00	-5.77E-01	-2.94E-02	-1.94E+00	-2.28E+00	-2.75E+00	-2.88E+00	-6.53E-01	-8.57E-01	-9.53E-01	-3.41E+00	3.28E-01	-1.46E+00	-1.60E+01	-7.70E-01	-1.45E+02	-1.45E+02	-1.45E+02	-1.79E+01	-1.47E+01	-1.79E+01	1.79E+01	-1.79E+01	1.68E+01	-1.79E+01	1.68E+01	-1.79E+01	1.79E+01	-1.79E+01	-1.47E+01	1.68E+01	1.68E+01	1.79E+01	-1.79E+01	
soj	1.14E-01	3.67E-02	8.12E-01	-5.24E-02	2.20E-01	1.47E+00	-1.50E+00	-1.05E+00	-1.11E+00	-1.94E+00	-2.29E+00	-2.71E+00	-2.88E+00	-6.58E-01	-8.63E-01	-9.58E-01	-3.41E+00	3.46E-01	-1.47E+00	-1.61E+01	-7.76E-01	-1.46E+02	-1.46E+02	-1.46E+02	-1.79E+01	-1.79E+01	-1.77E+01	1.68E+01	-1.79E+01	1.68E+01	-1.79E+01	1.68E+01	-1.79E+01	1.68E+01	-1.79E+01	-1.79E+01	1.68E+01	1.68E+01	1.68E+01	-1.79E+01	
group_2204	1.14E-01	1.77E-06	1.31E-01	-2.98E-01	1.98E-01	1.46E+00	-1.44E+00	-9.34E-01	-1.11E+00	-1.94E+00	-2.28E+00	-2.60E+00	-2.88E+00	-6.41E-01	-6.79E-01	-8.76E-01	-3.38E+00	3.28E-01	-1.46E+00	-1.60E+01	-7.70E-01	-1.46E+02	-1.46E+02	-1.46E+02	-1.79E+01	-1.79E+01	-1.79E+01	1.68E+01	-1.79E+01	1.68E+01	-1.79E+01	1.68E+01	-1.79E+01	1.68E+01	-1.79E+01	-1.79E+01	1.68E+01	1.68E+01	1.68E+01	-1.79E+01	
group_648	1.14E-01	2.01E-02	1.34E-03	-1.03E+00	3.26E-01	1.46E+00	-1.50E+00	-6.15E-01	-1.22E-01	-1.94E+00	-2.28E+00	-2.75E+00	-2.88E+00	-6.53E-01	-8.57E-01	-9.53E-01	-3.41E+00	3.28E-01	-1.46E+00	-1.60E+01	-7.70E-01	-1.45E+02	-1.45E+02	-1.45E+02	-1.79E+01	-1.59E+01	-1.79E+01	1.78E+01	-1.79E+01	1.68E+01	-1.79E+01	1.68E+01	-1.79E+01	1.78E+01	-1.79E+01	-1.59E+01	1.68E+01	1.68E+01	1.78E+01	-1.79E+01	
group_647	1.14E-01	1.29E-02	4.19E-04	-1.13E+00	3.28E-01	1.46E+00	-1.50E+00	-5.67E-01	-1.77E-02	-1.94E+00	-2.28E+00	-2.75E+00	-2.88E+00	-6.53E-01	-8.57E-01	-9.53E-01	-3.41E+00	3.28E-01	-1.46E+00	-1.60E+01	-7.70E-01	-1.45E+02	-1.45E+02	-1.45E+02	-1.79E+01	-1.42E+01	-1.79E+01	1.79E+01	-1.79E+01	1.68E+01	-1.79E+01	1.68E+01	-1.79E+01	1.79E+01	-1.79E+01	-1.42E+01	1.68E+01	1.68E+01	1.79E+01	-1.79E+01	
group_1321	1.13E-01	1.15E-01	1.78E-02	-3.08E-01	5.98E+00	1.49E+00	-1.52E+00	-9.95E-01	-1.11E+00	-1.92E+00	-2.22E+00	-2.73E+00	-2.84E+00	-7.11E-01	-6.10E-01	-1.04E+00	-2.95E+00	1.60E-01	-1.49E+00	-3.69E+00	-9.78E-01	-3.10E+00	-2.95E+00	-2.79E+00	-2.59E+00	-2.59E+00	-2.59E+00	-3.90E-01	-2.59E+00	-3.90E-01	-2.59E+00	-3.90E-01	-2.59E+00	-3.90E-01	-2.59E+00	-2.59E+00	-3.90E-01	-3.90E-01	-3.90E-01	-2.59E+00	matrix-inversion-error
group_50	1.13E-01	1.15E-01	1.78E-02	-3.08E-01	5.98E+00	1.49E+00	-1.52E+00	-9.95E-01	-1.11E+00	-1.92E+00	-2.22E+00	-2.73E+00	-2.84E+00	-7.11E-01	-6.10E-01	-1.04E+00	-2.95E+00	1.60E-01	-1.49E+00	-3.69E+00	-9.78E-01	-3.10E+00	-2.95E+00	-2.79E+00	-2.59E+00	-2.59E+00	-2.59E+00	-3.90E-01	-2.59E+00	-3.90E-01	-2.59E+00	-3.90E-01	-2.59E+00	-3.90E-01	-2.59E+00	-2.59E+00	-3.90E-01	-3.90E-01	-3.90E-01	-2.59E+00	matrix-inversion-error
group_1103	1.12E-01	1.54E-04	8.78E-01	3.86E-02	2.51E-01	1.46E+00	-1.50E+00	-1.07E+00	-1.12E+00	-1.94E+00	-2.28E+00	-2.78E+00	-2.88E+00	-6.52E-01	-8.56E-01	-9.52E-01	-3.41E+00	3.29E-01	-1.46E+00	-1.60E+01	-7.69E-01	-1.46E+02	-1.46E+02	-1.46E+02	-1.81E+01	-1.79E+01	-1.79E+01	1.68E+01	-1.81E+01	1.68E+01	-1.79E+01	1.68E+01	-1.79E+01	1.68E+01	-1.79E+01	-1.79E+01	1.68E+01	1.68E+01	1.68E+01	-1.79E+01	
group_560	1.12E-01	9.97E-02	1.58E-02	-3.19E-01	5.96E+00	1.49E+00	-1.52E+00	-9.93E-01	-1.11E+00	-1.93E+00	-2.22E+00	-2.73E+00	-2.84E+00	-7.12E-01	-6.18E-01	-1.04E+00	-2.95E+00	1.66E-01	-1.49E+00	-3.69E+00	-9.79E-01	-3.10E+00	-2.95E+00	-2.78E+00	-2.59E+00	-2.59E+00	-2.59E+00	-3.91E-01	-2.59E+00	-3.91E-01	-2.59E+00	-3.91E-01	-2.59E+00	-3.91E-01	-2.59E+00	-2.59E+00	-3.91E-01	-3.91E-01	-3.91E-01	-2.59E+00	matrix-inversion-error
group_49	1.12E-01	8.59E-02	1.40E-02	-3.31E-01	5.95E+00	1.49E+00	-1.52E+00	-9.91E-01	-1.11E+00	-1.93E+00	-2.22E+00	-2.73E+00	-2.84E+00	-7.13E-01	-6.27E-01	-1.04E+00	-2.94E+00	1.72E-01	-1.49E+00	-3.69E+00	-9.80E-01	-3.10E+00	-2.95E+00	-2.77E+00	-2.59E+00	-2.59E+00	-2.59E+00	-3.92E-01	-2.59E+00	-3.92E-01	-2.59E+00	-3.92E-01	-2.59E+00	-3.92E-01	-2.59E+00	-2.59E+00	-3.92E-01	-3.92E-01	-3.92E-01	-2.59E+00	matrix-inversion-error
group_712	1.11E-01	7.37E-02	1.35E-02	-3.42E-01	5.92E+00	1.49E+00	-1.53E+00	-9.93E-01	-1.11E+00	-1.92E+00	-2.21E+00	-2.73E+00	-2.84E+00	-7.14E-01	-5.79E-01	-1.04E+00	-2.94E+00	1.79E-01	-1.49E+00	-3.69E+00	-9.80E-01	-3.10E+00	-2.94E+00	-2.76E+00	-2.59E+00	-2.59E+00	-2.59E+00	-3.93E-01	-2.59E+00	-3.93E-01	-2.59E+00	-3.93E-01	-2.59E+00	-3.93E-01	-2.59E+00	-2.59E+00	-3.93E-01	-3.93E-01	-3.93E-01	-2.59E+00	matrix-inversion-error
group_300	1.11E-01	1.43E-02	5.00E-01	-1.50E-01	2.22E-01	1.48E+00	-1.52E+00	-1.04E+00	-1.11E+00	-1.95E+00	-2.30E+00	-2.65E+00	-2.89E+00	-6.69E-01	-8.65E-01	-9.70E-01	-3.39E+00	3.34E-01	-1.48E+00	-1.61E+01	-7.87E-01	-1.46E+02	-1.46E+02	-1.46E+02	-1.79E+01	-1.79E+01	-1.79E+01	1.68E+01	-1.79E+01	1.68E+01	-1.73E+01	1.68E+01	-1.79E+01	1.68E+01	-1.79E+01	-1.79E+01	1.68E+01	1.68E+01	1.68E+01	-1.79E+01	
xerC_5~~~xerC_7	1.11E-01	8.92E-01	4.07E-01	-1.66E-01	1.99E-01	1.48E+00	-1.52E+00	-1.04E+00	-1.11E+00	-1.96E+00	-2.30E+00	-2.71E+00	-2.90E+00	-6.67E-01	-8.79E-01	-9.53E-01	-3.43E+00	4.51E-01	-1.48E+00	-1.61E+01	-7.35E-01	-1.46E+02	-1.46E+02	-1.46E+02	-1.80E+01	-1.80E+01	-1.80E+01	1.68E+01	-1.80E+01	1.68E+01	-1.80E+01	1.68E+01	-1.80E+01	1.68E+01	-1.80E+01	-1.80E+01	1.68E+01	1.68E+01	1.69E+01	-1.80E+01	
group_129	1.11E-01	1.43E-02	5.00E-01	-1.50E-01	2.22E-01	1.48E+00	-1.52E+00	-1.04E+00	-1.11E+00	-1.95E+00	-2.30E+00	-2.65E+00	-2.89E+00	-6.69E-01	-8.65E-01	-9.70E-01	-3.39E+00	3.34E-01	-1.48E+00	-1.61E+01	-7.87E-01	-1.46E+02	-1.46E+02	-1.46E+02	-1.79E+01	-1.79E+01	-1.79E+01	1.68E+01	-1.79E+01	1.68E+01	-1.73E+01	1.68E+01	-1.79E+01	1.68E+01	-1.79E+01	-1.79E+01	1.68E+01	1.68E+01	1.68E+01	-1.79E+01	
group_2277	1.10E-01	3.02E-01	1.86E-01	-5.23E-01	4.04E-01	1.46E+00	-1.46E+00	-1.05E+00	-6.29E-01	-1.94E+00	-2.27E+00	-2.75E+00	-2.88E+00	-1.30E-01	-8.57E-01	-4.30E-01	-3.41E+00	7.88E-01	-1.46E+00	-1.60E+01	-7.70E-01	-1.46E+02	-1.46E+02	-1.46E+02	-1.79E+01	-1.31E+01	-1.79E+01	1.73E+01	-1.31E+01	1.68E+01	-1.79E+01	1.68E+01	-1.79E+01	1.73E+01	-1.79E+01	-1.31E+01	1.68E+01	1.73E+01	1.73E+01	-1.79E+01	
group_1179	1.10E-01	2.92E-05	3.45E-01	2.82E-01	3.01E-01	1.46E+00	-1.50E+00	-1.15E+00	-1.12E+00	-1.94E+00	-2.55E+00	-2.75E+00	-2.87E+00	-6.50E-01	-8.55E-01	-9.50E-01	-3.66E+00	2.17E-01	-1.74E+00	-1.63E+01	-7.68E-01	-1.46E+02	-1.46E+02	-1.46E+02	-1.79E+01	-1.79E+01	-1.79E+01	1.68E+01	-1.88E+01	1.68E+01	-1.88E+01	1.65E+01	-1.79E+01	1.68E+01	-1.79E+01	-1.79E+01	1.68E+01	1.68E+01	1.68E+01	-1.79E+01	
group_1067	1.10E-01	7.18E-03	8.11E-01	-6.50E-02	2.72E-01	1.47E+00	-1.50E+00	-1.05E+00	-1.12E+00	-1.94E+00	-2.22E+00	-2.75E+00	-2.88E+00	-6.58E-01	-8.59E-01	-9.58E-01	-3.40E+00	3.88E-01	-1.47E+00	-1.60E+01	-7.76E-01	-1.46E+02	-1.46E+02	-1.46E+02	-1.79E+01	-1.79E+01	-1.77E+01	1.68E+01	-1.79E+01	1.68E+01	-1.77E+01	1.68E+01	-1.79E+01	1.68E+01	-1.77E+01	-1.79E+01	1.68E+01	1.68E+01	1.68E+01	-1.79E+01	
group_566	1.10E-01	9.02E-02	4.29E-02	-3.88E-01	1.91E-01	1.49E+00	-1.45E+00	-9.10E-01	-1.14E+00	-1.96E+00	-2.31E+00	-2.75E+00	-2.90E+00	-6.76E-01	-6.47E-01	-9.76E-01	-3.39E+00	3.05E-01	-1.49E+00	-1.61E+01	-7.94E-01	-1.46E+02	-1.46E+02	-1.46E+02	-1.80E+01	-1.80E+01	-1.80E+01	1.68E+01	-1.80E+01	1.68E+01	-1.80E+01	1.68E+01	-1.80E+01	1.68E+01	-1.80E+01	-1.80E+01	1.68E+01	1.68E+01	1.72E+01	-1.80E+01	
group_1519	1.10E-01	2.71E-01	1.44E-01	-5.73E-01	4.01E-01	1.46E+00	-1.46E+00	-1.05E+00	-5.88E-01	-1.94E+00	-2.27E+00	-2.75E+00	-2.88E+00	-7.99E-02	-8.57E-01	-3.80E-01	-3.41E+00	8.33E-01	-1.46E+00	-1.60E+01	-7.70E-01	-1.46E+02	-1.46E+02	-1.46E+02	-1.79E+01	-8.50E+00	-1.79E+01	1.74E+01	-8.50E+00	1.68E+01	-1.79E+01	1.68E+01	-1.79E+01	1.74E+01	-1.79E+01	-8.50E+00	1.68E+01	1.74E+01	1.74E+01	-1.79E+01	
group_1181	1.10E-01	5.33E-02	1.46E-01	3.53E-01	2.44E-01	1.46E+00	-1.71E+00	-1.05E+00	-1.11E+00	-1.94E+00	-2.28E+00	-2.75E+00	-2.88E+00	-6.53E-01	-8.57E-01	-9.53E-01	-3.41E+00	3.28E-01	-1.46E+00	-1.60E+01	-7.70E-01	-1.46E+02	-1.46E+02	-1.46E+02	-1.79E+01	-1.79E+01	-1.79E+01	1.68E+01	-1.79E+01	1.68E+01	-1.79E+01	1.68E+01	-1.79E+01	1.68E+01	-1.79E+01	-1.79E+01	1.68E+01	1.68E+01	1.68E+01	-1.79E+01	
group_890	1.10E-01	5.33E-02	1.46E-01	3.53E-01	2.44E-01	1.46E+00	-1.71E+00	-1.05E+00	-1.11E+00	-1.94E+00	-2.28E+00	-2.75E+00	-2.88E+00	-6.53E-01	-8.57E-01	-9.53E-01	-3.41E+00	3.28E-01	-1.46E+00	-1.60E+01	-7.70E-01	-1.46E+02	-1.46E+02	-1.46E+02	-1.79E+01	-1.79E+01	-1.79E+01	1.68E+01	-1.79E+01	1.68E+01	-1.79E+01	1.68E+01	-1.79E+01	1.68E+01	-1.79E+01	-1.79E+01	1.68E+01	1.68E+01	1.68E+01	-1.79E+01	
group_833	1.10E-01	5.33E-02	1.46E-01	3.53E-01	2.44E-01	1.46E+00	-1.71E+00	-1.05E+00	-1.11E+00	-1.94E+00	-2.28E+00	-2.75E+00	-2.88E+00	-6.53E-01	-8.57E-01	-9.53E-01	-3.41E+00	3.28E-01	-1.46E+00	-1.60E+01	-7.70E-01	-1.46E+02	-1.46E+02	-1.46E+02	-1.79E+01	-1.79E+01	-1.79E+01	1.68E+01	-1.79E+01	1.68E+01	-1.79E+01	1.68E+01	-1.79E+01	1.68E+01	-1.79E+01	-1.79E+01	1.68E+01	1.68E+01	1.68E+01	-1.79E+01	
group_717	1.09E-01	8.63E-01	4.64E-01	1.90E-01	2.59E-01	1.46E+00	-1.51E+00	-1.18E+00	-1.12E+00	-1.94E+00	-2.29E+00	-2.76E+00	-2.88E+00	-6.51E-01	-1.03E+00	-9.51E-01	-3.43E+00	1.68E-01	-1.46E+00	-1.60E+01	-7.69E-01	-1.46E+02	-1.46E+02	-1.46E+02	-1.85E+01	-1.79E+01	-1.85E+01	1.68E+01	-1.85E+01	1.68E+01	-1.79E+01	1.68E+01	-1.79E+01	1.68E+01	-1.85E+01	-1.79E+01	1.68E+01	1.68E+01	1.68E+01	-1.79E+01	
xerC_3~~~xerC_5~~~xerC_1~~~xerC_2~~~xerC_8	1.09E-01	8.63E-01	4.64E-01	1.90E-01	2.59E-01	1.46E+00	-1.51E+00	-1.18E+00	-1.12E+00	-1.94E+00	-2.29E+00	-2.76E+00	-2.88E+00	-6.51E-01	-1.03E+00	-9.51E-01	-3.43E+00	1.68E-01	-1.46E+00	-1.60E+01	-7.69E-01	-1.46E+02	-1.46E+02	-1.46E+02	-1.85E+01	-1.79E+01	-1.85E+01	1.68E+01	-1.85E+01	1.68E+01	-1.79E+01	1.68E+01	-1.79E+01	1.68E+01	-1.85E+01	-1.79E+01	1.68E+01	1.68E+01	1.68E+01	-1.79E+01	
group_2099	1.08E-01	6.05E-03	1.37E-01	-2.92E-01	1.96E-01	1.47E+00	-1.43E+00	-9.34E-01	-1.11E+00	-1.94E+00	-2.28E+00	-2.73E+00	-2.87E+00	-6.55E-01	-6.35E-01	-9.55E-01	-3.38E+00	3.26E-01	-1.47E+00	-1.60E+01	-7.73E-01	-1.46E+02	-1.46E+02	-1.46E+02	-1.79E+01	-1.79E+01	-1.79E+01	1.68E+01	-1.79E+01	1.68E+01	-1.79E+01	1.68E+01	-1.79E+01	1.68E+01	-1.79E+01	-1.79E+01	1.68E+01	1.68E+01	1.68E+01	-1.79E+01	
group_1084	1.08E-01	6.00E-14	5.35E-01	-2.87E-01	4.62E-01	1.46E+00	-1.50E+00	-1.05E+00	-1.11E+00	-1.74E+00	-2.00E+00	-2.75E+00	-2.88E+00	-6.53E-01	-8.57E-01	-9.53E-01	-3.12E+00	3.28E-01	-1.18E+00	-1.58E+01	-7.70E-01	-1.46E+02	-1.46E+02	-1.46E+02	-1.79E+01	-1.79E+01	-1.79E+01	1.71E+01	-1.65E+01	1.68E+01	-1.79E+01	1.71E+01	-1.65E+01	1.68E+01	-1.65E+01	-1.79E+01	1.68E+01	1.71E+01	1.71E+01	-1.79E+01	
group_2506	1.07E-01	2.61E-02	1.41E-01	-2.86E-01	1.94E-01	1.47E+00	-1.43E+00	-9.44E-01	-1.12E+00	-1.94E+00	-2.29E+00	-2.75E+00	-2.88E+00	-6.59E-01	-6.76E-01	-9.60E-01	-3.38E+00	3.21E-01	-1.47E+00	-1.61E+01	-7.77E-01	-1.46E+02	-1.46E+02	-1.46E+02	-1.79E+01	-1.79E+01	-1.79E+01	1.68E+01	-1.79E+01	1.68E+01	-1.79E+01	1.68E+01	-1.79E+01	1.68E+01	-1.79E+01	-1.79E+01	1.68E+01	1.68E+01	1.68E+01	-1.79E+01	
group_842	1.07E-01	1.68E-02	9.90E-01	2.93E-03	2.36E-01	1.46E+00	-1.50E+00	-1.05E+00	-1.11E+00	-1.94E+00	-2.28E+00	-2.75E+00	-2.88E+00	-6.52E-01	-8.57E-01	-9.52E-01	-3.41E+00	3.26E-01	-1.46E+00	-1.60E+01	-7.70E-01	-1.46E+02	-1.46E+02	-1.46E+02	-1.79E+01	-1.79E+01	-1.80E+01	1.68E+01	-1.80E+01	1.68E+01	-1.80E+01	1.68E+01	-1.79E+01	1.68E+01	-1.79E+01	-1.79E+01	1.68E+01	1.68E+01	1.68E+01	-1.79E+01	
group_737	1.07E-01	1.68E-02	9.90E-01	2.93E-03	2.36E-01	1.46E+00	-1.50E+00	-1.05E+00	-1.11E+00	-1.94E+00	-2.28E+00	-2.75E+00	-2.88E+00	-6.52E-01	-8.57E-01	-9.52E-01	-3.41E+00	3.26E-01	-1.46E+00	-1.60E+01	-7.70E-01	-1.46E+02	-1.46E+02	-1.46E+02	-1.79E+01	-1.79E+01	-1.80E+01	1.68E+01	-1.80E+01	1.68E+01	-1.80E+01	1.68E+01	-1.79E+01	1.68E+01	-1.79E+01	-1.79E+01	1.68E+01	1.68E+01	1.68E+01	-1.79E+01	
group_2674	1.06E-01	2.16E-01	7.28E-01	-7.14E-02	2.05E-01	1.47E+00	-1.51E+00	-1.04E+00	-1.12E+00	-1.95E+00	-2.29E+00	-2.74E+00	-2.88E+00	-6.57E-01	-8.67E-01	-9.35E-01	-3.42E+00	3.80E-01	-1.47E+00	-1.67E+01	-7.80E-01	-1.46E+02	-1.46E+02	-3.28E+02	-1.81E+01	-1.81E+01	-1.81E+01	1.68E+01	-1.81E+01	1.68E+01	-1.81E+01	1.68E+01	-1.81E+01	1.68E+01	-1.81E+01	-1.81E+01	1.68E+01	1.68E+01	1.68E+01	-1.81E+01	
cas4cas1~~~cas1_2	1.06E-01	3.07E-01	1.50E-01	-5.47E-01	3.88E-01	1.46E+00	-1.46E+00	-1.05E+00	-6.31E-01	-1.94E+00	-2.28E+00	-2.75E+00	-2.88E+00	-1.05E-01	-8.57E-01	-4.05E-01	-3.41E+00	8.10E-01	-1.46E+00	-1.60E+01	-7.70E-01	-1.46E+02	-1.46E+02	-1.46E+02	-1.79E+01	-1.26E+01	-1.79E+01	1.74E+01	-1.26E+01	1.68E+01	-1.79E+01	1.68E+01	-1.79E+01	1.74E+01	-1.79E+01	-1.26E+01	1.68E+01	1.74E+01	1.74E+01	-1.79E+01	
group_102	1.06E-01	3.07E-01	1.50E-01	-5.47E-01	3.88E-01	1.46E+00	-1.46E+00	-1.05E+00	-6.31E-01	-1.94E+00	-2.28E+00	-2.75E+00	-2.88E+00	-1.05E-01	-8.57E-01	-4.05E-01	-3.41E+00	8.10E-01	-1.46E+00	-1.60E+01	-7.70E-01	-1.46E+02	-1.46E+02	-1.46E+02	-1.79E+01	-1.26E+01	-1.79E+01	1.74E+01	-1.26E+01	1.68E+01	-1.79E+01	1.68E+01	-1.79E+01	1.74E+01	-1.79E+01	-1.26E+01	1.68E+01	1.74E+01	1.74E+01	-1.79E+01	
group_2108	1.05E-01	7.17E-05	9.23E-01	-1.22E-01	1.27E+00	1.46E+00	-1.50E+00	-1.05E+00	-9.94E-01	-1.94E+00	-2.28E+00	-2.75E+00	-2.76E+00	-6.53E-01	-8.57E-01	-9.53E-01	-3.38E+00	3.28E-01	-1.46E+00	-1.60E+01	-7.70E-01	-1.45E+02	-1.45E+02	-1.45E+02	-1.79E+01	-1.56E+01	-1.79E+01	1.69E+01	-1.79E+01	1.69E+01	-1.79E+01	1.68E+01	-1.79E+01	1.69E+01	-1.79E+01	-1.56E+01	1.68E+01	1.68E+01	1.69E+01	-1.79E+01	
cas2_1~~~cas2_2	1.05E-01	3.55E-01	2.45E-01	-4.33E-01	3.78E-01	1.46E+00	-1.47E+00	-1.05E+00	-7.33E-01	-1.94E+00	-2.28E+00	-2.75E+00	-2.88E+00	-2.35E-01	-8.57E-01	-5.20E-01	-3.41E+00	7.07E-01	-1.46E+00	-1.60E+01	-7.70E-01	-1.46E+02	-1.46E+02	-1.46E+02	-1.79E+01	-1.54E+01	-1.79E+01	1.72E+01	-1.54E+01	1.68E+01	-1.79E+01	1.68E+01	-1.79E+01	1.72E+01	-1.79E+01	-1.54E+01	1.68E+01	1.72E+01	1.72E+01	-1.79E+01	
smc_3~~~smc_2	1.05E-01	3.47E-05	8.27E-02	5.53E-01	3.24E-01	1.46E+00	-1.50E+00	-1.23E+00	-1.13E+00	-1.94E+00	-2.82E+00	-2.75E+00	-2.88E+00	-6.52E-01	-8.57E-01	-9.52E-01	-3.96E+00	1.18E-01	-2.02E+00	-1.66E+01	-7.70E-01	-1.46E+02	-1.46E+02	-1.46E+02	-1.79E+01	-1.79E+01	-1.79E+01	1.68E+01	-1.95E+01	1.68E+01	-1.95E+01	1.62E+01	-1.79E+01	1.68E+01	-1.79E+01	-1.79E+01	1.68E+01	1.68E+01	1.68E+01	-1.79E+01	
group_70	1.05E-01	3.39E-02	5.70E-01	-1.29E-01	2.26E-01	1.48E+00	-1.52E+00	-1.07E+00	-1.05E+00	-1.96E+00	-2.30E+00	-2.77E+00	-2.90E+00	-6.71E-01	-8.75E-01	-9.71E-01	-3.43E+00	3.48E-01	-1.48E+00	-1.61E+01	-7.88E-01	-1.46E+02	-1.46E+02	-1.46E+02	-1.79E+01	-1.79E+01	-1.79E+01	1.68E+01	-1.74E+01	1.68E+01	-1.74E+01	1.68E+01	-1.79E+01	1.69E+01	-1.79E+01	-1.79E+01	1.68E+01	1.68E+01	1.68E+01	-1.79E+01	
group_2314	1.05E-01	2.66E-14	5.35E-01	-2.87E-01	4.62E-01	1.46E+00	-1.50E+00	-1.05E+00	-1.11E+00	-1.74E+00	-2.00E+00	-2.75E+00	-2.88E+00	-6.53E-01	-8.57E-01	-9.53E-01	-3.12E+00	3.28E-01	-1.46E+00	-1.58E+01	-7.70E-01	-1.46E+02	-1.46E+02	-1.46E+02	-1.79E+01	-1.79E+01	-1.79E+01	1.71E+01	-1.67E+01	1.68E+01	-1.79E+01	1.68E+01	-1.67E+01	1.68E+01	-1.67E+01	-1.79E+01	1.68E+01	1.71E+01	1.71E+01	-1.79E+01	
group_1816	1.05E-01	4.92E-22	1.48E-01	-1.81E+00	5.27E+00	1.46E+00	-1.50E+00	-1.05E+00	-1.11E+00	-1.85E+00	-2.27E+00	-9.18E-01	-1.03E+00	-6.82E-01	9.17E-01	-1.01E+00	-3.07E+00	6.17E-03	-1.46E+00	-3.66E+00	-9.49E-01	-1.26E+00	-1.26E+00	-1.26E+00	-7.52E-01	-2.56E+00	-7.52E-01	-3.62E-01	-2.56E+00	-3.62E-01	-2.56E+00	-3.62E-01	-7.52E-01	1.45E+00	-2.56E+00	-7.52E-01	-3.62E-01	-3.62E-01	-3.62E-01	-2.56E+00	high-bse
group_1523	1.05E-01	4.92E-22	1.48E-01	-1.81E+00	5.27E+00	1.46E+00	-1.50E+00	-1.05E+00	-1.11E+00	-1.85E+00	-2.27E+00	-9.18E-01	-1.03E+00	-6.82E-01	9.17E-01	-1.01E+00	-3.07E+00	6.17E-03	-1.46E+00	-3.66E+00	-9.49E-01	-1.26E+00	-1.26E+00	-1.26E+00	-7.52E-01	-2.56E+00	-7.52E-01	-3.62E-01	-2.56E+00	-3.62E-01	-2.56E+00	-3.62E-01	-7.52E-01	1.45E+00	-2.56E+00	-7.52E-01	-3.62E-01	-3.62E-01	-3.62E-01	-2.56E+00	high-bse
group_1512	1.05E-01	4.92E-22	1.48E-01	-1.81E+00	5.27E+00	1.46E+00	-1.50E+00	-1.05E+00	-1.11E+00	-1.85E+00	-2.27E+00	-9.18E-01	-1.03E+00	-6.82E-01	9.17E-01	-1.01E+00	-3.07E+00	6.17E-03	-1.46E+00	-3.66E+00	-9.49E-01	-1.26E+00	-1.26E+00	-1.26E+00	-7.52E-01	-2.56E+00	-7.52E-01	-3.62E-01	-2.56E+00	-3.62E-01	-2.56E+00	-3.62E-01	-7.52E-01	1.45E+00	-2.56E+00	-7.52E-01	-3.62E-01	-3.62E-01	-3.62E-01	-2.56E+00	high-bse
group_1183	1.05E-01	3.98E-04	6.77E-01	-8.39E-02	2.01E-01	1.47E+00	-1.50E+00	-1.05E+00	-1.09E+00	-1.93E+00	-2.28E+00	-2.71E+00	-2.87E+00	-6.57E-01	-8.56E-01	-9.57E-01	-3.41E+00	3.24E-01	-1.47E+00	-1.59E+01	-7.46E-01	-1.46E+02	-1.46E+02	-5.11E+02	-1.80E+01	-1.80E+01	-1.80E+01	1.68E+01	-1.80E+01	1.68E+01	-1.80E+01	1.68E+01	-1.80E+01	1.68E+01	-2.08E+01	-1.80E+01	1.68E+01	1.68E+01	1.69E+01	-1.80E+01	
group_1081	1.05E-01	7.48E-04	3.91E-01	2.51E-01	2.94E-01	1.46E+00	-1.50E+00	-1.16E+00	-1.11E+00	-1.94E+00	-2.52E+00	-2.75E+00	-2.87E+00	-6.50E-01	-8.55E-01	-9.50E-01	-3.44E+00	3.31E-01	-1.46E+00	-1.60E+01	-7.68E-01	-1.46E+02	-1.46E+02	-1.46E+02	-1.79E+01	-1.79E+01	-1.79E+01	1.68E+01	-1.79E+01	1.68E+01	-1.79E+01	1.68E+01	-1.79E+01	1.68E+01	-1.79E+01	-1.79E+01	1.68E+01	1.68E+01	1.68E+01	-1.79E+01	
group_1075	1.05E-01	1.68E-01	5.00E-01	1.56E-01	2.32E-01	1.45E+00	-1.49E+00	-1.13E+00	-1.11E+00	-1.93E+00	-2.28E+00	-2.75E+00	-2.87E+00	-6.41E-01	-8.55E-01	-9.41E-01	-3.44E+00	3.40E-01	-1.45E+00	-1.60E+01	-7.59E-01	-1.46E+02	-1.46E+02	-1.46E+02	-1.84E+01	-1.78E+01	-1.78E+01	1.68E+01	-1.78E+01	1.68E+01	-1.78E+01	1.68E+01	-1.78E+01	1.68E+01	-1.84E+01	-1.78E+01	1.68E+01	1.68E+01	1.68E+01	-1.78E+01	
group_1006	1.05E-01	1.32E-01	2.22E-02	-2.80E-01	5.70E+00	1.49E+00	-1.52E+00	-1.00E+00	-1.11E+00	-1.93E+00	-2.22E+00	-2.73E+00	-2.85E+00	-7.08E-01	-8.65E-01	-1.03E+00	-2.96E+00	2.23E-01	-1.49E+00	-3.68E+00	-9.75E-01	-3.10E+00	-2.96E+00	-2.82E+00	-2.58E+00	-2.58E+00	-2.58E+00	-3.87E-01	-2.58E+00	-3.87E-01	-2.58E+00	-3.87E-01	-2.58E+00	-3.87E-01	-2.58E+00	-2.58E+00	-3.87E-01	-3.87E-01	-3.87E-01	-2.58E+00	matrix-inversion-error
group_847	1.05E-01	4.92E-22	1.48E-01	-1.81E+00	5.27E+00	1.46E+00	-1.50E+00	-1.05E+00	-1.11E+00	-1.85E+00	-2.27E+00	-9.18E-01	-1.03E+00	-6.82E-01	9.17E-01	-1.01E+00	-3.07E+00	6.17E-03	-1.46E+00	-3.66E+00	-9.49E-01	-1.26E+00	-1.26E+00	-1.26E+00	-7.52E-01	-2.56E+00	-7.52E-01	-3.62E-01	-2.56E+00	-3.62E-01	-2.56E+00	-3.62E-01	-7.52E-01	1.45E+00	-2.56E+00	-7.52E-01	-3.62E-01	-3.62E-01	-3.62E-01	-2.56E+00	high-bse
group_257	1.05E-01	2.66E-14	5.35E-01	-2.87E-01	4.62E-01	1.46E+00	-1.50E+00	-1.05E+00	-1.11E+00	-1.74E+00	-2.00E+00	-2.75E+00	-2.88E+00	-6.53E-01	-8.57E-01	-9.53E-01	-3.12E+00	3.28E-01	-1.46E+00	-1.58E+01	-7.70E-01	-1.46E+02	-1.46E+02	-1.46E+02	-1.79E+01	-1.79E+01	-1.79E+01	1.71E+01	-1.67E+01	1.68E+01	-1.79E+01	1.68E+01	-1.67E+01	1.68E+01	-1.67E+01	-1.79E+01	1.68E+01	1.71E+01	1.71E+01	-1.79E+01	
dnaA_1~~~dnaA_2~~~dnaI_2	1.05E-01	3.98E-04	3.62E-01	2.48E-01	2.74E-01	1.46E+00	-1.51E+00	-1.07E+00	-1.24E+00	-1.94E+00	-2.52E+00	-2.75E+00	-2.88E+00	-6.61E-01	-9.00E-01	-9.52E-01	-3.41E+00	3.29E-01	-1.46E+00	-1.60E+01	-7.70E-01	-1.46E+02	-1.46E+02	-1.46E+02	-1.79E+01	-1.79E+01	-1.79E+01	1.68E+01	-1.79E+01	1.68E+01	-1.79E+01	1.68E+01	-1.79E+01	1.68E+01	-1.79E+01	-1.79E+01	1.68E+01	1.68E+01	1.68E+01	-1.79E+01	
group_81	1.05E-01	3.98E-04	3.62E-01	2.48E-01	2.74E-01	1.46E+00	-1.51E+00	-1.07E+00	-1.24E+00	-1.94E+00	-2.52E+00	-2.75E+00	-2.88E+00	-6.61E-01	-9.00E-01	-9.52E-01	-3.41E+00	3.29E-01	-1.46E+00	-1.60E+01	-7.70E-01	-1.46E+02	-1.46E+02	-1.46E+02	-1.79E+01	-1.79E+01	-1.79E+01	1.68E+01	-1.79E+01	1.68E+01	-1.79E+01	1.68E+01	-1.79E+01	1.68E+01	-1.79E+01	-1.79E+01	1.68E+01	1.68E+01	1.68E+01	-1.79E+01	
group_2340	1.04E-01	1.93E-22	2.13E-02	-2.78E+00	5.19E+00	1.46E+00	-1.50E+00	-1.05E+00	-1.11E+00	-1.85E+00	-2.27E+00	5.45E-02	-1.57E-01	-6.82E-01	1.89E+00	-1.01E+00	-3.07E+00	6.17E-03	-1.46E+00	-3.66E+00	-9.49E-01	-2.91E-01	-2.91E-01	-2.91E-01	2.20E-01	-2.56E+00	2.20E-01	-3.62E-01	-2.56E+00	-3.62E-01	-2.56E+00	-3.62E-01	2.20E-01	2.42E+00	-2.56E+00	2.20E-01	-3.62E-01	-3.62E-01	-3.62E-01	-2.56E+00	high-bse
group_1083	1.03E-01	1.29E-11	6.99E-01	-2.14E-01	5.49E-01	1.47E+00	-1.50E+00	-1.06E+00	-1.12E+00	-1.73E+00	-2.28E+00	-2.75E+00	-2.68E+00	-6.56E-01	-8.61E-01	-9.57E-01	-3.20E+00	3.24E-01	-1.47E+00	-1.60E+01	-6.30E-01	-1.46E+02	-1.46E+02	-1.46E+02	-1.69E+01	-1.79E+01	-1.69E+01	1.68E+01	-1.79E+01	1.70E+01	-1.69E+01	1.68E+01	-1.79E+01	1.68E+01	-1.79E+01	-1.79E+01	1.70E+01	1.68E+01	1.68E+01	-1.79E+01	
group_1069	1.03E-01	1.29E-11	6.99E-01	-2.14E-01	5.49E-01	1.47E+00	-1.50E+00	-1.06E+00	-1.12E+00	-1.73E+00	-2.28E+00	-2.75E+00	-2.68E+00	-6.56E-01	-8.61E-01	-9.57E-01	-3.20E+00	3.24E-01	-1.47E+00	-1.60E+01	-6.30E-01	-1.46E+02	-1.46E+02	-1.46E+02	-1.69E+01	-1.79E+01	-1.69E+01	1.68E+01	-1.79E+01	1.70E+01	-1.69E+01	1.68E+01	-1.79E+01	1.68E+01	-1.79E+01	-1.79E+01	1.70E+01	1.68E+01	1.68E+01	-1.79E+01	
group_1051	1.03E-01	1.96E-02	8.88E-01	3.71E-02	2.65E-01	1.46E+00	-1.50E+00	-1.05E+00	-1.11E+00	-1.94E+00	-2.31E+00	-2.74E+00	-2.87E+00	-6.50E-01	-8.57E-01	-9.50E-01	-3.42E+00	2.99E-01	-1.46E+00	-1.60E+01	-7.68E-01	-1.46E+02	-1.46E+02	-1.46E+02	-1.79E+01	-1.79E+01	-1.81E+01	1.68E+01	-1.81E+01	1.68E+01	-1.81E+01	1.68E+01	-1.79E+01	1.68E+01	-1.79E+01	-1.79E+01	1.68E+01	1.68E+01	1.68E+01	-1.79E+01	
smc_2~~~smc_1~~~smc_4~~~smc_3	1.03E-01	2.17E-04	4.92E-01	1.87E-01	2.73E-01	1.46E+00	-1.50E+00	-1.07E+00	-1.20E+00	-1.94E+00	-2.46E+00	-2.75E+00	-2.88E+00	-6.59E-01	-8.89E-01	-9.52E-01	-3.41E+00	3.28E-01	-1.46E+00	-1.60E+01	-7.70E-01	-1.46E+02	-1.46E+02	-1.46E+02	-1.79E+01	-1.79E+01	-1.79E+01	1.68E+01	-1.79E+01	1.68E+01	-1.79E+01	1.68E+01	-1.79E+01	1.68E+01	-1.79E+01	-1.79E+01	1.68E+01	1.68E+01	1.68E+01	-1.79E+01	
group_831	1.03E-01	2.17E-04	4.92E-01	1.87E-01	2.73E-01	1.46E+00	-1.50E+00	-1.07E+00	-1.20E+00	-1.94E+00	-2.46E+00	-2.75E+00	-2.88E+00	-6.59E-01	-8.89E-01	-9.52E-01	-3.41E+00	3.28E-01	-1.46E+00	-1.60E+01	-7.70E-01	-1.46E+02	-1.46E+02	-1.46E+02	-1.79E+01	-1.79E+01	-1.79E+01	1.68E+01	-1.79E+01	1.68E+01	-1.79E+01	1.68E+01	-1.79E+01	1.68E+01	-1.79E+01	-1.79E+01	1.68E+01	1.68E+01	1.68E+01	-1.79E+01	
group_715	1.03E-01	2.17E-04	4.92E-01	1.87E-01	2.73E-01	1.46E+00	-1.50E+00	-1.07E+00	-1.20E+00	-1.94E+00	-2.46E+00	-2.75E+00	-2.88E+00	-6.59E-01	-8.89E-01	-9.52E-01	-3.41E+00	3.28E-01	-1.46E+00	-1.60E+01	-7.70E-01	-1.46E+02	-1.46E+02	-1.46E+02	-1.79E+01	-1.79E+01	-1.79E+01	1.68E+01	-1.79E+01	1.68E+01	-1.79E+01	1.68E+01	-1.79E+01	1.68E+01	-1.79E+01	-1.79E+01	1.68E+01	1.68E+01	1.68E+01	-1.79E+01	
group_509	1.03E-01	2.17E-04	4.92E-01	1.87E-01	2.73E-01	1.46E+00	-1.50E+00	-1.07E+00	-1.20E+00	-1.94E+00	-2.46E+00	-2.75E+00	-2.88E+00	-6.59E-01	-8.89E-01	-9.52E-01	-3.41E+00	3.28E-01	-1.46E+00	-1.60E+01	-7.70E-01	-1.46E+02	-1.46E+02	-1.46E+02	-1.79E+01	-1.79E+01	-1.79E+01	1.68E+01	-1.79E+01	1.68E+01	-1.79E+01	1.68E+01	-1.79E+01	1.68E+01	-1.79E+01	-1.79E+01	1.68E+01	1.68E+01	1.68E+01	-1.79E+01	
group_979	1.03E-01	8.45E-02	3.60E-02	-2.29E-01	6.11E+00	1.46E+00	-1.45E+00	-9.49E-01	-1.12E+00	-1.93E+00	-2.26E+00	-2.73E+00	-2.84E+00	-6.84E-01	-7.29E-01	-1.01E+00	-3.04E+00	1.37E-01	-1.35E+00	-3.60E+00	-9.51E-01	-3.07E+00	-3.07E+00	-2.96E+00	-2.56E+00	-2.56E+00	-2.56E+00	-3.63E-01	-2.56E+00	-3.63E-01	-2.56E+00	-1.34E-01	-2.56E+00	-3.63E-01	-2.56E+00	-2.56E+00	-3.63E-01	-3.63E-01	-1.34E-01	-2.56E+00	matrix-inversion-error
group_918	1.03E-01	1.58E-04	6.20E-01	1.34E-01	2.70E-01	1.46E+00	-1.50E+00	-1.06E+00	-1.18E+00	-1.94E+00	-2.41E+00	-2.75E+00	-2.88E+00	-6.57E-01	-8.80E-01	-9.53E-01	-3.41E+00	3.28E-01	-1.46E+00	-1.60E+01	-7.70E-01	-1.46E+02	-1.46E+02	-1.46E+02	-1.79E+01	-1.79E+01	-1.79E+01	1.68E+01	-1.79E+01	1.68E+01	-1.79E+01	1.68E+01	-1.79E+01	1.68E+01	-1.79E+01	-1.79E+01	1.68E+01	1.68E+01	1.68E+01	-1.79E+01	
group_405	1.03E-01	5.79E-02	1.97E-02	-2.94E-01	5.68E+00	1.49E+00	-1.52E+00	-9.96E-01	-1.11E+00	-1.92E+00	-2.22E+00	-2.73E+00	-2.85E+00	-7.08E-01	-8.79E-01	-1.03E+00	-2.95E+00	1.54E-01	-1.49E+00	-3.68E+00	-9.75E-01	-3.09E+00	-2.96E+00	-2.80E+00	-2.58E+00	-2.58E+00	-2.58E+00	-3.87E-01	-2.58E+00	-3.87E-01	-2.58E+00	-3.87E-01	-2.58E+00	-3.87E-01	-2.58E+00	-2.58E+00	-3.87E-01	-3.87E-01	-3.87E-01	-2.58E+00	matrix-inversion-error
group_1078	1.02E-01	1.04E-01	2.27E-02	-2.79E-01	5.65E+00	1.48E+00	-1.52E+00	-1.00E+00	-1.11E+00	-1.92E+00	-2.23E+00	-2.73E+00	-2.85E+00	-7.07E-01	-8.81E-01	-1.03E+00	-2.96E+00	1.45E-01	-1.48E+00	-3.68E+00	-9.74E-01	-3.09E+00	-2.96E+00	-2.82E+00	-2.58E+00	-2.58E+00	-2.58E+00	-3.86E-01	-2.58E+00	-3.86E-01	-2.58E+00	-3.86E-01	-2.58E+00	-3.86E-01	-2.58E+00	-2.58E+00	-3.86E-01	-3.86E-01	-3.86E-01	-2.58E+00	matrix-inversion-error
group_763	1.02E-01	1.04E-01	2.04E-02	-2.91E-01	5.66E+00	1.49E+00	-1.52E+00	-9.98E-01	-1.11E+00	-1.92E+00	-2.23E+00	-2.73E+00	-2.85E+00	-7.08E-01	-8.63E-01	-1.03E+00	-2.96E+00	1.52E-01	-1.49E+00	-3.68E+00	-9.75E-01	-3.10E+00	-2.96E+00	-2.80E+00	-2.58E+00	-2.58E+00	-2.58E+00	-3.88E-01	-2.58E+00	-3.88E-01	-2.58E+00	-3.88E-01	-2.58E+00	-3.88E-01	-2.58E+00	-2.58E+00	-3.88E-01	-3.88E-01	-3.88E-01	-2.58E+00	matrix-inversion-error
group_2533	1.01E-01	8.88E-02	2.13E-02	-2.87E-01	5.64E+00	1.49E+00	-1.52E+00	-9.98E-01	-1.11E+00	-1.92E+00	-2.22E+00	-2.73E+00	-2.85E+00	-7.08E-01	-8.80E-01	-1.03E+00	-2.96E+00	1.50E-01	-1.49E+00	-3.68E+00	-9.74E-01	-3.09E+00	-2.96E+00	-2.81E+00	-2.58E+00	-2.58E+00	-2.58E+00	-3.87E-01	-2.58E+00	-3.87E-01	-2.58E+00	-3.87E-01	-2.58E+00	-3.87E-01	-2.58E+00	-2.58E+00	-3.87E-01	-3.87E-01	-3.87E-01	-2.58E+00	matrix-inversion-error
group_2439	1.01E-01	8.88E-02	1.99E-02	-2.95E-01	5.63E+00	1.49E+00	-1.52E+00	-9.99E-01	-1.11E+00	-1.92E+00	-2.22E+00	-2.73E+00	-2.85E+00	-7.09E-01	-8.80E-01	-1.03E+00	-2.95E+00	1.54E-01	-1.49E+00	-3.68E+00	-9.76E-01	-3.10E+00	-2.96E+00	-2.80E+00	-2.59E+00	-2.59E+00	-2.59E+00	-3.88E-01	-2.59E+00	-3.88E-01	-2.59E+00	-3.88E-01	-2.59E+00	-3.88E-01	-2.59E+00	-2.59E+00	-3.88E-01	-3.88E-01	-3.88E-01	-2.59E+00	matrix-inversion-error
group_2416	1.01E-01	1.26E-01	2.50E-02	-2.68E-01	5.63E+00	1.48E+00	-1.52E+00	-1.00E+00	-1.11E+00	-1.92E+00	-2.23E+00	-2.73E+00	-2.85E+00	-7.06E-01	-8.81E-01	-1.03E+00	-2.96E+00	1.40E-01	-1.48E+00	-3.68E+00	-9.73E-01	-3.09E+00	-2.97E+00	-2.83E+00	-2.58E+00	-2.58E+00	-2.58E+00	-3.85E-01	-2.58E+00	-3.85E-01	-2.58E+00	-3.85E-01	-2.58E+00	-3.85E-01	-2.58E+00	-2.58E+00	-3.85E-01	-3.85E-01	-3.85E-01	-2.58E+00	matrix-inversion-error
group_2238	1.01E-01	8.88E-02	2.13E-02	-2.87E-01	5.64E+00	1.49E+00	-1.52E+00	-9.98E-01	-1.11E+00	-1.92E+00	-2.22E+00	-2.73E+00	-2.85E+00	-7.08E-01	-8.80E-01	-1.03E+00	-2.96E+00	1.50E-01	-1.49E+00	-3.68E+00	-9.74E-01	-3.09E+00	-2.96E+00	-2.81E+00	-2.58E+00	-2.58E+00	-2.58E+00	-3.87E-01	-2.58E+00	-3.87E-01	-2.58E+00	-3.87E-01	-2.58E+00	-3.87E-01	-2.58E+00	-2.58E+00	-3.87E-01	-3.87E-01	-3.87E-01	-2.58E+00	matrix-inversion-error
group_1884	1.01E-01	8.88E-02	2.13E-02	-2.87E-01	5.64E+00	1.49E+00	-1.52E+00	-9.98E-01	-1.11E+00	-1.92E+00	-2.22E+00	-2.73E+00	-2.85E+00	-7.08E-01	-8.80E-01	-1.03E+00	-2.96E+00	1.50E-01	-1.49E+00	-3.68E+00	-9.74E-01	-3.09E+00	-2.96E+00	-2.81E+00	-2.58E+00	-2.58E+00	-2.58E+00	-3.87E-01	-2.58E+00	-3.87E-01	-2.58E+00	-3.87E-01	-2.58E+00	-3.87E-01	-2.58E+00	-2.58E+00	-3.87E-01	-3.87E-01	-3.87E-01	-2.58E+00	matrix-inversion-error
group_1555	1.01E-01	8.88E-02	2.13E-02	-2.87E-01	5.64E+00	1.49E+00	-1.52E+00	-9.98E-01	-1.11E+00	-1.92E+00	-2.22E+00	-2.73E+00	-2.85E+00	-7.08E-01	-8.80E-01	-1.03E+00	-2.96E+00	1.50E-01	-1.49E+00	-3.68E+00	-9.74E-01	-3.09E+00	-2.96E+00	-2.81E+00	-2.58E+00	-2.58E+00	-2.58E+00	-3.87E-01	-2.58E+00	-3.87E-01	-2.58E+00	-3.87E-01	-2.58E+00	-3.87E-01	-2.58E+00	-2.58E+00	-3.87E-01	-3.87E-01	-3.87E-01	-2.58E+00	matrix-inversion-error
group_1470	1.01E-01	8.88E-02	2.13E-02	-2.87E-01	5.64E+00	1.49E+00	-1.52E+00	-9.98E-01	-1.11E+00	-1.92E+00	-2.22E+00	-2.73E+00	-2.85E+00	-7.08E-01	-8.80E-01	-1.03E+00	-2.96E+00	1.50E-01	-1.49E+00	-3.68E+00	-9.74E-01	-3.09E+00	-2.96E+00	-2.81E+00	-2.58E+00	-2.58E+00	-2.58E+00	-3.87E-01	-2.58E+00	-3.87E-01	-2.58E+00	-3.87E-01	-2.58E+00	-3.87E-01	-2.58E+00	-2.58E+00	-3.87E-01	-3.87E-01	-3.87E-01	-2.58E+00	matrix-inversion-error
group_981	1.01E-01	8.88E-02	1.84E-02	-3.05E-01	5.64E+00	1.49E+00	-1.52E+00	-9.95E-01	-1.11E+00	-1.93E+00	-2.22E+00	-2.73E+00	-2.85E+00	-7.10E-01	-8.80E-01	-1.04E+00	-2.95E+00	1.59E-01	-1.49E+00	-3.68E+00	-9.77E-01	-3.10E+00	-2.96E+00	-2.79E+00	-2.59E+00	-2.59E+00	-2.59E+00	-3.89E-01	-2.59E+00	-3.89E-01	-2.59E+00	-3.89E-01	-2.59E+00	-3.89E-01	-2.59E+00	-2.59E+00	-3.89E-01	-3.89E-01	-3.89E-01	-2.59E+00	matrix-inversion-error
group_971	1.01E-01	8.88E-02	2.13E-02	-2.87E-01	5.64E+00	1.49E+00	-1.52E+00	-9.98E-01	-1.11E+00	-1.92E+00	-2.22E+00	-2.73E+00	-2.85E+00	-7.08E-01	-8.80E-01	-1.03E+00	-2.96E+00	1.50E-01	-1.49E+00	-3.68E+00	-9.74E-01	-3.09E+00	-2.96E+00	-2.81E+00	-2.58E+00	-2.58E+00	-2.58E+00	-3.87E-01	-2.58E+00	-3.87E-01	-2.58E+00	-3.87E-01	-2.58E+00	-3.87E-01	-2.58E+00	-2.58E+00	-3.87E-01	-3.87E-01	-3.87E-01	-2.58E+00	matrix-inversion-error
group_854	1.01E-01	1.26E-01	2.50E-02	-2.68E-01	5.63E+00	1.48E+00	-1.52E+00	-1.00E+00	-1.11E+00	-1.92E+00	-2.23E+00	-2.73E+00	-2.85E+00	-7.06E-01	-8.81E-01	-1.03E+00	-2.96E+00	1.40E-01	-1.48E+00	-3.68E+00	-9.73E-01	-3.09E+00	-2.97E+00	-2.83E+00	-2.58E+00	-2.58E+00	-2.58E+00	-3.85E-01	-2.58E+00	-3.85E-01	-2.58E+00	-3.85E-01	-2.58E+00	-3.85E-01	-2.58E+00	-2.58E+00	-3.85E-01	-3.85E-01	-3.85E-01	-2.58E+00	matrix-inversion-error
group_98	1.01E-01	8.88E-02	2.13E-02	-2.87E-01	5.64E+00	1.49E+00	-1.52E+00	-9.98E-01	-1.11E+00	-1.92E+00	-2.22E+00	-2.73E+00	-2.85E+00	-7.08E-01	-8.80E-01	-1.03E+00	-2.96E+00	1.50E-01	-1.49E+00	-3.68E+00	-9.74E-01	-3.09E+00	-2.96E+00	-2.81E+00	-2.58E+00	-2.58E+00	-2.58E+00	-3.87E-01	-2.58E+00	-3.87E-01	-2.58E+00	-3.87E-01	-2.58E+00	-3.87E-01	-2.58E+00	-2.58E+00	-3.87E-01	-3.87E-01	-3.87E-01	-2.58E+00	matrix-inversion-error
group_2034	1.01E-01	1.09E-01	2.35E-02	-2.77E-01	5.62E+00	1.48E+00	-1.52E+00	-1.00E+00	-1.11E+00	-1.92E+00	-2.23E+00	-2.73E+00	-2.85E+00	-7.07E-01	-8.80E-01	-1.03E+00	-2.96E+00	1.45E-01	-1.48E+00	-3.68E+00	-9.73E-01	-3.09E+00	-2.96E+00	-2.82E+00	-2.58E+00	-2.58E+00	-2.58E+00	-3.86E-01	-2.58E+00	-3.86E-01	-2.58E+00	-3.86E-01	-2.58E+00	-3.86E-01	-2.58E+00	-2.58E+00	-3.86E-01	-3.86E-01	-3.86E-01	-2.58E+00	matrix-inversion-error
group_1097	1.01E-01	4.34E-02	1.95E-01	3.09E-01	2.41E-01	1.44E+00	-1.48E+00	-1.21E+00	-1.10E+00	-1.92E+00	-2.27E+00	-2.75E+00	-2.86E+00	-6.31E-01	-8.53E-01	-9.31E-01	-3.47E+00	3.50E-01	-1.44E+00	-1.60E+01	-7.49E-01	-1.46E+02	-1.46E+02	-1.46E+02	-1.89E+01	-1.78E+01	-1.78E+01	1.68E+01	-1.78E+01	1.68E+01	-1.78E+01	1.68E+01	-1.78E+01	1.68E+01	-1.78E+01	-1.78E+01	1.68E+01	1.68E+01	1.68E+01	-1.78E+01	
group_2626	1.00E-01	1.87E-12	7.36E-01	-1.58E-01	4.68E-01	1.46E+00	-1.50E+00	-1.05E+00	-1.11E+00	-1.83E+00	-2.13E+00	-2.75E+00	-2.88E+00	-6.53E-01	-8.57E-01	-9.53E-01	-3.41E+00	3.28E-01	-1.31E+00	-1.59E+01	-7.70E-01	-1.46E+02	-1.46E+02	-1.46E+02	-1.79E+01	-1.79E+01	-1.79E+01	1.68E+01	-1.79E+01	1.68E+01	-1.79E+01	1.70E+01	-1.79E+01	1.68E+01	-1.73E+01	-1.79E+01	1.68E+01	1.68E+01	1.68E+01	-1.79E+01	
group_2478	1.00E-01	1.87E-12	7.36E-01	-1.58E-01	4.68E-01	1.46E+00	-1.50E+00	-1.05E+00	-1.11E+00	-1.83E+00	-2.13E+00	-2.75E+00	-2.88E+00	-6.53E-01	-8.57E-01	-9.53E-01	-3.41E+00	3.28E-01	-1.31E+00	-1.59E+01	-7.70E-01	-1.46E+02	-1.46E+02	-1.46E+02	-1.79E+01	-1.79E+01	-1.79E+01	1.68E+01	-1.79E+01	1.68E+01	-1.79E+01	1.70E+01	-1.79E+01	1.68E+01	-1.73E+01	-1.79E+01	1.68E+01	1.68E+01	1.68E+01	-1.79E+01	
group_1973	1.00E-01	1.87E-12	7.36E-01	-1.58E-01	4.68E-01	1.46E+00	-1.50E+00	-1.05E+00	-1.11E+00	-1.83E+00	-2.13E+00	-2.75E+00	-2.88E+00	-6.53E-01	-8.57E-01	-9.53E-01	-3.41E+00	3.28E-01	-1.31E+00	-1.59E+01	-7.70E-01	-1.46E+02	-1.46E+02	-1.46E+02	-1.79E+01	-1.79E+01	-1.79E+01	1.68E+01	-1.79E+01	1.68E+01	-1.79E+01	1.70E+01	-1.79E+01	1.68E+01	-1.73E+01	-1.79E+01	1.68E+01	1.68E+01	1.68E+01	-1.79E+01	
group_1269	1.00E-01	4.10E-05	7.21E-01	9.54E-02	2.67E-01	1.46E+00	-1.50E+00	-1.07E+00	-1.15E+00	-1.94E+00	-2.37E+00	-2.75E+00	-2.88E+00	-6.53E-01	-8.68E-01	-9.53E-01	-3.41E+00	3.28E-01	-1.46E+00	-1.60E+01	-7.70E-01	-1.46E+02	-1.47E+02	-1.46E+02	-1.79E+01	-1.79E+01	-1.79E+01	1.68E+01	-1.79E+01	1.68E+01	-1.79E+01	1.68E+01	-1.79E+01	1.68E+01	-1.79E+01	-1.79E+01	1.68E+01	1.68E+01	1.68E+01	-1.79E+01	
group_378	1.00E-01	1.87E-12	7.36E-01	-1.58E-01	4.68E-01	1.46E+00	-1.50E+00	-1.05E+00	-1.11E+00	-1.83E+00	-2.13E+00	-2.75E+00	-2.88E+00	-6.53E-01	-8.57E-01	-9.53E-01	-3.41E+00	3.28E-01	-1.31E+00	-1.59E+01	-7.70E-01	-1.46E+02	-1.46E+02	-1.46E+02	-1.79E+01	-1.79E+01	-1.79E+01	1.68E+01	-1.79E+01	1.68E+01	-1.79E+01	1.70E+01	-1.79E+01	1.68E+01	-1.73E+01	-1.79E+01	1.68E+01	1.68E+01	1.68E+01	-1.79E+01	
group_2714	9.94E-02	1.14E-01	8.73E-01	6.03E-02	3.77E-01	1.46E+00	-1.50E+00	-1.06E+00	-1.17E+00	-1.96E+00	-2.28E+00	-2.75E+00	-2.88E+00	-6.53E-01	-8.57E-01	-9.53E-01	-3.47E+00	3.28E-01	-1.46E+00	-1.60E+01	-7.70E-01	-1.46E+02	-1.46E+02	-1.46E+02	-1.79E+01	-1.79E+01	-1.79E+01	1.68E+01	-1.79E+01	1.67E+01	-1.79E+01	1.68E+01	-1.79E+01	1.68E+01	-1.79E+01	-1.79E+01	1.68E+01	1.67E+01	1.68E+01	-1.79E+01	
group_1040	9.94E-02	1.14E-11	5.62E-01	-3.77E-01	6.31E-01	1.47E+00	-1.51E+00	-1.06E+00	-1.12E+00	-1.57E+00	-2.29E+00	-2.75E+00	-2.53E+00	-6.60E-01	-8.65E-01	-9.60E-01	-3.04E+00	3.21E-01	-1.47E+00	-1.61E+01	-5.21E-01	-1.46E+02	-1.46E+02	-1.46E+02	-1.60E+01	-1.79E+01	-1.60E+01	1.68E+01	-1.79E+01	1.68E+01	-1.60E+01	1.68E+01	-1.79E+01	1.68E+01	-1.79E+01	-1.79E+01	1.72E+01	1.68E+01	1.68E+01	-1.79E+01	
group_814	9.94E-02	4.84E-04	8.27E-02	5.53E-01	3.24E-01	1.46E+00	-1.50E+00	-1.23E+00	-1.13E+00	-1.94E+00	-2.82E+00	-2.75E+00	-2.88E+00	-6.52E-01	-8.57E-01	-9.52E-01	-3.41E+00	1.18E-01	-2.02E+00	-1.66E+01	-7.70E-01	-1.46E+02	-1.46E+02	-1.46E+02	-1.79E+01	-1.79E+01	-1.79E+01	1.68E+01	-1.79E+01	1.68E+01	-1.94E+01	1.62E+01	-1.79E+01	1.68E+01	-1.79E+01	-1.79E+01	1.68E+01	1.68E+01	1.68E+01	-1.79E+01	
group_2824	9.87E-02	2.04E-11	5.59E-01	-3.45E-01	5.77E-01	1.47E+00	-1.50E+00	-1.06E+00	-1.12E+00	-1.60E+00	-2.29E+00	-2.75E+00	-2.58E+00	-6.59E-01	-8.64E-01	-9.59E-01	-3.07E+00	3.22E-01	-1.47E+00	-1.61E+01	-5.42E-01	-1.46E+02	-1.46E+02	-1.46E+02	-1.63E+01	-1.79E+01	-1.63E+01	1.68E+01	-1.63E+01	1.68E+01	-1.79E+01	1.68E+01	-1.79E+01	1.68E+01	-1.79E+01	-1.79E+01	1.71E+01	1.68E+01	1.68E+01	-1.79E+01	
group_2457	9.87E-02	7.01E-03	8.92E-01	-3.23E-02	2.37E-01	1.47E+00	-1.50E+00	-1.06E+00	-1.10E+00	-1.94E+00	-2.29E+00	-2.75E+00	-2.88E+00	-6.57E-01	-8.62E-01	-9.57E-01	-3.41E+00	3.29E-01	-1.47E+00	-1.60E+01	-7.75E-01	-1.46E+02	-1.46E+02	-1.46E+02	-1.79E+01	-1.79E+01	-1.79E+01	1.68E+01	-1.79E+01	1.68E+01	-1.79E+01	1.68E+01	-1.79E+01	1.68E+01	-1.79E+01	-1.79E+01	1.68E+01	1.68E+01	1.68E+01	-1.79E+01	
group_1905	9.87E-02	7.01E-03	8.92E-01	-3.23E-02	2.37E-01	1.47E+00	-1.50E+00	-1.06E+00	-1.10E+00	-1.94E+00	-2.29E+00	-2.75E+00	-2.88E+00	-6.57E-01	-8.62E-01	-9.57E-01	-3.41E+00	3.29E-01	-1.47E+00	-1.60E+01	-7.75E-01	-1.46E+02	-1.46E+02	-1.46E+02	-1.79E+01	-1.79E+01	-1.79E+01	1.68E+01	-1.79E+01	1.68E+01	-1.79E+01	1.68E+01	-1.79E+01	1.68E+01	-1.79E+01	-1.79E+01	1.68E+01	1.68E+01	1.68E+01	-1.79E+01	
group_1154	9.87E-02	2.04E-11	6.60E-01	-2.81E-01	6.26E-01	1.47E+00	-1.50E+00	-1.06E+00	-1.12E+00	-1.66E+00	-2.29E+00	-2.75E+00	-2.63E+00	-6.58E-01	-8.63E-01	-9.58E-01	-3.13E+00	3.23E-01	-1.47E+00	-1.60E+01	-5.85E-01	-1.46E+02	-1.46E+02	-1.46E+02	-1.68E+01	-1.79E+01	-1.68E+01	1.68E+01	-1.68E+01	1.68E+01	-1.79E+01	1.68E+01	-1.79E+01	1.68E+01	-1.79E+01	-1.79E+01	1.71E+01	1.68E+01	1.68E+01	-1.79E+01	
group_317	9.87E-02	2.04E-11	5.62E-01	-3.77E-01	6.31E-01	1.47E+00	-1.51E+00	-1.06E+00	-1.12E+00	-1.57E+00	-2.29E+00	-2.75E+00	-2.53E+00	-6.60E-01	-8.65E-01	-9.60E-01	-3.04E+00	3.21E-01	-1.47E+00	-1.61E+01	-5.21E-01	-1.46E+02	-1.46E+02	-1.46E+02	-1.53E+01	-1.79E+01	-1.53E+01	1.68E+01	-1.79E+01	1.68E+01	-1.79E+01	1.68E+01	-1.79E+01	1.68E+01	-1.79E+01	-1.79E+01	1.72E+01	1.68E+01	1.68E+01	-1.79E+01	
group_56	9.87E-02	2.04E-11	5.62E-01	-3.77E-01	6.31E-01	1.47E+00	-1.51E+00	-1.06E+00	-1.12E+00	-1.57E+00	-2.29E+00	-2.75E+00	-2.53E+00	-6.60E-01	-8.65E-01	-9.60E-01	-3.04E+00	3.21E-01	-1.47E+00	-1.61E+01	-5.21E-01	-1.46E+02	-1.46E+02	-1.46E+02	-1.53E+01	-1.79E+01	-1.53E+01	1.68E+01	-1.79E+01	1.68E+01	-1.79E+01	1.68E+01	-1.79E+01	1.68E+01	-1.79E+01	-1.79E+01	1.72E+01	1.68E+01	1.68E+01	-1.79E+01	
group_2358	9.81E-02	3.61E-11	6.60E-01	-2.81E-01	6.26E-01	1.47E+00	-1.50E+00	-1.06E+00	-1.12E+00	-1.66E+00	-2.29E+00	-2.75E+00	-2.63E+00	-6.58E-01	-8.63E-01	-9.58E-01	-3.13E+00	3.23E-01	-1.47E+00	-1.60E+01	-5.85E-01	-1.46E+02	-1.46E+02	-1.46E+02	-1.64E+01	-1.79E+01	-1.64E+01	1.68E+01	-1.79E+01	1.68E+01	-1.79E+01	1.68E+01	-1.79E+01	1.68E+01	-1.79E+01	-1.79E+01	1.71E+01	1.68E+01	1.68E+01	-1.79E+01	
group_1958	9.81E-02	3.61E-11	6.60E-01	-2.81E-01	6.26E-01	1.47E+00	-1.50E+00	-1.06E+00	-1.12E+00	-1.66E+00	-2.29E+00	-2.75E+00	-2.63E+00	-6.58E-01	-8.63E-01	-9.58E-01	-3.13E+00	3.23E-01	-1.47E+00	-1.60E+01	-5.85E-01	-1.46E+02	-1.46E+02	-1.46E+02	-1.64E+01	-1.79E+01	-1.64E+01	1.68E+01	-1.79E+01	1.68E+01	-1.79E+01	1.68E+01	-1.79E+01	1.68E+01	-1.79E+01	-1.79E+01	1.71E+01	1.68E+01	1.68E+01	-1.79E+01	
group_316	9.81E-02	1.20E-01	4.96E-02	-1.84E-01	5.45E+00	1.47E+00	-1.51E+00	-1.02E+00	-1.11E+00	-1.93E+00	-2.27E+00	-2.67E+00	-2.84E+00	-6.88E-01	-8.81E-01	-9.98E-01	-3.08E+00	1.77E-01	-1.34E+00	-3.67E+00	-9.00E-01	-3.08E+00	-2.90E+00	-2.99E+00	-2.57E+00	-2.57E+00	-2.57E+00	-3.74E-01	-2.57E+00	-3.74E-01	-2.57E+00	-1.91E-01	-2.57E+00	-3.74E-01	-2.57E+00	-2.57E+00	-3.74E-01	-3.74E-01	-3.74E-01	-2.57E+00	matrix-inversion-error
group_2489	9.74E-02	1.03E-01	5.00E-02	-3.94E-01	2.01E-01	1.48E+00	-1.45E+00	-9.13E-01	-1.13E+00	-1.96E+00	-2.30E+00	-2.77E+00	-2.90E+00	-6.71E-01	-6.38E-01	-9.71E-01	-3.38E+00	3.10E-01	-1.48E+00	-1.61E+01	-7.89E-01	-1.46E+02	-1.46E+02	-1.46E+02	-1.79E+01	-1.79E+01	-1.79E+01	1.68E+01	-1.79E+01	1.68E+01	-1.79E+01	1.68E+01	-1.79E+01	1.68E+01	-1.79E+01	-1.79E+01	1.68E+01	1.68E+01	1.68E+01	-1.79E+01	
group_1930	9.74E-02	6.38E-11	7.60E-01	-1.93E-01	6.22E-01	1.47E+00	-1.50E+00	-1.06E+00	-1.12E+00	-1.75E+00	-2.29E+00	-2.75E+00	-2.71E+00	-6.56E-01	-8.61E-01	-9.56E-01	-3.22E+00	3.25E-01	-1.47E+00	-1.60E+01	-6.44E-01	-1.46E+02	-1.46E+02	-1.46E+02	-1.70E+01	-1.79E+01	-1.70E+01	1.68E+01	-1.79E+01	1.68E+01	-1.79E+01	1.68E+01	-1.79E+01	1.68E+01	-1.79E+01	-1.79E+01	1.70E+01	1.68E+01	1.68E+01	-1.79E+01	
group_782	9.74E-02	3.10E-02	6.93E-02	-1.05E-01	5.30E+00	1.47E+00	-1.50E+00	-1.04E+00	-1.11E+00	-1.93E+00	-2.27E+00	-2.69E+00	-2.81E+00	-6.90E-01	-8.97E-01	-1.02E+00	-3.08E+00	8.78E-02	-1.47E+00	-3.66E+00	-9.56E-01	-3.08E+00	-2.97E+00	-3.02E+00	-2.57E+00	-2.57E+00	-2.57E+00	-3.69E-01	-2.57E+00	-3.69E-01	-2.57E+00	-3.69E-01	-2.57E+00	-3.69E-01	-2.57E+00	-2.57E+00	-3.69E-01	-3.69E-01	-3.69E-01	-2.57E+00	matrix-inversion-error
group_720	9.74E-02	6.38E-11	7.60E-01	-1.93E-01	6.22E-01	1.47E+00	-1.50E+00	-1.06E+00	-1.12E+00	-1.75E+00	-2.29E+00	-2.75E+00	-2.71E+00	-6.56E-01	-8.61E-01	-9.56E-01	-3.22E+00	3.25E-01	-1.47E+00	-1.60E+01	-6.44E-01	-1.46E+02	-1.46E+02	-1.46E+02	-1.70E+01	-1.79E+01	-1.70E+01	1.68E+01	-1.79E+01	1.68E+01	-1.79E+01	1.68E+01	-1.79E+01	1.68E+01	-1.79E+01	-1.79E+01	1.70E+01	1.68E+01	1.68E+01	-1.79E+01	
group_458	9.74E-02	6.38E-11	7.60E-01	-1.93E-01	6.22E-01	1.47E+00	-1.50E+00	-1.06E+00	-1.12E+00	-1.75E+00	-2.29E+00	-2.75E+00	-2.71E+00	-6.56E-01	-8.61E-01	-9.56E-01	-3.22E+00	3.25E-01	-1.47E+00	-1.60E+01	-6.44E-01	-1.46E+02	-1.46E+02	-1.46E+02	-1.70E+01	-1.79E+01	-1.70E+01	1.68E+01	-1.79E+01	1.68E+01	-1.79E+01	1.68E+01	-1.79E+01	1.68E+01	-1.79E+01	-1.79E+01	1.70E+01	1.68E+01	1.68E+01	-1.79E+01	
group_1710	9.68E-02	9.61E-01	6.12E-03	7.20E-01	2.66E-01	1.45E+00	-1.49E+00	-1.48E+00	-1.11E+00	-1.92E+00	-2.28E+00	-3.06E+00	-2.86E+00	-6.39E-01	-8.44E-01	-9.39E-01	-3.51E+00	3.42E-01	-1.45E+00	-1.60E+01	-7.57E-01	-1.46E+02	-1.46E+02	-1.46E+02	-2.01E+01	-1.78E+01	-1.78E+01	1.68E+01	-1.78E+01	1.68E+01	-1.78E+01	1.68E+01	-1.78E+01	1.68E+01	-1.78E+01	-1.78E+01	1.68E+01	1.68E+01	1.68E+01	-1.78E+01	
group_1047	9.68E-02	3.09E-05	8.56E-01	-4.59E-02	2.52E-01	1.46E+00	-1.50E+00	-1.04E+00	-1.11E+00	-1.94E+00	-2.28E+00	-2.71E+00	-2.88E+00	-6.54E-01	-8.59E-01	-9.54E-01	-3.40E+00	3.73E-01	-1.46E+00	-1.60E+01	-7.72E-01	-1.46E+02	-1.46E+02	-1.46E+02	-1.79E+01	-1.79E+01	-1.78E+01	1.68E+01	-1.78E+01	1.68E+01	-1.78E+01	1.68E+01	-1.79E+01	1.68E+01	-1.78E+01	-1.79E+01	1.68E+01	1.68E+01	1.68E+01	-1.79E+01	
group_324	9.68E-02	4.07E-01	1.31E-01	-3.16E-01	2.08E-01	1.50E+00	-1.54E+00	-1.03E+00	-1.13E+00	-1.98E+00	-2.32E+00	-2.68E+00	-2.92E+00	-6.79E-01	-8.97E-01	-9.51E-01	-3.45E+00	4.33E-01	-1.50E+00	-1.61E+01	-8.10E-01	-1.46E+02	-1.46E+02	-1.46E+02	-1.80E+01	-1.80E+01	-1.80E+01	1.68E+01	-1.80E+01	1.68E+01	-1.80E+01	1.68E+01	-1.80E+01	1.68E+01	-1.80E+01	-1.80E+01	1.68E+01	1.68E+01	1.68E+01	-1.80E+01	
group_1259	9.61E-02	1.08E-01	1.88E-02	-3.09E-01	5.51E+00	1.49E+00	-1.52E+00	-9.96E-01	-1.11E+00	-1.93E+00	-2.23E+00	-2.73E+00	-2.85E+00	-7.09E-01	-8.79E-01	-1.03E+00	-2.99E+00	1.18E-01	-1.49E+00	-3.68E+00	-9.76E-01	-3.10E+00	-2.95E+00	-2.79E+00	-2.59E+00	-2.59E+00	-2.59E+00	-3.88E-01	-2.59E+00	-3.88E-01	-2.59E+00	-3.88E-01	-2.59E+00	-3.88E-01	-2.59E+00	-2.59E+00	-3.88E-01	-3.88E-01	-3.88E-01	-2.59E+00	matrix-inversion-error
group_996	9.48E-02	4.85E-01	9.00E-01	3.21E-02	2.56E-01	1.46E+00	-1.50E+00	-1.07E+00	-1.11E+00	-1.94E+00	-2.28E+00	-2.75E+00	-2.88E+00	-6.52E-01	-8.87E-01	-9.52E-01	-3.41E+00	3.28E-01	-1.46E+00	-1.60E+01	-7.70E-01	-1.79E+02	-1.46E+02	-1.46E+02	-1.88E+01	-1.79E+01	-1.79E+01	1.68E+01	-1.88E+01	1.68E+01	-1.79E+01	1.68E+01	-1.79E+01	1.68E+01	-1.88E+01	-1.79E+01	1.68E+01	1.68E+01	1.68E+01	-1.79E+01	
group_2789	9.42E-02	7.13E-05	8.68E-01	4.34E-02	2.61E-01	1.46E+00	-1.50E+00	-1.06E+00	-1.12E+00	-1.94E+00	-2.28E+00	-2.78E+00	-2.88E+00	-6.51E-01	-8.59E-01	-9.52E-01	-3.41E+00	2.86E-01	-1.46E+00	-1.60E+01	-7.69E-01	-1.46E+02	-1.47E+02	-1.47E+02	-1.79E+01	-1.79E+01	-1.81E+01	1.68E+01	-1.81E+01	1.68E+01	-1.81E+01	1.68E+01	-1.79E+01	1.68E+01	-1.79E+01	-1.79E+01	1.68E+01	1.68E+01	1.68E+01	-1.79E+01	
group_2553	9.42E-02	5.53E-01	6.98E-01	1.09E-01	2.84E-01	1.45E+00	-1.49E+00	-1.04E+00	-1.10E+00	-1.92E+00	-2.36E+00	-2.74E+00	-2.87E+00	-6.39E-01	-8.44E-01	-9.40E-01	-3.40E+00	3.41E-01	-1.45E+00	-1.60E+01	-7.57E-01	-1.46E+02	-1.46E+02	-1.46E+02	-1.78E+01	-1.78E+01	-1.78E+01	1.68E+01	-1.78E+01	1.68E+01	-1.78E+01	1.68E+01	-1.78E+01	1.68E+01	-1.78E+01	-1.78E+01	1.68E+01	1.68E+01	1.68E+01	-1.78E+01	
group_2024	9.42E-02	3.33E-25	3.32E-02	-2.26E+00	4.86E+00	1.46E+00	-1.49E+00	-1.05E+00	-1.11E+00	-1.83E+00	-2.27E+00	-4.67E-01	-5.75E-01	-6.82E-01	-8.90E-01	-1.01E+00	-3.07E+00	6.17E-03	-1.46E+00	-3.66E+00	-9.49E-01	-8.12E-01	-8.12E-01	-8.12E-01	-3.01E-01	-2.56E+00	-3.01E-01	-3.62E-01	-2.56E+00	-3.62E-01	-2.56E+00	-3.62E-01	-2.56E+00	1.90E+00	-2.56E+00	-3.01E-01	-3.62E-01	-3.62E-01	-3.62E-01	-2.56E+00	matrix-inversion-error
wbnJ	9.42E-02	3.42E-01	8.73E-01	6.03E-02	3.77E-01	1.46E+00	-1.50E+00	-1.06E+00	-1.17E+00	-1.96E+00	-2.28E+00	-2.75E+00	-2.88E+00	-6.53E-01	-8.57E-01	-9.53E-01	-3.41E+00	3.28E-01	-1.46E+00	-1.60E+01	-7.70E-01	-1.46E+02	-1.46E+02	-1.46E+02	-1.79E+01	-1.79E+01	-1.79E+01	1.68E+01	-1.79E+01	1.67E+01	-1.79E+01	1.68E+01	-1.79E+01	1.68E+01	-1.79E+01	-1.79E+01	1.68E+01	1.67E+01	1.68E+01	-1.79E+01	
group_1974	9.42E-02	3.33E-25	3.32E-02	-2.26E+00	4.86E+00	1.46E+00	-1.49E+00	-1.05E+00	-1.11E+00	-1.83E+00	-2.27E+00	-4.67E-01	-5.75E-01	-6.82E-01	-8.90E-01	-1.01E+00	-3.07E+00	6.17E-03	-1.46E+00	-3.66E+00	-9.49E-01	-8.12E-01	-8.12E-01	-8.12E-01	-3.01E-01	-2.56E+00	-3.01E-01	-3.62E-01	-2.56E+00	-3.62E-01	-2.56E+00	-3.62E-01	-2.56E+00	1.90E+00	-2.56E+00	-3.01E-01	-3.62E-01	-3.62E-01	-3.62E-01	-2.56E+00	matrix-inversion-error
glyG	9.42E-02	3.33E-25	3.32E-02	-2.26E+00	4.86E+00	1.46E+00	-1.49E+00	-1.05E+00	-1.11E+00	-1.83E+00	-2.27E+00	-4.67E-01	-5.75E-01	-6.82E-01	-8.90E-01	-1.01E+00	-3.07E+00	6.17E-03	-1.46E+00	-3.66E+00	-9.49E-01	-8.12E-01	-8.12E-01	-8.12E-01	-3.01E-01	-2.56E+00	-3.01E-01	-3.62E-01	-2.56E+00	-3.62E-01	-2.56E+00	-3.62E-01	-2.56E+00	1.90E+00	-2.56E+00	-3.01E-01	-3.62E-01	-3.62E-01	-3.62E-01	-2.56E+00	matrix-inversion-error
glyG_1~~~arnC	9.42E-02	3.33E-25	3.32E-02	-2.26E+00	4.86E+00	1.46E+00	-1.49E+00	-1.05E+00	-1.11E+00	-1.83E+00	-2.27E+00	-4.67E-01	-5.75E-01	-6.82E-01	-8.90E-01	-1.01E+00	-3.07E+00	6.17E-03	-1.46E+00	-3.66E+00	-9.49E-01	-8.12E-01	-8.12E-01	-8.12E-01	-3.01E-01	-2.56E+00	-3.01E-01	-3.62E-01	-2.56E+00	-3.62E-01	-2.56E+00	-3.62E-01	-2.56E+00	1.90E+00	-2.56E+00	-3.01E-01	-3.62E-01	-3.62E-01	-3.62E-01	-2.56E+00	matrix-inversion-error
group_1729	9.42E-02	3.33E-25	3.32E-02	-2.26E+00	4.86E+00	1.46E+00	-1.49E+00	-1.05E+00	-1.11E+00	-1.83E+00	-2.27E+00	-4.67E-01	-5.75E-01	-6.82E-01	-8.90E-01	-1.01E+00	-3.07E+00	6.17E-03	-1.46E+00	-3.66E+00	-9.49E-01	-8.12E-01	-8.12E-01	-8.12E-01	-3.01E-01	-2.56E+00	-3.01E-01	-3.62E-01	-2.56E+00	-3.62E-01	-2.56E+00	-3.62E-01	-2.56E+00	1.90E+00	-2.56E+00	-3.01E-01	-3.62E-01	-3.62E-01	-3.62E-01	-2.56E+00	matrix-inversion-error
group_1682	9.42E-02	3.33E-25	3.32E-02	-2.26E+00	4.86E+00	1.46E+00	-1.49E+00	-1.05E+00	-1.11E+00	-1.83E+00	-2.27E+00	-4.67E-01	-5.75E-01	-6.82E-01	-8.90E-01	-1.01E+00	-3.07E+00	6.17E-03	-1.46E+00	-3.66E+00	-9.49E-01	-8.12E-01	-8.12E-01	-8.12E-01	-3.01E-01	-2.56E+00	-3.01E-01	-3.62E-01	-2.56E+00	-3.62E-01	-2.56E+00	-3.62E-01	-2.56E+00	1.90E+00	-2.56E+00	-3.01E-01	-3.62E-01	-3.62E-01	-3.62E-01	-2.56E+00	matrix-inversion-error
group_761	9.42E-02	7.13E-05	8.68E-01	4.34E-02	2.61E-01	1.46E+00	-1.50E+00	-1.06E+00	-1.12E+00	-1.94E+00	-2.28E+00	-2.78E+00	-2.88E+00	-6.51E-01	-8.59E-01	-9.52E-01	-3.41E+00	2.86E-01	-1.46E+00	-1.60E+01	-7.69E-01	-1.46E+02	-1.47E+02	-1.47E+02	-1.79E+01	-1.79E+01	-1.81E+01	1.68E+01	-1.81E+01	1.68E+01	-1.81E+01	1.68E+01	-1.79E+01	1.68E+01	-1.79E+01	-1.79E+01	1.68E+01	1.68E+01	1.68E+01	-1.79E+01	
group_654	9.42E-02	7.13E-05	8.68E-01	4.34E-02	2.61E-01	1.46E+00	-1.50E+00	-1.06E+00	-1.12E+00	-1.94E+00	-2.28E+00	-2.78E+00	-2.88E+00	-6.51E-01	-8.59E-01	-9.52E-01	-3.41E+00	2.86E-01	-1.46E+00	-1.60E+01	-7.69E-01	-1.46E+02	-1.47E+02	-1.47E+02	-1.79E+01	-1.79E+01	-1.81E+01	1.68E+01	-1.81E+01	1.68E+01	-1.81E+01	1.68E+01	-1.79E+01	1.68E+01	-1.79E+01	-1.79E+01	1.68E+01	1.68E+01	1.68E+01	-1.79E+01	
group_559	9.42E-02	7.13E-05	8.68E-01	4.34E-02	2.61E-01	1.46E+00	-1.50E+00	-1.06E+00	-1.12E+00	-1.94E+00	-2.28E+00	-2.78E+00	-2.88E+00	-6.51E-01	-8.59E-01	-9.52E-01	-3.41E+00	2.86E-01	-1.46E+00	-1.60E+01	-7.69E-01	-1.46E+02	-1.47E+02	-1.47E+02	-1.79E+01	-1.79E+01	-1.81E+01	1.68E+01	-1.81E+01	1.68E+01	-1.81E+01	1.68E+01	-1.79E+01	1.68E+01	-1.79E+01	-1.79E+01	1.68E+01	1.68E+01	1.68E+01	-1.79E+01	
group_374	9.42E-02	9.68E-02	1.85E-02	-3.14E-01	5.44E+00	1.49E+00	-1.52E+00	-9.96E-01	-1.11E+00	-1.93E+00	-2.23E+00	-2.73E+00	-2.85E+00	-7.09E-01	-8.78E-01	-1.03E+00	-2.98E+00	1.21E-01	-1.49E+00	-3.68E+00	-9.76E-01	-3.10E+00	-2.95E+00	-2.78E+00	-2.59E+00	-2.59E+00	-2.59E+00	-3.88E-01	-2.59E+00	-3.88E-01	-2.59E+00	-3.88E-01	-2.59E+00	-3.88E-01	-2.59E+00	-2.59E+00	-3.88E-01	-3.88E-01	-3.88E-01	-2.59E+00	matrix-inversion-error
group_105	9.42E-02	9.68E-02	1.85E-02	-3.14E-01	5.44E+00	1.49E+00	-1.52E+00	-9.96E-01	-1.11E+00	-1.93E+00	-2.23E+00	-2.73E+00	-2.85E+00	-7.09E-01	-8.78E-01	-1.03E+00	-2.98E+00	1.21E-01	-1.49E+00	-3.68E+00	-9.76E-01	-3.10E+00	-2.95E+00	-2.78E+00	-2.59E+00	-2.59E+00	-2.59E+00	-3.88E-01	-2.59E+00	-3.88E-01	-2.59E+00	-3.88E-01	-2.59E+00	-3.88E-01	-2.59E+00	-2.59E+00	-3.88E-01	-3.88E-01	-3.88E-01	-2.59E+00	matrix-inversion-error
nisB_2~~~nisB_1~~~nisB	9.35E-02	2.16E-04	8.82E-01	3.83E-02	2.59E-01	1.46E+00	-1.50E+00	-1.06E+00	-1.12E+00	-1.94E+00	-2.28E+00	-2.78E+00	-2.88E+00	-6.52E-01	-8.59E-01	-9.52E-01	-3.42E+00	2.91E-01	-1.46E+00	-1.60E+01	-7.69E-01	-1.46E+02	-1.46E+02	-1.46E+02	-1.79E+01	-1.79E+01	-1.81E+01	1.68E+01	-1.79E+01	1.68E+01	-1.81E+01	1.68E+01	-1.79E+01	1.68E+01	-1.79E+01	-1.79E+01	1.68E+01	1.68E+01	1.68E+01	-1.79E+01	
group_965	9.35E-02	2.16E-04	8.82E-01	3.83E-02	2.59E-01	1.46E+00	-1.50E+00	-1.06E+00	-1.12E+00	-1.94E+00	-2.28E+00	-2.78E+00	-2.88E+00	-6.52E-01	-8.59E-01	-9.52E-01	-3.42E+00	2.91E-01	-1.46E+00	-1.60E+01	-7.69E-01	-1.46E+02	-1.46E+02	-1.46E+02	-1.79E+01	-1.79E+01	-1.81E+01	1.68E+01	-1.79E+01	1.68E+01	-1.81E+01	1.68E+01	-1.79E+01	1.68E+01	-1.79E+01	-1.79E+01	1.68E+01	1.68E+01	1.68E+01	-1.79E+01	
group_804	9.35E-02	1.55E-03	9.20E-01	2.44E-02	2.42E-01	1.46E+00	-1.50E+00	-1.06E+00	-1.12E+00	-1.94E+00	-2.28E+00	-2.75E+00	-2.90E+00	-6.52E-01	-8.61E-01	-9.52E-01	-3.41E+00	3.29E-01	-1.46E+00	-1.60E+01	-7.69E-01	-1.46E+02	-1.46E+02	-1.46E+02	-1.79E+01	-1.79E+01	-1.79E+01	1.68E+01	-1.79E+01	1.68E+01	-1.79E+01	1.68E+01	-1.80E+01	1.68E+01	-1.79E+01	-1.79E+01	1.68E+01	1.68E+01	1.68E+01	-1.79E+01	
group_796	9.35E-02	1.05E-04	8.24E-01	5.79E-02	2.61E-01	1.46E+00	-1.50E+00	-1.07E+00	-1.12E+00	-1.94E+00	-2.28E+00	-2.79E+00	-2.88E+00	-6.51E-01	-8.59E-01	-9.51E-01	-3.41E+00	2.72E-01	-1.46E+00	-1.60E+01	-7.69E-01	-1.46E+02	-1.47E+02	-1.47E+02	-1.79E+01	-1.79E+01	-1.81E+01	1.68E+01	-1.81E+01	1.68E+01	-1.81E+01	1.68E+01	-1.79E+01	1.68E+01	-1.79E+01	-1.79E+01	1.68E+01	1.68E+01	1.68E+01	-1.79E+01	
nsuA	9.35E-02	2.16E-04	8.82E-01	3.83E-02	2.59E-01	1.46E+00	-1.50E+00	-1.06E+00	-1.12E+00	-1.94E+00	-2.28E+00	-2.78E+00	-2.88E+00	-6.52E-01	-8.59E-01	-9.52E-01	-3.42E+00	2.91E-01	-1.46E+00	-1.60E+01	-7.69E-01	-1.46E+02	-1.46E+02	-1.46E+02	-1.79E+01	-1.79E+01	-1.81E+01	1.68E+01	-1.79E+01	1.68E+01	-1.81E+01	1.68E+01	-1.79E+01	1.68E+01	-1.79E+01	-1.79E+01	1.68E+01	1.68E+01	1.68E+01	-1.79E+01	
noc	9.35E-02	1.05E-04	8.24E-01	5.79E-02	2.61E-01	1.46E+00	-1.50E+00	-1.07E+00	-1.12E+00	-1.94E+00	-2.28E+00	-2.79E+00	-2.88E+00	-6.51E-01	-8.59E-01	-9.51E-01	-3.41E+00	2.72E-01	-1.46E+00	-1.60E+01	-7.69E-01	-1.46E+02	-1.47E+02	-1.47E+02	-1.79E+01	-1.79E+01	-1.81E+01	1.68E+01	-1.81E+01	1.68E+01	-1.81E+01	1.68E+01	-1.79E+01	1.68E+01	-1.79E+01	-1.79E+01	1.68E+01	1.68E+01	1.68E+01	-1.79E+01	
group_519	9.35E-02	1.36E-12	7.73E-01	9.90E-02	3.45E-01	1.46E+00	-1.50E+00	-1.05E+00	-1.12E+00	-1.94E+00	-2.37E+00	-2.80E+00	-2.88E+00	-6.52E-01	-8.56E-01	-9.52E-01	-3.42E+00	3.29E-01	-1.46E+00	-1.60E+01	-7.69E-01	-1.46E+02	-1.46E+02	-1.46E+02	-1.79E+01	-1.79E+01	-1.79E+01	1.68E+01	-1.79E+01	1.68E+01	-1.83E+01	1.68E+01	-1.79E+01	1.68E+01	-1.83E+01	-1.79E+01	1.68E+01	1.68E+01	1.68E+01	-1.79E+01	
group_958	9.29E-02	3.13E-04	6.33E-01	1.26E-01	2.65E-01	1.46E+00	-1.50E+00	-1.08E+00	-1.12E+00	-1.93E+00	-2.28E+00	-2.84E+00	-2.87E+00	-6.49E-01	-8.54E-01	-9.49E-01	-3.44E+00	2.06E-01	-1.46E+00	-1.60E+01	-7.67E-01	-1.46E+02	-1.46E+02	-1.46E+02	-1.79E+01	-1.79E+01	-1.84E+01	1.68E+01	-1.84E+01	1.68E+01	-1.84E+01	1.68E+01	-1.79E+01	1.68E+01	-1.79E+01	-1.79E+01	1.68E+01	1.68E+01	1.68E+01	-1.79E+01	
group_869	9.29E-02	7.42E-05	9.05E-01	3.11E-02	2.61E-01	1.46E+00	-1.50E+00	-1.06E+00	-1.12E+00	-1.94E+00	-2.28E+00	-2.77E+00	-2.88E+00	-6.52E-01	-8.58E-01	-9.52E-01	-3.41E+00	2.98E-01	-1.46E+00	-1.60E+01	-7.70E-01	-1.46E+02	-1.47E+02	-1.47E+02	-1.79E+01	-1.79E+01	-1.81E+01	1.68E+01	-1.81E+01	1.68E+01	-1.81E+01	1.68E+01	-1.79E+01	1.68E+01	-1.79E+01	-1.79E+01	1.68E+01	1.68E+01	1.68E+01	-1.79E+01	
pas_1~~~pas	9.29E-02	4.61E-02	6.16E-02	-3.85E-01	2.05E-01	1.50E+00	-1.54E+00	-1.02E+00	-1.11E+00	-1.94E+00	-2.24E+00	-2.77E+00	-2.90E+00	-6.91E-01	-8.49E-01	-9.92E-01	-3.27E+00	4.11E-01	-1.50E+00	-1.61E+01	-8.09E-01	-1.46E+02	-2.76E+02	-1.46E+02	-1.80E+01	-1.80E+01	-1.80E+01	1.68E+01	-1.80E+01	1.68E+01	-1.80E+01	1.68E+01	-1.80E+01	1.68E+01	-1.59E+01	-1.80E+01	1.68E+01	1.68E+01	1.68E+01	-1.80E+01	
group_952	9.22E-02	4.50E-04	5.23E-01	1.70E-01	2.67E-01	1.46E+00	-1.49E+00	-1.09E+00	-1.12E+00	-1.93E+00	-2.28E+00	-2.88E+00	-2.87E+00	-6.48E-01	-8.53E-01	-9.48E-01	-3.45E+00	1.63E-01	-1.46E+00	-1.60E+01	-7.66E-01	-1.46E+02	-1.46E+02	-1.46E+02	-1.79E+01	-1.79E+01	-1.85E+01	1.68E+01	-1.85E+01	1.68E+01	-1.85E+01	1.68E+01	-1.79E+01	1.68E+01	-1.79E+01	-1.79E+01	1.68E+01	1.68E+01	1.68E+01	-1.79E+01	
group_917	9.22E-02	1.10E-04	5.84E-01	1.70E-01	3.11E-01	1.46E+00	-1.50E+00	-1.06E+00	-1.19E+00	-1.94E+00	-2.44E+00	-2.75E+00	-2.88E+00	-6.59E-01	-8.77E-01	-9.52E-01	-3.41E+00	3.28E-01	-1.46E+00	-1.60E+01	-7.70E-01	-1.46E+02	-1.46E+02	-1.46E+02	-1.79E+01	-1.79E+01	-1.79E+01	1.68E+01	-1.79E+01	1.68E+01	-1.79E+01	1.68E+01	-1.79E+01	1.68E+01	-1.79E+01	-1.79E+01	1.68E+01	1.68E+01	1.68E+01	-1.79E+01	
group_886	9.22E-02	1.10E-04	5.84E-01	1.70E-01	3.11E-01	1.46E+00	-1.50E+00	-1.06E+00	-1.19E+00	-1.94E+00	-2.44E+00	-2.75E+00	-2.88E+00	-6.59E-01	-8.77E-01	-9.52E-01	-3.41E+00	3.28E-01	-1.46E+00	-1.60E+01	-7.70E-01	-1.46E+02	-1.46E+02	-1.46E+02	-1.79E+01	-1.79E+01	-1.79E+01	1.68E+01	-1.79E+01	1.68E+01	-1.79E+01	1.68E+01	-1.79E+01	1.68E+01	-1.79E+01	-1.79E+01	1.68E+01	1.68E+01	1.68E+01	-1.79E+01	
group_132	9.16E-02	5.84E-01	3.80E-02	-2.44E-01	5.08E+00	1.49E+00	-1.53E+00	-1.07E+00	-1.14E+00	-1.96E+00	-2.28E+00	-2.71E+00	-2.85E+00	-7.06E-01	-8.93E-01	-9.49E-01	-3.10E+00	1.50E-01	-1.49E+00	-3.69E+00	-8.99E-01	-3.10E+00	-3.10E+00	-2.99E+00	-2.59E+00	-2.59E+00	-2.59E+00	-3.94E-01	-2.59E+00	-3.94E-01	-2.59E+00	-1.50E-01	-2.59E+00	-3.94E-01	-2.59E+00	-2.59E+00	-3.94E-01	-3.94E-01	-1.50E-01	-2.59E+00	matrix-inversion-error
group_2629	9.09E-02	1.31E-01	3.91E-02	-2.42E-01	5.38E+00	1.48E+00	-1.51E+00	-1.01E+00	-1.11E+00	-1.93E+00	-2.23E+00	-2.73E+00	-2.83E+00	-6.98E-01	-6.78E-01	-1.02E+00	-3.00E+00	-9.86E-03	-1.48E+00	-3.67E+00	-9.65E-01	-3.09E+00	-2.97E+00	-2.97E+00	-2.57E+00	-2.57E+00	-2.57E+00	-3.78E-01	-2.57E+00	-3.78E-01	-2.57E+00	-3.78E-01	-2.57E+00	-3.78E-01	-2.57E+00	-2.57E+00	-3.78E-01	-3.78E-01	-3.78E-01	-2.33E+00	matrix-inversion-error
group_693	9.09E-02	2.50E-01	4.98E-02	-2.02E-01	5.37E+00	1.47E+00	-1.51E+00	-1.02E+00	-1.11E+00	-1.93E+00	-2.24E+00	-2.73E+00	-2.83E+00	-6.96E-01	-7.00E-01	-1.02E+00	-3.01E+00	5.15E-02	-1.47E+00	-3.67E+00	-9.62E-01	-3.08E+00	-2.98E+00	-2.98E+00	-2.57E+00	-2.57E+00	-2.57E+00	-3.75E-01	-2.57E+00	-3.75E-01	-2.57E+00	-3.75E-01	-2.57E+00	-3.75E-01	-2.57E+00	-2.57E+00	-3.75E-01	-3.75E-01	-3.75E-01	-2.37E+00	matrix-inversion-error
group_282	9.03E-02	4.95E-01	6.53E-01	-1.04E-01	2.31E-01	1.48E+00	-1.51E+00	-1.06E+00	-1.12E+00	-1.95E+00	-2.29E+00	-2.71E+00	-2.89E+00	-6.61E-01	-8.45E-01	-9.65E-01	-3.42E+00	3.61E-01	-1.48E+00	-1.61E+01	-7.83E-01	-1.46E+02	-1.46E+02	-1.46E+02	-1.79E+01	-1.79E+01	-1.79E+01	1.68E+01	-1.79E+01	1.68E+01	-1.79E+01	1.68E+01	-1.79E+01	1.68E+01	-1.79E+01	-1.79E+01	1.68E+01	1.68E+01	1.68E+01	-1.75E+01	
group_2889	8.96E-02	1.37E-01	2.44E-01	-3.59E-01	3.11E-01	1.46E+00	-1.50E+00	-8.01E-01	-1.12E+00	-1.93E+00	-2.27E+00	-2.75E+00	-2.83E+00	-6.54E-01	-8.59E-01	-9.54E-01	-3.37E+00	6.86E-01	-1.46E+00	-1.60E+01	-7.72E-01	-5.04E+02	-1.46E+02	-1.46E+02	-1.79E+01	-1.79E+01	-1.79E+01	1.68E+01	-1.79E+01	1.68E+01	-1.79E+01	1.68E+01	-1.79E+01	1.68E+01	-1.79E+01	-1.79E+01	1.68E+01	1.68E+01	1.68E+01	-1.62E+01	
group_307	8.96E-02	2.62E-01	5.28E-02	-1.89E-01	5.32E+00	1.47E+00	-1.51E+00	-1.02E+00	-1.11E+00	-1.93E+00	-2.24E+00	-2.73E+00	-2.83E+00	-6.95E-01	-7.24E-01	-1.02E+00	-3.01E+00	4.83E-02	-1.47E+00	-3.67E+00	-9.61E-01	-3.08E+00	-2.99E+00	-2.99E+00	-2.57E+00	-2.57E+00	-2.57E+00	-3.74E-01	-2.57E+00	-3.74E-01	-2.57E+00	-3.74E-01	-2.57E+00	-3.74E-01	-2.57E+00	-2.57E+00	-3.74E-01	-3.74E-01	-3.74E-01	-2.38E+00	matrix-inversion-error
group_139	8.96E-02	4.48E-01	5.87E-01	-1.26E-01	2.30E-01	1.48E+00	-1.51E+00	-1.06E+00	-1.12E+00	-1.95E+00	-2.29E+00	-2.70E+00	-2.89E+00	-6.64E-01	-8.51E-01	-9.69E-01	-3.43E+00	3.12E-01	-1.48E+00	-1.61E+01	-7.86E-01	-1.46E+02	-1.46E+02	-1.46E+02	-1.79E+01	-1.79E+01	-1.79E+01	1.68E+01	-1.79E+01	1.68E+01	-1.79E+01	1.68E+01	-1.79E+01	1.68E+01	-1.79E+01	-1.79E+01	1.68E+01	1.68E+01	1.68E+01	-1.74E+01	
group_1573	8.90E-02	3.56E-04	8.16E-01	6.23E-02	2.68E-01	1.46E+00	-1.50E+00	-1.07E+00	-1.12E+00	-1.94E+00	-2.28E+00	-2.79E+00	-2.88E+00	-6.51E-01	-8.56E-01	-9.51E-01	-3.41E+00	2.68E-01	-1.46E+00	-1.60E+01	-7.69E-01	-1.46E+02	-1.46E+02	-1.46E+02	-1.79E+01	-1.79E+01	-1.81E+01	1.68E+01	-1.79E+01	1.68E+01	-1.81E+01	1.68E+01	-1.79E+01	1.68E+01	-1.79E+01	-1.79E+01	1.68E+01	1.68E+01	1.68E+01	-1.79E+01	
rep	8.90E-02	3.56E-04	8.16E-01	6.23E-02	2.68E-01	1.46E+00	-1.50E+00	-1.07E+00	-1.12E+00	-1.94E+00	-2.28E+00	-2.79E+00	-2.88E+00	-6.51E-01	-8.56E-01	-9.51E-01	-3.41E+00	2.68E-01	-1.46E+00	-1.60E+01	-7.69E-01	-1.46E+02	-1.46E+02	-1.46E+02	-1.79E+01	-1.79E+01	-1.81E+01	1.68E+01	-1.79E+01	1.68E+01	-1.81E+01	1.68E+01	-1.79E+01	1.68E+01	-1.79E+01	-1.79E+01	1.68E+01	1.68E+01	1.68E+01	-1.79E+01	
group_1109	8.90E-02	1.35E-03	9.09E-01	2.87E-02	2.52E-01	1.46E+00	-1.50E+00	-1.05E+00	-1.12E+00	-1.94E+00	-2.28E+00	-2.75E+00	-2.90E+00	-6.51E-01	-8.60E-01	-9.52E-01	-3.41E+00	3.29E-01	-1.46E+00	-1.60E+01	-7.69E-01	-1.46E+02	-1.46E+02	-1.46E+02	-1.79E+01	-1.79E+01	-1.79E+01	1.68E+01	-1.79E+01	1.68E+01	-1.79E+01	1.68E+01	-1.80E+01	1.68E+01	-1.79E+01	-1.79E+01	1.68E+01	1.68E+01	1.68E+01	-1.79E+01	
recF_2	8.90E-02	3.56E-04	8.16E-01	6.23E-02	2.68E-01	1.46E+00	-1.50E+00	-1.07E+00	-1.12E+00	-1.94E+00	-2.28E+00	-2.79E+00	-2.88E+00	-6.51E-01	-8.56E-01	-9.51E-01	-3.41E+00	2.68E-01	-1.46E+00	-1.60E+01	-7.69E-01	-1.46E+02	-1.46E+02	-1.46E+02	-1.79E+01	-1.79E+01	-1.81E+01	1.68E+01	-1.79E+01	1.68E+01	-1.81E+01	1.68E+01	-1.79E+01	1.68E+01	-1.79E+01	-1.79E+01	1.68E+01	1.68E+01	1.68E+01	-1.79E+01	
group_639	8.90E-02	4.50E-03	5.44E-01	1.57E-01	2.61E-01	1.46E+00	-1.49E+00	-1.08E+00	-1.12E+00	-1.93E+00	-2.28E+00	-2.86E+00	-2.87E+00	-6.46E-01	-8.51E-01	-9.46E-01	-3.40E+00	2.47E-01	-1.46E+00	-1.60E+01	-7.64E-01	-1.46E+02	-1.46E+02	-1.46E+02	-1.79E+01	-1.79E+01	-1.84E+01	1.68E+01	-1.79E+01	1.68E+01	-1.79E+01	1.68E+01	-1.79E+01	1.68E+01	-1.79E+01	-1.79E+01	1.68E+01	1.68E+01	1.68E+01	-1.79E+01	
group_533	8.90E-02	3.56E-04	8.16E-01	6.23E-02	2.68E-01	1.46E+00	-1.50E+00	-1.07E+00	-1.12E+00	-1.94E+00	-2.28E+00	-2.79E+00	-2.88E+00	-6.51E-01	-8.56E-01	-9.51E-01	-3.41E+00	2.68E-01	-1.46E+00	-1.60E+01	-7.69E-01	-1.46E+02	-1.46E+02	-1.46E+02	-1.79E+01	-1.79E+01	-1.81E+01	1.68E+01	-1.79E+01	1.68E+01	-1.81E+01	1.68E+01	-1.79E+01	1.68E+01	-1.79E+01	-1.79E+01	1.68E+01	1.68E+01	1.68E+01	-1.79E+01	
group_1140	8.83E-02	1.05E-02	8.83E-02	-3.59E-01	2.11E-01	1.46E+00	-1.43E+00	-9.07E-01	-1.09E+00	-1.94E+00	-2.28E+00	-2.75E+00	-2.88E+00	-6.53E-01	-6.42E-01	-9.53E-01	-3.37E+00	3.28E-01	-1.46E+00	-1.60E+01	-7.70E-01	-1.46E+02	-1.46E+02	-1.10E+02	-1.79E+01	-1.79E+01	-1.79E+01	1.68E+01	-1.79E+01	1.68E+01	-1.79E+01	1.68E+01	-1.79E+01	1.68E+01	-1.79E+01	-1.79E+01	1.68E+01	1.68E+01	1.68E+01	-1.79E+01	
group_2594	8.77E-02	2.30E-02	1.25E-01	5.71E-01	3.80E-01	1.46E+00	-1.50E+00	-1.20E+00	-1.11E+00	-2.51E+00	-2.28E+00	-2.75E+00	-2.88E+00	-6.53E-01	-8.57E-01	-9.53E-01	-3.41E+00	1.12E-01	-1.46E+00	-1.60E+01	-1.34E+00	-1.46E+02	-1.46E+02	-1.46E+02	-1.79E+01	-1.79E+01	-1.79E+01	1.68E+01	-1.79E+01	1.68E+01	-1.79E+01	1.68E+01	-1.79E+01	1.68E+01	-1.79E+01	-1.79E+01	1.62E+01	1.68E+01	1.68E+01	-1.79E+01	
group_2494	8.77E-02	2.30E-02	1.25E-01	5.71E-01	3.80E-01	1.46E+00	-1.50E+00	-1.20E+00	-1.11E+00	-2.51E+00	-2.28E+00	-2.75E+00	-2.88E+00	-6.53E-01	-8.57E-01	-9.53E-01	-3.41E+00	1.12E-01	-1.46E+00	-1.60E+01	-1.34E+00	-1.46E+02	-1.46E+02	-1.46E+02	-1.79E+01	-1.79E+01	-1.79E+01	1.68E+01	-1.79E+01	1.68E+01	-1.79E+01	1.68E+01	-1.79E+01	1.68E+01	-1.79E+01	-1.79E+01	1.62E+01	1.68E+01	1.68E+01	-1.79E+01	
group_2043	8.77E-02	2.30E-02	1.25E-01	5.71E-01	3.80E-01	1.46E+00	-1.50E+00	-1.20E+00	-1.11E+00	-2.51E+00	-2.28E+00	-2.75E+00	-2.88E+00	-6.53E-01	-8.57E-01	-9.53E-01	-3.41E+00	1.12E-01	-1.46E+00	-1.60E+01	-1.34E+00	-1.46E+02	-1.46E+02	-1.46E+02	-1.79E+01	-1.79E+01	-1.79E+01	1.68E+01	-1.79E+01	1.68E+01	-1.79E+01	1.68E+01	-1.79E+01	1.68E+01	-1.79E+01	-1.79E+01	1.62E+01	1.68E+01	1.68E+01	-1.79E+01	
group_1734	8.77E-02	3.72E-04	8.22E-01	1.11E-01	4.96E-01	1.46E+00	-1.50E+00	-1.06E+00	-1.12E+00	-2.05E+00	-2.28E+00	-2.75E+00	-2.88E+00	-6.53E-01	-9.68E-01	-9.53E-01	-3.49E+00	3.28E-01	-1.57E+00	-1.60E+01	-8.81E-01	-1.46E+02	-1.46E+02	-1.46E+02	-1.79E+01	-1.79E+01	-1.79E+01	1.68E+01	-1.79E+01	1.68E+01	-1.79E+01	1.67E+01	-1.81E+01	1.68E+01	-1.79E+01	-1.79E+01	1.67E+01	1.68E+01	1.68E+01	-1.79E+01	
yydH	8.70E-02	2.63E-08	5.22E-01	1.66E-01	2.62E-01	1.43E+00	-1.46E+00	-1.02E+00	-1.08E+00	-1.90E+00	-2.25E+00	-2.71E+00	-2.84E+00	-6.19E-01	-8.23E-01	-1.06E+00	-3.38E+00	3.62E-01	-1.43E+00	-1.60E+01	-7.36E-01	-1.46E+02	-1.46E+02	-1.46E+02	-1.77E+01	-1.77E+01	-1.77E+01	1.68E+01	-1.77E+01	1.68E+01	-1.77E+01	1.68E+01	-1.77E+01	1.68E+01	-1.77E+01	-1.77E+01	1.68E+01	1.68E+01	1.68E+01	-1.77E+01	
group_1984	8.70E-02	2.63E-08	5.22E-01	1.66E-01	2.62E-01	1.43E+00	-1.46E+00	-1.02E+00	-1.08E+00	-1.90E+00	-2.25E+00	-2.71E+00	-2.84E+00	-6.19E-01	-8.23E-01	-1.06E+00	-3.38E+00	3.62E-01	-1.43E+00	-1.60E+01	-7.36E-01	-1.46E+02	-1.46E+02	-1.46E+02	-1.77E+01	-1.77E+01	-1.77E+01	1.68E+01	-1.77E+01	1.68E+01	-1.77E+01	1.68E+01	-1.77E+01	1.68E+01	-1.77E+01	-1.77E+01	1.68E+01	1.68E+01	1.68E+01	-1.77E+01	
group_961	8.70E-02	4.68E-02	5.48E-02	5.07E-01	2.68E-01	1.46E+00	-1.50E+00	-1.21E+00	-1.24E+00	-1.94E+00	-2.28E+00	-2.75E+00	-3.38E+00	-6.50E-01	-8.83E-01	-9.51E-01	-3.41E+00	3.30E-01	-1.46E+00	-1.60E+01	-7.68E-01	-1.46E+02	-1.46E+02	-1.46E+02	-1.79E+01	-1.79E+01	-1.79E+01	1.68E+01	-1.79E+01	1.68E+01	-1.79E+01	1.68E+01	-1.79E+01	1.68E+01	-1.79E+01	-1.79E+01	1.68E+01	1.68E+01	1.68E+01	-1.79E+01	
group_797	8.70E-02	1.28E-04	6.43E-01	1.28E-01	2.78E-01	1.46E+00	-1.50E+00	-1.07E+00	-1.12E+00	-1.93E+00	-2.28E+00	-2.84E+00	-2.87E+00	-6.49E-01	-8.54E-01	-9.49E-01	-3.41E+00	2.03E-01	-1.46E+00	-1.60E+01	-7.67E-01	-1.46E+02	-1.47E+02	-1.47E+02	-1.79E+01	-1.79E+01	-1.84E+01	1.68E+01	-1.84E+01	1.68E+01	-1.79E+01	1.68E+01	-1.79E+01	1.68E+01	-1.79E+01	-1.79E+01	1.68E+01	1.68E+01	1.68E+01	-1.79E+01	
group_751	8.70E-02	2.63E-08	5.22E-01	1.66E-01	2.62E-01	1.43E+00	-1.46E+00	-1.02E+00	-1.08E+00	-1.90E+00	-2.25E+00	-2.71E+00	-2.84E+00	-6.19E-01	-8.23E-01	-1.06E+00	-3.38E+00	3.62E-01	-1.43E+00	-1.60E+01	-7.36E-01	-1.46E+02	-1.46E+02	-1.46E+02	-1.77E+01	-1.77E+01	-1.77E+01	1.68E+01	-1.77E+01	1.68E+01	-1.77E+01	1.68E+01	-1.77E+01	1.68E+01	-1.77E+01	-1.77E+01	1.68E+01	1.68E+01	1.68E+01	-1.77E+01	
group_2753	8.64E-02	1.89E-04	2.92E-05	-1.11E+00	2.76E-01	1.46E+00	-1.42E+00	-7.05E-01	-1.11E+00	-1.86E+00	-2.28E+00	-2.75E+00	-2.86E+00	4.57E-01	1.45E-01	1.57E-01	-3.41E+00	3.28E-01	-1.46E+00	-1.60E+01	-7.70E-01	-1.90E+01	-1.46E+02	-1.46E+02	-1.79E+01	-1.50E+01	-1.79E+01	1.68E+01	-1.79E+01	1.68E+01	-1.79E+01	1.68E+01	-1.79E+01	1.68E+01	-1.50E+01	-1.50E+01	1.68E+01	1.68E+01	1.68E+01	-1.79E+01	
group_2695	8.64E-02	4.38E-01	2.10E-02	5.53E-01	2.40E-01	1.46E+00	-1.76E+00	-1.05E+00	-1.11E+00	-1.94E+00	-2.28E+00	-2.75E+00	-2.88E+00	-6.53E-01	-8.57E-01	-9.53E-01	-3.41E+00	3.28E-01	-1.46E+00	-1.60E+01	-7.70E-01	-1.46E+02	-1.46E+02	-1.46E+02	-1.79E+01	-1.79E+01	-1.79E+01	1.68E+01	-1.79E+01	1.68E+01	-1.79E+01	1.68E+01	-1.79E+01	1.68E+01	-1.79E+01	-1.79E+01	1.68E+01	1.68E+01	1.68E+01	-1.79E+01	
mtrR~~~slmA	8.64E-02	4.38E-01	2.10E-02	5.53E-01	2.40E-01	1.46E+00	-1.76E+00	-1.05E+00	-1.11E+00	-1.94E+00	-2.28E+00	-2.75E+00	-2.88E+00	-6.53E-01	-8.57E-01	-9.53E-01	-3.41E+00	3.28E-01	-1.46E+00	-1.60E+01	-7.70E-01	-1.46E+02	-1.46E+02	-1.46E+02	-1.79E+01	-1.79E+01	-1.79E+01	1.68E+01	-1.79E+01	1.68E+01	-1.79E+01	1.68E+01	-1.79E+01	1.68E+01	-1.79E+01	-1.79E+01	1.68E+01	1.68E+01	1.68E+01	-1.79E+01	
group_1993	8.64E-02	4.38E-01	2.10E-02	5.53E-01	2.40E-01	1.46E+00	-1.76E+00	-1.05E+00	-1.11E+00	-1.94E+00	-2.28E+00	-2.75E+00	-2.88E+00	-6.53E-01	-8.57E-01	-9.53E-01	-3.41E+00	3.28E-01	-1.46E+00	-1.60E+01	-7.70E-01	-1.46E+02	-1.46E+02	-1.46E+02	-1.79E+01	-1.79E+01	-1.79E+01	1.68E+01	-1.79E+01	1.68E+01	-1.79E+01	1.68E+01	-1.79E+01	1.68E+01	-1.79E+01	-1.79E+01	1.68E+01	1.68E+01	1.68E+01	-1.79E+01	
group_1904	8.64E-02	1.89E-04	2.92E-05	-1.11E+00	2.76E-01	1.46E+00	-1.42E+00	-7.05E-01	-1.11E+00	-1.86E+00	-2.28E+00	-2.75E+00	-2.86E+00	4.57E-01	1.45E-01	1.57E-01	-3.41E+00	3.28E-01	-1.46E+00	-1.60E+01	-7.70E-01	-1.90E+01	-1.46E+02	-1.46E+02	-1.79E+01	-1.50E+01	-1.79E+01	1.68E+01	-1.79E+01	1.68E+01	-1.79E+01	1.68E+01	-1.79E+01	1.68E+01	-1.50E+01	-1.50E+01	1.68E+01	1.68E+01	1.68E+01	-1.79E+01	
ecsA_1	8.64E-02	4.38E-01	2.10E-02	5.53E-01	2.40E-01	1.46E+00	-1.76E+00	-1.05E+00	-1.11E+00	-1.94E+00	-2.28E+00	-2.75E+00	-2.88E+00	-6.53E-01	-8.57E-01	-9.53E-01	-3.41E+00	3.28E-01	-1.46E+00	-1.60E+01	-7.70E-01	-1.46E+02	-1.46E+02	-1.46E+02	-1.79E+01	-1.79E+01	-1.79E+01	1.68E+01	-1.79E+01	1.68E+01	-1.79E+01	1.68E+01	-1.79E+01	1.68E+01	-1.79E+01	-1.79E+01	1.68E+01	1.68E+01	1.68E+01	-1.79E+01	
group_1284	8.64E-02	4.38E-01	2.10E-02	5.53E-01	2.40E-01	1.46E+00	-1.76E+00	-1.05E+00	-1.11E+00	-1.94E+00	-2.28E+00	-2.75E+00	-2.88E+00	-6.53E-01	-8.57E-01	-9.53E-01	-3.41E+00	3.28E-01	-1.46E+00	-1.60E+01	-7.70E-01	-1.46E+02	-1.46E+02	-1.46E+02	-1.79E+01	-1.79E+01	-1.79E+01	1.68E+01	-1.79E+01	1.68E+01	-1.79E+01	1.68E+01	-1.79E+01	1.68E+01	-1.79E+01	-1.79E+01	1.68E+01	1.68E+01	1.68E+01	-1.79E+01	
group_759	8.64E-02	1.29E-06	5.52E-01	-1.71E-01	2.87E-01	1.46E+00	-1.49E+00	-1.04E+00	-1.07E+00	-1.94E+00	-2.12E+00	-2.75E+00	-2.88E+00	-6.46E-01	-8.37E-01	-9.53E-01	-3.41E+00	3.28E-01	-1.46E+00	-1.60E+01	-7.71E-01	-1.46E+02	-1.46E+02	-1.46E+02	-1.79E+01	-1.79E+01	-1.79E+01	1.68E+01	-1.79E+01	1.68E+01	-1.79E+01	1.68E+01	-1.79E+01	1.68E+01	-1.79E+01	-1.79E+01	1.68E+01	1.68E+01	1.68E+01	-1.79E+01	
group_659	8.64E-02	4.38E-01	2.10E-02	5.53E-01	2.40E-01	1.46E+00	-1.76E+00	-1.05E+00	-1.11E+00	-1.94E+00	-2.28E+00	-2.75E+00	-2.88E+00	-6.53E-01	-8.57E-01	-9.53E-01	-3.41E+00	3.28E-01	-1.46E+00	-1.60E+01	-7.70E-01	-1.46E+02	-1.46E+02	-1.46E+02	-1.79E+01	-1.79E+01	-1.79E+01	1.68E+01	-1.79E+01	1.68E+01	-1.79E+01	1.68E+01	-1.79E+01	1.68E+01	-1.79E+01	-1.79E+01	1.68E+01	1.68E+01	1.68E+01	-1.79E+01	
group_556	8.64E-02	1.29E-06	5.52E-01	-1.71E-01	2.87E-01	1.46E+00	-1.49E+00	-1.04E+00	-1.07E+00	-1.94E+00	-2.12E+00	-2.75E+00	-2.88E+00	-6.46E-01	-8.37E-01	-9.53E-01	-3.41E+00	3.28E-01	-1.46E+00	-1.60E+01	-7.71E-01	-1.46E+02	-1.46E+02	-1.46E+02	-1.79E+01	-1.79E+01	-1.79E+01	1.68E+01	-1.79E+01	1.68E+01	-1.79E+01	1.68E+01	-1.79E+01	1.68E+01	-1.79E+01	-1.79E+01	1.68E+01	1.68E+01	1.68E+01	-1.79E+01	
group_555	8.64E-02	1.29E-06	5.52E-01	-1.71E-01	2.87E-01	1.46E+00	-1.49E+00	-1.04E+00	-1.07E+00	-1.94E+00	-2.12E+00	-2.75E+00	-2.88E+00	-6.46E-01	-8.37E-01	-9.53E-01	-3.41E+00	3.28E-01	-1.46E+00	-1.60E+01	-7.71E-01	-1.46E+02	-1.46E+02	-1.46E+02	-1.79E+01	-1.79E+01	-1.79E+01	1.68E+01	-1.79E+01	1.68E+01	-1.79E+01	1.68E+01	-1.79E+01	1.68E+01	-1.79E+01	-1.79E+01	1.68E+01	1.68E+01	1.68E+01	-1.79E+01	
group_471	8.64E-02	4.38E-01	2.10E-02	5.53E-01	2.40E-01	1.46E+00	-1.76E+00	-1.05E+00	-1.11E+00	-1.94E+00	-2.28E+00	-2.75E+00	-2.88E+00	-6.53E-01	-8.57E-01	-9.53E-01	-3.41E+00	3.28E-01	-1.46E+00	-1.60E+01	-7.70E-01	-1.46E+02	-1.46E+02	-1.46E+02	-1.79E+01	-1.79E+01	-1.79E+01	1.68E+01	-1.79E+01	1.68E+01	-1.79E+01	1.68E+01	-1.79E+01	1.68E+01	-1.79E+01	-1.79E+01	1.68E+01	1.68E+01	1.68E+01	-1.79E+01	
group_108	8.64E-02	1.29E-06	5.52E-01	-1.71E-01	2.87E-01	1.46E+00	-1.49E+00	-1.04E+00	-1.07E+00	-1.94E+00	-2.12E+00	-2.75E+00	-2.88E+00	-6.46E-01	-8.37E-01	-9.53E-01	-3.41E+00	3.28E-01	-1.46E+00	-1.60E+01	-7.71E-01	-1.46E+02	-1.46E+02	-1.46E+02	-1.79E+01	-1.79E+01	-1.79E+01	1.68E+01	-1.79E+01	1.68E+01	-1.79E+01	1.68E+01	-1.79E+01	1.68E+01	-1.79E+01	-1.79E+01	1.68E+01	1.68E+01	1.68E+01	-1.79E+01	
group_35	8.64E-02	1.29E-06	6.64E-01	-1.35E-01	3.10E-01	1.46E+00	-1.50E+00	-1.04E+00	-1.07E+00	-1.94E+00	-2.16E+00	-2.75E+00	-2.88E+00	-6.53E-01	-8.41E-01	-9.53E-01	-3.41E+00	3.28E-01	-1.46E+00	-1.60E+01	-7.70E-01	-1.46E+02	-1.46E+02	-1.46E+02	-1.79E+01	-1.79E+01	-1.79E+01	1.68E+01	-1.79E+01	1.68E+01	-1.79E+01	1.68E+01	-1.79E+01	1.68E+01	-1.79E+01	-1.79E+01	1.68E+01	1.68E+01	1.68E+01	-1.79E+01	
group_27	8.64E-02	1.29E-06	5.52E-01	-1.71E-01	2.87E-01	1.46E+00	-1.49E+00	-1.04E+00	-1.07E+00	-1.94E+00	-2.12E+00	-2.75E+00	-2.88E+00	-6.46E-01	-8.37E-01	-9.53E-01	-3.41E+00	3.28E-01	-1.46E+00	-1.60E+01	-7.71E-01	-1.46E+02	-1.46E+02	-1.46E+02	-1.79E+01	-1.79E+01	-1.79E+01	1.68E+01	-1.79E+01	1.68E+01	-1.79E+01	1.68E+01	-1.79E+01	1.68E+01	-1.79E+01	-1.79E+01	1.68E+01	1.68E+01	1.68E+01	-1.79E+01	
group_1062	8.57E-02	5.04E-01	1.52E-02	5.81E-01	2.41E-01	1.46E+00	-1.77E+00	-1.05E+00	-1.11E+00	-1.94E+00	-2.28E+00	-2.75E+00	-2.88E+00	-6.53E-01	-8.57E-01	-9.53E-01	-3.41E+00	3.28E-01	-1.46E+00	-1.60E+01	-7.70E-01	-1.46E+02	-1.46E+02	-1.46E+02	-1.79E+01	-1.79E+01	-1.79E+01	1.68E+01	-1.79E+01	1.68E+01	-1.79E+01	1.68E+01	-1.79E+01	1.68E+01	-1.79E+01	-1.79E+01	1.68E+01	1.68E+01	1.68E+01	-1.79E+01	
group_1788	8.51E-02	5.76E-01	9.83E-01	-2.66E-02	1.28E+00	1.46E+00	-1.50E+00	-1.05E+00	-1.09E+00	-1.94E+00	-2.28E+00	-2.75E+00	-2.88E+00	-6.53E-01	-8.32E-01	-9.53E-01	-3.40E+00	3.28E-01	-1.46E+00	-1.60E+01	-7.70E-01	-1.46E+02	-1.61E+02	-1.45E+02	-1.79E+01	-1.82E+01	-1.79E+01	1.68E+01	-1.79E+01	1.68E+01	-1.79E+01	1.68E+01	-1.82E+01	1.68E+01	-1.79E+01	-1.82E+01	1.68E+01	1.68E+01	1.68E+01	-1.79E+01	
group_1756	8.51E-02	4.56E-01	1.70E-02	3.60E-01	5.57E+00	1.46E+00	-1.61E+00	-1.07E+00	-1.11E+00	-1.93E+00	-2.29E+00	-2.72E+00	-2.85E+00	-9.00E-01	-9.10E-01	-1.28E+00	-3.07E+00	6.17E-03	-1.46E+00	-3.76E+00	-9.49E-01	-3.07E+00	-3.07E+00	-3.07E+00	-2.56E+00	-2.56E+00	-2.56E+00	-3.62E-01	-2.56E+00	-3.62E-01	-2.56E+00	-3.62E-01	-2.56E+00	-3.62E-01	-2.56E+00	-2.56E+00	-3.62E-01	-3.62E-01	-3.62E-01	-2.92E+00	matrix-inversion-error
group_470	8.51E-02	4.06E-02	1.90E-01	-2.68E-01	2.04E-01	1.48E+00	-1.48E+00	-1.05E+00	-1.04E+00	-1.93E+00	-2.28E+00	-2.75E+00	-2.87E+00	-6.66E-01	-8.54E-01	-9.32E-01	-3.42E+00	3.15E-01	-1.41E+00	-2.50E+01	-6.92E-01	-1.46E+02	-1.46E+02	-1.46E+02	-1.79E+01	-1.79E+01	-1.79E+01	1.68E+01	-1.79E+01	1.68E+01	-1.79E+01	1.68E+01	-1.79E+01	1.68E+01	-1.69E+01	-1.79E+01	1.68E+01	1.68E+01	1.68E+01	-1.79E+01	
group_233	8.51E-02	9.26E-05	4.35E-01	2.73E-01	3.51E-01	1.46E+00	-1.50E+00	-1.05E+00	-1.24E+00	-1.94E+00	-2.54E+00	-2.75E+00	-2.88E+00	-6.63E-01	-8.73E-01	-9.53E-01	-3.41E+00	3.28E-01	-1.46E+00	-1.60E+01	-7.70E-01	-1.46E+02	-1.46E+02	-1.46E+02	-1.79E+01	-1.79E+01	-1.79E+01	1.68E+01	-1.79E+01	1.68E+01	-1.79E+01	1.68E+01	-1.79E+01	1.68E+01	-1.79E+01	-1.79E+01	1.68E+01	1.68E+01	1.68E+01	-1.79E+01	
group_658	8.44E-02	5.19E-02	2.77E-01	-2.23E-01	2.05E-01	1.47E+00	-1.48E+00	-1.05E+00	-1.05E+00	-1.93E+00	-2.28E+00	-2.75E+00	-2.87E+00	-6.63E-01	-8.68E-01	-9.35E-01	-3.42E+00	3.17E-01	-1.42E+00	-3.17E+01	-7.81E-01	-1.46E+02	-1.46E+02	-1.46E+02	-1.79E+01	-1.79E+01	-1.79E+01	1.68E+01	-1.79E+01	1.68E+01	-1.79E+01	1.68E+01	-1.79E+01	1.68E+01	-1.71E+01	-1.79E+01	1.68E+01	1.68E+01	1.68E+01	-1.79E+01	
group_286	8.44E-02	3.31E-02	1.86E-01	-2.71E-01	2.05E-01	1.48E+00	-1.48E+00	-1.05E+00	-1.04E+00	-1.93E+00	-2.28E+00	-2.75E+00	-2.86E+00	-6.66E-01	-8.54E-01	-9.31E-01	-3.42E+00	3.15E-01	-1.48E+00	-2.47E+01	-7.84E-01	-1.46E+02	-1.46E+02	-1.46E+02	-1.79E+01	-1.79E+01	-1.79E+01	1.68E+01	-1.79E+01	1.68E+01	-1.79E+01	1.68E+01	-1.79E+01	1.68E+01	-1.68E+01	-1.79E+01	1.68E+01	1.68E+01	1.68E+01	-1.79E+01	
group_1465	8.38E-02	2.76E-01	4.14E-01	-1.71E-01	2.09E-01	1.47E+00	-1.50E+00	-1.05E+00	-1.06E+00	-1.93E+00	-2.26E+00	-2.76E+00	-2.89E+00	-6.63E-01	-8.57E-01	-9.63E-01	-3.42E+00	3.18E-01	-1.47E+00	-1.61E+01	-7.80E-01	-1.46E+02	-1.46E+02	-1.46E+02	-1.79E+01	-1.79E+01	-1.79E+01	1.68E+01	-1.79E+01	1.68E+01	-1.79E+01	1.68E+01	-1.79E+01	1.68E+01	-1.73E+01	-1.79E+01	1.68E+01	1.68E+01	1.68E+01	-1.79E+01	
group_1038	8.38E-02	4.27E-02	2.03E-01	-2.80E-01	2.20E-01	1.46E+00	-1.45E+00	-9.39E-01	-1.11E+00	-1.94E+00	-2.28E+00	-2.75E+00	-2.88E+00	-6.53E-01	-6.57E-01	-9.53E-01	-3.38E+00	3.28E-01	-1.46E+00	-1.60E+01	-7.70E-01	-1.46E+02	-1.46E+02	-1.46E+02	-1.79E+01	-1.79E+01	-1.79E+01	1.68E+01	-1.79E+01	1.68E+01	-1.79E+01	1.68E+01	-1.79E+01	1.68E+01	-1.79E+01	-1.79E+01	1.68E+01	1.68E+01	1.68E+01	-1.79E+01	
group_734	8.38E-02	3.31E-06	7.15E-01	-1.07E-01	2.92E-01	1.46E+00	-1.50E+00	-1.04E+00	-1.09E+00	-1.94E+00	-2.18E+00	-2.75E+00	-2.88E+00	-6.49E-01	-8.38E-01	-9.53E-01	-3.41E+00	3.28E-01	-1.46E+00	-1.60E+01	-7.71E-01	-1.46E+02	-1.46E+02	-1.46E+02	-1.79E+01	-1.79E+01	-1.79E+01	1.68E+01	-1.79E+01	1.68E+01	-1.79E+01	1.68E+01	-1.79E+01	1.68E+01	-1.79E+01	-1.79E+01	1.68E+01	1.68E+01	1.68E+01	-1.79E+01	
group_421	8.38E-02	1.63E-02	2.67E-02	-5.04E-01	2.27E-01	1.49E+00	-1.53E+00	-9.58E-01	-1.10E+00	-1.93E+00	-2.24E+00	-2.76E+00	-2.89E+00	-6.83E-01	-4.11E-01	-9.83E-01	-3.21E+00	4.61E-01	-1.49E+00	-1.61E+01	-8.01E-01	-1.46E+02	-1.46E+02	-1.46E+02	-1.80E+01	-1.80E+01	-1.80E+01	1.68E+01	-1.80E+01	1.68E+01	-1.80E+01	1.68E+01	-1.80E+01	1.68E+01	-1.80E+01	-1.80E+01	1.68E+01	1.68E+01	1.68E+01	-1.39E+01	
group_92	8.38E-02	2.76E-01	4.14E-01	-1.71E-01	2.09E-01	1.47E+00	-1.50E+00	-1.05E+00	-1.06E+00	-1.93E+00	-2.26E+00	-2.76E+00	-2.89E+00	-6.63E-01	-8.57E-01	-9.63E-01	-3.42E+00	3.18E-01	-1.47E+00	-1.61E+01	-7.80E-01	-1.46E+02	-1.46E+02	-1.46E+02	-1.79E+01	-1.79E+01	-1.79E+01	1.68E+01	-1.79E+01	1.68E+01	-1.79E+01	1.68E+01	-1.79E+01	1.68E+01	-1.73E+01	-1.79E+01	1.68E+01	1.68E+01	1.68E+01	-1.79E+01	
group_2373	8.25E-02	1.72E-02	1.00E-01	-3.61E-01	2.20E-01	1.46E+00	-1.43E+00	-9.06E-01	-1.11E+00	-1.94E+00	-2.28E+00	-2.75E+00	-2.88E+00	-6.53E-01	-6.41E-01	-9.53E-01	-3.37E+00	3.28E-01	-1.46E+00	-1.60E+01	-7.70E-01	-1.46E+02	-1.46E+02	-1.46E+02	-1.79E+01	-1.79E+01	-1.79E+01	1.68E+01	-1.79E+01	1.68E+01	-1.79E+01	1.68E+01	-1.79E+01	1.68E+01	-1.79E+01	-1.79E+01	1.68E+01	1.68E+01	1.68E+01	-1.79E+01	
group_867	8.25E-02	4.94E-01	9.75E-01	2.47E-02	7.96E-01	1.46E+00	-1.50E+00	-1.05E+00	-1.14E+00	-1.94E+00	-2.28E+00	-2.75E+00	-2.88E+00	-6.53E-01	-8.79E-01	-9.53E-01	-3.41E+00	3.28E-01	-1.46E+00	-1.60E+01	-7.70E-01	-1.46E+02	-1.46E+02	-1.46E+02	-1.79E+01	-1.74E+01	-1.79E+01	1.68E+01	-1.79E+01	1.68E+01	-1.79E+01	1.68E+01	-1.79E+01	1.68E+01	-1.79E+01	-1.74E+01	1.68E+01	1.68E+01	1.68E+01	-1.79E+01	
group_573	8.25E-02	1.32E-06	5.05E-01	-2.04E-01	3.05E-01	1.46E+00	-1.50E+00	-1.03E+00	-1.07E+00	-1.94E+00	-2.09E+00	-2.75E+00	-2.88E+00	-6.45E-01	-8.21E-01	-9.53E-01	-3.41E+00	3.28E-01	-1.46E+00	-1.60E+01	-7.71E-01	-1.46E+02	-1.46E+02	-1.46E+02	-1.79E+01	-1.79E+01	-1.79E+01	1.68E+01	-1.79E+01	1.68E+01	-1.79E+01	1.68E+01	-1.79E+01	1.68E+01	-1.79E+01	-1.79E+01	1.68E+01	1.68E+01	1.68E+01	-1.79E+01	
group_1545	8.18E-02	2.13E-06	7.91E-01	-8.07E-02	3.04E-01	1.46E+00	-1.50E+00	-1.05E+00	-1.10E+00	-1.94E+00	-2.21E+00	-2.75E+00	-2.88E+00	-6.53E-01	-8.53E-01	-9.53E-01	-3.41E+00	3.28E-01	-1.46E+00	-1.60E+01	-7.71E-01	-1.46E+02	-1.46E+02	-1.46E+02	-1.79E+01	-1.79E+01	-1.79E+01	1.68E+01	-1.79E+01	1.68E+01	-1.79E+01	1.68E+01	-1.79E+01	1.68E+01	-1.79E+01	-1.79E+01	1.68E+01	1.68E+01	1.68E+01	-1.79E+01	
group_1155	8.18E-02	5.66E-01	5.83E-01	4.66E-01	8.48E-01	1.46E+00	-1.50E+00	-1.05E+00	-1.56E+00	-1.94E+00	-2.28E+00	-2.75E+00	-2.88E+00	-6.53E-01	-1.27E+00	-9.53E-01	-3.41E+00	3.28E-01	-1.46E+00	-1.60E+01	-7.70E-01	-1.46E+02	-1.46E+02	-1.46E+02	-1.79E+01	-1.87E+01	-1.79E+01	1.63E+01	-1.79E+01	1.68E+01	-1.79E+01	1.68E+01	-1.79E+01	1.63E+01	-1.79E+01	-1.87E+01	1.68E+01	1.68E+01	1.63E+01	-1.79E+01	
group_1019	8.18E-02	1.36E-02	7.80E-02	-3.88E-01	2.21E-01	1.46E+00	-1.43E+00	-8.95E-01	-1.11E+00	-1.94E+00	-2.28E+00	-2.75E+00	-2.88E+00	-6.53E-01	-6.24E-01	-9.53E-01	-3.37E+00	3.28E-01	-1.46E+00	-1.60E+01	-7.70E-01	-1.46E+02	-1.46E+02	-1.46E+02	-1.79E+01	-1.79E+01	-1.79E+01	1.68E+01	-1.79E+01	1.68E+01	-1.79E+01	1.68E+01	-1.79E+01	1.68E+01	-1.79E+01	-1.79E+01	1.68E+01	1.68E+01	1.68E+01	-1.79E+01	
group_2495	8.05E-02	1.19E-04	2.69E-02	5.80E-01	2.72E-01	1.40E+00	-1.44E+00	-9.90E-01	-1.23E+00	-1.87E+00	-2.24E+00	-2.68E+00	-2.81E+00	-5.90E-01	-7.95E-01	-8.90E-01	-3.35E+00	3.91E-01	-1.40E+00	-1.60E+01	-7.08E-01	-1.47E+02	-1.47E+02	-1.47E+02	-1.76E+01	-1.98E+01	-1.76E+01	1.63E+01	-1.76E+01	1.69E+01	-1.76E+01	1.69E+01	-1.76E+01	1.69E+01	-1.76E+01	-1.98E+01	1.69E+01	1.69E+01	1.63E+01	-1.76E+01	
group_2048	8.05E-02	1.19E-04	2.69E-02	5.80E-01	2.72E-01	1.40E+00	-1.44E+00	-9.90E-01	-1.23E+00	-1.87E+00	-2.24E+00	-2.68E+00	-2.81E+00	-5.90E-01	-7.95E-01	-8.90E-01	-3.35E+00	3.91E-01	-1.40E+00	-1.60E+01	-7.08E-01	-1.47E+02	-1.47E+02	-1.47E+02	-1.76E+01	-1.98E+01	-1.76E+01	1.63E+01	-1.76E+01	1.69E+01	-1.76E+01	1.69E+01	-1.76E+01	1.69E+01	-1.76E+01	-1.98E+01	1.69E+01	1.69E+01	1.63E+01	-1.76E+01	
group_660	7.99E-02	1.95E-01	4.13E-02	2.48E-01	4.81E+00	1.44E+00	-1.48E+00	-1.09E+00	-1.13E+00	-1.91E+00	-2.26E+00	-2.72E+00	-2.84E+00	-6.75E-01	-9.30E-01	-9.91E-01	-3.05E+00	2.35E-02	-1.63E+00	-3.77E+00	-1.01E+00	-3.05E+00	-3.30E+00	-3.18E+00	-2.54E+00	-2.54E+00	-2.54E+00	-3.44E-01	-2.54E+00	-3.44E-01	-2.54E+00	-5.93E-01	-2.54E+00	-3.44E-01	-2.54E+00	-2.54E+00	-3.44E-01	-3.44E-01	-5.93E-01	-2.54E+00	matrix-inversion-error
group_472	7.99E-02	1.95E-01	4.13E-02	2.48E-01	4.81E+00	1.44E+00	-1.48E+00	-1.09E+00	-1.13E+00	-1.91E+00	-2.26E+00	-2.72E+00	-2.84E+00	-6.75E-01	-9.30E-01	-9.91E-01	-3.05E+00	2.35E-02	-1.63E+00	-3.77E+00	-1.01E+00	-3.05E+00	-3.30E+00	-3.18E+00	-2.54E+00	-2.54E+00	-2.54E+00	-3.44E-01	-2.54E+00	-3.44E-01	-2.54E+00	-5.93E-01	-2.54E+00	-3.44E-01	-2.54E+00	-2.54E+00	-3.44E-01	-3.44E-01	-5.93E-01	-2.54E+00	matrix-inversion-error
group_481	7.92E-02	1.57E-01	4.13E-02	2.48E-01	4.80E+00	1.44E+00	-1.48E+00	-1.09E+00	-1.13E+00	-1.91E+00	-2.26E+00	-2.72E+00	-2.84E+00	-6.75E-01	-9.30E-01	-9.91E-01	-3.05E+00	2.35E-02	-1.63E+00	-3.71E+00	-1.01E+00	-3.05E+00	-3.30E+00	-3.18E+00	-2.54E+00	-2.54E+00	-2.54E+00	-3.44E-01	-2.54E+00	-3.44E-01	-2.54E+00	-5.93E-01	-2.54E+00	-3.44E-01	-2.54E+00	-2.54E+00	-3.44E-01	-3.44E-01	-5.93E-01	-2.54E+00	matrix-inversion-error
group_2660	7.86E-02	1.25E-01	3.42E-02	2.82E-01	4.75E+00	1.44E+00	-1.48E+00	-1.09E+00	-1.13E+00	-1.91E+00	-2.26E+00	-2.72E+00	-2.85E+00	-6.74E-01	-9.36E-01	-9.89E-01	-3.05E+00	2.55E-02	-1.65E+00	-3.71E+00	-1.02E+00	-3.05E+00	-3.33E+00	-3.20E+00	-2.54E+00	-2.54E+00	-2.54E+00	-3.42E-01	-2.54E+00	-3.42E-01	-2.54E+00	-6.25E-01	-2.54E+00	-3.42E-01	-2.54E+00	-2.54E+00	-3.42E-01	-3.42E-01	-6.25E-01	-2.54E+00	matrix-inversion-error
group_3630	7.79E-02	3.24E-05	9.63E-01	-1.22E-02	2.61E-01	1.46E+00	-1.50E+00	-1.05E+00	-1.11E+00	-1.93E+00	-2.28E+00	-2.75E+00	-2.88E+00	-6.53E-01	-8.57E-01	-9.53E-01	-3.40E+00	3.28E-01	-1.46E+00	-1.60E+01	-7.66E-01	-1.46E+02	-1.46E+02	-1.46E+02	-1.79E+01	-1.78E+01	-1.79E+01	1.68E+01	-1.79E+01	1.68E+01	-1.79E+01	1.68E+01	-1.79E+01	1.68E+01	-1.79E+01	-1.79E+01	1.68E+01	1.68E+01	1.68E+01	-1.79E+01	
group_2475	7.79E-02	1.05E-07	2.36E-01	-3.85E-01	3.24E-01	1.46E+00	-1.49E+00	-1.03E+00	-1.03E+00	-1.93E+00	-1.92E+00	-2.75E+00	-2.88E+00	-6.53E-01	-8.10E-01	-9.53E-01	-3.41E+00	3.28E-01	-1.46E+00	-1.60E+01	-7.70E-01	-1.46E+02	-1.46E+02	-1.46E+02	-1.79E+01	-1.79E+01	-1.79E+01	1.68E+01	-1.79E+01	1.68E+01	-1.79E+01	1.68E+01	-1.79E+01	1.68E+01	-1.79E+01	-1.79E+01	1.68E+01	1.68E+01	1.68E+01	-1.79E+01	
group_2365	7.79E-02	2.91E-01	5.54E-02	-1.82E-01	4.93E+00	1.47E+00	-1.51E+00	-1.02E+00	-1.11E+00	-1.93E+00	-2.25E+00	-2.72E+00	-2.84E+00	-6.94E-01	-8.91E-01	-1.02E+00	-3.01E+00	4.65E-02	-1.47E+00	-3.67E+00	-9.61E-01	-3.08E+00	-2.99E+00	-2.99E+00	-2.57E+00	-2.57E+00	-2.57E+00	-3.73E-01	-2.57E+00	-3.73E-01	-2.57E+00	-3.73E-01	-2.57E+00	-3.73E-01	-2.57E+00	-2.57E+00	-3.73E-01	-3.73E-01	-3.73E-01	-2.57E+00	matrix-inversion-error
group_1821	7.79E-02	2.11E-01	7.01E-02	-1.51E-01	4.78E+00	1.47E+00	-1.50E+00	-1.04E+00	-1.11E+00	-1.93E+00	-2.27E+00	-2.68E+00	-2.84E+00	-6.92E-01	-8.99E-01	-1.02E+00	-3.08E+00	1.26E-01	-1.47E+00	-3.67E+00	-9.59E-01	-3.08E+00	-2.93E+00	-3.00E+00	-2.57E+00	-2.57E+00	-2.57E+00	-3.71E-01	-2.57E+00	-3.71E-01	-2.57E+00	-3.71E-01	-2.57E+00	-3.71E-01	-2.57E+00	-2.57E+00	-3.71E-01	-3.71E-01	-3.71E-01	-2.57E+00	matrix-inversion-error
group_1700	7.79E-02	2.91E-01	5.54E-02	-1.82E-01	4.93E+00	1.47E+00	-1.51E+00	-1.02E+00	-1.11E+00	-1.93E+00	-2.25E+00	-2.72E+00	-2.84E+00	-6.94E-01	-8.91E-01	-1.02E+00	-3.01E+00	4.65E-02	-1.47E+00	-3.67E+00	-9.61E-01	-3.08E+00	-2.99E+00	-2.99E+00	-2.57E+00	-2.57E+00	-2.57E+00	-3.73E-01	-2.57E+00	-3.73E-01	-2.57E+00	-3.73E-01	-2.57E+00	-3.73E-01	-2.57E+00	-2.57E+00	-3.73E-01	-3.73E-01	-3.73E-01	-2.57E+00	matrix-inversion-error
group_302	7.79E-02	3.51E-04	8.06E-01	7.87E-02	3.22E-01	1.46E+00	-1.50E+00	-1.05E+00	-1.11E+00	-1.93E+00	-2.35E+00	-2.75E+00	-2.88E+00	-6.49E-01	-8.54E-01	-9.50E-01	-3.41E+00	3.20E-01	-1.46E+00	-1.60E+01	-7.67E-01	-1.46E+02	-1.46E+02	-1.46E+02	-1.79E+01	-1.79E+01	-1.79E+01	1.68E+01	-1.82E+01	1.67E+01	-1.79E+01	1.68E+01	-1.79E+01	1.68E+01	-1.79E+01	-1.79E+01	1.68E+01	1.68E+01	1.68E+01	-1.82E+01	
group_283	7.79E-02	6.71E-02	7.84E-02	-1.52E-01	4.59E+00	1.47E+00	-1.51E+00	-1.06E+00	-1.12E+00	-1.93E+00	-2.26E+00	-2.66E+00	-2.85E+00	-6.94E-01	-8.66E-01	-1.02E+00	-3.08E+00	7.93E-02	-1.47E+00	-3.67E+00	-9.11E-01	-3.08E+00	-3.08E+00	-3.01E+00	-2.57E+00	-2.57E+00	-2.57E+00	-3.73E-01	-2.57E+00	-3.73E-01	-2.57E+00	-3.73E-01	-2.57E+00	-3.73E-01	-2.57E+00	-2.57E+00	-3.73E-01	-3.73E-01	-2.21E-01	-2.57E+00	matrix-inversion-error
group_154	7.79E-02	2.91E-01	5.54E-02	-1.82E-01	4.93E+00	1.47E+00	-1.51E+00	-1.02E+00	-1.11E+00	-1.93E+00	-2.25E+00	-2.72E+00	-2.84E+00	-6.94E-01	-8.91E-01	-1.02E+00	-3.01E+00	4.65E-02	-1.47E+00	-3.67E+00	-9.61E-01	-3.08E+00	-2.99E+00	-2.99E+00	-2.57E+00	-2.57E+00	-2.57E+00	-3.73E-01	-2.57E+00	-3.73E-01	-2.57E+00	-3.73E-01	-2.57E+00	-3.73E-01	-2.57E+00	-2.57E+00	-3.73E-01	-3.73E-01	-3.73E-01	-2.57E+00	matrix-inversion-error
lexA~~~lexA_1	7.73E-02	5.00E-05	8.75E-01	3.81E-02	2.42E-01	1.46E+00	-1.50E+00	-1.05E+00	-1.11E+00	-1.94E+00	-2.28E+00	-2.77E+00	-2.89E+00	-6.55E-01	-8.59E-01	-9.56E-01	-3.41E+00	3.18E-01	-1.46E+00	-1.59E+01	-7.69E-01	-1.46E+02	-1.46E+02	-1.86E+02	-1.78E+01	-1.78E+01	-1.78E+01	1.68E+01	-1.78E+01	1.68E+01	-1.78E+01	1.68E+01	-1.78E+01	1.68E+01	-1.78E+01	-1.78E+01	1.68E+01	1.68E+01	1.68E+01	-1.78E+01	
group_2840	7.66E-02	7.35E-01	3.38E-03	-6.58E-01	2.20E-01	1.56E+00	-1.59E+00	-9.81E-01	-1.17E+00	-2.03E+00	-2.37E+00	-2.84E+00	-2.97E+00	-7.45E-01	-9.50E-01	-1.05E+00	-3.50E+00	2.36E-01	-1.56E+00	-1.61E+01	-8.63E-01	-1.47E+02	-1.46E+02	-1.47E+02	-1.83E+01	-1.83E+01	-1.83E+01	1.74E+01	-1.83E+01	1.67E+01	-1.83E+01	1.67E+01	-1.83E+01	1.67E+01	-1.83E+01	-1.83E+01	1.67E+01	1.67E+01	1.67E+01	-1.83E+01	
group_2839	7.66E-02	7.35E-01	3.38E-03	-6.58E-01	2.20E-01	1.56E+00	-1.59E+00	-9.81E-01	-1.17E+00	-2.03E+00	-2.37E+00	-2.84E+00	-2.97E+00	-7.45E-01	-9.50E-01	-1.05E+00	-3.50E+00	2.36E-01	-1.56E+00	-1.61E+01	-8.63E-01	-1.47E+02	-1.46E+02	-1.47E+02	-1.83E+01	-1.83E+01	-1.83E+01	1.74E+01	-1.83E+01	1.67E+01	-1.83E+01	1.67E+01	-1.83E+01	1.67E+01	-1.83E+01	-1.83E+01	1.67E+01	1.67E+01	1.67E+01	-1.83E+01	
group_2827	7.66E-02	7.35E-01	3.38E-03	-6.58E-01	2.20E-01	1.56E+00	-1.59E+00	-9.81E-01	-1.17E+00	-2.03E+00	-2.37E+00	-2.84E+00	-2.97E+00	-7.45E-01	-9.50E-01	-1.05E+00	-3.50E+00	2.36E-01	-1.56E+00	-1.61E+01	-8.63E-01	-1.47E+02	-1.46E+02	-1.47E+02	-1.83E+01	-1.83E+01	-1.83E+01	1.74E+01	-1.83E+01	1.67E+01	-1.83E+01	1.67E+01	-1.83E+01	1.67E+01	-1.83E+01	-1.83E+01	1.67E+01	1.67E+01	1.67E+01	-1.83E+01	
group_2826	7.66E-02	7.35E-01	3.38E-03	-6.58E-01	2.20E-01	1.56E+00	-1.59E+00	-9.81E-01	-1.17E+00	-2.03E+00	-2.37E+00	-2.84E+00	-2.97E+00	-7.45E-01	-9.50E-01	-1.05E+00	-3.50E+00	2.36E-01	-1.56E+00	-1.61E+01	-8.63E-01	-1.47E+02	-1.46E+02	-1.47E+02	-1.83E+01	-1.83E+01	-1.83E+01	1.74E+01	-1.83E+01	1.67E+01	-1.83E+01	1.67E+01	-1.83E+01	1.67E+01	-1.83E+01	-1.83E+01	1.67E+01	1.67E+01	1.67E+01	-1.83E+01	
group_2813	7.66E-02	7.35E-01	3.38E-03	-6.58E-01	2.20E-01	1.56E+00	-1.59E+00	-9.81E-01	-1.17E+00	-2.03E+00	-2.37E+00	-2.84E+00	-2.97E+00	-7.45E-01	-9.50E-01	-1.05E+00	-3.50E+00	2.36E-01	-1.56E+00	-1.61E+01	-8.63E-01	-1.47E+02	-1.46E+02	-1.47E+02	-1.83E+01	-1.83E+01	-1.83E+01	1.74E+01	-1.83E+01	1.67E+01	-1.83E+01	1.67E+01	-1.83E+01	1.67E+01	-1.83E+01	-1.83E+01	1.67E+01	1.67E+01	1.67E+01	-1.83E+01	
group_2737	7.66E-02	7.35E-01	3.38E-03	-6.58E-01	2.20E-01	1.56E+00	-1.59E+00	-9.81E-01	-1.17E+00	-2.03E+00	-2.37E+00	-2.84E+00	-2.97E+00	-7.45E-01	-9.50E-01	-1.05E+00	-3.50E+00	2.36E-01	-1.56E+00	-1.61E+01	-8.63E-01	-1.47E+02	-1.46E+02	-1.47E+02	-1.83E+01	-1.83E+01	-1.83E+01	1.74E+01	-1.83E+01	1.67E+01	-1.83E+01	1.67E+01	-1.83E+01	1.67E+01	-1.83E+01	-1.83E+01	1.67E+01	1.67E+01	1.67E+01	-1.83E+01	
group_2690	7.66E-02	7.35E-01	3.38E-03	-6.58E-01	2.20E-01	1.56E+00	-1.59E+00	-9.81E-01	-1.17E+00	-2.03E+00	-2.37E+00	-2.84E+00	-2.97E+00	-7.45E-01	-9.50E-01	-1.05E+00	-3.50E+00	2.36E-01	-1.56E+00	-1.61E+01	-8.63E-01	-1.47E+02	-1.46E+02	-1.47E+02	-1.83E+01	-1.83E+01	-1.83E+01	1.74E+01	-1.83E+01	1.67E+01	-1.83E+01	1.67E+01	-1.83E+01	1.67E+01	-1.83E+01	-1.83E+01	1.67E+01	1.67E+01	1.67E+01	-1.83E+01	
group_2633	7.66E-02	3.32E-05	7.42E-01	2.00E+00	5.02E+00	1.46E+00	-1.50E+00	-1.05E+00	-1.11E+00	-1.93E+00	-4.27E+00	-2.72E+00	-2.83E+00	-2.56E+00	-8.90E-01	-3.01E+00	-3.07E+00	6.17E-03	-1.46E+00	-3.66E+00	-9.49E-01	-3.07E+00	-3.07E+00	-3.07E+00	-2.56E+00	-2.56E+00	-2.56E+00	-3.62E-01	-2.56E+00	-3.62E-01	-2.56E+00	-3.62E-01	-2.56E+00	-3.62E-01	-2.56E+00	-2.56E+00	-3.62E-01	-3.62E-01	-3.62E-01	-2.56E+00	high-bse
group_2567	7.66E-02	7.35E-01	3.38E-03	-6.58E-01	2.20E-01	1.56E+00	-1.59E+00	-9.81E-01	-1.17E+00	-2.03E+00	-2.37E+00	-2.84E+00	-2.97E+00	-7.45E-01	-9.50E-01	-1.05E+00	-3.50E+00	2.36E-01	-1.56E+00	-1.61E+01	-8.63E-01	-1.47E+02	-1.46E+02	-1.47E+02	-1.83E+01	-1.83E+01	-1.83E+01	1.74E+01	-1.83E+01	1.67E+01	-1.83E+01	1.67E+01	-1.83E+01	1.67E+01	-1.83E+01	-1.83E+01	1.67E+01	1.67E+01	1.67E+01	-1.83E+01	
glyG_2~~~glyG_1	7.66E-02	3.32E-05	7.42E-01	2.00E+00	5.02E+00	1.46E+00	-1.50E+00	-1.05E+00	-1.11E+00	-1.93E+00	-4.27E+00	-2.72E+00	-2.83E+00	-2.56E+00	-8.90E-01	-3.01E+00	-3.07E+00	6.17E-03	-1.46E+00	-3.66E+00	-9.49E-01	-3.07E+00	-3.07E+00	-3.07E+00	-2.56E+00	-2.56E+00	-2.56E+00	-3.62E-01	-2.56E+00	-3.62E-01	-2.56E+00	-3.62E-01	-2.56E+00	-3.62E-01	-2.56E+00	-2.56E+00	-3.62E-01	-3.62E-01	-3.62E-01	-2.56E+00	high-bse
group_2242	7.66E-02	7.35E-01	3.38E-03	-6.58E-01	2.20E-01	1.56E+00	-1.59E+00	-9.81E-01	-1.17E+00	-2.03E+00	-2.37E+00	-2.84E+00	-2.97E+00	-7.45E-01	-9.50E-01	-1.05E+00	-3.50E+00	2.36E-01	-1.56E+00	-1.61E+01	-8.63E-01	-1.47E+02	-1.46E+02	-1.47E+02	-1.83E+01	-1.83E+01	-1.83E+01	1.74E+01	-1.83E+01	1.67E+01	-1.83E+01	1.67E+01	-1.83E+01	1.67E+01	-1.83E+01	-1.83E+01	1.67E+01	1.67E+01	1.67E+01	-1.83E+01	
group_2161	7.66E-02	7.35E-01	3.38E-03	-6.58E-01	2.20E-01	1.56E+00	-1.59E+00	-9.81E-01	-1.17E+00	-2.03E+00	-2.37E+00	-2.84E+00	-2.97E+00	-7.45E-01	-9.50E-01	-1.05E+00	-3.50E+00	2.36E-01	-1.56E+00	-1.61E+01	-8.63E-01	-1.47E+02	-1.46E+02	-1.47E+02	-1.83E+01	-1.83E+01	-1.83E+01	1.74E+01	-1.83E+01	1.67E+01	-1.83E+01	1.67E+01	-1.83E+01	1.67E+01	-1.83E+01	-1.83E+01	1.67E+01	1.67E+01	1.67E+01	-1.83E+01	
group_2154	7.66E-02	7.35E-01	3.38E-03	-6.58E-01	2.20E-01	1.56E+00	-1.59E+00	-9.81E-01	-1.17E+00	-2.03E+00	-2.37E+00	-2.84E+00	-2.97E+00	-7.45E-01	-9.50E-01	-1.05E+00	-3.50E+00	2.36E-01	-1.56E+00	-1.61E+01	-8.63E-01	-1.47E+02	-1.46E+02	-1.47E+02	-1.83E+01	-1.83E+01	-1.83E+01	1.74E+01	-1.83E+01	1.67E+01	-1.83E+01	1.67E+01	-1.83E+01	1.67E+01	-1.83E+01	-1.83E+01	1.67E+01	1.67E+01	1.67E+01	-1.83E+01	
group_1992	7.66E-02	7.35E-01	3.38E-03	-6.58E-01	2.20E-01	1.56E+00	-1.59E+00	-9.81E-01	-1.17E+00	-2.03E+00	-2.37E+00	-2.84E+00	-2.97E+00	-7.45E-01	-9.50E-01	-1.05E+00	-3.50E+00	2.36E-01	-1.56E+00	-1.61E+01	-8.63E-01	-1.47E+02	-1.46E+02	-1.47E+02	-1.83E+01	-1.83E+01	-1.83E+01	1.74E+01	-1.83E+01	1.67E+01	-1.83E+01	1.67E+01	-1.83E+01	1.67E+01	-1.83E+01	-1.83E+01	1.67E+01	1.67E+01	1.67E+01	-1.83E+01	
group_1959	7.66E-02	7.35E-01	3.38E-03	-6.58E-01	2.20E-01	1.56E+00	-1.59E+00	-9.81E-01	-1.17E+00	-2.03E+00	-2.37E+00	-2.84E+00	-2.97E+00	-7.45E-01	-9.50E-01	-1.05E+00	-3.50E+00	2.36E-01	-1.56E+00	-1.61E+01	-8.63E-01	-1.47E+02	-1.46E+02	-1.47E+02	-1.83E+01	-1.83E+01	-1.83E+01	1.74E+01	-1.83E+01	1.67E+01	-1.83E+01	1.67E+01	-1.83E+01	1.67E+01	-1.83E+01	-1.83E+01	1.67E+01	1.67E+01	1.67E+01	-1.83E+01	
group_1954	7.66E-02	7.35E-01	3.38E-03	-6.58E-01	2.20E-01	1.56E+00	-1.59E+00	-9.81E-01	-1.17E+00	-2.03E+00	-2.37E+00	-2.84E+00	-2.97E+00	-7.45E-01	-9.50E-01	-1.05E+00	-3.50E+00	2.36E-01	-1.56E+00	-1.61E+01	-8.63E-01	-1.47E+02	-1.46E+02	-1.47E+02	-1.83E+01	-1.83E+01	-1.83E+01	1.74E+01	-1.83E+01	1.67E+01	-1.83E+01	1.67E+01	-1.83E+01	1.67E+01	-1.83E+01	-1.83E+01	1.67E+01	1.67E+01	1.67E+01	-1.83E+01	
group_1869	7.66E-02	3.32E-05	7.42E-01	2.00E+00	5.02E+00	1.46E+00	-1.50E+00	-1.05E+00	-1.11E+00	-1.93E+00	-4.27E+00	-2.72E+00	-2.83E+00	-2.56E+00	-8.90E-01	-3.01E+00	-3.07E+00	6.17E-03	-1.46E+00	-3.66E+00	-9.49E-01	-3.07E+00	-3.07E+00	-3.07E+00	-2.56E+00	-2.56E+00	-2.56E+00	-3.62E-01	-2.56E+00	-3.62E-01	-2.56E+00	-3.62E-01	-2.56E+00	-3.62E-01	-2.56E+00	-2.56E+00	-3.62E-01	-3.62E-01	-3.62E-01	-2.56E+00	high-bse
group_1657	7.66E-02	7.35E-01	3.38E-03	-6.58E-01	2.20E-01	1.56E+00	-1.59E+00	-9.81E-01	-1.17E+00	-2.03E+00	-2.37E+00	-2.84E+00	-2.97E+00	-7.45E-01	-9.50E-01	-1.05E+00	-3.50E+00	2.36E-01	-1.56E+00	-1.61E+01	-8.63E-01	-1.47E+02	-1.46E+02	-1.47E+02	-1.83E+01	-1.83E+01	-1.83E+01	1.74E+01	-1.83E+01	1.67E+01	-1.83E+01	1.67E+01	-1.83E+01	1.67E+01	-1.83E+01	-1.83E+01	1.67E+01	1.67E+01	1.67E+01	-1.83E+01	
group_1645	7.66E-02	7.35E-01	3.38E-03	-6.58E-01	2.20E-01	1.56E+00	-1.59E+00	-9.81E-01	-1.17E+00	-2.03E+00	-2.37E+00	-2.84E+00	-2.97E+00	-7.45E-01	-9.50E-01	-1.05E+00	-3.50E+00	2.36E-01	-1.56E+00	-1.61E+01	-8.63E-01	-1.47E+02	-1.46E+02	-1.47E+02	-1.83E+01	-1.83E+01	-1.83E+01	1.74E+01	-1.83E+01	1.67E+01	-1.83E+01	1.67E+01	-1.83E+01	1.67E+01	-1.83E+01	-1.83E+01	1.67E+01	1.67E+01	1.67E+01	-1.83E+01	
group_1637	7.66E-02	7.35E-01	3.38E-03	-6.58E-01	2.20E-01	1.56E+00	-1.59E+00	-9.81E-01	-1.17E+00	-2.03E+00	-2.37E+00	-2.84E+00	-2.97E+00	-7.45E-01	-9.50E-01	-1.05E+00	-3.50E+00	2.36E-01	-1.56E+00	-1.61E+01	-8.63E-01	-1.47E+02	-1.46E+02	-1.47E+02	-1.83E+01	-1.83E+01	-1.83E+01	1.74E+01	-1.83E+01	1.67E+01	-1.83E+01	1.67E+01	-1.83E+01	1.67E+01	-1.83E+01	-1.83E+01	1.67E+01	1.67E+01	1.67E+01	-1.83E+01	
group_1617	7.66E-02	7.35E-01	3.38E-03	-6.58E-01	2.20E-01	1.56E+00	-1.59E+00	-9.81E-01	-1.17E+00	-2.03E+00	-2.37E+00	-2.84E+00	-2.97E+00	-7.45E-01	-9.50E-01	-1.05E+00	-3.50E+00	2.36E-01	-1.56E+00	-1.61E+01	-8.63E-01	-1.47E+02	-1.46E+02	-1.47E+02	-1.83E+01	-1.83E+01	-1.83E+01	1.74E+01	-1.83E+01	1.67E+01	-1.83E+01	1.67E+01	-1.83E+01	1.67E+01	-1.83E+01	-1.83E+01	1.67E+01	1.67E+01	1.67E+01	-1.83E+01	
group_1542	7.66E-02	7.35E-01	3.38E-03	-6.58E-01	2.20E-01	1.56E+00	-1.59E+00	-9.81E-01	-1.17E+00	-2.03E+00	-2.37E+00	-2.84E+00	-2.97E+00	-7.45E-01	-9.50E-01	-1.05E+00	-3.50E+00	2.36E-01	-1.56E+00	-1.61E+01	-8.63E-01	-1.47E+02	-1.46E+02	-1.47E+02	-1.83E+01	-1.83E+01	-1.83E+01	1.74E+01	-1.83E+01	1.67E+01	-1.83E+01	1.67E+01	-1.83E+01	1.67E+01	-1.83E+01	-1.83E+01	1.67E+01	1.67E+01	1.67E+01	-1.83E+01	
group_1490	7.66E-02	7.35E-01	3.38E-03	-6.58E-01	2.20E-01	1.56E+00	-1.59E+00	-9.81E-01	-1.17E+00	-2.03E+00	-2.37E+00	-2.84E+00	-2.97E+00	-7.45E-01	-9.50E-01	-1.05E+00	-3.50E+00	2.36E-01	-1.56E+00	-1.61E+01	-8.63E-01	-1.47E+02	-1.46E+02	-1.47E+02	-1.83E+01	-1.83E+01	-1.83E+01	1.74E+01	-1.83E+01	1.67E+01	-1.83E+01	1.67E+01	-1.83E+01	1.67E+01	-1.83E+01	-1.83E+01	1.67E+01	1.67E+01	1.67E+01	-1.83E+01	
group_1451	7.66E-02	7.35E-01	3.38E-03	-6.58E-01	2.20E-01	1.56E+00	-1.59E+00	-9.81E-01	-1.17E+00	-2.03E+00	-2.37E+00	-2.84E+00	-2.97E+00	-7.45E-01	-9.50E-01	-1.05E+00	-3.50E+00	2.36E-01	-1.56E+00	-1.61E+01	-8.63E-01	-1.47E+02	-1.46E+02	-1.47E+02	-1.83E+01	-1.83E+01	-1.83E+01	1.74E+01	-1.83E+01	1.67E+01	-1.83E+01	1.67E+01	-1.83E+01	1.67E+01	-1.83E+01	-1.83E+01	1.67E+01	1.67E+01	1.67E+01	-1.83E+01	
dnaC_1	7.66E-02	7.35E-01	3.38E-03	-6.58E-01	2.20E-01	1.56E+00	-1.59E+00	-9.81E-01	-1.17E+00	-2.03E+00	-2.37E+00	-2.84E+00	-2.97E+00	-7.45E-01	-9.50E-01	-1.05E+00	-3.50E+00	2.36E-01	-1.56E+00	-1.61E+01	-8.63E-01	-1.47E+02	-1.46E+02	-1.47E+02	-1.83E+01	-1.83E+01	-1.83E+01	1.74E+01	-1.83E+01	1.67E+01	-1.83E+01	1.67E+01	-1.83E+01	1.67E+01	-1.83E+01	-1.83E+01	1.67E+01	1.67E+01	1.67E+01	-1.83E+01	
group_1247	7.66E-02	7.35E-01	3.38E-03	-6.58E-01	2.20E-01	1.56E+00	-1.59E+00	-9.81E-01	-1.17E+00	-2.03E+00	-2.37E+00	-2.84E+00	-2.97E+00	-7.45E-01	-9.50E-01	-1.05E+00	-3.50E+00	2.36E-01	-1.56E+00	-1.61E+01	-8.63E-01	-1.47E+02	-1.46E+02	-1.47E+02	-1.83E+01	-1.83E+01	-1.83E+01	1.74E+01	-1.83E+01	1.67E+01	-1.83E+01	1.67E+01	-1.83E+01	1.67E+01	-1.83E+01	-1.83E+01	1.67E+01	1.67E+01	1.67E+01	-1.83E+01	
group_1246	7.66E-02	7.35E-01	3.38E-03	-6.58E-01	2.20E-01	1.56E+00	-1.59E+00	-9.81E-01	-1.17E+00	-2.03E+00	-2.37E+00	-2.84E+00	-2.97E+00	-7.45E-01	-9.50E-01	-1.05E+00	-3.50E+00	2.36E-01	-1.56E+00	-1.61E+01	-8.63E-01	-1.47E+02	-1.46E+02	-1.47E+02	-1.83E+01	-1.83E+01	-1.83E+01	1.74E+01	-1.83E+01	1.67E+01	-1.83E+01	1.67E+01	-1.83E+01	1.67E+01	-1.83E+01	-1.83E+01	1.67E+01	1.67E+01	1.67E+01	-1.83E+01	
group_974	7.66E-02	7.35E-01	3.38E-03	-6.58E-01	2.20E-01	1.56E+00	-1.59E+00	-9.81E-01	-1.17E+00	-2.03E+00	-2.37E+00	-2.84E+00	-2.97E+00	-7.45E-01	-9.50E-01	-1.05E+00	-3.50E+00	2.36E-01	-1.56E+00	-1.61E+01	-8.63E-01	-1.47E+02	-1.46E+02	-1.47E+02	-1.83E+01	-1.83E+01	-1.83E+01	1.74E+01	-1.83E+01	1.67E+01	-1.83E+01	1.67E+01	-1.83E+01	1.67E+01	-1.83E+01	-1.83E+01	1.67E+01	1.67E+01	1.67E+01	-1.83E+01	
group_719	7.66E-02	7.35E-01	3.38E-03	-6.58E-01	2.20E-01	1.56E+00	-1.59E+00	-9.81E-01	-1.17E+00	-2.03E+00	-2.37E+00	-2.84E+00	-2.97E+00	-7.45E-01	-9.50E-01	-1.05E+00	-3.50E+00	2.36E-01	-1.56E+00	-1.61E+01	-8.63E-01	-1.47E+02	-1.46E+02	-1.47E+02	-1.83E+01	-1.83E+01	-1.83E+01	1.74E+01	-1.83E+01	1.67E+01	-1.83E+01	1.67E+01	-1.83E+01	1.67E+01	-1.83E+01	-1.83E+01	1.67E+01	1.67E+01	1.67E+01	-1.83E+01	
group_677	7.66E-02	7.35E-01	3.38E-03	-6.58E-01	2.20E-01	1.56E+00	-1.59E+00	-9.81E-01	-1.17E+00	-2.03E+00	-2.37E+00	-2.84E+00	-2.97E+00	-7.45E-01	-9.50E-01	-1.05E+00	-3.50E+00	2.36E-01	-1.56E+00	-1.61E+01	-8.63E-01	-1.47E+02	-1.46E+02	-1.47E+02	-1.83E+01	-1.83E+01	-1.83E+01	1.74E+01	-1.83E+01	1.67E+01	-1.83E+01	1.67E+01	-1.83E+01	1.67E+01	-1.83E+01	-1.83E+01	1.67E+01	1.67E+01	1.67E+01	-1.83E+01	
group_464	7.66E-02	7.35E-01	3.38E-03	-6.58E-01	2.20E-01	1.56E+00	-1.59E+00	-9.81E-01	-1.17E+00	-2.03E+00	-2.37E+00	-2.84E+00	-2.97E+00	-7.45E-01	-9.50E-01	-1.05E+00	-3.50E+00	2.36E-01	-1.56E+00	-1.61E+01	-8.63E-01	-1.47E+02	-1.46E+02	-1.47E+02	-1.83E+01	-1.83E+01	-1.83E+01	1.74E+01	-1.83E+01	1.67E+01	-1.83E+01	1.67E+01	-1.83E+01	1.67E+01	-1.83E+01	-1.83E+01	1.67E+01	1.67E+01	1.67E+01	-1.83E+01	
group_459	7.66E-02	7.35E-01	3.38E-03	-6.58E-01	2.20E-01	1.56E+00	-1.59E+00	-9.81E-01	-1.17E+00	-2.03E+00	-2.37E+00	-2.84E+00	-2.97E+00	-7.45E-01	-9.50E-01	-1.05E+00	-3.50E+00	2.36E-01	-1.56E+00	-1.61E+01	-8.63E-01	-1.47E+02	-1.46E+02	-1.47E+02	-1.83E+01	-1.83E+01	-1.83E+01	1.74E+01	-1.83E+01	1.67E+01	-1.83E+01	1.67E+01	-1.83E+01	1.67E+01	-1.83E+01	-1.83E+01	1.67E+01	1.67E+01	1.67E+01	-1.83E+01	
xerC_3~~~xerC_4~~~xerC_2	7.66E-02	7.35E-01	3.38E-03	-6.58E-01	2.20E-01	1.56E+00	-1.59E+00	-9.81E-01	-1.17E+00	-2.03E+00	-2.37E+00	-2.84E+00	-2.97E+00	-7.45E-01	-9.50E-01	-1.05E+00	-3.50E+00	2.36E-01	-1.56E+00	-1.61E+01	-8.63E-01	-1.47E+02	-1.46E+02	-1.47E+02	-1.83E+01	-1.83E+01	-1.83E+01	1.74E+01	-1.83E+01	1.67E+01	-1.83E+01	1.67E+01	-1.83E+01	1.67E+01	-1.83E+01	-1.83E+01	1.67E+01	1.67E+01	1.67E+01	-1.83E+01	
group_407	7.66E-02	2.21E-01	1.48E-01	-1.69E+00	5.20E+00	1.46E+00	-1.50E+00	-1.05E+00	5.64E-01	-1.93E+00	-2.22E+00	-2.72E+00	-2.83E+00	-6.82E-01	-8.90E-01	-1.01E+00	-2.75E+00	6.17E-03	-1.46E+00	-3.66E+00	-9.49E-01	-3.07E+00	-1.38E+00	-1.38E+00	-2.56E+00	-2.56E+00	-2.56E+00	1.33E+00	-2.56E+00	1.33E+00	-8.65E-01	-3.62E-01	-2.56E+00	1.33E+00	-2.56E+00	-8.65E-01	-3.62E-01	-3.62E-01	1.33E+00	-2.56E+00	matrix-inversion-error
group_331	7.66E-02	7.35E-01	3.38E-03	-6.58E-01	2.20E-01	1.56E+00	-1.59E+00	-9.81E-01	-1.17E+00	-2.03E+00	-2.37E+00	-2.84E+00	-2.97E+00	-7.45E-01	-9.50E-01	-1.05E+00	-3.50E+00	2.36E-01	-1.56E+00	-1.61E+01	-8.63E-01	-1.47E+02	-1.46E+02	-1.47E+02	-1.83E+01	-1.83E+01	-1.83E+01	1.74E+01	-1.83E+01	1.67E+01	-1.83E+01	1.67E+01	-1.83E+01	1.67E+01	-1.83E+01	-1.83E+01	1.67E+01	1.67E+01	1.67E+01	-1.83E+01	
group_287	7.66E-02	7.35E-01	3.38E-03	-6.58E-01	2.20E-01	1.56E+00	-1.59E+00	-9.81E-01	-1.17E+00	-2.03E+00	-2.37E+00	-2.84E+00	-2.97E+00	-7.45E-01	-9.50E-01	-1.05E+00	-3.50E+00	2.36E-01	-1.56E+00	-1.61E+01	-8.63E-01	-1.47E+02	-1.46E+02	-1.47E+02	-1.83E+01	-1.83E+01	-1.83E+01	1.74E+01	-1.83E+01	1.67E+01	-1.83E+01	1.67E+01	-1.83E+01	1.67E+01	-1.83E+01	-1.83E+01	1.67E+01	1.67E+01	1.67E+01	-1.83E+01	
group_200	7.66E-02	7.35E-01	3.38E-03	-6.58E-01	2.20E-01	1.56E+00	-1.59E+00	-9.81E-01	-1.17E+00	-2.03E+00	-2.37E+00	-2.84E+00	-2.97E+00	-7.45E-01	-9.50E-01	-1.05E+00	-3.50E+00	2.36E-01	-1.56E+00	-1.61E+01	-8.63E-01	-1.47E+02	-1.46E+02	-1.47E+02	-1.83E+01	-1.83E+01	-1.83E+01	1.74E+01	-1.83E+01	1.67E+01	-1.83E+01	1.67E+01	-1.83E+01	1.67E+01	-1.83E+01	-1.83E+01	1.67E+01	1.67E+01	1.67E+01	-1.83E+01	
group_133	7.66E-02	7.35E-01	3.38E-03	-6.58E-01	2.20E-01	1.56E+00	-1.59E+00	-9.81E-01	-1.17E+00	-2.03E+00	-2.37E+00	-2.84E+00	-2.97E+00	-7.45E-01	-9.50E-01	-1.05E+00	-3.50E+00	2.36E-01	-1.56E+00	-1.61E+01	-8.63E-01	-1.47E+02	-1.46E+02	-1.47E+02	-1.83E+01	-1.83E+01	-1.83E+01	1.74E+01	-1.83E+01	1.67E+01	-1.83E+01	1.67E+01	-1.83E+01	1.67E+01	-1.83E+01	-1.83E+01	1.67E+01	1.67E+01	1.67E+01	-1.83E+01	
group_89	7.66E-02	7.35E-01	3.38E-03	-6.58E-01	2.20E-01	1.56E+00	-1.59E+00	-9.81E-01	-1.17E+00	-2.03E+00	-2.37E+00	-2.84E+00	-2.97E+00	-7.45E-01	-9.50E-01	-1.05E+00	-3.50E+00	2.36E-01	-1.56E+00	-1.61E+01	-8.63E-01	-1.47E+02	-1.46E+02	-1.47E+02	-1.83E+01	-1.83E+01	-1.83E+01	1.74E+01	-1.83E+01	1.67E+01	-1.83E+01	1.67E+01	-1.83E+01	1.67E+01	-1.83E+01	-1.83E+01	1.67E+01	1.67E+01	1.67E+01	-1.83E+01	
group_48	7.66E-02	7.35E-01	3.38E-03	-6.58E-01	2.20E-01	1.56E+00	-1.59E+00	-9.81E-01	-1.17E+00	-2.03E+00	-2.37E+00	-2.84E+00	-2.97E+00	-7.45E-01	-9.50E-01	-1.05E+00	-3.50E+00	2.36E-01	-1.56E+00	-1.61E+01	-8.63E-01	-1.47E+02	-1.46E+02	-1.47E+02	-1.83E+01	-1.83E+01	-1.83E+01	1.74E+01	-1.83E+01	1.67E+01	-1.83E+01	1.67E+01	-1.83E+01	1.67E+01	-1.83E+01	-1.83E+01	1.67E+01	1.67E+01	1.67E+01	-1.83E+01	
group_39	7.66E-02	7.35E-01	3.38E-03	-6.58E-01	2.20E-01	1.56E+00	-1.59E+00	-9.81E-01	-1.17E+00	-2.03E+00	-2.37E+00	-2.84E+00	-2.97E+00	-7.45E-01	-9.50E-01	-1.05E+00	-3.50E+00	2.36E-01	-1.56E+00	-1.61E+01	-8.63E-01	-1.47E+02	-1.46E+02	-1.47E+02	-1.83E+01	-1.83E+01	-1.83E+01	1.74E+01	-1.83E+01	1.67E+01	-1.83E+01	1.67E+01	-1.83E+01	1.67E+01	-1.83E+01	-1.83E+01	1.67E+01	1.67E+01	1.67E+01	-1.83E+01	
group_2536	7.60E-02	7.94E-01	2.35E-03	-6.86E-01	2.21E-01	1.56E+00	-1.60E+00	-9.79E-01	-1.18E+00	-2.03E+00	-2.37E+00	-2.84E+00	-2.97E+00	-7.50E-01	-9.55E-01	-1.05E+00	-3.51E+00	2.31E-01	-1.56E+00	-1.61E+01	-8.68E-01	-1.47E+02	-1.46E+02	-1.47E+02	-1.83E+01	-1.83E+01	-1.83E+01	1.74E+01	-1.83E+01	1.67E+01	-1.83E+01	1.67E+01	-1.83E+01	1.67E+01	-1.83E+01	-1.83E+01	1.67E+01	1.67E+01	1.67E+01	-1.83E+01	
group_2158	7.60E-02	4.91E-07	4.86E-01	-2.34E-01	3.34E-01	1.46E+00	-1.50E+00	-1.04E+00	-1.07E+00	-1.94E+00	-2.06E+00	-2.75E+00	-2.88E+00	-6.53E-01	-8.29E-01	-9.53E-01	-3.41E+00	3.28E-01	-1.46E+00	-1.60E+01	-7.70E-01	-1.46E+02	-1.46E+02	-1.46E+02	-1.79E+01	-1.79E+01	-1.79E+01	1.68E+01	-1.79E+01	1.68E+01	-1.79E+01	1.68E+01	-1.79E+01	1.68E+01	-1.79E+01	-1.79E+01	1.68E+01	1.68E+01	1.68E+01	-1.79E+01	
group_1073	7.60E-02	8.96E-01	2.88E-02	3.18E-01	5.13E+00	1.46E+00	-1.50E+00	-1.13E+00	-1.26E+00	-1.93E+00	-2.29E+00	-2.72E+00	-2.88E+00	-6.93E-01	-9.25E-01	-1.01E+00	-3.07E+00	7.19E-03	-1.46E+00	-3.66E+00	-9.48E-01	-3.07E+00	-3.39E+00	-3.24E+00	-2.56E+00	-2.56E+00	-2.56E+00	-3.61E-01	-2.56E+00	-3.61E-01	-2.56E+00	-3.61E-01	-2.56E+00	-3.61E-01	-2.56E+00	-2.56E+00	-3.61E-01	-3.61E-01	-3.61E-01	-2.56E+00	matrix-inversion-error
group_432	7.60E-02	4.91E-07	4.86E-01	-2.34E-01	3.34E-01	1.46E+00	-1.50E+00	-1.04E+00	-1.07E+00	-1.94E+00	-2.06E+00	-2.75E+00	-2.88E+00	-6.53E-01	-8.29E-01	-9.53E-01	-3.41E+00	3.28E-01	-1.46E+00	-1.60E+01	-7.70E-01	-1.46E+02	-1.46E+02	-1.46E+02	-1.79E+01	-1.79E+01	-1.79E+01	1.68E+01	-1.79E+01	1.68E+01	-1.79E+01	1.68E+01	-1.79E+01	1.68E+01	-1.79E+01	-1.79E+01	1.68E+01	1.68E+01	1.68E+01	-1.79E+01	
group_2869	7.53E-02	4.23E-01	1.00E+00	-1.12E+01		1.46E+00	-1.50E+00	-1.05E+00	1.00E+01	-1.94E+00	-2.28E+00	-2.75E+00	-2.88E+00	-6.53E-01	-8.57E-01	-9.53E-01	-3.41E+00	3.28E-01	-1.46E+00	-1.60E+01	-7.70E-01	-2.49E+01	-2.49E+01	-2.49E+01	-1.79E+01	-2.44E+01	-1.79E+01	2.56E+01	-1.79E+01	2.56E+01	-1.79E+01	1.68E+01	-1.79E+01	2.56E+01	-1.79E+01	-2.44E+01	1.68E+01	1.68E+01	2.56E+01	-1.79E+01	
group_2820	7.53E-02	2.32E-01	1.45E-01	3.53E-01	2.43E-01	1.46E+00	-1.64E+00	-1.05E+00	-1.11E+00	-1.94E+00	-2.28E+00	-2.75E+00	-2.88E+00	-6.53E-01	-8.57E-01	-9.53E-01	-3.41E+00	3.28E-01	-1.46E+00	-1.60E+01	-7.70E-01	-1.46E+02	-1.46E+02	-1.46E+02	-1.79E+01	-1.79E+01	-1.79E+01	1.68E+01	-1.79E+01	1.68E+01	-1.79E+01	1.68E+01	-1.79E+01	1.68E+01	-1.79E+01	-1.79E+01	1.68E+01	1.68E+01	1.68E+01	-1.79E+01	
group_2653	7.53E-02	6.47E-06	7.78E-01	7.05E-02	2.51E-01	1.45E+00	-1.49E+00	-1.05E+00	-1.10E+00	-1.93E+00	-2.27E+00	-2.74E+00	-2.87E+00	-6.41E-01	-8.46E-01	-9.41E-01	-3.40E+00	3.40E-01	-1.45E+00	-1.60E+01	-7.59E-01	-1.46E+02	-1.46E+02	-1.46E+02	-1.78E+01	-1.78E+01	-1.78E+01	1.68E+01	-1.78E+01	1.68E+01	-1.78E+01	1.68E+01	-1.78E+01	1.68E+01	-1.78E+01	-1.78E+01	1.68E+01	1.68E+01	1.68E+01	-1.78E+01	
group_2630	7.53E-02	2.32E-01	1.45E-01	3.53E-01	2.43E-01	1.46E+00	-1.64E+00	-1.05E+00	-1.11E+00	-1.94E+00	-2.28E+00	-2.75E+00	-2.88E+00	-6.53E-01	-8.57E-01	-9.53E-01	-3.41E+00	3.28E-01	-1.46E+00	-1.60E+01	-7.70E-01	-1.46E+02	-1.46E+02	-1.46E+02	-1.79E+01	-1.79E+01	-1.79E+01	1.68E+01	-1.79E+01	1.68E+01	-1.79E+01	1.68E+01	-1.79E+01	1.68E+01	-1.79E+01	-1.79E+01	1.68E+01	1.68E+01	1.68E+01	-1.79E+01	
group_2330	7.53E-02	6.47E-06	7.78E-01	7.05E-02	2.51E-01	1.45E+00	-1.49E+00	-1.05E+00	-1.10E+00	-1.93E+00	-2.27E+00	-2.74E+00	-2.87E+00	-6.41E-01	-8.46E-01	-9.41E-01	-3.40E+00	3.40E-01	-1.45E+00	-1.60E+01	-7.59E-01	-1.46E+02	-1.46E+02	-1.46E+02	-1.78E+01	-1.78E+01	-1.78E+01	1.68E+01	-1.78E+01	1.68E+01	-1.78E+01	1.68E+01	-1.78E+01	1.68E+01	-1.78E+01	-1.78E+01	1.68E+01	1.68E+01	1.68E+01	-1.78E+01	
group_2284	7.53E-02	6.47E-06	7.78E-01	7.05E-02	2.51E-01	1.45E+00	-1.49E+00	-1.05E+00	-1.10E+00	-1.93E+00	-2.27E+00	-2.74E+00	-2.87E+00	-6.41E-01	-8.46E-01	-9.41E-01	-3.40E+00	3.40E-01	-1.45E+00	-1.60E+01	-7.59E-01	-1.46E+02	-1.46E+02	-1.46E+02	-1.78E+01	-1.78E+01	-1.78E+01	1.68E+01	-1.78E+01	1.68E+01	-1.78E+01	1.68E+01	-1.78E+01	1.68E+01	-1.78E+01	-1.78E+01	1.68E+01	1.68E+01	1.68E+01	-1.78E+01	
group_2138	7.53E-02	3.77E-04	2.93E-02	-5.03E-01	2.30E-01	1.49E+00	-1.49E+00	-9.61E-01	-1.11E+00	-1.96E+00	-2.30E+00	-2.76E+00	-2.62E+00	-6.76E-01	-8.50E-01	-9.76E-01	-3.43E+00	3.05E-01	-1.49E+00	-3.48E+01	-7.94E-01	-1.46E+02	-1.46E+02	-1.46E+02	-1.80E+01	-1.80E+01	-1.80E+01	1.68E+01	-1.80E+01	1.73E+01	-1.80E+01	1.68E+01	-1.80E+01	1.68E+01	-1.80E+01	-1.80E+01	1.68E+01	1.68E+01	1.68E+01	-1.80E+01	
group_1953	7.53E-02	7.05E-01	3.68E-03	-6.57E-01	2.22E-01	1.56E+00	-1.59E+00	-9.90E-01	-1.17E+00	-2.03E+00	-2.37E+00	-2.84E+00	-2.97E+00	-7.45E-01	-9.50E-01	-1.05E+00	-3.50E+00	2.36E-01	-1.56E+00	-1.61E+01	-8.63E-01	-1.47E+02	-1.46E+02	-1.47E+02	-1.83E+01	-1.83E+01	-1.83E+01	1.74E+01	-1.83E+01	1.67E+01	-1.83E+01	1.67E+01	-1.83E+01	1.67E+01	-1.83E+01	-1.83E+01	1.67E+01	1.67E+01	1.67E+01	-1.83E+01	
group_1854	7.53E-02	2.32E-01	1.45E-01	3.53E-01	2.43E-01	1.46E+00	-1.64E+00	-1.05E+00	-1.11E+00	-1.94E+00	-2.28E+00	-2.75E+00	-2.88E+00	-6.53E-01	-8.57E-01	-9.53E-01	-3.41E+00	3.28E-01	-1.46E+00	-1.60E+01	-7.70E-01	-1.46E+02	-1.46E+02	-1.46E+02	-1.79E+01	-1.79E+01	-1.79E+01	1.68E+01	-1.79E+01	1.68E+01	-1.79E+01	1.68E+01	-1.79E+01	1.68E+01	-1.79E+01	-1.79E+01	1.68E+01	1.68E+01	1.68E+01	-1.79E+01	
group_1550	7.53E-02	6.47E-06	7.78E-01	7.05E-02	2.51E-01	1.45E+00	-1.49E+00	-1.05E+00	-1.10E+00	-1.93E+00	-2.27E+00	-2.74E+00	-2.87E+00	-6.41E-01	-8.46E-01	-9.41E-01	-3.40E+00	3.40E-01	-1.45E+00	-1.60E+01	-7.59E-01	-1.46E+02	-1.46E+02	-1.46E+02	-1.78E+01	-1.78E+01	-1.78E+01	1.68E+01	-1.78E+01	1.68E+01	-1.78E+01	1.68E+01	-1.78E+01	1.68E+01	-1.78E+01	-1.78E+01	1.68E+01	1.68E+01	1.68E+01	-1.78E+01	
group_1539	7.53E-02	6.47E-06	7.78E-01	7.05E-02	2.51E-01	1.45E+00	-1.49E+00	-1.05E+00	-1.10E+00	-1.93E+00	-2.27E+00	-2.74E+00	-2.87E+00	-6.41E-01	-8.46E-01	-9.41E-01	-3.40E+00	3.40E-01	-1.45E+00	-1.60E+01	-7.59E-01	-1.46E+02	-1.46E+02	-1.46E+02	-1.78E+01	-1.78E+01	-1.78E+01	1.68E+01	-1.78E+01	1.68E+01	-1.78E+01	1.68E+01	-1.78E+01	1.68E+01	-1.78E+01	-1.78E+01	1.68E+01	1.68E+01	1.68E+01	-1.78E+01	
group_1410	7.53E-02	2.04E-11	1.01E-01	-1.50E-01	4.51E+00	1.46E+00	-1.49E+00	-1.05E+00	-1.12E+00	-1.93E+00	-2.26E+00	-2.63E+00	-2.73E+00	-6.80E-01	-8.92E-01	-1.01E+00	-3.07E+00	3.54E-03	-1.42E+00	-3.66E+00	-8.53E-01	-3.07E+00	-3.07E+00	-3.00E+00	-2.56E+00	-2.56E+00	-2.56E+00	-3.64E-01	-2.56E+00	-3.64E-01	-2.56E+00	-3.64E-01	-2.56E+00	-3.64E-01	-2.56E+00	-2.56E+00	-3.64E-01	-3.64E-01	-3.64E-01	-2.56E+00	matrix-inversion-error
group_848	7.53E-02	6.47E-06	7.78E-01	7.05E-02	2.51E-01	1.45E+00	-1.49E+00	-1.05E+00	-1.10E+00	-1.93E+00	-2.27E+00	-2.74E+00	-2.87E+00	-6.41E-01	-8.46E-01	-9.41E-01	-3.40E+00	3.40E-01	-1.45E+00	-1.60E+01	-7.59E-01	-1.46E+02	-1.46E+02	-1.46E+02	-1.78E+01	-1.78E+01	-1.78E+01	1.68E+01	-1.78E+01	1.68E+01	-1.78E+01	1.68E+01	-1.78E+01	1.68E+01	-1.78E+01	-1.78E+01	1.68E+01	1.68E+01	1.68E+01	-1.78E+01	
group_663	7.53E-02	2.32E-01	1.45E-01	3.53E-01	2.43E-01	1.46E+00	-1.64E+00	-1.05E+00	-1.11E+00	-1.94E+00	-2.28E+00	-2.75E+00	-2.88E+00	-6.53E-01	-8.57E-01	-9.53E-01	-3.41E+00	3.28E-01	-1.46E+00	-1.60E+01	-7.70E-01	-1.46E+02	-1.46E+02	-1.46E+02	-1.79E+01	-1.79E+01	-1.79E+01	1.68E+01	-1.79E+01	1.68E+01	-1.79E+01	1.68E+01	-1.79E+01	1.68E+01	-1.79E+01	-1.79E+01	1.68E+01	1.68E+01	1.68E+01	-1.79E+01	
group_554	7.53E-02	5.65E-06	7.61E-01	1.02E-01	3.35E-01	1.46E+00	-1.50E+00	-1.06E+00	-1.12E+00	-1.94E+00	-2.38E+00	-2.75E+00	-2.88E+00	-6.56E-01	-8.69E-01	-9.53E-01	-3.41E+00	3.28E-01	-1.46E+00	-1.60E+01	-7.70E-01	-1.46E+02	-1.46E+02	-1.46E+02	-1.79E+01	-1.79E+01	-1.79E+01	1.68E+01	-1.79E+01	1.68E+01	-1.79E+01	1.68E+01	-1.79E+01	1.68E+01	-1.79E+01	-1.79E+01	1.68E+01	1.68E+01	1.68E+01	-1.79E+01	
group_452	7.53E-02	6.47E-06	7.78E-01	7.05E-02	2.51E-01	1.45E+00	-1.49E+00	-1.05E+00	-1.10E+00	-1.93E+00	-2.27E+00	-2.74E+00	-2.87E+00	-6.41E-01	-8.46E-01	-9.41E-01	-3.40E+00	3.40E-01	-1.45E+00	-1.60E+01	-7.59E-01	-1.46E+02	-1.46E+02	-1.46E+02	-1.78E+01	-1.78E+01	-1.78E+01	1.68E+01	-1.78E+01	1.68E+01	-1.78E+01	1.68E+01	-1.78E+01	1.68E+01	-1.78E+01	-1.78E+01	1.68E+01	1.68E+01	1.68E+01	-1.78E+01	
group_142	7.53E-02	6.47E-06	7.78E-01	7.05E-02	2.51E-01	1.45E+00	-1.49E+00	-1.05E+00	-1.10E+00	-1.93E+00	-2.27E+00	-2.74E+00	-2.87E+00	-6.41E-01	-8.46E-01	-9.41E-01	-3.40E+00	3.40E-01	-1.45E+00	-1.60E+01	-7.59E-01	-1.46E+02	-1.46E+02	-1.46E+02	-1.78E+01	-1.78E+01	-1.78E+01	1.68E+01	-1.78E+01	1.68E+01	-1.78E+01	1.68E+01	-1.78E+01	1.68E+01	-1.78E+01	-1.78E+01	1.68E+01	1.68E+01	1.68E+01	-1.78E+01	
bag~~~bag_1~~~bag_2	7.47E-02	3.77E-01	1.00E+00	-7.69E-01	5.20E+00	1.46E+00	-1.50E+00	-1.05E+00	-3.62E-01	-1.93E+00	-2.27E+00	-2.72E+00	-2.83E+00	-6.82E-01	-8.90E-01	-1.01E+00	-3.07E+00	6.17E-03	-1.46E+00	-3.66E+00	-9.49E-01	-2.30E+00	-2.30E+00	-2.30E+00	-2.56E+00	-1.79E+00	-2.56E+00	4.07E-01	-2.56E+00	4.07E-01	-2.56E+00	-3.62E-01	-2.56E+00	4.07E-01	-2.56E+00	-1.79E+00	-3.62E-01	-3.62E-01	4.07E-01	-2.56E+00	matrix-inversion-error
group_1806	7.47E-02	3.77E-01	1.00E+00	-7.69E-01	5.20E+00	1.46E+00	-1.50E+00	-1.05E+00	-3.62E-01	-1.93E+00	-2.27E+00	-2.72E+00	-2.83E+00	-6.82E-01	-8.90E-01	-1.01E+00	-3.07E+00	6.17E-03	-1.46E+00	-3.66E+00	-9.49E-01	-2.30E+00	-2.30E+00	-2.30E+00	-2.56E+00	-1.79E+00	-2.56E+00	4.07E-01	-2.56E+00	4.07E-01	-2.56E+00	-3.62E-01	-2.56E+00	4.07E-01	-2.56E+00	-1.79E+00	-3.62E-01	-3.62E-01	4.07E-01	-2.56E+00	matrix-inversion-error
group_1430	7.47E-02	9.01E-06	7.67E-01	1.02E-01	3.44E-01	1.46E+00	-1.50E+00	-1.06E+00	-1.12E+00	-1.94E+00	-2.38E+00	-2.75E+00	-2.88E+00	-6.56E-01	-8.75E-01	-9.53E-01	-3.41E+00	3.28E-01	-1.46E+00	-1.60E+01	-7.70E-01	-1.46E+02	-1.46E+02	-1.46E+02	-1.79E+01	-1.79E+01	-1.79E+01	1.68E+01	-1.79E+01	1.68E+01	-1.79E+01	1.68E+01	-1.79E+01	1.68E+01	-1.79E+01	-1.79E+01	1.68E+01	1.68E+01	1.68E+01	-1.79E+01	
group_1211	7.47E-02	1.37E-02	1.08E-01	4.69E-01	2.96E-01	1.45E+00	-1.50E+00	-1.06E+00	-1.25E+00	-1.94E+00	-2.29E+00	-2.74E+00	-3.34E+00	-6.43E-01	-9.25E-01	-9.43E-01	-3.47E+00	3.38E-01	-1.45E+00	-1.60E+01	-7.61E-01	-1.46E+02	-1.46E+02	-1.46E+02	-1.78E+01	-1.78E+01	-1.78E+01	1.68E+01	-1.78E+01	1.68E+01	-1.78E+01	1.68E+01	-1.78E+01	1.68E+01	-1.78E+01	-1.78E+01	1.68E+01	1.68E+01	1.68E+01	-1.78E+01	
group_7	7.47E-02	3.77E-01	5.48E-01	4.58E-01	7.69E-01	1.46E+00	-1.50E+00	-1.06E+00	-1.55E+00	-1.94E+00	-2.28E+00	-2.75E+00	-2.88E+00	-6.53E-01	-8.57E-01	-9.53E-01	-3.41E+00	2.72E-01	-1.46E+00	-1.60E+01	-7.70E-01	-1.47E+02	-1.47E+02	-1.47E+02	-1.79E+01	-1.92E+01	-1.79E+01	1.68E+01	-1.92E+01	1.68E+01	-1.79E+01	1.68E+01	-1.79E+01	1.63E+01	-1.79E+01	-1.92E+01	1.68E+01	1.68E+01	1.63E+01	-1.79E+01	
walK_2~~~sasA_5~~~sasA_6	7.40E-02	3.33E-01	1.00E+00	-1.13E+02		1.46E+00	-1.50E+00	-1.05E+00	1.12E+02	-1.94E+00	-2.28E+00	-2.75E+00	-2.88E+00	-6.53E-01	-8.57E-01	-9.53E-01	-3.41E+00	3.28E-01	-1.46E+00	-1.60E+01	-7.70E-01	1.04E+02	1.04E+02	1.04E+02	-1.82E+01	-1.26E+02	-1.82E+01	3.48E+01	-1.82E+01	3.48E+01	-1.82E+01	1.68E+01	-1.82E+01	3.48E+01	-1.82E+01	-1.26E+02	1.68E+01	1.68E+01	1.68E+01	-1.82E+01	
group_1261	7.40E-02	3.33E-01	1.00E+00	-1.13E+02		1.46E+00	-1.50E+00	-1.05E+00	1.12E+02	-1.94E+00	-2.28E+00	-2.75E+00	-2.88E+00	-6.53E-01	-8.57E-01	-9.53E-01	-3.41E+00	3.28E-01	-1.46E+00	-1.60E+01	-7.70E-01	1.04E+02	1.04E+02	1.04E+02	-1.82E+01	-1.26E+02	-1.82E+01	3.48E+01	-1.82E+01	3.48E+01	-1.82E+01	1.68E+01	-1.82E+01	3.48E+01	-1.82E+01	-1.26E+02	1.68E+01	1.68E+01	1.68E+01	-1.82E+01	
group_1137	7.40E-02	1.81E-04	8.49E-01	5.81E-02	3.06E-01	1.46E+00	-1.50E+00	-1.06E+00	-1.12E+00	-1.94E+00	-2.28E+00	-2.79E+00	-2.88E+00	-6.51E-01	-8.56E-01	-9.51E-01	-3.41E+00	2.72E-01	-1.46E+00	-1.60E+01	-7.69E-01	-1.46E+02	-1.46E+02	-1.46E+02	-1.79E+01	-1.79E+01	-1.81E+01	1.68E+01	-1.79E+01	1.68E+01	-1.79E+01	1.68E+01	-1.79E+01	1.68E+01	-1.79E+01	-1.79E+01	1.68E+01	1.68E+01	1.68E+01	-1.79E+01	
phoB_2	7.34E-02	3.93E-01	1.00E+00	-7.69E-01	5.16E+00	1.46E+00	-1.50E+00	-1.05E+00	-3.62E-01	-1.93E+00	-2.27E+00	-2.72E+00	-2.83E+00	-6.82E-01	-8.90E-01	-1.01E+00	-3.07E+00	6.17E-03	-1.46E+00	-3.66E+00	-9.49E-01	-2.30E+00	-2.30E+00	-2.30E+00	-2.56E+00	-2.56E+00	-2.56E+00	4.07E-01	-2.56E+00	4.07E-01	-2.56E+00	-3.62E-01	-2.56E+00	4.07E-01	-2.56E+00	-1.79E+00	-3.62E-01	-3.62E-01	-3.62E-01	-2.56E+00	matrix-inversion-error
group_289	7.27E-02	1.12E-02	5.29E-02	-2.42E-01	4.72E+00	1.47E+00	-1.50E+00	-9.89E-01	-1.12E+00	-1.93E+00	-2.27E+00	-2.64E+00	-2.84E+00	-6.92E-01	-8.99E-01	-1.02E+00	-3.08E+00	1.02E-01	-1.47E+00	-3.55E+00	-9.59E-01	-3.08E+00	-3.08E+00	-2.96E+00	-2.57E+00	-2.57E+00	-2.57E+00	-3.71E-01	-2.57E+00	-3.71E-01	-2.57E+00	-3.71E-01	-2.57E+00	-3.71E-01	-2.57E+00	-2.57E+00	-3.71E-01	-3.71E-01	-3.71E-01	-2.57E+00	matrix-inversion-error
group_2374	7.21E-02	1.17E-10	8.74E-02	2.32E-01	4.54E+00	1.46E+00	-1.50E+00	-1.06E+00	-1.11E+00	-1.93E+00	-2.28E+00	-2.86E+00	-3.00E+00	-6.81E-01	-8.88E-01	-1.01E+00	-3.07E+00	7.81E-03	-1.52E+00	-3.66E+00	-9.48E-01	-3.07E+00	-3.07E+00	-3.19E+00	-2.56E+00	-2.56E+00	-2.56E+00	-3.60E-01	-2.56E+00	-3.60E-01	-2.56E+00	-3.60E-01	-2.56E+00	-3.60E-01	-2.56E+00	-2.56E+00	-3.60E-01	-3.60E-01	-3.60E-01	-2.56E+00	matrix-inversion-error
group_2361	7.21E-02	1.09E-05	2.60E-01	2.95E-01	2.66E-01	1.42E+00	-1.47E+00	-1.01E+00	-1.07E+00	-1.90E+00	-2.25E+00	-2.71E+00	-2.86E+00	-6.11E-01	-8.15E-01	-9.11E-01	-3.37E+00	3.70E-01	-1.42E+00	-1.60E+01	-7.28E-01	-1.46E+02	-1.46E+02	-1.46E+02	-1.77E+01	-1.77E+01	-1.77E+01	1.65E+01	-1.77E+01	1.65E+01	-1.77E+01	1.68E+01	-1.77E+01	1.68E+01	-1.77E+01	-1.77E+01	1.68E+01	1.68E+01	1.68E+01	-1.77E+01	
ydeA	7.21E-02	3.06E-01	6.33E-01	-5.28E-01	5.11E+00	1.46E+00	-1.50E+00	-1.05E+00	-6.13E-01	-1.93E+00	-2.27E+00	-2.72E+00	-2.83E+00	-6.82E-01	-8.90E-01	-1.01E+00	-3.07E+00	6.17E-03	-1.46E+00	-3.66E+00	-9.49E-01	-2.54E+00	-2.54E+00	-2.54E+00	-2.56E+00	-2.03E+00	-2.56E+00	1.66E-01	-2.56E+00	-3.62E-01	-2.56E+00	-3.62E-01	-2.56E+00	1.66E-01	-2.56E+00	-2.03E+00	-3.62E-01	-3.62E-01	1.66E-01	-2.56E+00	matrix-inversion-error
group_1678	7.21E-02	3.06E-01	6.33E-01	-5.28E-01	5.11E+00	1.46E+00	-1.50E+00	-1.05E+00	-6.13E-01	-1.93E+00	-2.27E+00	-2.72E+00	-2.83E+00	-6.82E-01	-8.90E-01	-1.01E+00	-3.07E+00	6.17E-03	-1.46E+00	-3.66E+00	-9.49E-01	-2.54E+00	-2.54E+00	-2.54E+00	-2.56E+00	-2.03E+00	-2.56E+00	1.66E-01	-2.56E+00	-3.62E-01	-2.56E+00	-3.62E-01	-2.56E+00	1.66E-01	-2.56E+00	-2.03E+00	-3.62E-01	-3.62E-01	1.66E-01	-2.56E+00	matrix-inversion-error
group_496	7.21E-02	1.09E-05	2.60E-01	2.95E-01	2.66E-01	1.42E+00	-1.47E+00	-1.01E+00	-1.07E+00	-1.90E+00	-2.25E+00	-2.71E+00	-2.86E+00	-6.11E-01	-8.15E-01	-9.11E-01	-3.37E+00	3.70E-01	-1.42E+00	-1.60E+01	-7.28E-01	-1.46E+02	-1.46E+02	-1.46E+02	-1.77E+01	-1.77E+01	-1.77E+01	1.65E+01	-1.77E+01	1.65E+01	-1.77E+01	1.68E+01	-1.77E+01	1.68E+01	-1.77E+01	-1.77E+01	1.68E+01	1.68E+01	1.68E+01	-1.77E+01	
group_279	7.21E-02	1.09E-05	2.60E-01	2.95E-01	2.66E-01	1.42E+00	-1.47E+00	-1.01E+00	-1.07E+00	-1.90E+00	-2.25E+00	-2.71E+00	-2.86E+00	-6.11E-01	-8.15E-01	-9.11E-01	-3.37E+00	3.70E-01	-1.42E+00	-1.60E+01	-7.28E-01	-1.46E+02	-1.46E+02	-1.46E+02	-1.77E+01	-1.77E+01	-1.77E+01	1.65E+01	-1.77E+01	1.65E+01	-1.77E+01	1.68E+01	-1.77E+01	1.68E+01	-1.77E+01	-1.77E+01	1.68E+01	1.68E+01	1.68E+01	-1.77E+01	
group_167	7.21E-02	3.06E-01	6.33E-01	-5.28E-01	5.11E+00	1.46E+00	-1.50E+00	-1.05E+00	-6.13E-01	-1.93E+00	-2.27E+00	-2.72E+00	-2.83E+00	-6.82E-01	-8.90E-01	-1.01E+00	-3.07E+00	6.17E-03	-1.46E+00	-3.66E+00	-9.49E-01	-2.54E+00	-2.54E+00	-2.54E+00	-2.56E+00	-2.03E+00	-2.56E+00	1.66E-01	-2.56E+00	-3.62E-01	-2.56E+00	-3.62E-01	-2.56E+00	1.66E-01	-2.56E+00	-2.03E+00	-3.62E-01	-3.62E-01	1.66E-01	-2.56E+00	matrix-inversion-error
group_2566	7.14E-02	2.15E-10	8.23E-02	2.49E-01	4.53E+00	1.46E+00	-1.50E+00	-1.06E+00	-1.11E+00	-1.94E+00	-2.28E+00	-2.87E+00	-3.00E+00	-6.81E-01	-8.88E-01	-1.01E+00	-3.07E+00	7.91E-03	-1.52E+00	-3.66E+00	-9.48E-01	-3.07E+00	-3.07E+00	-3.20E+00	-2.56E+00	-2.56E+00	-2.56E+00	-3.60E-01	-2.56E+00	-3.60E-01	-2.56E+00	-3.60E-01	-2.56E+00	-3.60E-01	-2.56E+00	-2.56E+00	-3.60E-01	-3.60E-01	-3.60E-01	-2.56E+00	matrix-inversion-error
group_1257	7.14E-02	6.14E-01	2.49E-03	-6.96E-01	2.25E-01	1.56E+00	-1.60E+00	-9.82E-01	-1.21E+00	-2.04E+00	-2.37E+00	-2.85E+00	-2.98E+00	-7.52E-01	-9.56E-01	-1.05E+00	-3.51E+00	2.29E-01	-1.56E+00	-1.61E+01	-8.69E-01	-1.47E+02	-1.47E+02	-1.47E+02	-1.83E+01	-1.83E+01	-1.83E+01	1.67E+01	-1.83E+01	1.67E+01	-1.83E+01	1.67E+01	-1.83E+01	1.67E+01	-1.83E+01	-1.83E+01	1.67E+01	1.67E+01	1.67E+01	-1.83E+01	
group_810	7.14E-02	6.14E-01	2.49E-03	-6.96E-01	2.25E-01	1.56E+00	-1.60E+00	-9.82E-01	-1.21E+00	-2.04E+00	-2.37E+00	-2.85E+00	-2.98E+00	-7.52E-01	-9.56E-01	-1.05E+00	-3.51E+00	2.29E-01	-1.56E+00	-1.61E+01	-8.69E-01	-1.47E+02	-1.47E+02	-1.47E+02	-1.83E+01	-1.83E+01	-1.83E+01	1.67E+01	-1.83E+01	1.67E+01	-1.83E+01	1.67E+01	-1.83E+01	1.67E+01	-1.83E+01	-1.83E+01	1.67E+01	1.67E+01	1.67E+01	-1.83E+01	
group_599	7.14E-02	6.14E-01	2.49E-03	-6.96E-01	2.25E-01	1.56E+00	-1.60E+00	-9.82E-01	-1.21E+00	-2.04E+00	-2.37E+00	-2.85E+00	-2.98E+00	-7.52E-01	-9.56E-01	-1.05E+00	-3.51E+00	2.29E-01	-1.56E+00	-1.61E+01	-8.69E-01	-1.47E+02	-1.47E+02	-1.47E+02	-1.83E+01	-1.83E+01	-1.83E+01	1.67E+01	-1.83E+01	1.67E+01	-1.83E+01	1.67E+01	-1.83E+01	1.67E+01	-1.83E+01	-1.83E+01	1.67E+01	1.67E+01	1.67E+01	-1.83E+01	
group_76	7.14E-02	6.14E-01	2.49E-03	-6.96E-01	2.25E-01	1.56E+00	-1.60E+00	-9.82E-01	-1.21E+00	-2.04E+00	-2.37E+00	-2.85E+00	-2.98E+00	-7.52E-01	-9.56E-01	-1.05E+00	-3.51E+00	2.29E-01	-1.56E+00	-1.61E+01	-8.69E-01	-1.47E+02	-1.47E+02	-1.47E+02	-1.83E+01	-1.83E+01	-1.83E+01	1.67E+01	-1.83E+01	1.67E+01	-1.83E+01	1.67E+01	-1.83E+01	1.67E+01	-1.83E+01	-1.83E+01	1.67E+01	1.67E+01	1.67E+01	-1.83E+01	
xerC_7~~~xerC_6~~~xerC_4~~~xerC_5	7.08E-02	7.94E-14	9.42E-01	4.14E-02	5.66E-01	1.46E+00	-1.50E+00	-1.05E+00	-1.11E+00	-1.94E+00	-2.28E+00	-2.79E+00	-2.88E+00	-6.52E-01	-8.57E-01	-9.52E-01	-3.45E+00	3.29E-01	-1.46E+00	-1.60E+01	-7.84E-01	-1.46E+02	-1.46E+02	-1.46E+02	-1.79E+01	-1.79E+01	-1.79E+01	1.68E+01	-1.83E+01	1.68E+01	-1.79E+01	1.68E+01	-1.79E+01	1.68E+01	-1.79E+01	-1.79E+01	1.68E+01	1.68E+01	1.68E+01	-1.83E+01	
group_991	7.08E-02	1.41E-09	1.10E-01	5.16E-01	3.29E-01	1.46E+00	-1.51E+00	-1.07E+00	-1.12E+00	-1.95E+00	-2.31E+00	-3.09E+00	-3.26E+00	-6.51E-01	-8.56E-01	-1.01E+00	-3.41E+00	3.30E-01	-1.46E+00	-1.60E+01	-7.69E-01	-1.46E+02	-1.46E+02	-1.46E+02	-1.79E+01	-1.79E+01	-1.79E+01	1.68E+01	-1.79E+01	1.68E+01	-1.79E+01	1.68E+01	-1.79E+01	1.68E+01	-1.79E+01	-1.79E+01	1.68E+01	1.68E+01	1.68E+01	-1.79E+01	
group_2471	7.01E-02	2.67E-07	5.74E-01	2.84E-01	5.11E-01	1.46E+00	-1.50E+00	-1.07E+00	-1.12E+00	-1.94E+00	-2.56E+00	-2.75E+00	-2.88E+00	-6.52E-01	-8.57E-01	-9.52E-01	-3.41E+00	3.29E-01	-1.75E+00	-1.63E+01	-7.70E-01	-1.46E+02	-1.46E+02	-1.46E+02	-1.79E+01	-1.79E+01	-1.79E+01	1.68E+01	-1.79E+01	1.68E+01	-1.87E+01	1.65E+01	-1.79E+01	1.68E+01	-1.79E+01	-1.79E+01	1.68E+01	1.68E+01	1.68E+01	-1.79E+01	
group_2237	7.01E-02	2.67E-07	5.74E-01	2.84E-01	5.11E-01	1.46E+00	-1.50E+00	-1.07E+00	-1.12E+00	-1.94E+00	-2.56E+00	-2.75E+00	-2.88E+00	-6.52E-01	-8.57E-01	-9.52E-01	-3.41E+00	3.29E-01	-1.75E+00	-1.63E+01	-7.70E-01	-1.46E+02	-1.46E+02	-1.46E+02	-1.79E+01	-1.79E+01	-1.79E+01	1.68E+01	-1.79E+01	1.68E+01	-1.87E+01	1.65E+01	-1.79E+01	1.68E+01	-1.79E+01	-1.79E+01	1.68E+01	1.68E+01	1.68E+01	-1.79E+01	
group_1561	7.01E-02	2.67E-07	5.74E-01	2.84E-01	5.11E-01	1.46E+00	-1.50E+00	-1.07E+00	-1.12E+00	-1.94E+00	-2.56E+00	-2.75E+00	-2.88E+00	-6.52E-01	-8.57E-01	-9.52E-01	-3.41E+00	3.29E-01	-1.75E+00	-1.63E+01	-7.70E-01	-1.46E+02	-1.46E+02	-1.46E+02	-1.79E+01	-1.79E+01	-1.79E+01	1.68E+01	-1.79E+01	1.68E+01	-1.87E+01	1.65E+01	-1.79E+01	1.68E+01	-1.79E+01	-1.79E+01	1.68E+01	1.68E+01	1.68E+01	-1.79E+01	
group_707	6.95E-02	5.11E-03	4.40E-02	-2.70E-01	4.63E+00	1.47E+00	-1.50E+00	-1.00E+00	-1.10E+00	-1.94E+00	-2.28E+00	-2.63E+00	-2.84E+00	-6.82E-01	-8.84E-01	-9.84E-01	-3.08E+00	-4.44E-03	-1.47E+00	-3.60E+00	-9.60E-01	-3.08E+00	-3.08E+00	-2.95E+00	-2.57E+00	-2.57E+00	-2.57E+00	-3.72E-01	-2.57E+00	-3.72E-01	-2.57E+00	-3.72E-01	-2.57E+00	-3.72E-01	-2.57E+00	-2.57E+00	-3.72E-01	-3.72E-01	-3.72E-01	-2.57E+00	matrix-inversion-error
group_2526	6.88E-02	8.49E-08	8.79E-01	5.44E-02	3.59E-01	1.46E+00	-1.50E+00	-1.05E+00	-1.11E+00	-1.97E+00	-2.28E+00	-2.75E+00	-2.93E+00	-6.52E-01	-8.57E-01	-9.52E-01	-3.41E+00	3.28E-01	-1.46E+00	-1.60E+01	-7.70E-01	-1.46E+02	-1.46E+02	-1.46E+02	-1.79E+01	-1.79E+01	-1.79E+01	1.68E+01	-1.79E+01	1.68E+01	-1.79E+01	1.68E+01	-1.79E+01	1.68E+01	-1.79E+01	-1.79E+01	1.67E+01	1.68E+01	1.68E+01	-1.79E+01	
hin	6.88E-02	8.49E-08	8.79E-01	5.44E-02	3.59E-01	1.46E+00	-1.50E+00	-1.05E+00	-1.11E+00	-1.97E+00	-2.28E+00	-2.75E+00	-2.93E+00	-6.52E-01	-8.57E-01	-9.52E-01	-3.41E+00	3.28E-01	-1.46E+00	-1.60E+01	-7.70E-01	-1.46E+02	-1.46E+02	-1.46E+02	-1.79E+01	-1.79E+01	-1.79E+01	1.68E+01	-1.79E+01	1.68E+01	-1.79E+01	1.68E+01	-1.79E+01	1.68E+01	-1.79E+01	-1.79E+01	1.67E+01	1.68E+01	1.68E+01	-1.79E+01	
group_1133	6.88E-02	1.06E-01	5.31E-01	-1.65E-01	2.61E-01	1.49E+00	-1.52E+00	-1.08E+00	-1.14E+00	-1.96E+00	-2.31E+00	-2.77E+00	-2.85E+00	-6.76E-01	-8.81E-01	-9.76E-01	-3.43E+00	3.29E-01	-1.49E+00	-1.61E+01	-7.94E-01	-1.46E+02	-1.46E+02	-1.46E+02	-1.80E+01	-1.80E+01	-1.80E+01	1.68E+01	-1.80E+01	1.68E+01	-1.80E+01	1.68E+01	-1.80E+01	1.68E+01	-1.80E+01	-1.80E+01	1.68E+01	1.68E+01	1.68E+01	-1.72E+01	
group_1065	6.82E-02	4.74E-01	2.53E-02	6.78E-01	3.02E-01	1.46E+00	-1.50E+00	-1.45E+00	-1.11E+00	-1.94E+00	-2.31E+00	-2.80E+00	-2.88E+00	-6.53E-01	-8.57E-01	-9.53E-01	-3.51E+00	3.28E-01	-1.46E+00	-1.60E+01	-7.70E-01	-1.46E+02	-1.46E+02	-1.46E+02	-1.97E+01	-1.79E+01	-1.79E+01	1.68E+01	-1.79E+01	1.68E+01	-1.79E+01	1.68E+01	-1.79E+01	1.68E+01	-1.97E+01	-1.79E+01	1.68E+01	1.68E+01	1.68E+01	-1.79E+01	
group_2505	6.75E-02	2.50E-07	1.24E-01	1.37E-02	4.62E+00	1.46E+00	-1.50E+00	-1.05E+00	-1.11E+00	-1.93E+00	-2.27E+00	-2.72E+00	-2.83E+00	-6.82E-01	-8.93E-01	-1.01E+00	-3.07E+00	-2.94E-03	-1.46E+00	-3.66E+00	-9.56E-01	-3.07E+00	-3.07E+00	-3.07E+00	-2.56E+00	-2.56E+00	-2.56E+00	-3.62E-01	-2.56E+00	-3.62E-01	-2.56E+00	-3.75E-01	-2.56E+00	-3.62E-01	-2.56E+00	-2.56E+00	-3.62E-01	-3.62E-01	-3.62E-01	-2.56E+00	matrix-inversion-error
group_2315	6.75E-02	2.50E-07	1.24E-01	1.37E-02	4.62E+00	1.46E+00	-1.50E+00	-1.05E+00	-1.11E+00	-1.93E+00	-2.27E+00	-2.72E+00	-2.83E+00	-6.82E-01	-8.93E-01	-1.01E+00	-3.07E+00	-2.94E-03	-1.46E+00	-3.66E+00	-9.56E-01	-3.07E+00	-3.07E+00	-3.07E+00	-2.56E+00	-2.56E+00	-2.56E+00	-3.62E-01	-2.56E+00	-3.62E-01	-2.56E+00	-3.75E-01	-2.56E+00	-3.62E-01	-2.56E+00	-2.56E+00	-3.62E-01	-3.62E-01	-3.62E-01	-2.56E+00	matrix-inversion-error
group_2255	6.75E-02	2.50E-07	1.24E-01	1.37E-02	4.62E+00	1.46E+00	-1.50E+00	-1.05E+00	-1.11E+00	-1.93E+00	-2.27E+00	-2.72E+00	-2.83E+00	-6.82E-01	-8.93E-01	-1.01E+00	-3.07E+00	-2.94E-03	-1.46E+00	-3.66E+00	-9.56E-01	-3.07E+00	-3.07E+00	-3.07E+00	-2.56E+00	-2.56E+00	-2.56E+00	-3.62E-01	-2.56E+00	-3.62E-01	-2.56E+00	-3.75E-01	-2.56E+00	-3.62E-01	-2.56E+00	-2.56E+00	-3.62E-01	-3.62E-01	-3.62E-01	-2.56E+00	matrix-inversion-error
group_2027	6.75E-02	2.50E-07	1.24E-01	1.37E-02	4.62E+00	1.46E+00	-1.50E+00	-1.05E+00	-1.11E+00	-1.93E+00	-2.27E+00	-2.72E+00	-2.83E+00	-6.82E-01	-8.93E-01	-1.01E+00	-3.07E+00	-2.94E-03	-1.46E+00	-3.66E+00	-9.56E-01	-3.07E+00	-3.07E+00	-3.07E+00	-2.56E+00	-2.56E+00	-2.56E+00	-3.62E-01	-2.56E+00	-3.62E-01	-2.56E+00	-3.75E-01	-2.56E+00	-3.62E-01	-2.56E+00	-2.56E+00	-3.62E-01	-3.62E-01	-3.62E-01	-2.56E+00	matrix-inversion-error
group_1768	6.75E-02	2.50E-07	1.24E-01	1.37E-02	4.62E+00	1.46E+00	-1.50E+00	-1.05E+00	-1.11E+00	-1.93E+00	-2.27E+00	-2.72E+00	-2.83E+00	-6.82E-01	-8.93E-01	-1.01E+00	-3.07E+00	-2.94E-03	-1.46E+00	-3.66E+00	-9.56E-01	-3.07E+00	-3.07E+00	-3.07E+00	-2.56E+00	-2.56E+00	-2.56E+00	-3.62E-01	-2.56E+00	-3.62E-01	-2.56E+00	-3.75E-01	-2.56E+00	-3.62E-01	-2.56E+00	-2.56E+00	-3.62E-01	-3.62E-01	-3.62E-01	-2.56E+00	matrix-inversion-error
group_1699	6.75E-02	2.50E-07	1.24E-01	1.37E-02	4.62E+00	1.46E+00	-1.50E+00	-1.05E+00	-1.11E+00	-1.93E+00	-2.27E+00	-2.72E+00	-2.83E+00	-6.82E-01	-8.93E-01	-1.01E+00	-3.07E+00	-2.94E-03	-1.46E+00	-3.66E+00	-9.56E-01	-3.07E+00	-3.07E+00	-3.07E+00	-2.56E+00	-2.56E+00	-2.56E+00	-3.62E-01	-2.56E+00	-3.62E-01	-2.56E+00	-3.75E-01	-2.56E+00	-3.62E-01	-2.56E+00	-2.56E+00	-3.62E-01	-3.62E-01	-3.62E-01	-2.56E+00	matrix-inversion-error
copB~~~copB_1~~~copB_2	6.75E-02	2.09E-01	1.36E-02	7.70E-01	3.13E-01	1.46E+00	-1.50E+00	-1.50E+00	-1.11E+00	-1.94E+00	-2.28E+00	-2.80E+00	-2.88E+00	-6.53E-01	-8.57E-01	-9.53E-01	-3.41E+00	3.28E-01	-2.04E+00	-1.60E+01	-7.70E-01	-1.46E+02	-1.46E+02	-1.46E+02	-1.99E+01	-1.79E+01	-1.79E+01	1.68E+01	-1.79E+01	1.68E+01	-1.79E+01	1.60E+01	-1.79E+01	1.68E+01	-1.79E+01	-1.79E+01	1.68E+01	1.68E+01	1.68E+01	-1.79E+01	
copY_2~~~copY_1	6.75E-02	2.09E-01	1.36E-02	7.70E-01	3.13E-01	1.46E+00	-1.50E+00	-1.50E+00	-1.11E+00	-1.94E+00	-2.28E+00	-2.80E+00	-2.88E+00	-6.53E-01	-8.57E-01	-9.53E-01	-3.41E+00	3.28E-01	-2.04E+00	-1.60E+01	-7.70E-01	-1.46E+02	-1.46E+02	-1.46E+02	-1.99E+01	-1.79E+01	-1.79E+01	1.68E+01	-1.79E+01	1.68E+01	-1.79E+01	1.60E+01	-1.79E+01	1.68E+01	-1.79E+01	-1.79E+01	1.68E+01	1.68E+01	1.68E+01	-1.79E+01	
group_565	6.75E-02	2.50E-07	1.24E-01	1.37E-02	4.62E+00	1.46E+00	-1.50E+00	-1.05E+00	-1.11E+00	-1.93E+00	-2.27E+00	-2.72E+00	-2.83E+00	-6.82E-01	-8.93E-01	-1.01E+00	-3.07E+00	-2.94E-03	-1.46E+00	-3.66E+00	-9.56E-01	-3.07E+00	-3.07E+00	-3.07E+00	-2.56E+00	-2.56E+00	-2.56E+00	-3.62E-01	-2.56E+00	-3.62E-01	-2.56E+00	-3.75E-01	-2.56E+00	-3.62E-01	-2.56E+00	-2.56E+00	-3.62E-01	-3.62E-01	-3.62E-01	-2.56E+00	matrix-inversion-error
group_248	6.75E-02	2.50E-07	1.24E-01	1.37E-02	4.62E+00	1.46E+00	-1.50E+00	-1.05E+00	-1.11E+00	-1.93E+00	-2.27E+00	-2.72E+00	-2.83E+00	-6.82E-01	-8.93E-01	-1.01E+00	-3.07E+00	-2.94E-03	-1.46E+00	-3.66E+00	-9.56E-01	-3.07E+00	-3.07E+00	-3.07E+00	-2.56E+00	-2.56E+00	-2.56E+00	-3.62E-01	-2.56E+00	-3.62E-01	-2.56E+00	-3.75E-01	-2.56E+00	-3.62E-01	-2.56E+00	-2.56E+00	-3.62E-01	-3.62E-01	-3.62E-01	-2.56E+00	matrix-inversion-error
clpP_2~~~clpP_3	6.69E-02	4.26E-07	8.77E-01	4.77E-02	3.09E-01	1.46E+00	-1.50E+00	-1.06E+00	-1.12E+00	-1.94E+00	-2.32E+00	-2.75E+00	-2.90E+00	-6.53E-01	-8.63E-01	-9.53E-01	-3.42E+00	3.15E-01	-1.46E+00	-1.85E+01	-7.86E-01	-1.46E+02	-1.46E+02	-1.46E+02	-1.79E+01	-1.79E+01	-1.79E+01	1.68E+01	-1.79E+01	1.68E+01	-1.79E+01	1.68E+01	-1.79E+01	1.68E+01	-1.79E+01	-1.79E+01	1.68E+01	1.68E+01	1.68E+01	-1.79E+01	
group_2590	6.69E-02	3.32E-01	9.83E-03	-6.14E-01	2.33E-01	1.55E+00	-1.58E+00	-1.02E+00	-1.19E+00	-2.02E+00	-2.36E+00	-2.83E+00	-2.96E+00	-7.38E-01	-9.43E-01	-1.04E+00	-3.50E+00	2.43E-01	-1.55E+00	-1.61E+01	-8.56E-01	-1.47E+02	-1.47E+02	-1.47E+02	-1.82E+01	-1.82E+01	-1.82E+01	1.67E+01	-1.82E+01	1.67E+01	-1.82E+01	1.67E+01	-1.82E+01	1.67E+01	-1.82E+01	-1.82E+01	1.67E+01	1.67E+01	1.67E+01	-1.82E+01	
group_1963	6.69E-02	3.32E-01	9.83E-03	-6.14E-01	2.33E-01	1.55E+00	-1.58E+00	-1.02E+00	-1.19E+00	-2.02E+00	-2.36E+00	-2.83E+00	-2.96E+00	-7.38E-01	-9.43E-01	-1.04E+00	-3.50E+00	2.43E-01	-1.55E+00	-1.61E+01	-8.56E-01	-1.47E+02	-1.47E+02	-1.47E+02	-1.82E+01	-1.82E+01	-1.82E+01	1.67E+01	-1.82E+01	1.67E+01	-1.82E+01	1.67E+01	-1.82E+01	1.67E+01	-1.82E+01	-1.82E+01	1.67E+01	1.67E+01	1.67E+01	-1.82E+01	
group_1863	6.69E-02	4.26E-07	8.77E-01	4.77E-02	3.09E-01	1.46E+00	-1.50E+00	-1.06E+00	-1.12E+00	-1.94E+00	-2.32E+00	-2.75E+00	-2.90E+00	-6.53E-01	-8.63E-01	-9.53E-01	-3.42E+00	3.15E-01	-1.46E+00	-1.85E+01	-7.86E-01	-1.46E+02	-1.46E+02	-1.46E+02	-1.79E+01	-1.79E+01	-1.79E+01	1.68E+01	-1.79E+01	1.68E+01	-1.79E+01	1.68E+01	-1.79E+01	1.68E+01	-1.79E+01	-1.79E+01	1.68E+01	1.68E+01	1.68E+01	-1.79E+01	
group_1764	6.69E-02	3.32E-01	9.83E-03	-6.14E-01	2.33E-01	1.55E+00	-1.58E+00	-1.02E+00	-1.19E+00	-2.02E+00	-2.36E+00	-2.83E+00	-2.96E+00	-7.38E-01	-9.43E-01	-1.04E+00	-3.50E+00	2.43E-01	-1.55E+00	-1.61E+01	-8.56E-01	-1.47E+02	-1.47E+02	-1.47E+02	-1.82E+01	-1.82E+01	-1.82E+01	1.67E+01	-1.82E+01	1.67E+01	-1.82E+01	1.67E+01	-1.82E+01	1.67E+01	-1.82E+01	-1.82E+01	1.67E+01	1.67E+01	1.67E+01	-1.82E+01	
group_1607	6.69E-02	4.26E-07	8.77E-01	4.77E-02	3.09E-01	1.46E+00	-1.50E+00	-1.06E+00	-1.12E+00	-1.94E+00	-2.32E+00	-2.75E+00	-2.90E+00	-6.53E-01	-8.63E-01	-9.53E-01	-3.42E+00	3.15E-01	-1.46E+00	-1.85E+01	-7.86E-01	-1.46E+02	-1.46E+02	-1.46E+02	-1.79E+01	-1.79E+01	-1.79E+01	1.68E+01	-1.79E+01	1.68E+01	-1.79E+01	1.68E+01	-1.79E+01	1.68E+01	-1.79E+01	-1.79E+01	1.68E+01	1.68E+01	1.68E+01	-1.79E+01	
group_893	6.69E-02	1.24E-06	9.71E-01	-1.48E-02	4.02E-01	1.46E+00	-1.50E+00	-1.05E+00	-1.11E+00	-1.94E+00	-2.27E+00	-2.75E+00	-2.88E+00	-6.53E-01	-8.56E-01	-9.53E-01	-3.41E+00	3.28E-01	-1.46E+00	-1.60E+01	-7.70E-01	-1.46E+02	-1.46E+02	-1.46E+02	-1.79E+01	-1.79E+01	-1.79E+01	1.68E+01	-1.79E+01	1.68E+01	-1.79E+01	1.68E+01	-1.79E+01	1.68E+01	-1.79E+01	-1.79E+01	1.68E+01	1.68E+01	1.68E+01	-1.79E+01	
group_675	6.69E-02	5.88E-05	8.53E-01	6.48E-02	3.51E-01	1.46E+00	-1.50E+00	-1.05E+00	-1.11E+00	-1.94E+00	-2.33E+00	-2.75E+00	-2.88E+00	-6.51E-01	-8.56E-01	-9.51E-01	-3.41E+00	3.30E-01	-1.46E+00	-1.60E+01	-7.69E-01	-1.46E+02	-1.46E+02	-1.46E+02	-1.79E+01	-1.79E+01	-1.79E+01	1.68E+01	-1.82E+01	1.67E+01	-1.79E+01	1.68E+01	-1.79E+01	1.68E+01	-1.79E+01	-1.79E+01	1.68E+01	1.68E+01	1.68E+01	-1.82E+01	
group_276	6.69E-02	4.26E-07	8.77E-01	4.77E-02	3.09E-01	1.46E+00	-1.50E+00	-1.06E+00	-1.12E+00	-1.94E+00	-2.32E+00	-2.75E+00	-2.90E+00	-6.53E-01	-8.63E-01	-9.53E-01	-3.42E+00	3.15E-01	-1.46E+00	-1.85E+01	-7.86E-01	-1.46E+02	-1.46E+02	-1.46E+02	-1.79E+01	-1.79E+01	-1.79E+01	1.68E+01	-1.79E+01	1.68E+01	-1.79E+01	1.68E+01	-1.79E+01	1.68E+01	-1.79E+01	-1.79E+01	1.68E+01	1.68E+01	1.68E+01	-1.79E+01	
group_2206	6.56E-02	9.93E-02	1.00E-02	7.81E-01	3.06E-01	1.46E+00	-1.49E+00	-1.47E+00	-1.11E+00	-1.93E+00	-2.28E+00	-2.80E+00	-2.87E+00	-6.47E-01	-8.51E-01	-9.47E-01	-3.40E+00	3.34E-01	-1.46E+00	-1.60E+01	-7.64E-01	-1.46E+02	-1.46E+02	-1.46E+02	-2.01E+01	-1.79E+01	-1.79E+01	1.68E+01	-1.79E+01	1.68E+01	-1.79E+01	1.68E+01	-1.79E+01	1.68E+01	-1.79E+01	-1.79E+01	1.68E+01	1.68E+01	1.68E+01	-1.79E+01	
group_1581	6.56E-02	3.08E-01	3.89E-02	6.46E-01	3.13E-01	1.46E+00	-1.50E+00	-1.43E+00	-1.11E+00	-1.94E+00	-2.28E+00	-2.79E+00	-2.88E+00	-6.52E-01	-8.57E-01	-9.52E-01	-3.41E+00	3.29E-01	-1.46E+00	-1.60E+01	-7.70E-01	-1.46E+02	-1.46E+02	-1.46E+02	-1.96E+01	-1.79E+01	-1.79E+01	1.68E+01	-1.79E+01	1.68E+01	-1.79E+01	1.68E+01	-1.79E+01	1.68E+01	-1.79E+01	-1.79E+01	1.68E+01	1.68E+01	1.68E+01	-1.79E+01	
group_122	6.56E-02	3.08E-01	3.89E-02	6.46E-01	3.13E-01	1.46E+00	-1.50E+00	-1.43E+00	-1.11E+00	-1.94E+00	-2.28E+00	-2.79E+00	-2.88E+00	-6.52E-01	-8.57E-01	-9.52E-01	-3.41E+00	3.29E-01	-1.46E+00	-1.60E+01	-7.70E-01	-1.46E+02	-1.46E+02	-1.46E+02	-1.96E+01	-1.79E+01	-1.79E+01	1.68E+01	-1.79E+01	1.68E+01	-1.79E+01	1.68E+01	-1.79E+01	1.68E+01	-1.79E+01	-1.79E+01	1.68E+01	1.68E+01	1.68E+01	-1.79E+01	
group_2802	6.49E-02	2.03E-06	2.30E-01	-3.34E-01	2.78E-01	1.46E+00	-1.50E+00	-9.66E-01	-1.11E+00	-1.93E+00	-2.28E+00	-2.56E+00	-2.88E+00	-6.40E-01	-8.59E-01	-8.68E-01	-3.41E+00	3.27E-01	-1.46E+00	-1.60E+01	-7.72E-01	-1.46E+02	-1.46E+02	-1.46E+02	-1.79E+01	-1.79E+01	-1.79E+01	1.68E+01	-1.79E+01	1.68E+01	-1.79E+01	1.68E+01	-1.79E+01	1.68E+01	-1.79E+01	-1.79E+01	1.68E+01	1.68E+01	1.68E+01	-1.79E+01	
group_2434	6.49E-02	1.74E-01	8.08E-03	8.34E-01	3.16E-01	1.46E+00	-1.50E+00	-1.53E+00	-1.11E+00	-1.94E+00	-2.28E+00	-2.81E+00	-2.88E+00	-6.53E-01	-8.57E-01	-9.53E-01	-3.41E+00	3.28E-01	-1.46E+00	-1.60E+01	-7.70E-01	-1.46E+02	-1.46E+02	-1.46E+02	-2.01E+01	-1.79E+01	-1.79E+01	1.68E+01	-1.79E+01	1.68E+01	-1.79E+01	1.68E+01	-1.79E+01	1.68E+01	-1.79E+01	-1.79E+01	1.68E+01	1.68E+01	1.68E+01	-1.79E+01	
group_2263	6.49E-02	1.74E-01	8.08E-03	8.34E-01	3.16E-01	1.46E+00	-1.50E+00	-1.53E+00	-1.11E+00	-1.94E+00	-2.28E+00	-2.81E+00	-2.88E+00	-6.53E-01	-8.57E-01	-9.53E-01	-3.41E+00	3.28E-01	-1.46E+00	-1.60E+01	-7.70E-01	-1.46E+02	-1.46E+02	-1.46E+02	-2.01E+01	-1.79E+01	-1.79E+01	1.68E+01	-1.79E+01	1.68E+01	-1.79E+01	1.68E+01	-1.79E+01	1.68E+01	-1.79E+01	-1.79E+01	1.68E+01	1.68E+01	1.68E+01	-1.79E+01	
actP	6.49E-02	1.74E-01	8.08E-03	8.34E-01	3.16E-01	1.46E+00	-1.50E+00	-1.53E+00	-1.11E+00	-1.94E+00	-2.28E+00	-2.81E+00	-2.88E+00	-6.53E-01	-8.57E-01	-9.53E-01	-3.41E+00	3.28E-01	-1.46E+00	-1.60E+01	-7.70E-01	-1.46E+02	-1.46E+02	-1.46E+02	-2.01E+01	-1.79E+01	-1.79E+01	1.68E+01	-1.79E+01	1.68E+01	-1.79E+01	1.68E+01	-1.79E+01	1.68E+01	-1.79E+01	-1.79E+01	1.68E+01	1.68E+01	1.68E+01	-1.79E+01	
group_1970	6.49E-02	2.32E-07	5.08E-01	-2.77E-01	4.17E-01	1.46E+00	-1.50E+00	-1.05E+00	-1.07E+00	-1.94E+00	-2.03E+00	-2.75E+00	-2.88E+00	-6.41E-01	-8.41E-01	-9.53E-01	-3.41E+00	3.28E-01	-1.46E+00	-1.60E+01	-7.70E-01	-1.46E+02	-1.46E+02	-1.46E+02	-1.79E+01	-1.79E+01	-1.79E+01	1.68E+01	-1.79E+01	1.68E+01	-1.79E+01	1.68E+01	-1.79E+01	1.68E+01	-1.79E+01	-1.79E+01	1.68E+01	1.68E+01	1.68E+01	-1.79E+01	
cadC_1	6.49E-02	1.74E-01	8.08E-03	8.34E-01	3.16E-01	1.46E+00	-1.50E+00	-1.53E+00	-1.11E+00	-1.94E+00	-2.28E+00	-2.81E+00	-2.88E+00	-6.53E-01	-8.57E-01	-9.53E-01	-3.41E+00	3.28E-01	-1.46E+00	-1.60E+01	-7.70E-01	-1.46E+02	-1.46E+02	-1.46E+02	-2.01E+01	-1.79E+01	-1.79E+01	1.68E+01	-1.79E+01	1.68E+01	-1.79E+01	1.68E+01	-1.79E+01	1.68E+01	-1.79E+01	-1.79E+01	1.68E+01	1.68E+01	1.68E+01	-1.79E+01	
group_1101	6.49E-02	2.50E-01	1.37E-02	7.70E-01	3.13E-01	1.46E+00	-1.50E+00	-1.49E+00	-1.11E+00	-1.94E+00	-2.28E+00	-2.80E+00	-2.88E+00	-6.53E-01	-8.57E-01	-9.53E-01	-3.53E+00	3.28E-01	-1.46E+00	-1.60E+01	-7.70E-01	-1.46E+02	-1.46E+02	-1.46E+02	-1.99E+01	-1.79E+01	-1.79E+01	1.68E+01	-1.79E+01	1.68E+01	-1.79E+01	1.68E+01	-1.79E+01	1.68E+01	-1.79E+01	-1.79E+01	1.68E+01	1.68E+01	1.68E+01	-1.79E+01	
group_911	6.49E-02	1.05E-03	4.07E-01	2.58E-01	3.14E-01	1.46E+00	-1.50E+00	-1.08E+00	-1.18E+00	-1.94E+00	-2.28E+00	-2.75E+00	-3.13E+00	-6.51E-01	-8.71E-01	-9.52E-01	-3.41E+00	3.29E-01	-1.46E+00	-1.60E+01	-7.69E-01	-1.46E+02	-1.46E+02	-1.46E+02	-1.79E+01	-1.79E+01	-1.79E+01	1.68E+01	-1.79E+01	1.68E+01	-1.79E+01	1.68E+01	-1.79E+01	1.68E+01	-1.79E+01	-1.79E+01	1.68E+01	1.68E+01	1.68E+01	-1.79E+01	
group_875	6.49E-02	1.05E-03	4.07E-01	2.58E-01	3.14E-01	1.46E+00	-1.50E+00	-1.08E+00	-1.18E+00	-1.94E+00	-2.28E+00	-2.75E+00	-3.13E+00	-6.51E-01	-8.71E-01	-9.52E-01	-3.41E+00	3.29E-01	-1.46E+00	-1.60E+01	-7.69E-01	-1.46E+02	-1.46E+02	-1.46E+02	-1.79E+01	-1.79E+01	-1.79E+01	1.68E+01	-1.79E+01	1.68E+01	-1.79E+01	1.68E+01	-1.79E+01	1.68E+01	-1.79E+01	-1.79E+01	1.68E+01	1.68E+01	1.68E+01	-1.79E+01	
group_640	6.49E-02	1.74E-01	8.08E-03	8.34E-01	3.16E-01	1.46E+00	-1.50E+00	-1.53E+00	-1.11E+00	-1.94E+00	-2.28E+00	-2.81E+00	-2.88E+00	-6.53E-01	-8.57E-01	-9.53E-01	-3.41E+00	3.28E-01	-1.46E+00	-1.60E+01	-7.70E-01	-1.46E+02	-1.46E+02	-1.46E+02	-2.01E+01	-1.79E+01	-1.79E+01	1.68E+01	-1.79E+01	1.68E+01	-1.79E+01	1.68E+01	-1.79E+01	1.68E+01	-1.79E+01	-1.79E+01	1.68E+01	1.68E+01	1.68E+01	-1.79E+01	
group_196	6.49E-02	1.74E-01	8.08E-03	8.34E-01	3.16E-01	1.46E+00	-1.50E+00	-1.53E+00	-1.11E+00	-1.94E+00	-2.28E+00	-2.81E+00	-2.88E+00	-6.53E-01	-8.57E-01	-9.53E-01	-3.41E+00	3.28E-01	-1.46E+00	-1.60E+01	-7.70E-01	-1.46E+02	-1.46E+02	-1.46E+02	-2.01E+01	-1.79E+01	-1.79E+01	1.68E+01	-1.79E+01	1.68E+01	-1.79E+01	1.68E+01	-1.79E+01	1.68E+01	-1.79E+01	-1.79E+01	1.68E+01	1.68E+01	1.68E+01	-1.79E+01	
cadA_3~~~cadA_2~~~cadA_1	6.49E-02	1.74E-01	8.08E-03	8.34E-01	3.16E-01	1.46E+00	-1.50E+00	-1.53E+00	-1.11E+00	-1.94E+00	-2.28E+00	-2.81E+00	-2.88E+00	-6.53E-01	-8.57E-01	-9.53E-01	-3.41E+00	3.28E-01	-1.46E+00	-1.60E+01	-7.70E-01	-1.46E+02	-1.46E+02	-1.46E+02	-2.01E+01	-1.79E+01	-1.79E+01	1.68E+01	-1.79E+01	1.68E+01	-1.79E+01	1.68E+01	-1.79E+01	1.68E+01	-1.79E+01	-1.79E+01	1.68E+01	1.68E+01	1.68E+01	-1.79E+01	
group_1868	6.43E-02	2.00E-01	1.18E-02	7.92E-01	3.15E-01	1.46E+00	-1.50E+00	-1.50E+00	-1.11E+00	-1.94E+00	-2.28E+00	-2.80E+00	-2.88E+00	-6.53E-01	-8.57E-01	-9.53E-01	-3.41E+00	3.28E-01	-1.46E+00	-1.60E+01	-7.70E-01	-1.46E+02	-1.46E+02	-1.46E+02	-2.00E+01	-1.79E+01	-1.79E+01	1.68E+01	-1.79E+01	1.68E+01	-1.79E+01	1.68E+01	-1.79E+01	1.68E+01	-1.79E+01	-1.79E+01	1.68E+01	1.68E+01	1.68E+01	-1.79E+01	
group_1009	6.43E-02	2.08E-01	5.15E-02	-2.73E-01	4.55E+00	1.47E+00	-1.51E+00	-1.02E+00	-1.11E+00	-1.93E+00	-2.23E+00	-2.73E+00	-2.83E+00	-6.94E-01	-6.44E-01	-1.02E+00	-3.08E+00	7.49E-02	-1.47E+00	-3.67E+00	-9.61E-01	-3.08E+00	-2.95E+00	-2.95E+00	-2.57E+00	-2.57E+00	-2.57E+00	-3.73E-01	-2.57E+00	-3.73E-01	-2.57E+00	-3.73E-01	-2.57E+00	-3.73E-01	-2.57E+00	-2.57E+00	-3.73E-01	-3.73E-01	-3.73E-01	-2.30E+00	matrix-inversion-error
group_999	6.43E-02	9.21E-06	6.09E-01	2.90E-01	5.75E-01	1.46E+00	-1.50E+00	-1.05E+00	-1.12E+00	-1.94E+00	-2.53E+00	-2.75E+00	-2.88E+00	-6.52E-01	-1.15E+00	-9.52E-01	-3.53E+00	3.29E-01	-1.46E+00	-1.60E+01	-7.70E-01	-1.46E+02	-1.46E+02	-1.46E+02	-1.79E+01	-1.79E+01	-1.79E+01	1.68E+01	-1.79E+01	1.68E+01	-1.79E+01	1.65E+01	-1.88E+01	1.68E+01	-1.79E+01	-1.79E+01	1.68E+01	1.68E+01	1.68E+01	-1.79E+01	
cadC_3	6.36E-02	2.30E-01	1.17E-02	7.85E-01	3.12E-01	1.46E+00	-1.50E+00	-1.49E+00	-1.11E+00	-1.94E+00	-2.28E+00	-2.80E+00	-2.88E+00	-6.53E-01	-8.57E-01	-9.53E-01	-3.53E+00	3.28E-01	-1.46E+00	-1.60E+01	-7.70E-01	-1.46E+02	-1.46E+02	-1.46E+02	-2.00E+01	-1.79E+01	-1.79E+01	1.68E+01	-1.79E+01	1.68E+01	-1.79E+01	1.68E+01	-1.79E+01	1.68E+01	-1.79E+01	-1.79E+01	1.68E+01	1.68E+01	1.68E+01	-1.79E+01	
group_2501	6.36E-02	1.77E-01	1.06E-01	-3.81E-01	2.35E-01	1.48E+00	-1.50E+00	-1.05E+00	-1.01E+00	-1.92E+00	-2.29E+00	-2.77E+00	-2.90E+00	-6.72E-01	-8.77E-01	-9.72E-01	-3.43E+00	3.09E-01	-1.48E+00	-1.61E+01	-7.90E-01	-1.46E+02	-1.46E+02	-1.46E+02	-1.79E+01	-1.79E+01	-1.79E+01	1.68E+01	-1.79E+01	1.68E+01	-1.79E+01	1.68E+01	-1.79E+01	1.68E+01	-1.62E+01	-1.79E+01	1.68E+01	1.68E+01	1.68E+01	-1.79E+01	
yadH	6.36E-02	2.30E-01	1.17E-02	7.85E-01	3.12E-01	1.46E+00	-1.50E+00	-1.49E+00	-1.11E+00	-1.94E+00	-2.28E+00	-2.80E+00	-2.88E+00	-6.53E-01	-8.57E-01	-9.53E-01	-3.53E+00	3.28E-01	-1.46E+00	-1.60E+01	-7.70E-01	-1.46E+02	-1.46E+02	-1.46E+02	-2.00E+01	-1.79E+01	-1.79E+01	1.68E+01	-1.79E+01	1.68E+01	-1.79E+01	1.68E+01	-1.79E+01	1.68E+01	-1.79E+01	-1.79E+01	1.68E+01	1.68E+01	1.68E+01	-1.79E+01	
group_2192	6.36E-02	1.77E-01	1.06E-01	-3.81E-01	2.35E-01	1.48E+00	-1.50E+00	-1.05E+00	-1.01E+00	-1.92E+00	-2.29E+00	-2.77E+00	-2.90E+00	-6.72E-01	-8.77E-01	-9.72E-01	-3.43E+00	3.09E-01	-1.48E+00	-1.61E+01	-7.90E-01	-1.46E+02	-1.46E+02	-1.46E+02	-1.79E+01	-1.79E+01	-1.79E+01	1.68E+01	-1.79E+01	1.68E+01	-1.79E+01	1.68E+01	-1.79E+01	1.68E+01	-1.62E+01	-1.79E+01	1.68E+01	1.68E+01	1.68E+01	-1.79E+01	
yadG	6.36E-02	2.30E-01	1.17E-02	7.85E-01	3.12E-01	1.46E+00	-1.50E+00	-1.49E+00	-1.11E+00	-1.94E+00	-2.28E+00	-2.80E+00	-2.88E+00	-6.53E-01	-8.57E-01	-9.53E-01	-3.53E+00	3.28E-01	-1.46E+00	-1.60E+01	-7.70E-01	-1.46E+02	-1.46E+02	-1.46E+02	-2.00E+01	-1.79E+01	-1.79E+01	1.68E+01	-1.79E+01	1.68E+01	-1.79E+01	1.68E+01	-1.79E+01	1.68E+01	-1.79E+01	-1.79E+01	1.68E+01	1.68E+01	1.68E+01	-1.79E+01	
sdpR	6.36E-02	2.30E-01	1.17E-02	7.85E-01	3.12E-01	1.46E+00	-1.50E+00	-1.49E+00	-1.11E+00	-1.94E+00	-2.28E+00	-2.80E+00	-2.88E+00	-6.53E-01	-8.57E-01	-9.53E-01	-3.53E+00	3.28E-01	-1.46E+00	-1.60E+01	-7.70E-01	-1.46E+02	-1.46E+02	-1.46E+02	-2.00E+01	-1.79E+01	-1.79E+01	1.68E+01	-1.79E+01	1.68E+01	-1.79E+01	1.68E+01	-1.79E+01	1.68E+01	-1.79E+01	-1.79E+01	1.68E+01	1.68E+01	1.68E+01	-1.79E+01	
group_1828	6.36E-02	2.30E-01	1.17E-02	7.85E-01	3.12E-01	1.46E+00	-1.50E+00	-1.49E+00	-1.11E+00	-1.94E+00	-2.28E+00	-2.80E+00	-2.88E+00	-6.53E-01	-8.57E-01	-9.53E-01	-3.53E+00	3.28E-01	-1.46E+00	-1.60E+01	-7.70E-01	-1.46E+02	-1.46E+02	-1.46E+02	-2.00E+01	-1.79E+01	-1.79E+01	1.68E+01	-1.79E+01	1.68E+01	-1.79E+01	1.68E+01	-1.79E+01	1.68E+01	-1.79E+01	-1.79E+01	1.68E+01	1.68E+01	1.68E+01	-1.79E+01	
arsD	6.36E-02	2.30E-01	1.17E-02	7.85E-01	3.12E-01	1.46E+00	-1.50E+00	-1.49E+00	-1.11E+00	-1.94E+00	-2.28E+00	-2.80E+00	-2.88E+00	-6.53E-01	-8.57E-01	-9.53E-01	-3.53E+00	3.28E-01	-1.46E+00	-1.60E+01	-7.70E-01	-1.46E+02	-1.46E+02	-1.46E+02	-2.00E+01	-1.79E+01	-1.79E+01	1.68E+01	-1.79E+01	1.68E+01	-1.79E+01	1.68E+01	-1.79E+01	1.68E+01	-1.79E+01	-1.79E+01	1.68E+01	1.68E+01	1.68E+01	-1.79E+01	
group_1532	6.36E-02	2.30E-01	1.17E-02	7.85E-01	3.12E-01	1.46E+00	-1.50E+00	-1.49E+00	-1.11E+00	-1.94E+00	-2.28E+00	-2.80E+00	-2.88E+00	-6.53E-01	-8.57E-01	-9.53E-01	-3.53E+00	3.28E-01	-1.46E+00	-1.60E+01	-7.70E-01	-1.46E+02	-1.46E+02	-1.46E+02	-2.00E+01	-1.79E+01	-1.79E+01	1.68E+01	-1.79E+01	1.68E+01	-1.79E+01	1.68E+01	-1.79E+01	1.68E+01	-1.79E+01	-1.79E+01	1.68E+01	1.68E+01	1.68E+01	-1.79E+01	
acr3	6.36E-02	2.30E-01	1.17E-02	7.85E-01	3.12E-01	1.46E+00	-1.50E+00	-1.49E+00	-1.11E+00	-1.94E+00	-2.28E+00	-2.80E+00	-2.88E+00	-6.53E-01	-8.57E-01	-9.53E-01	-3.53E+00	3.28E-01	-1.46E+00	-1.60E+01	-7.70E-01	-1.46E+02	-1.46E+02	-1.46E+02	-2.00E+01	-1.79E+01	-1.79E+01	1.68E+01	-1.79E+01	1.68E+01	-1.79E+01	1.68E+01	-1.79E+01	1.68E+01	-1.79E+01	-1.79E+01	1.68E+01	1.68E+01	1.68E+01	-1.79E+01	
cdr	6.36E-02	2.30E-01	1.17E-02	7.85E-01	3.12E-01	1.46E+00	-1.50E+00	-1.49E+00	-1.11E+00	-1.94E+00	-2.28E+00	-2.80E+00	-2.88E+00	-6.53E-01	-8.57E-01	-9.53E-01	-3.53E+00	3.28E-01	-1.46E+00	-1.60E+01	-7.70E-01	-1.46E+02	-1.46E+02	-1.46E+02	-2.00E+01	-1.79E+01	-1.79E+01	1.68E+01	-1.79E+01	1.68E+01	-1.79E+01	1.68E+01	-1.79E+01	1.68E+01	-1.79E+01	-1.79E+01	1.68E+01	1.68E+01	1.68E+01	-1.79E+01	
arsA	6.36E-02	2.30E-01	1.17E-02	7.85E-01	3.12E-01	1.46E+00	-1.50E+00	-1.49E+00	-1.11E+00	-1.94E+00	-2.28E+00	-2.80E+00	-2.88E+00	-6.53E-01	-8.57E-01	-9.53E-01	-3.53E+00	3.28E-01	-1.46E+00	-1.60E+01	-7.70E-01	-1.46E+02	-1.46E+02	-1.46E+02	-2.00E+01	-1.79E+01	-1.79E+01	1.68E+01	-1.79E+01	1.68E+01	-1.79E+01	1.68E+01	-1.79E+01	1.68E+01	-1.79E+01	-1.79E+01	1.68E+01	1.68E+01	1.68E+01	-1.79E+01	
group_713	6.36E-02	1.77E-01	1.06E-01	-3.81E-01	2.35E-01	1.48E+00	-1.50E+00	-1.05E+00	-1.01E+00	-1.92E+00	-2.29E+00	-2.77E+00	-2.90E+00	-6.72E-01	-8.77E-01	-9.72E-01	-3.43E+00	3.09E-01	-1.48E+00	-1.61E+01	-7.90E-01	-1.46E+02	-1.46E+02	-1.46E+02	-1.79E+01	-1.79E+01	-1.79E+01	1.68E+01	-1.79E+01	1.68E+01	-1.79E+01	1.68E+01	-1.79E+01	1.68E+01	-1.62E+01	-1.79E+01	1.68E+01	1.68E+01	1.68E+01	-1.79E+01	
cadA_2	6.36E-02	2.30E-01	1.17E-02	7.85E-01	3.12E-01	1.46E+00	-1.50E+00	-1.49E+00	-1.11E+00	-1.94E+00	-2.28E+00	-2.80E+00	-2.88E+00	-6.53E-01	-8.57E-01	-9.53E-01	-3.53E+00	3.28E-01	-1.46E+00	-1.60E+01	-7.70E-01	-1.46E+02	-1.46E+02	-1.46E+02	-2.00E+01	-1.79E+01	-1.79E+01	1.68E+01	-1.79E+01	1.68E+01	-1.79E+01	1.68E+01	-1.79E+01	1.68E+01	-1.79E+01	-1.79E+01	1.68E+01	1.68E+01	1.68E+01	-1.79E+01	
group_385	6.36E-02	1.77E-01	1.06E-01	-3.81E-01	2.35E-01	1.48E+00	-1.50E+00	-1.05E+00	-1.01E+00	-1.92E+00	-2.29E+00	-2.77E+00	-2.90E+00	-6.72E-01	-8.77E-01	-9.72E-01	-3.43E+00	3.09E-01	-1.48E+00	-1.61E+01	-7.90E-01	-1.46E+02	-1.46E+02	-1.46E+02	-1.79E+01	-1.79E+01	-1.79E+01	1.68E+01	-1.79E+01	1.68E+01	-1.79E+01	1.68E+01	-1.79E+01	1.68E+01	-1.62E+01	-1.79E+01	1.68E+01	1.68E+01	1.68E+01	-1.79E+01	
group_112	6.36E-02	6.79E-07	9.01E-01	3.98E-02	3.20E-01	1.46E+00	-1.50E+00	-1.06E+00	-1.12E+00	-1.94E+00	-2.31E+00	-2.75E+00	-2.89E+00	-6.53E-01	-8.62E-01	-9.53E-01	-3.41E+00	3.17E-01	-1.46E+00	-2.01E+01	-7.84E-01	-1.46E+02	-1.46E+02	-1.46E+02	-1.79E+01	-1.79E+01	-1.79E+01	1.68E+01	-1.79E+01	1.68E+01	-1.79E+01	1.68E+01	-1.79E+01	1.68E+01	-1.79E+01	-1.79E+01	1.68E+01	1.68E+01	1.68E+01	-1.79E+01	
group_2411	6.30E-02	1.82E-01	1.01E-02	8.07E-01	3.14E-01	1.46E+00	-1.50E+00	-1.50E+00	-1.11E+00	-1.94E+00	-2.28E+00	-2.81E+00	-2.88E+00	-6.53E-01	-8.57E-01	-9.53E-01	-3.41E+00	3.28E-01	-1.46E+00	-1.60E+01	-7.70E-01	-1.46E+02	-1.46E+02	-1.46E+02	-2.00E+01	-1.79E+01	-1.79E+01	1.68E+01	-1.79E+01	1.68E+01	-1.79E+01	1.68E+01	-1.79E+01	1.68E+01	-1.79E+01	-1.79E+01	1.68E+01	1.68E+01	1.68E+01	-1.79E+01	
group_2293	6.30E-02	1.82E-01	1.01E-02	8.07E-01	3.14E-01	1.46E+00	-1.50E+00	-1.50E+00	-1.11E+00	-1.94E+00	-2.28E+00	-2.81E+00	-2.88E+00	-6.53E-01	-8.57E-01	-9.53E-01	-3.41E+00	3.28E-01	-1.46E+00	-1.60E+01	-7.70E-01	-1.46E+02	-1.46E+02	-1.46E+02	-2.00E+01	-1.79E+01	-1.79E+01	1.68E+01	-1.79E+01	1.68E+01	-1.79E+01	1.68E+01	-1.79E+01	1.68E+01	-1.79E+01	-1.79E+01	1.68E+01	1.68E+01	1.68E+01	-1.79E+01	
group_2149	6.30E-02	2.63E-01	2.38E-02	7.08E-01	3.14E-01	1.46E+00	-1.50E+00	-1.45E+00	-1.11E+00	-1.94E+00	-2.28E+00	-2.80E+00	-2.88E+00	-6.53E-01	-8.57E-01	-9.53E-01	-3.41E+00	3.28E-01	-1.46E+00	-1.60E+01	-7.70E-01	-1.46E+02	-1.46E+02	-1.46E+02	-1.98E+01	-1.79E+01	-1.79E+01	1.68E+01	-1.79E+01	1.68E+01	-1.79E+01	1.68E+01	-1.79E+01	1.68E+01	-1.79E+01	-1.79E+01	1.68E+01	1.68E+01	1.68E+01	-1.79E+01	
group_1862	6.30E-02	2.18E-01	1.56E-01	-3.37E-01	2.37E-01	1.48E+00	-1.50E+00	-1.05E+00	-1.02E+00	-1.92E+00	-2.29E+00	-2.76E+00	-2.89E+00	-6.69E-01	-8.74E-01	-9.70E-01	-3.43E+00	3.11E-01	-1.48E+00	-1.61E+01	-7.87E-01	-1.46E+02	-1.46E+02	-1.46E+02	-1.79E+01	-1.79E+01	-1.79E+01	1.68E+01	-1.79E+01	1.68E+01	-1.79E+01	1.68E+01	-1.79E+01	1.68E+01	-1.65E+01	-1.79E+01	1.68E+01	1.68E+01	1.68E+01	-1.79E+01	
group_1853	6.30E-02	2.63E-01	2.38E-02	7.08E-01	3.14E-01	1.46E+00	-1.50E+00	-1.45E+00	-1.11E+00	-1.94E+00	-2.28E+00	-2.80E+00	-2.88E+00	-6.53E-01	-8.57E-01	-9.53E-01	-3.41E+00	3.28E-01	-1.46E+00	-1.60E+01	-7.70E-01	-1.46E+02	-1.46E+02	-1.46E+02	-1.98E+01	-1.79E+01	-1.79E+01	1.68E+01	-1.79E+01	1.68E+01	-1.79E+01	1.68E+01	-1.79E+01	1.68E+01	-1.79E+01	-1.79E+01	1.68E+01	1.68E+01	1.68E+01	-1.79E+01	
group_1203	6.30E-02	2.63E-01	1.67E-02	7.45E-01	3.12E-01	1.46E+00	-1.50E+00	-1.46E+00	-1.11E+00	-1.94E+00	-2.28E+00	-2.80E+00	-2.88E+00	-6.53E-01	-8.57E-01	-9.53E-01	-3.53E+00	3.28E-01	-1.46E+00	-1.60E+01	-7.70E-01	-1.46E+02	-1.46E+02	-1.46E+02	-1.99E+01	-1.79E+01	-1.79E+01	1.68E+01	-1.79E+01	1.68E+01	-1.79E+01	1.68E+01	-1.79E+01	1.68E+01	-1.79E+01	-1.79E+01	1.68E+01	1.68E+01	1.68E+01	-1.79E+01	
group_1177	6.30E-02	3.41E-04	7.17E-01	-2.70E-01	7.34E-01	1.47E+00	-1.50E+00	-1.05E+00	-1.12E+00	-1.67E+00	-2.29E+00	-2.75E+00	-2.88E+00	-6.55E-01	-8.60E-01	-9.55E-01	-3.41E+00	3.26E-01	-1.47E+00	-1.60E+01	-5.03E-01	-1.46E+02	-1.46E+02	-1.46E+02	-1.79E+01	-1.79E+01	-1.79E+01	1.68E+01	-1.79E+01	1.68E+01	-1.79E+01	1.68E+01	-1.79E+01	1.68E+01	-1.79E+01	-1.79E+01	1.71E+01	1.68E+01	1.68E+01	-1.79E+01	
group_1174	6.30E-02	3.32E-06	4.98E-01	-2.69E-01	3.93E-01	1.47E+00	-1.50E+00	-1.05E+00	-1.11E+00	-1.94E+00	-2.05E+00	-2.75E+00	-2.88E+00	-6.57E-01	-8.62E-01	-9.57E-01	-3.41E+00	3.65E-01	-1.47E+00	-1.60E+01	-7.75E-01	-1.46E+02	-1.46E+02	-1.46E+02	-1.79E+01	-1.79E+01	-1.79E+01	1.68E+01	-1.79E+01	1.68E+01	-1.79E+01	1.68E+01	-1.79E+01	1.68E+01	-1.79E+01	-1.79E+01	1.68E+01	1.68E+01	1.68E+01	-1.79E+01	
group_721	6.30E-02	1.82E-01	1.01E-02	8.07E-01	3.14E-01	1.46E+00	-1.50E+00	-1.50E+00	-1.11E+00	-1.94E+00	-2.28E+00	-2.81E+00	-2.88E+00	-6.53E-01	-8.57E-01	-9.53E-01	-3.41E+00	3.28E-01	-1.46E+00	-1.60E+01	-7.70E-01	-1.46E+02	-1.46E+02	-1.46E+02	-2.00E+01	-1.79E+01	-1.79E+01	1.68E+01	-1.79E+01	1.68E+01	-1.79E+01	1.68E+01	-1.79E+01	1.68E+01	-1.79E+01	-1.79E+01	1.68E+01	1.68E+01	1.68E+01	-1.79E+01	
group_197	6.30E-02	1.82E-01	1.01E-02	8.07E-01	3.14E-01	1.46E+00	-1.50E+00	-1.50E+00	-1.11E+00	-1.94E+00	-2.28E+00	-2.81E+00	-2.88E+00	-6.53E-01	-8.57E-01	-9.53E-01	-3.41E+00	3.28E-01	-1.46E+00	-1.60E+01	-7.70E-01	-1.46E+02	-1.46E+02	-1.46E+02	-2.00E+01	-1.79E+01	-1.79E+01	1.68E+01	-1.79E+01	1.68E+01	-1.79E+01	1.68E+01	-1.79E+01	1.68E+01	-1.79E+01	-1.79E+01	1.68E+01	1.68E+01	1.68E+01	-1.79E+01	
immR	6.30E-02	3.41E-04	1.33E-01	6.30E-01	4.35E-01	1.46E+00	-1.50E+00	-1.11E+00	-1.12E+00	-1.94E+00	-2.83E+00	-2.76E+00	-2.88E+00	-6.52E-01	-8.90E-01	-9.52E-01	-3.41E+00	3.29E-01	-2.09E+00	-1.60E+01	-7.70E-01	-1.46E+02	-1.46E+02	-1.46E+02	-1.79E+01	-1.79E+01	-1.79E+01	1.68E+01	-1.79E+01	1.62E+01	-1.79E+01	1.62E+01	-1.79E+01	1.68E+01	-1.79E+01	-1.79E+01	1.68E+01	1.68E+01	1.68E+01	-1.79E+01	
group_2762	6.23E-02	5.43E-09	3.03E-04	-1.04E+00	2.93E-01	1.46E+00	-1.49E+00	-8.04E-01	-1.11E+00	-1.33E+00	-2.28E+00	-2.75E+00	-2.88E+00	-6.53E-01	-8.57E-01	-9.53E-01	-3.41E+00	3.28E-01	-1.46E+00	-1.50E+01	-7.70E-01	-1.46E+02	-1.46E+02	-1.46E+02	-1.79E+01	-1.68E+01	-1.79E+01	1.68E+01	-1.79E+01	1.68E+01	-1.79E+01	1.68E+01	-1.79E+01	1.68E+01	-1.68E+01	-1.79E+01	1.68E+01	1.68E+01	1.68E+01	-1.79E+01	
group_2710	6.23E-02	2.67E-01	1.69E-01	-3.29E-01	2.38E-01	1.48E+00	-1.50E+00	-1.05E+00	-1.02E+00	-1.92E+00	-2.28E+00	-2.76E+00	-2.89E+00	-6.69E-01	-8.74E-01	-9.69E-01	-3.43E+00	3.12E-01	-1.48E+00	-1.61E+01	-7.87E-01	-1.46E+02	-1.46E+02	-1.46E+02	-1.79E+01	-1.79E+01	-1.79E+01	1.68E+01	-1.79E+01	1.68E+01	-1.79E+01	1.68E+01	-1.79E+01	1.68E+01	-1.65E+01	-1.79E+01	1.68E+01	1.68E+01	1.68E+01	-1.79E+01	
group_2673	6.23E-02	5.43E-09	3.03E-04	-1.04E+00	2.93E-01	1.46E+00	-1.49E+00	-8.04E-01	-1.11E+00	-1.33E+00	-2.28E+00	-2.75E+00	-2.88E+00	-6.53E-01	-8.57E-01	-9.53E-01	-3.41E+00	3.28E-01	-1.46E+00	-1.50E+01	-7.70E-01	-1.46E+02	-1.46E+02	-1.46E+02	-1.79E+01	-1.68E+01	-1.79E+01	1.68E+01	-1.79E+01	1.68E+01	-1.79E+01	1.68E+01	-1.79E+01	1.68E+01	-1.68E+01	-1.79E+01	1.68E+01	1.68E+01	1.68E+01	-1.79E+01	
group_2610	6.23E-02	2.67E-01	1.69E-01	-3.29E-01	2.38E-01	1.48E+00	-1.50E+00	-1.05E+00	-1.02E+00	-1.92E+00	-2.28E+00	-2.76E+00	-2.89E+00	-6.69E-01	-8.74E-01	-9.69E-01	-3.43E+00	3.12E-01	-1.48E+00	-1.61E+01	-7.87E-01	-1.46E+02	-1.46E+02	-1.46E+02	-1.79E+01	-1.79E+01	-1.79E+01	1.68E+01	-1.79E+01	1.68E+01	-1.79E+01	1.68E+01	-1.79E+01	1.68E+01	-1.65E+01	-1.79E+01	1.68E+01	1.68E+01	1.68E+01	-1.79E+01	
group_2496	6.23E-02	7.96E-02	1.67E-01	-3.39E-01	2.44E-01	1.48E+00	-1.52E+00	-1.00E+00	-1.11E+00	-1.94E+00	-2.26E+00	-2.75E+00	-2.89E+00	-6.70E-01	-8.54E-01	-9.70E-01	-3.27E+00	4.16E-01	-1.48E+00	-1.61E+01	-7.88E-01	-1.46E+02	-1.46E+02	-1.46E+02	-1.79E+01	-1.79E+01	-1.79E+01	1.68E+01	-1.79E+01	1.68E+01	-1.79E+01	1.68E+01	-1.79E+01	1.68E+01	-1.79E+01	-1.79E+01	1.68E+01	1.68E+01	1.68E+01	-1.79E+01	
group_2188	6.23E-02	8.09E-15	8.81E-01	1.67E-01	1.11E+00	1.46E+00	-1.50E+00	-1.05E+00	-1.12E+00	-1.94E+00	-2.29E+00	-2.91E+00	-2.88E+00	-6.53E-01	-8.57E-01	-9.53E-01	-3.58E+00	3.28E-01	-1.46E+00	-1.60E+01	-8.25E-01	-1.46E+02	-1.46E+02	-1.46E+02	-1.79E+01	-1.79E+01	-1.79E+01	1.68E+01	-1.88E+01	1.68E+01	-1.79E+01	1.68E+01	-1.79E+01	1.68E+01	-1.79E+01	-1.79E+01	1.68E+01	1.68E+01	1.68E+01	-1.79E+01	
group_2157	6.23E-02	5.18E-04	1.30E-01	-3.97E-01	2.62E-01	1.47E+00	-1.51E+00	-9.53E-01	-1.13E+00	-1.94E+00	-2.28E+00	-2.62E+00	-2.89E+00	-6.64E-01	-8.69E-01	-9.64E-01	-3.42E+00	3.17E-01	-1.47E+00	-1.61E+01	-7.82E-01	-1.46E+02	-1.46E+02	-1.33E+02	-1.79E+01	-1.79E+01	-1.79E+01	1.68E+01	-1.79E+01	1.68E+01	-1.79E+01	1.68E+01	-1.79E+01	1.68E+01	-1.79E+01	-1.79E+01	1.68E+01	1.68E+01	1.68E+01	-1.79E+01	
group_2137	6.23E-02	5.43E-09	3.03E-04	-1.04E+00	2.93E-01	1.46E+00	-1.49E+00	-8.04E-01	-1.11E+00	-1.33E+00	-2.28E+00	-2.75E+00	-2.88E+00	-6.53E-01	-8.57E-01	-9.53E-01	-3.41E+00	3.28E-01	-1.46E+00	-1.50E+01	-7.70E-01	-1.46E+02	-1.46E+02	-1.46E+02	-1.79E+01	-1.68E+01	-1.79E+01	1.68E+01	-1.79E+01	1.68E+01	-1.79E+01	1.68E+01	-1.79E+01	1.68E+01	-1.68E+01	-1.79E+01	1.68E+01	1.68E+01	1.68E+01	-1.79E+01	
group_1944	6.23E-02	5.43E-09	3.03E-04	-1.04E+00	2.93E-01	1.46E+00	-1.49E+00	-8.04E-01	-1.11E+00	-1.33E+00	-2.28E+00	-2.75E+00	-2.88E+00	-6.53E-01	-8.57E-01	-9.53E-01	-3.41E+00	3.28E-01	-1.46E+00	-1.50E+01	-7.70E-01	-1.46E+02	-1.46E+02	-1.46E+02	-1.79E+01	-1.68E+01	-1.79E+01	1.68E+01	-1.79E+01	1.68E+01	-1.79E+01	1.68E+01	-1.79E+01	1.68E+01	-1.68E+01	-1.79E+01	1.68E+01	1.68E+01	1.68E+01	-1.79E+01	
group_1848	6.23E-02	2.67E-01	1.69E-01	-3.29E-01	2.38E-01	1.48E+00	-1.50E+00	-1.05E+00	-1.02E+00	-1.92E+00	-2.28E+00	-2.76E+00	-2.89E+00	-6.69E-01	-8.74E-01	-9.69E-01	-3.43E+00	3.12E-01	-1.48E+00	-1.61E+01	-7.87E-01	-1.46E+02	-1.46E+02	-1.46E+02	-1.79E+01	-1.79E+01	-1.79E+01	1.68E+01	-1.79E+01	1.68E+01	-1.79E+01	1.68E+01	-1.79E+01	1.68E+01	-1.65E+01	-1.79E+01	1.68E+01	1.68E+01	1.68E+01	-1.79E+01	
group_1328	6.23E-02	2.67E-01	1.69E-01	-3.29E-01	2.38E-01	1.48E+00	-1.50E+00	-1.05E+00	-1.02E+00	-1.92E+00	-2.28E+00	-2.76E+00	-2.89E+00	-6.69E-01	-8.74E-01	-9.69E-01	-3.43E+00	3.12E-01	-1.48E+00	-1.61E+01	-7.87E-01	-1.46E+02	-1.46E+02	-1.46E+02	-1.79E+01	-1.79E+01	-1.79E+01	1.68E+01	-1.79E+01	1.68E+01	-1.79E+01	1.68E+01	-1.79E+01	1.68E+01	-1.65E+01	-1.79E+01	1.68E+01	1.68E+01	1.68E+01	-1.79E+01	
group_1236	6.23E-02	7.96E-02	8.29E-02	-1.60E-01	4.36E+00	1.47E+00	-1.50E+00	-1.05E+00	-1.11E+00	-1.94E+00	-2.20E+00	-2.73E+00	-2.84E+00	-6.91E-01	-8.98E-01	-1.02E+00	-3.06E+00	-2.24E-03	-1.47E+00	-3.62E+00	-9.58E-01	-3.08E+00	-3.08E+00	-3.00E+00	-2.57E+00	-2.57E+00	-2.57E+00	-3.70E-01	-2.57E+00	-3.70E-01	-2.57E+00	-3.70E-01	-2.57E+00	-3.70E-01	-2.57E+00	-2.57E+00	-3.70E-01	-3.70E-01	-3.70E-01	-2.57E+00	matrix-inversion-error
group_1199	6.23E-02	8.09E-15	8.81E-01	1.67E-01	1.11E+00	1.46E+00	-1.50E+00	-1.05E+00	-1.12E+00	-1.94E+00	-2.29E+00	-2.91E+00	-2.88E+00	-6.53E-01	-8.57E-01	-9.53E-01	-3.58E+00	3.28E-01	-1.46E+00	-1.60E+01	-8.25E-01	-1.46E+02	-1.46E+02	-1.46E+02	-1.79E+01	-1.79E+01	-1.79E+01	1.68E+01	-1.88E+01	1.68E+01	-1.79E+01	1.68E+01	-1.79E+01	1.68E+01	-1.79E+01	-1.79E+01	1.68E+01	1.68E+01	1.68E+01	-1.79E+01	
group_1198	6.23E-02	8.09E-15	8.81E-01	1.67E-01	1.11E+00	1.46E+00	-1.50E+00	-1.05E+00	-1.12E+00	-1.94E+00	-2.29E+00	-2.91E+00	-2.88E+00	-6.53E-01	-8.57E-01	-9.53E-01	-3.58E+00	3.28E-01	-1.46E+00	-1.60E+01	-8.25E-01	-1.46E+02	-1.46E+02	-1.46E+02	-1.79E+01	-1.79E+01	-1.79E+01	1.68E+01	-1.88E+01	1.68E+01	-1.79E+01	1.68E+01	-1.79E+01	1.68E+01	-1.79E+01	-1.79E+01	1.68E+01	1.68E+01	1.68E+01	-1.79E+01	
xre~~~xre_2	6.23E-02	8.09E-15	8.81E-01	1.67E-01	1.11E+00	1.46E+00	-1.50E+00	-1.05E+00	-1.12E+00	-1.94E+00	-2.29E+00	-2.91E+00	-2.88E+00	-6.53E-01	-8.57E-01	-9.53E-01	-3.58E+00	3.28E-01	-1.46E+00	-1.60E+01	-8.25E-01	-1.46E+02	-1.46E+02	-1.46E+02	-1.79E+01	-1.79E+01	-1.79E+01	1.68E+01	-1.88E+01	1.68E+01	-1.79E+01	1.68E+01	-1.79E+01	1.68E+01	-1.79E+01	-1.79E+01	1.68E+01	1.68E+01	1.68E+01	-1.79E+01	
group_970	6.23E-02	2.67E-01	1.69E-01	-3.29E-01	2.38E-01	1.48E+00	-1.50E+00	-1.05E+00	-1.02E+00	-1.92E+00	-2.28E+00	-2.76E+00	-2.89E+00	-6.69E-01	-8.74E-01	-9.69E-01	-3.43E+00	3.12E-01	-1.48E+00	-1.61E+01	-7.87E-01	-1.46E+02	-1.46E+02	-1.46E+02	-1.79E+01	-1.79E+01	-1.79E+01	1.68E+01	-1.79E+01	1.68E+01	-1.79E+01	1.68E+01	-1.79E+01	1.68E+01	-1.65E+01	-1.79E+01	1.68E+01	1.68E+01	1.68E+01	-1.79E+01	
group_959	6.23E-02	8.09E-15	8.81E-01	1.67E-01	1.11E+00	1.46E+00	-1.50E+00	-1.05E+00	-1.12E+00	-1.94E+00	-2.29E+00	-2.91E+00	-2.88E+00	-6.53E-01	-8.57E-01	-9.53E-01	-3.58E+00	3.28E-01	-1.46E+00	-1.60E+01	-8.25E-01	-1.46E+02	-1.46E+02	-1.46E+02	-1.79E+01	-1.79E+01	-1.79E+01	1.68E+01	-1.88E+01	1.68E+01	-1.79E+01	1.68E+01	-1.79E+01	1.68E+01	-1.79E+01	-1.79E+01	1.68E+01	1.68E+01	1.68E+01	-1.79E+01	
group_955	6.23E-02	8.09E-15	8.81E-01	1.67E-01	1.11E+00	1.46E+00	-1.50E+00	-1.05E+00	-1.12E+00	-1.94E+00	-2.29E+00	-2.91E+00	-2.88E+00	-6.53E-01	-8.57E-01	-9.53E-01	-3.58E+00	3.28E-01	-1.46E+00	-1.60E+01	-8.25E-01	-1.46E+02	-1.46E+02	-1.46E+02	-1.79E+01	-1.79E+01	-1.79E+01	1.68E+01	-1.88E+01	1.68E+01	-1.79E+01	1.68E+01	-1.79E+01	1.68E+01	-1.79E+01	-1.79E+01	1.68E+01	1.68E+01	1.68E+01	-1.79E+01	
group_939	6.23E-02	8.09E-15	8.81E-01	1.67E-01	1.11E+00	1.46E+00	-1.50E+00	-1.05E+00	-1.12E+00	-1.94E+00	-2.29E+00	-2.91E+00	-2.88E+00	-6.53E-01	-8.57E-01	-9.53E-01	-3.58E+00	3.28E-01	-1.46E+00	-1.60E+01	-8.25E-01	-1.46E+02	-1.46E+02	-1.46E+02	-1.79E+01	-1.79E+01	-1.79E+01	1.68E+01	-1.88E+01	1.68E+01	-1.79E+01	1.68E+01	-1.79E+01	1.68E+01	-1.79E+01	-1.79E+01	1.68E+01	1.68E+01	1.68E+01	-1.79E+01	
group_915	6.23E-02	8.09E-15	8.81E-01	1.67E-01	1.11E+00	1.46E+00	-1.50E+00	-1.05E+00	-1.12E+00	-1.94E+00	-2.29E+00	-2.91E+00	-2.88E+00	-6.53E-01	-8.57E-01	-9.53E-01	-3.58E+00	3.28E-01	-1.46E+00	-1.60E+01	-8.25E-01	-1.46E+02	-1.46E+02	-1.46E+02	-1.79E+01	-1.79E+01	-1.79E+01	1.68E+01	-1.88E+01	1.68E+01	-1.79E+01	1.68E+01	-1.79E+01	1.68E+01	-1.79E+01	-1.79E+01	1.68E+01	1.68E+01	1.68E+01	-1.79E+01	
group_902	6.23E-02	3.71E-01	9.22E-01	2.41E-02	2.47E-01	1.46E+00	-1.50E+00	-1.06E+00	-1.11E+00	-1.94E+00	-2.29E+00	-2.75E+00	-2.88E+00	-6.52E-01	-8.57E-01	-9.53E-01	-3.41E+00	3.15E-01	-1.46E+00	-3.37E+01	-7.70E-01	-1.46E+02	-1.46E+02	-1.63E+02	-1.79E+01	-1.79E+01	-1.79E+01	1.68E+01	-1.79E+01	1.68E+01	-1.79E+01	1.68E+01	-1.79E+01	1.68E+01	-1.79E+01	-1.79E+01	1.68E+01	1.68E+01	1.68E+01	-1.79E+01	
group_884	6.23E-02	8.09E-15	8.81E-01	1.67E-01	1.11E+00	1.46E+00	-1.50E+00	-1.05E+00	-1.12E+00	-1.94E+00	-2.29E+00	-2.91E+00	-2.88E+00	-6.53E-01	-8.57E-01	-9.53E-01	-3.58E+00	3.28E-01	-1.46E+00	-1.60E+01	-8.25E-01	-1.46E+02	-1.46E+02	-1.46E+02	-1.79E+01	-1.79E+01	-1.79E+01	1.68E+01	-1.88E+01	1.68E+01	-1.79E+01	1.68E+01	-1.79E+01	1.68E+01	-1.79E+01	-1.79E+01	1.68E+01	1.68E+01	1.68E+01	-1.79E+01	
group_882	6.23E-02	8.09E-15	8.81E-01	1.67E-01	1.11E+00	1.46E+00	-1.50E+00	-1.05E+00	-1.12E+00	-1.94E+00	-2.29E+00	-2.91E+00	-2.88E+00	-6.53E-01	-8.57E-01	-9.53E-01	-3.58E+00	3.28E-01	-1.46E+00	-1.60E+01	-8.25E-01	-1.46E+02	-1.46E+02	-1.46E+02	-1.79E+01	-1.79E+01	-1.79E+01	1.68E+01	-1.88E+01	1.68E+01	-1.79E+01	1.68E+01	-1.79E+01	1.68E+01	-1.79E+01	-1.79E+01	1.68E+01	1.68E+01	1.68E+01	-1.79E+01	
group_826	6.23E-02	8.09E-15	8.81E-01	1.67E-01	1.11E+00	1.46E+00	-1.50E+00	-1.05E+00	-1.12E+00	-1.94E+00	-2.29E+00	-2.91E+00	-2.88E+00	-6.53E-01	-8.57E-01	-9.53E-01	-3.58E+00	3.28E-01	-1.46E+00	-1.60E+01	-8.25E-01	-1.46E+02	-1.46E+02	-1.46E+02	-1.79E+01	-1.79E+01	-1.79E+01	1.68E+01	-1.88E+01	1.68E+01	-1.79E+01	1.68E+01	-1.79E+01	1.68E+01	-1.79E+01	-1.79E+01	1.68E+01	1.68E+01	1.68E+01	-1.79E+01	
group_825	6.23E-02	8.09E-15	8.81E-01	1.67E-01	1.11E+00	1.46E+00	-1.50E+00	-1.05E+00	-1.12E+00	-1.94E+00	-2.29E+00	-2.91E+00	-2.88E+00	-6.53E-01	-8.57E-01	-9.53E-01	-3.58E+00	3.28E-01	-1.46E+00	-1.60E+01	-8.25E-01	-1.46E+02	-1.46E+02	-1.46E+02	-1.79E+01	-1.79E+01	-1.79E+01	1.68E+01	-1.88E+01	1.68E+01	-1.79E+01	1.68E+01	-1.79E+01	1.68E+01	-1.79E+01	-1.79E+01	1.68E+01	1.68E+01	1.68E+01	-1.79E+01	
group_822	6.23E-02	8.09E-15	8.81E-01	1.67E-01	1.11E+00	1.46E+00	-1.50E+00	-1.05E+00	-1.12E+00	-1.94E+00	-2.29E+00	-2.91E+00	-2.88E+00	-6.53E-01	-8.57E-01	-9.53E-01	-3.58E+00	3.28E-01	-1.46E+00	-1.60E+01	-8.25E-01	-1.46E+02	-1.46E+02	-1.46E+02	-1.79E+01	-1.79E+01	-1.79E+01	1.68E+01	-1.88E+01	1.68E+01	-1.79E+01	1.68E+01	-1.79E+01	1.68E+01	-1.79E+01	-1.79E+01	1.68E+01	1.68E+01	1.68E+01	-1.79E+01	
group_709	6.23E-02	8.09E-15	8.81E-01	1.67E-01	1.11E+00	1.46E+00	-1.50E+00	-1.05E+00	-1.12E+00	-1.94E+00	-2.29E+00	-2.91E+00	-2.88E+00	-6.53E-01	-8.57E-01	-9.53E-01	-3.58E+00	3.28E-01	-1.46E+00	-1.60E+01	-8.25E-01	-1.46E+02	-1.46E+02	-1.46E+02	-1.79E+01	-1.79E+01	-1.79E+01	1.68E+01	-1.88E+01	1.68E+01	-1.79E+01	1.68E+01	-1.79E+01	1.68E+01	-1.79E+01	-1.79E+01	1.68E+01	1.68E+01	1.68E+01	-1.79E+01	
group_704	6.23E-02	8.09E-15	8.81E-01	1.67E-01	1.11E+00	1.46E+00	-1.50E+00	-1.05E+00	-1.12E+00	-1.94E+00	-2.29E+00	-2.91E+00	-2.88E+00	-6.53E-01	-8.57E-01	-9.53E-01	-3.58E+00	3.28E-01	-1.46E+00	-1.60E+01	-8.25E-01	-1.46E+02	-1.46E+02	-1.46E+02	-1.79E+01	-1.79E+01	-1.79E+01	1.68E+01	-1.88E+01	1.68E+01	-1.79E+01	1.68E+01	-1.79E+01	1.68E+01	-1.79E+01	-1.79E+01	1.68E+01	1.68E+01	1.68E+01	-1.79E+01	
group_618	6.23E-02	8.09E-15	8.81E-01	1.67E-01	1.11E+00	1.46E+00	-1.50E+00	-1.05E+00	-1.12E+00	-1.94E+00	-2.29E+00	-2.91E+00	-2.88E+00	-6.53E-01	-8.57E-01	-9.53E-01	-3.58E+00	3.28E-01	-1.46E+00	-1.60E+01	-8.25E-01	-1.46E+02	-1.46E+02	-1.46E+02	-1.79E+01	-1.79E+01	-1.79E+01	1.68E+01	-1.88E+01	1.68E+01	-1.79E+01	1.68E+01	-1.79E+01	1.68E+01	-1.79E+01	-1.79E+01	1.68E+01	1.68E+01	1.68E+01	-1.79E+01	
group_304	6.23E-02	8.09E-15	8.81E-01	1.67E-01	1.11E+00	1.46E+00	-1.50E+00	-1.05E+00	-1.12E+00	-1.94E+00	-2.29E+00	-2.91E+00	-2.88E+00	-6.53E-01	-8.57E-01	-9.53E-01	-3.58E+00	3.28E-01	-1.46E+00	-1.60E+01	-8.25E-01	-1.46E+02	-1.46E+02	-1.46E+02	-1.79E+01	-1.79E+01	-1.79E+01	1.68E+01	-1.88E+01	1.68E+01	-1.79E+01	1.68E+01	-1.79E+01	1.68E+01	-1.79E+01	-1.79E+01	1.68E+01	1.68E+01	1.68E+01	-1.79E+01	
group_198	6.23E-02	2.67E-01	1.69E-01	-3.29E-01	2.38E-01	1.48E+00	-1.50E+00	-1.05E+00	-1.02E+00	-1.92E+00	-2.28E+00	-2.76E+00	-2.89E+00	-6.69E-01	-8.74E-01	-9.69E-01	-3.43E+00	3.12E-01	-1.48E+00	-1.61E+01	-7.87E-01	-1.46E+02	-1.46E+02	-1.46E+02	-1.79E+01	-1.79E+01	-1.79E+01	1.68E+01	-1.79E+01	1.68E+01	-1.79E+01	1.68E+01	-1.79E+01	1.68E+01	-1.65E+01	-1.79E+01	1.68E+01	1.68E+01	1.68E+01	-1.79E+01	
group_2617	6.17E-02	3.24E-01	2.05E-01	-3.05E-01	2.40E-01	1.48E+00	-1.50E+00	-1.05E+00	-1.03E+00	-1.93E+00	-2.28E+00	-2.76E+00	-2.89E+00	-6.68E-01	-8.73E-01	-9.68E-01	-3.42E+00	3.13E-01	-1.48E+00	-1.61E+01	-7.86E-01	-1.46E+02	-1.46E+02	-1.46E+02	-1.79E+01	-1.79E+01	-1.79E+01	1.68E+01	-1.79E+01	1.68E+01	-1.79E+01	1.68E+01	-1.79E+01	1.68E+01	-1.67E+01	-1.79E+01	1.68E+01	1.68E+01	1.68E+01	-1.79E+01	
glpT	6.17E-02	3.25E-06	6.86E-01	2.33E-01	5.87E-01	1.46E+00	-1.50E+00	-1.05E+00	-1.11E+00	-1.93E+00	-2.50E+00	-2.74E+00	-2.87E+00	-6.49E-01	-8.54E-01	-9.49E-01	-3.41E+00	3.32E-01	-1.46E+00	-1.60E+01	-7.67E-01	-1.46E+02	-1.46E+02	-1.46E+02	-1.79E+01	-1.79E+01	-1.79E+01	1.68E+01	-1.89E+01	1.68E+01	-1.79E+01	1.68E+01	-1.79E+01	1.68E+01	-1.79E+01	-1.89E+01	1.68E+01	1.68E+01	1.68E+01	-1.79E+01	
group_2243	6.17E-02	1.65E-14	3.50E-01	1.20E+00	1.31E+00	1.46E+00	-1.50E+00	-1.05E+00	-1.11E+00	-1.94E+00	-2.32E+00	-3.95E+00	-2.88E+00	-6.53E-01	-8.57E-01	-9.53E-01	-4.61E+00	3.28E-01	-1.46E+00	-1.60E+01	-1.11E+00	-1.46E+02	-1.46E+02	-1.46E+02	-1.79E+01	-1.79E+01	-1.79E+01	1.68E+01	-2.16E+01	1.68E+01	-1.79E+01	1.68E+01	-1.79E+01	1.68E+01	-1.79E+01	-1.79E+01	1.68E+01	1.68E+01	1.68E+01	-1.79E+01	
group_2183	6.17E-02	3.24E-01	2.05E-01	-3.05E-01	2.40E-01	1.48E+00	-1.50E+00	-1.05E+00	-1.03E+00	-1.93E+00	-2.28E+00	-2.76E+00	-2.89E+00	-6.68E-01	-8.73E-01	-9.68E-01	-3.42E+00	3.13E-01	-1.48E+00	-1.61E+01	-7.86E-01	-1.46E+02	-1.46E+02	-1.46E+02	-1.79E+01	-1.79E+01	-1.79E+01	1.68E+01	-1.79E+01	1.68E+01	-1.79E+01	1.68E+01	-1.79E+01	1.68E+01	-1.67E+01	-1.79E+01	1.68E+01	1.68E+01	1.68E+01	-1.79E+01	
group_1889	6.17E-02	3.24E-01	2.05E-01	-3.05E-01	2.40E-01	1.48E+00	-1.50E+00	-1.05E+00	-1.03E+00	-1.93E+00	-2.28E+00	-2.76E+00	-2.89E+00	-6.68E-01	-8.73E-01	-9.68E-01	-3.42E+00	3.13E-01	-1.48E+00	-1.61E+01	-7.86E-01	-1.46E+02	-1.46E+02	-1.46E+02	-1.79E+01	-1.79E+01	-1.79E+01	1.68E+01	-1.79E+01	1.68E+01	-1.79E+01	1.68E+01	-1.79E+01	1.68E+01	-1.67E+01	-1.79E+01	1.68E+01	1.68E+01	1.68E+01	-1.79E+01	
group_1661	6.17E-02	1.65E-14	3.50E-01	1.20E+00	1.31E+00	1.46E+00	-1.50E+00	-1.05E+00	-1.11E+00	-1.94E+00	-2.32E+00	-3.95E+00	-2.88E+00	-6.53E-01	-8.57E-01	-9.53E-01	-4.61E+00	3.28E-01	-1.46E+00	-1.60E+01	-1.11E+00	-1.46E+02	-1.46E+02	-1.46E+02	-1.79E+01	-1.79E+01	-1.79E+01	1.68E+01	-2.16E+01	1.68E+01	-1.79E+01	1.68E+01	-1.79E+01	1.68E+01	-1.79E+01	-1.79E+01	1.68E+01	1.68E+01	1.68E+01	-1.79E+01	
group_1187	6.17E-02	1.15E-07	1.70E-01	-5.62E-01	4.05E-01	1.47E+00	-1.50E+00	-1.03E+00	-1.11E+00	-1.94E+00	-1.79E+00	-2.75E+00	-2.88E+00	-6.59E-01	-8.64E-01	-9.59E-01	-3.42E+00	3.22E-01	-1.47E+00	-1.61E+01	-7.77E-01	-1.46E+02	-1.46E+02	-1.46E+02	-1.79E+01	-1.79E+01	-1.79E+01	1.68E+01	-1.79E+01	1.68E+01	-1.79E+01	1.68E+01	-1.79E+01	1.68E+01	-1.79E+01	-1.79E+01	1.68E+01	1.68E+01	1.68E+01	-1.79E+01	
group_969	6.17E-02	3.24E-01	2.05E-01	-3.05E-01	2.40E-01	1.48E+00	-1.50E+00	-1.05E+00	-1.03E+00	-1.93E+00	-2.28E+00	-2.76E+00	-2.89E+00	-6.68E-01	-8.73E-01	-9.68E-01	-3.42E+00	3.13E-01	-1.48E+00	-1.61E+01	-7.86E-01	-1.46E+02	-1.46E+02	-1.46E+02	-1.79E+01	-1.79E+01	-1.79E+01	1.68E+01	-1.79E+01	1.68E+01	-1.79E+01	1.68E+01	-1.79E+01	1.68E+01	-1.67E+01	-1.79E+01	1.68E+01	1.68E+01	1.68E+01	-1.79E+01	
group_968	6.17E-02	3.24E-01	2.05E-01	-3.05E-01	2.40E-01	1.48E+00	-1.50E+00	-1.05E+00	-1.03E+00	-1.93E+00	-2.28E+00	-2.76E+00	-2.89E+00	-6.68E-01	-8.73E-01	-9.68E-01	-3.42E+00	3.13E-01	-1.48E+00	-1.61E+01	-7.86E-01	-1.46E+02	-1.46E+02	-1.46E+02	-1.79E+01	-1.79E+01	-1.79E+01	1.68E+01	-1.79E+01	1.68E+01	-1.79E+01	1.68E+01	-1.79E+01	1.68E+01	-1.67E+01	-1.79E+01	1.68E+01	1.68E+01	1.68E+01	-1.79E+01	
group_967	6.17E-02	3.24E-01	2.05E-01	-3.05E-01	2.40E-01	1.48E+00	-1.50E+00	-1.05E+00	-1.03E+00	-1.93E+00	-2.28E+00	-2.76E+00	-2.89E+00	-6.68E-01	-8.73E-01	-9.68E-01	-3.42E+00	3.13E-01	-1.48E+00	-1.61E+01	-7.86E-01	-1.46E+02	-1.46E+02	-1.46E+02	-1.79E+01	-1.79E+01	-1.79E+01	1.68E+01	-1.79E+01	1.68E+01	-1.79E+01	1.68E+01	-1.79E+01	1.68E+01	-1.67E+01	-1.79E+01	1.68E+01	1.68E+01	1.68E+01	-1.79E+01	
group_964	6.17E-02	3.24E-01	2.05E-01	-3.05E-01	2.40E-01	1.48E+00	-1.50E+00	-1.05E+00	-1.03E+00	-1.93E+00	-2.28E+00	-2.76E+00	-2.89E+00	-6.68E-01	-8.73E-01	-9.68E-01	-3.42E+00	3.13E-01	-1.48E+00	-1.61E+01	-7.86E-01	-1.46E+02	-1.46E+02	-1.46E+02	-1.79E+01	-1.79E+01	-1.79E+01	1.68E+01	-1.79E+01	1.68E+01	-1.79E+01	1.68E+01	-1.79E+01	1.68E+01	-1.67E+01	-1.79E+01	1.68E+01	1.68E+01	1.68E+01	-1.79E+01	
group_947	6.17E-02	3.24E-01	2.05E-01	-3.05E-01	2.40E-01	1.48E+00	-1.50E+00	-1.05E+00	-1.03E+00	-1.93E+00	-2.28E+00	-2.76E+00	-2.89E+00	-6.68E-01	-8.73E-01	-9.68E-01	-3.42E+00	3.13E-01	-1.48E+00	-1.61E+01	-7.86E-01	-1.46E+02	-1.46E+02	-1.46E+02	-1.79E+01	-1.79E+01	-1.79E+01	1.68E+01	-1.79E+01	1.68E+01	-1.79E+01	1.68E+01	-1.79E+01	1.68E+01	-1.67E+01	-1.79E+01	1.68E+01	1.68E+01	1.68E+01	-1.79E+01	
group_924	6.17E-02	3.24E-01	2.05E-01	-3.05E-01	2.40E-01	1.48E+00	-1.50E+00	-1.05E+00	-1.03E+00	-1.93E+00	-2.28E+00	-2.76E+00	-2.89E+00	-6.68E-01	-8.73E-01	-9.68E-01	-3.42E+00	3.13E-01	-1.48E+00	-1.61E+01	-7.86E-01	-1.46E+02	-1.46E+02	-1.46E+02	-1.79E+01	-1.79E+01	-1.79E+01	1.68E+01	-1.79E+01	1.68E+01	-1.79E+01	1.68E+01	-1.79E+01	1.68E+01	-1.67E+01	-1.79E+01	1.68E+01	1.68E+01	1.68E+01	-1.79E+01	
group_905	6.17E-02	3.24E-01	2.05E-01	-3.05E-01	2.40E-01	1.48E+00	-1.50E+00	-1.05E+00	-1.03E+00	-1.93E+00	-2.28E+00	-2.76E+00	-2.89E+00	-6.68E-01	-8.73E-01	-9.68E-01	-3.42E+00	3.13E-01	-1.48E+00	-1.61E+01	-7.86E-01	-1.46E+02	-1.46E+02	-1.46E+02	-1.79E+01	-1.79E+01	-1.79E+01	1.68E+01	-1.79E+01	1.68E+01	-1.79E+01	1.68E+01	-1.79E+01	1.68E+01	-1.67E+01	-1.79E+01	1.68E+01	1.68E+01	1.68E+01	-1.79E+01	
group_859	6.17E-02	3.24E-01	2.05E-01	-3.05E-01	2.40E-01	1.48E+00	-1.50E+00	-1.05E+00	-1.03E+00	-1.93E+00	-2.28E+00	-2.76E+00	-2.89E+00	-6.68E-01	-8.73E-01	-9.68E-01	-3.42E+00	3.13E-01	-1.48E+00	-1.61E+01	-7.86E-01	-1.46E+02	-1.46E+02	-1.46E+02	-1.79E+01	-1.79E+01	-1.79E+01	1.68E+01	-1.79E+01	1.68E+01	-1.79E+01	1.68E+01	-1.79E+01	1.68E+01	-1.67E+01	-1.79E+01	1.68E+01	1.68E+01	1.68E+01	-1.79E+01	
group_773	6.17E-02	3.24E-01	2.05E-01	-3.05E-01	2.40E-01	1.48E+00	-1.50E+00	-1.05E+00	-1.03E+00	-1.93E+00	-2.28E+00	-2.76E+00	-2.89E+00	-6.68E-01	-8.73E-01	-9.68E-01	-3.42E+00	3.13E-01	-1.48E+00	-1.61E+01	-7.86E-01	-1.46E+02	-1.46E+02	-1.46E+02	-1.79E+01	-1.79E+01	-1.79E+01	1.68E+01	-1.79E+01	1.68E+01	-1.79E+01	1.68E+01	-1.79E+01	1.68E+01	-1.67E+01	-1.79E+01	1.68E+01	1.68E+01	1.68E+01	-1.79E+01	
group_772	6.17E-02	3.24E-01	2.05E-01	-3.05E-01	2.40E-01	1.48E+00	-1.50E+00	-1.05E+00	-1.03E+00	-1.93E+00	-2.28E+00	-2.76E+00	-2.89E+00	-6.68E-01	-8.73E-01	-9.68E-01	-3.42E+00	3.13E-01	-1.48E+00	-1.61E+01	-7.86E-01	-1.46E+02	-1.46E+02	-1.46E+02	-1.79E+01	-1.79E+01	-1.79E+01	1.68E+01	-1.79E+01	1.68E+01	-1.79E+01	1.68E+01	-1.79E+01	1.68E+01	-1.67E+01	-1.79E+01	1.68E+01	1.68E+01	1.68E+01	-1.79E+01	
group_695	6.17E-02	3.24E-01	2.05E-01	-3.05E-01	2.40E-01	1.48E+00	-1.50E+00	-1.05E+00	-1.03E+00	-1.93E+00	-2.28E+00	-2.76E+00	-2.89E+00	-6.68E-01	-8.73E-01	-9.68E-01	-3.42E+00	3.13E-01	-1.48E+00	-1.61E+01	-7.86E-01	-1.46E+02	-1.46E+02	-1.46E+02	-1.79E+01	-1.79E+01	-1.79E+01	1.68E+01	-1.79E+01	1.68E+01	-1.79E+01	1.68E+01	-1.79E+01	1.68E+01	-1.67E+01	-1.79E+01	1.68E+01	1.68E+01	1.68E+01	-1.79E+01	
group_604	6.17E-02	3.24E-01	2.05E-01	-3.05E-01	2.40E-01	1.48E+00	-1.50E+00	-1.05E+00	-1.03E+00	-1.93E+00	-2.28E+00	-2.76E+00	-2.89E+00	-6.68E-01	-8.73E-01	-9.68E-01	-3.42E+00	3.13E-01	-1.48E+00	-1.61E+01	-7.86E-01	-1.46E+02	-1.46E+02	-1.46E+02	-1.79E+01	-1.79E+01	-1.79E+01	1.68E+01	-1.79E+01	1.68E+01	-1.79E+01	1.68E+01	-1.79E+01	1.68E+01	-1.67E+01	-1.79E+01	1.68E+01	1.68E+01	1.68E+01	-1.79E+01	
group_305	6.17E-02	1.65E-14	7.84E-01	2.88E-01	1.05E+00	1.46E+00	-1.50E+00	-1.05E+00	-1.12E+00	-1.94E+00	-2.29E+00	-3.04E+00	-2.88E+00	-6.53E-01	-8.57E-01	-9.53E-01	-3.67E+00	3.28E-01	-1.46E+00	-1.60E+01	-8.63E-01	-1.46E+02	-1.46E+02	-1.46E+02	-1.79E+01	-1.79E+01	-1.79E+01	1.68E+01	-1.92E+01	1.68E+01	-1.79E+01	1.68E+01	-1.79E+01	1.68E+01	-1.79E+01	-1.79E+01	1.68E+01	1.68E+01	1.68E+01	-1.79E+01	
group_206	6.17E-02	3.24E-01	2.05E-01	-3.05E-01	2.40E-01	1.48E+00	-1.50E+00	-1.05E+00	-1.03E+00	-1.93E+00	-2.28E+00	-2.76E+00	-2.89E+00	-6.68E-01	-8.73E-01	-9.68E-01	-3.42E+00	3.13E-01	-1.48E+00	-1.61E+01	-7.86E-01	-1.46E+02	-1.46E+02	-1.46E+02	-1.79E+01	-1.79E+01	-1.79E+01	1.68E+01	-1.79E+01	1.68E+01	-1.79E+01	1.68E+01	-1.79E+01	1.68E+01	-1.67E+01	-1.79E+01	1.68E+01	1.68E+01	1.68E+01	-1.79E+01	
group_143	6.17E-02	1.65E-14	3.50E-01	1.20E+00	1.31E+00	1.46E+00	-1.50E+00	-1.05E+00	-1.11E+00	-1.94E+00	-2.32E+00	-3.95E+00	-2.88E+00	-6.53E-01	-8.57E-01	-9.53E-01	-4.61E+00	3.28E-01	-1.46E+00	-1.60E+01	-1.11E+00	-1.46E+02	-1.46E+02	-1.46E+02	-1.79E+01	-1.79E+01	-1.79E+01	1.68E+01	-2.16E+01	1.68E+01	-1.79E+01	1.68E+01	-1.79E+01	1.68E+01	-1.79E+01	-1.79E+01	1.68E+01	1.68E+01	1.68E+01	-1.79E+01	
group_80	6.17E-02	3.50E-04	7.54E-01	1.17E-01	3.74E-01	1.46E+00	-1.50E+00	-1.05E+00	-1.11E+00	-1.93E+00	-2.37E+00	-2.75E+00	-2.87E+00	-6.49E-01	-8.54E-01	-9.50E-01	-3.41E+00	3.31E-01	-1.46E+00	-1.60E+01	-7.67E-01	-1.46E+02	-1.46E+02	-1.46E+02	-1.79E+01	-1.79E+01	-1.79E+01	1.68E+01	-1.79E+01	1.68E+01	-1.79E+01	1.68E+01	-1.79E+01	1.68E+01	-1.79E+01	-1.79E+01	1.68E+01	1.68E+01	1.68E+01	-1.79E+01	
group_2780	6.10E-02	4.93E-09	1.00E+00	-5.15E+11	4.36E+00	1.50E+00	-1.54E+00	-1.10E+00	-1.16E+00	-1.97E+00	5.15E+11	-2.77E+00	-2.88E+00	-7.27E-01	-9.34E-01	-1.05E+00	-3.11E+00	-3.83E-02	-1.50E+00	-3.70E+00	-9.94E-01	-3.11E+00	-3.11E+00	5.15E+11	-7.13E+11	-1.19E+12	-7.13E+11	1.75E+02	-1.19E+12	5.15E+11	-1.19E+12	-5.02E+02	-1.19E+12	3.96E+11	-1.19E+12	-7.13E+11	-5.21E+01	-7.34E+05	3.96E+11	-7.13E+11	matrix-inversion-error
group_1441	6.10E-02	1.95E-01	1.12E-01	-3.84E-01	2.41E-01	1.48E+00	-1.50E+00	-1.06E+00	-1.01E+00	-1.92E+00	-2.29E+00	-2.77E+00	-2.90E+00	-6.72E-01	-8.77E-01	-9.72E-01	-3.43E+00	3.09E-01	-1.48E+00	-1.61E+01	-7.90E-01	-1.46E+02	-1.46E+02	-1.46E+02	-1.80E+01	-1.80E+01	-1.80E+01	1.68E+01	-1.80E+01	1.68E+01	-1.80E+01	1.68E+01	-1.80E+01	1.68E+01	-1.61E+01	-1.80E+01	1.68E+01	1.68E+01	1.68E+01	-1.80E+01	
group_963	6.10E-02	2.81E-01	1.87E-01	-3.18E-01	2.41E-01	1.48E+00	-1.50E+00	-1.05E+00	-1.02E+00	-1.92E+00	-2.28E+00	-2.76E+00	-2.89E+00	-6.68E-01	-8.73E-01	-9.68E-01	-3.42E+00	3.13E-01	-1.48E+00	-1.61E+01	-7.86E-01	-1.46E+02	-1.46E+02	-1.46E+02	-1.79E+01	-1.79E+01	-1.79E+01	1.68E+01	-1.79E+01	1.68E+01	-1.79E+01	1.68E+01	-1.79E+01	1.68E+01	-1.66E+01	-1.79E+01	1.68E+01	1.68E+01	1.68E+01	-1.79E+01	
group_937	6.10E-02	3.88E-05	7.27E-01	-1.24E-01	3.54E-01	1.47E+00	-1.50E+00	-1.06E+00	-1.12E+00	-1.94E+00	-2.29E+00	-2.75E+00	-2.76E+00	-6.58E-01	-8.48E-01	-9.58E-01	-3.41E+00	3.23E-01	-1.47E+00	-1.61E+01	-7.76E-01	-1.46E+02	-1.46E+02	-1.46E+02	-1.79E+01	-1.79E+01	-1.79E+01	1.68E+01	-1.79E+01	1.68E+01	-1.79E+01	1.68E+01	-1.74E+01	1.68E+01	-1.79E+01	-1.79E+01	1.68E+01	1.68E+01	1.68E+01	-1.79E+01	
group_473	6.10E-02	9.95E-01	7.66E-02	-1.35E-01	4.34E+00	1.47E+00	-1.49E+00	-1.05E+00	-1.11E+00	-1.94E+00	-2.28E+00	-2.73E+00	-2.83E+00	-6.91E-01	-8.90E-01	-1.00E+00	-3.08E+00	-2.34E-03	-1.40E+00	-3.63E+00	-9.58E-01	-3.08E+00	-3.08E+00	-3.01E+00	-2.57E+00	-2.57E+00	-2.57E+00	-3.70E-01	-2.57E+00	-3.70E-01	-2.57E+00	-3.70E-01	-2.57E+00	-3.70E-01	-2.57E+00	-2.57E+00	-3.70E-01	-3.70E-01	-3.70E-01	-2.57E+00	matrix-inversion-error
group_1672	6.04E-02	2.41E-01	1.33E-01	-3.65E-01	2.42E-01	1.48E+00	-1.50E+00	-1.06E+00	-1.01E+00	-1.93E+00	-2.29E+00	-2.77E+00	-2.90E+00	-6.71E-01	-8.76E-01	-9.71E-01	-3.43E+00	3.10E-01	-1.48E+00	-1.61E+01	-7.89E-01	-1.46E+02	-1.46E+02	-1.46E+02	-1.79E+01	-1.79E+01	-1.79E+01	1.68E+01	-1.79E+01	1.68E+01	-1.79E+01	1.68E+01	-1.79E+01	1.68E+01	-1.63E+01	-1.79E+01	1.68E+01	1.68E+01	1.68E+01	-1.79E+01	
group_1176	6.04E-02	3.48E-07	3.61E-01	-3.92E-01	4.25E-01	1.47E+00	-1.50E+00	-1.04E+00	-1.11E+00	-1.94E+00	-1.94E+00	-2.75E+00	-2.88E+00	-6.57E-01	-8.62E-01	-9.57E-01	-3.41E+00	3.24E-01	-1.47E+00	-1.60E+01	-7.75E-01	-1.46E+02	-1.46E+02	-1.46E+02	-1.79E+01	-1.79E+01	-1.79E+01	1.68E+01	-1.79E+01	1.68E+01	-1.79E+01	1.68E+01	-1.79E+01	1.68E+01	-1.79E+01	-1.79E+01	1.68E+01	1.68E+01	1.68E+01	-1.79E+01	
group_1175	6.04E-02	3.48E-07	3.61E-01	-3.92E-01	4.25E-01	1.47E+00	-1.50E+00	-1.04E+00	-1.11E+00	-1.94E+00	-1.94E+00	-2.75E+00	-2.88E+00	-6.57E-01	-8.62E-01	-9.57E-01	-3.41E+00	3.24E-01	-1.47E+00	-1.60E+01	-7.75E-01	-1.46E+02	-1.46E+02	-1.46E+02	-1.79E+01	-1.79E+01	-1.79E+01	1.68E+01	-1.79E+01	1.68E+01	-1.79E+01	1.68E+01	-1.79E+01	1.68E+01	-1.79E+01	-1.79E+01	1.68E+01	1.68E+01	1.68E+01	-1.79E+01	
group_900	6.04E-02	4.93E-05	2.82E-01	3.11E-01	2.96E-01	1.43E+00	-1.47E+00	-1.03E+00	-1.08E+00	-1.92E+00	-2.25E+00	-2.72E+00	-2.85E+00	-6.54E-01	-8.25E-01	-9.20E-01	-3.38E+00	4.94E-02	-1.43E+00	-1.60E+01	-7.38E-01	-1.46E+02	-1.46E+02	-1.46E+02	-1.77E+01	-1.77E+01	-1.77E+01	1.68E+01	-1.77E+01	1.68E+01	-1.77E+01	1.68E+01	-1.77E+01	1.68E+01	-1.77E+01	-1.77E+01	1.68E+01	1.68E+01	1.68E+01	-1.90E+01	
group_894	6.04E-02	6.19E-05	1.37E-01	-1.36E-01	4.05E+00	1.46E+00	-1.50E+00	-1.05E+00	-1.12E+00	-1.93E+00	-2.27E+00	-2.73E+00	-2.70E+00	-6.87E-01	-8.79E-01	-1.01E+00	-3.07E+00	1.81E-03	-1.46E+00	-3.66E+00	-9.54E-01	-3.07E+00	-2.94E+00	-3.00E+00	-2.56E+00	-2.56E+00	-2.56E+00	-3.66E-01	-2.56E+00	-3.66E-01	-2.56E+00	-3.66E-01	-2.43E+00	-3.66E-01	-2.56E+00	-2.56E+00	-3.66E-01	-3.66E-01	-3.66E-01	-2.56E+00	matrix-inversion-error
group_853	6.04E-02	4.93E-05	2.82E-01	3.11E-01	2.96E-01	1.43E+00	-1.47E+00	-1.03E+00	-1.08E+00	-1.92E+00	-2.25E+00	-2.72E+00	-2.85E+00	-6.54E-01	-8.25E-01	-9.20E-01	-3.38E+00	4.94E-02	-1.43E+00	-1.60E+01	-7.38E-01	-1.46E+02	-1.46E+02	-1.46E+02	-1.77E+01	-1.77E+01	-1.77E+01	1.68E+01	-1.77E+01	1.68E+01	-1.77E+01	1.68E+01	-1.77E+01	1.68E+01	-1.77E+01	-1.77E+01	1.68E+01	1.68E+01	1.68E+01	-1.90E+01	
group_852	6.04E-02	4.93E-05	2.82E-01	3.11E-01	2.96E-01	1.43E+00	-1.47E+00	-1.03E+00	-1.08E+00	-1.92E+00	-2.25E+00	-2.72E+00	-2.85E+00	-6.54E-01	-8.25E-01	-9.20E-01	-3.38E+00	4.94E-02	-1.43E+00	-1.60E+01	-7.38E-01	-1.46E+02	-1.46E+02	-1.46E+02	-1.77E+01	-1.77E+01	-1.77E+01	1.68E+01	-1.77E+01	1.68E+01	-1.77E+01	1.68E+01	-1.77E+01	1.68E+01	-1.77E+01	-1.77E+01	1.68E+01	1.68E+01	1.68E+01	-1.90E+01	
group_801	6.04E-02	2.41E-01	1.33E-01	-3.65E-01	2.42E-01	1.48E+00	-1.50E+00	-1.06E+00	-1.01E+00	-1.93E+00	-2.29E+00	-2.77E+00	-2.90E+00	-6.71E-01	-8.76E-01	-9.71E-01	-3.43E+00	3.10E-01	-1.48E+00	-1.61E+01	-7.89E-01	-1.46E+02	-1.46E+02	-1.46E+02	-1.79E+01	-1.79E+01	-1.79E+01	1.68E+01	-1.79E+01	1.68E+01	-1.79E+01	1.68E+01	-1.79E+01	1.68E+01	-1.63E+01	-1.79E+01	1.68E+01	1.68E+01	1.68E+01	-1.79E+01	
group_762	6.04E-02	4.93E-05	2.82E-01	3.11E-01	2.96E-01	1.43E+00	-1.47E+00	-1.03E+00	-1.08E+00	-1.92E+00	-2.25E+00	-2.72E+00	-2.85E+00	-6.54E-01	-8.25E-01	-9.20E-01	-3.38E+00	4.94E-02	-1.43E+00	-1.60E+01	-7.38E-01	-1.46E+02	-1.46E+02	-1.46E+02	-1.77E+01	-1.77E+01	-1.77E+01	1.68E+01	-1.77E+01	1.68E+01	-1.77E+01	1.68E+01	-1.77E+01	1.68E+01	-1.77E+01	-1.77E+01	1.68E+01	1.68E+01	1.68E+01	-1.90E+01	
group_148	6.04E-02	2.41E-01	1.33E-01	-3.65E-01	2.42E-01	1.48E+00	-1.50E+00	-1.06E+00	-1.01E+00	-1.93E+00	-2.29E+00	-2.77E+00	-2.90E+00	-6.71E-01	-8.76E-01	-9.71E-01	-3.43E+00	3.10E-01	-1.48E+00	-1.61E+01	-7.89E-01	-1.46E+02	-1.46E+02	-1.46E+02	-1.79E+01	-1.79E+01	-1.79E+01	1.68E+01	-1.79E+01	1.68E+01	-1.79E+01	1.68E+01	-1.79E+01	1.68E+01	-1.63E+01	-1.79E+01	1.68E+01	1.68E+01	1.68E+01	-1.79E+01	
group_2806	5.97E-02	5.42E-01	3.85E-01	2.32E-01	2.68E-01	1.46E+00	-1.50E+00	-1.09E+00	-1.11E+00	-1.93E+00	-2.30E+00	-2.75E+00	-2.96E+00	-6.64E-01	-8.65E-01	-9.75E-01	-3.40E+00	1.38E-01	-1.46E+00	-1.60E+01	-7.65E-01	-1.46E+02	-1.46E+02	-1.46E+02	-1.79E+01	-1.79E+01	-1.79E+01	1.68E+01	-1.79E+01	1.68E+01	-1.79E+01	1.68E+01	-1.79E+01	1.68E+01	-1.79E+01	-1.79E+01	1.68E+01	1.68E+01	1.68E+01	-1.87E+01	
group_1641	5.97E-02	7.18E-02	6.60E-01	-1.26E-01	2.84E-01	1.48E+00	-1.51E+00	-1.07E+00	-1.13E+00	-1.95E+00	-2.30E+00	-2.76E+00	-2.85E+00	-6.69E-01	-8.74E-01	-9.69E-01	-3.43E+00	3.12E-01	-1.48E+00	-1.61E+01	-7.87E-01	-1.46E+02	-1.46E+02	-1.46E+02	-1.80E+01	-1.80E+01	-1.80E+01	1.68E+01	-1.80E+01	1.68E+01	-1.80E+01	1.68E+01	-1.80E+01	1.68E+01	-1.80E+01	-1.80E+01	1.68E+01	1.68E+01	1.68E+01	-1.80E+01	
ssb_3	5.97E-02	2.05E-01	1.19E-01	-3.82E-01	2.44E-01	1.48E+00	-1.50E+00	-1.06E+00	-1.01E+00	-1.92E+00	-2.29E+00	-2.77E+00	-2.90E+00	-6.72E-01	-8.77E-01	-9.72E-01	-3.43E+00	3.09E-01	-1.48E+00	-1.61E+01	-7.90E-01	-1.46E+02	-1.46E+02	-1.46E+02	-1.80E+01	-1.80E+01	-1.80E+01	1.68E+01	-1.80E+01	1.68E+01	-1.80E+01	1.68E+01	-1.80E+01	1.68E+01	-1.61E+01	-1.80E+01	1.68E+01	1.68E+01	1.68E+01	-1.80E+01	
group_1188	5.97E-02	6.02E-07	5.04E-01	-2.95E-01	4.37E-01	1.47E+00	-1.50E+00	-1.05E+00	-1.11E+00	-1.94E+00	-2.02E+00	-2.75E+00	-2.88E+00	-6.56E-01	-8.61E-01	-9.56E-01	-3.41E+00	3.25E-01	-1.47E+00	-1.60E+01	-7.74E-01	-1.46E+02	-1.46E+02	-1.46E+02	-1.79E+01	-1.79E+01	-1.79E+01	1.68E+01	-1.79E+01	1.68E+01	-1.79E+01	1.68E+01	-1.79E+01	1.68E+01	-1.79E+01	-1.79E+01	1.68E+01	1.68E+01	1.68E+01	-1.79E+01	
group_835	5.97E-02	1.14E-01	8.25E-01	-5.92E-02	2.67E-01	1.47E+00	-1.50E+00	-1.05E+00	-1.12E+00	-1.94E+00	-2.29E+00	-2.75E+00	-2.88E+00	-6.57E-01	-8.59E-01	-9.57E-01	-3.40E+00	3.83E-01	-1.47E+00	-1.60E+01	-7.75E-01	-1.46E+02	-1.46E+02	-1.46E+02	-1.79E+01	-1.79E+01	-1.77E+01	1.68E+01	-1.77E+01	1.68E+01	-1.79E+01	1.68E+01	-1.79E+01	1.68E+01	-1.77E+01	-1.79E+01	1.68E+01	1.68E+01	1.68E+01	-1.79E+01	
group_57	5.97E-02	2.05E-01	1.19E-01	-3.82E-01	2.44E-01	1.48E+00	-1.50E+00	-1.06E+00	-1.01E+00	-1.92E+00	-2.29E+00	-2.77E+00	-2.90E+00	-6.72E-01	-8.77E-01	-9.72E-01	-3.43E+00	3.09E-01	-1.48E+00	-1.61E+01	-7.90E-01	-1.46E+02	-1.46E+02	-1.46E+02	-1.80E+01	-1.80E+01	-1.80E+01	1.68E+01	-1.80E+01	1.68E+01	-1.80E+01	1.68E+01	-1.80E+01	1.68E+01	-1.61E+01	-1.80E+01	1.68E+01	1.68E+01	1.68E+01	-1.80E+01	
group_2070	5.91E-02	2.53E-01	1.40E-01	-3.63E-01	2.46E-01	1.48E+00	-1.50E+00	-1.06E+00	-1.01E+00	-1.93E+00	-2.29E+00	-2.77E+00	-2.90E+00	-6.71E-01	-8.76E-01	-9.71E-01	-3.43E+00	3.10E-01	-1.48E+00	-1.61E+01	-7.89E-01	-1.46E+02	-1.46E+02	-1.46E+02	-1.79E+01	-1.79E+01	-1.79E+01	1.68E+01	-1.79E+01	1.68E+01	-1.79E+01	1.68E+01	-1.79E+01	1.68E+01	-1.63E+01	-1.79E+01	1.68E+01	1.68E+01	1.68E+01	-1.79E+01	
group_1172	5.91E-02	1.03E-06	6.00E-01	-2.28E-01	4.33E-01	1.47E+00	-1.50E+00	-1.05E+00	-1.11E+00	-1.94E+00	-2.08E+00	-2.75E+00	-2.88E+00	-6.55E-01	-8.60E-01	-9.55E-01	-3.41E+00	3.26E-01	-1.47E+00	-1.60E+01	-7.73E-01	-1.46E+02	-1.46E+02	-1.46E+02	-1.79E+01	-1.79E+01	-1.79E+01	1.68E+01	-1.79E+01	1.68E+01	-1.79E+01	1.68E+01	-1.79E+01	1.68E+01	-1.79E+01	-1.79E+01	1.68E+01	1.68E+01	1.68E+01	-1.79E+01	
dnaG_2~~~dnaG_3~~~dnaG_1	5.91E-02	8.53E-02	9.15E-01	-2.90E-02	2.71E-01	1.47E+00	-1.50E+00	-1.05E+00	-1.12E+00	-1.94E+00	-2.28E+00	-2.75E+00	-2.88E+00	-6.55E-01	-8.60E-01	-9.55E-01	-3.40E+00	3.55E-01	-1.47E+00	-1.60E+01	-7.73E-01	-1.46E+02	-1.46E+02	-1.46E+02	-1.79E+01	-1.79E+01	-1.79E+01	1.68E+01	-1.79E+01	1.68E+01	-1.79E+01	1.68E+01	-1.79E+01	1.68E+01	-1.79E+01	-1.79E+01	1.68E+01	1.68E+01	1.68E+01	-1.79E+01	
group_280	5.84E-02	5.25E-08	9.18E-01	3.43E-02	3.34E-01	1.46E+00	-1.50E+00	-1.05E+00	-1.11E+00	-1.94E+00	-2.31E+00	-2.75E+00	-2.89E+00	-6.53E-01	-8.57E-01	-9.53E-01	-3.41E+00	3.28E-01	-1.46E+00	-2.01E+01	-7.82E-01	-1.46E+02	-1.46E+02	-1.46E+02	-1.79E+01	-1.79E+01	-1.79E+01	1.68E+01	-1.79E+01	1.68E+01	-1.79E+01	1.68E+01	-1.79E+01	1.68E+01	-1.79E+01	-1.79E+01	1.68E+01	1.68E+01	1.68E+01	-1.79E+01	
group_2603	5.78E-02	3.83E-03	3.41E-01	-2.44E-01	2.57E-01	1.46E+00	-1.42E+00	-1.05E+00	-1.11E+00	-1.94E+00	-2.28E+00	-2.75E+00	-2.88E+00	-6.53E-01	-8.57E-01	-9.53E-01	-3.41E+00	3.28E-01	-1.46E+00	-1.60E+01	-7.70E-01	-1.46E+02	-1.46E+02	-1.46E+02	-1.79E+01	-1.79E+01	-1.79E+01	1.68E+01	-1.79E+01	1.68E+01	-1.79E+01	1.68E+01	-1.79E+01	1.68E+01	-1.79E+01	-1.79E+01	1.68E+01	1.68E+01	1.68E+01	-1.79E+01	
group_1296	5.78E-02	1.56E-04	1.00E+00	6.49E-01	4.59E+00	1.46E+00	-1.50E+00	-1.05E+00	-1.11E+00	-2.56E+00	-2.27E+00	-2.72E+00	-2.83E+00	-6.82E-01	-8.90E-01	-1.01E+00	-3.07E+00	6.17E-03	-1.46E+00	-3.66E+00	-1.60E+00	-3.07E+00	-3.07E+00	-3.07E+00	-2.56E+00	-2.56E+00	-2.56E+00	-3.62E-01	-2.56E+00	-3.62E-01	-2.56E+00	-3.62E-01	-2.56E+00	-3.62E-01	-2.56E+00	-2.56E+00	-1.01E+00	-3.62E-01	-3.62E-01	-2.56E+00	matrix-inversion-error
group_1280	5.78E-02	6.18E-05	3.20E-01	2.97E-01	3.05E-01	1.43E+00	-1.47E+00	-1.03E+00	-1.08E+00	-1.92E+00	-2.25E+00	-2.72E+00	-2.85E+00	-6.54E-01	-8.27E-01	-9.22E-01	-3.38E+00	6.22E-02	-1.43E+00	-1.60E+01	-7.40E-01	-1.46E+02	-1.46E+02	-1.46E+02	-1.77E+01	-1.77E+01	-1.77E+01	1.68E+01	-1.77E+01	1.68E+01	-1.77E+01	1.68E+01	-1.77E+01	1.68E+01	-1.77E+01	-1.77E+01	1.68E+01	1.68E+01	1.68E+01	-1.90E+01	
group_724	5.78E-02	3.83E-03	3.41E-01	-2.44E-01	2.57E-01	1.46E+00	-1.42E+00	-1.05E+00	-1.11E+00	-1.94E+00	-2.28E+00	-2.75E+00	-2.88E+00	-6.53E-01	-8.57E-01	-9.53E-01	-3.41E+00	3.28E-01	-1.46E+00	-1.60E+01	-7.70E-01	-1.46E+02	-1.46E+02	-1.46E+02	-1.79E+01	-1.79E+01	-1.79E+01	1.68E+01	-1.79E+01	1.68E+01	-1.79E+01	1.68E+01	-1.79E+01	1.68E+01	-1.79E+01	-1.79E+01	1.68E+01	1.68E+01	1.68E+01	-1.79E+01	
smc_2~~~smc_5~~~smc_3	5.78E-02	2.66E-01	5.47E-02	-2.57E-01	4.16E+00	1.47E+00	-1.51E+00	-1.05E+00	-1.11E+00	-1.92E+00	-2.23E+00	-2.73E+00	-2.84E+00	-6.97E-01	-8.89E-01	-1.02E+00	-3.05E+00	1.77E-01	-1.47E+00	-3.67E+00	-9.64E-01	-3.08E+00	-2.96E+00	-2.96E+00	-2.57E+00	-2.57E+00	-2.57E+00	-3.76E-01	-2.57E+00	-3.76E-01	-2.57E+00	-3.76E-01	-2.57E+00	-3.76E-01	-2.57E+00	-2.57E+00	-3.76E-01	-3.76E-01	-3.76E-01	-2.57E+00	matrix-inversion-error
group_420	5.78E-02	1.19E-01	7.65E-01	-8.15E-02	2.71E-01	1.47E+00	-1.51E+00	-1.05E+00	-1.12E+00	-1.94E+00	-2.29E+00	-2.75E+00	-2.88E+00	-6.59E-01	-8.59E-01	-9.59E-01	-3.40E+00	4.03E-01	-1.47E+00	-1.61E+01	-7.77E-01	-1.46E+02	-1.46E+02	-1.46E+02	-1.79E+01	-1.79E+01	-1.77E+01	1.68E+01	-1.79E+01	1.68E+01	-1.77E+01	1.68E+01	-1.79E+01	1.68E+01	-1.77E+01	-1.79E+01	1.68E+01	1.68E+01	1.68E+01	-1.79E+01	
group_413	5.78E-02	3.83E-03	3.41E-01	-2.44E-01	2.57E-01	1.46E+00	-1.42E+00	-1.05E+00	-1.11E+00	-1.94E+00	-2.28E+00	-2.75E+00	-2.88E+00	-6.53E-01	-8.57E-01	-9.53E-01	-3.41E+00	3.28E-01	-1.46E+00	-1.60E+01	-7.70E-01	-1.46E+02	-1.46E+02	-1.46E+02	-1.79E+01	-1.79E+01	-1.79E+01	1.68E+01	-1.79E+01	1.68E+01	-1.79E+01	1.68E+01	-1.79E+01	1.68E+01	-1.79E+01	-1.79E+01	1.68E+01	1.68E+01	1.68E+01	-1.79E+01	
group_38	5.78E-02	6.18E-05	3.20E-01	2.97E-01	3.05E-01	1.43E+00	-1.47E+00	-1.03E+00	-1.08E+00	-1.92E+00	-2.25E+00	-2.72E+00	-2.85E+00	-6.54E-01	-8.27E-01	-9.22E-01	-3.38E+00	6.22E-02	-1.43E+00	-1.60E+01	-7.40E-01	-1.46E+02	-1.46E+02	-1.46E+02	-1.77E+01	-1.77E+01	-1.77E+01	1.68E+01	-1.77E+01	1.68E+01	-1.77E+01	1.68E+01	-1.77E+01	1.68E+01	-1.77E+01	-1.77E+01	1.68E+01	1.68E+01	1.68E+01	-1.90E+01	
group_1396	5.71E-02	5.43E-07	7.54E-01	-9.37E-02	2.98E-01	1.47E+00	-1.50E+00	-1.05E+00	-1.12E+00	-1.94E+00	-2.28E+00	-2.70E+00	-2.86E+00	-6.50E-01	-8.53E-01	-9.54E-01	-3.41E+00	3.27E-01	-1.42E+00	-1.52E+01	-7.09E-01	-1.46E+02	-1.46E+02	-6.18E+02	-1.79E+01	-1.79E+01	-1.79E+01	1.68E+01	-1.79E+01	1.68E+01	-1.79E+01	1.68E+01	-1.79E+01	1.68E+01	-1.79E+01	-1.79E+01	1.68E+01	1.68E+01	1.68E+01	-1.79E+01	
group_504	5.71E-02	3.18E-02	1.02E-01	-1.15E-01	3.90E+00	1.47E+00	-1.51E+00	-1.06E+00	-1.12E+00	-1.94E+00	-2.28E+00	-2.73E+00	-2.84E+00	-6.89E-01	-9.00E-01	-1.02E+00	-3.08E+00	2.49E-02	-1.39E+00	-3.67E+00	-9.60E-01	-3.08E+00	-2.97E+00	-3.02E+00	-2.57E+00	-2.57E+00	-2.57E+00	-3.72E-01	-2.57E+00	-3.72E-01	-2.57E+00	-3.72E-01	-2.57E+00	-3.72E-01	-2.57E+00	-2.57E+00	-3.72E-01	-3.72E-01	-3.72E-01	-2.57E+00	matrix-inversion-error
group_439	5.65E-02	1.26E-01	6.60E-02	-4.51E-01	2.44E-01	1.49E+00	-1.50E+00	-1.06E+00	-1.02E+00	-1.92E+00	-2.29E+00	-2.77E+00	-2.90E+00	-6.76E-01	-8.81E-01	-9.76E-01	-3.43E+00	3.05E-01	-1.49E+00	-1.61E+01	-7.94E-01	-1.46E+02	-1.46E+02	-1.46E+02	-1.80E+01	-1.80E+01	-1.80E+01	1.68E+01	-1.80E+01	1.68E+01	-1.80E+01	1.68E+01	-1.80E+01	1.68E+01	-1.55E+01	-1.80E+01	1.68E+01	1.68E+01	1.68E+01	-1.80E+01	
group_2846	5.58E-02	5.84E-04	7.55E-02	2.03E+00	4.54E+00	1.46E+00	-1.50E+00	-1.05E+00	-1.11E+00	-3.86E+00	-2.27E+00	-2.72E+00	-2.83E+00	-6.82E-01	-8.90E-01	-1.01E+00	-3.07E+00	6.17E-03	-1.46E+00	-3.66E+00	-2.98E+00	-3.07E+00	-3.07E+00	-3.07E+00	-2.56E+00	-2.56E+00	-2.56E+00	-3.62E-01	-2.56E+00	-3.62E-01	-2.56E+00	-3.62E-01	-4.59E+00	-3.62E-01	-2.56E+00	-2.56E+00	-2.39E+00	-3.62E-01	-3.62E-01	-2.56E+00	high-bse
group_2581	5.58E-02	5.84E-04	7.55E-02	2.03E+00	4.54E+00	1.46E+00	-1.50E+00	-1.05E+00	-1.11E+00	-3.86E+00	-2.27E+00	-2.72E+00	-2.83E+00	-6.82E-01	-8.90E-01	-1.01E+00	-3.07E+00	6.17E-03	-1.46E+00	-3.66E+00	-2.98E+00	-3.07E+00	-3.07E+00	-3.07E+00	-2.56E+00	-2.56E+00	-2.56E+00	-3.62E-01	-2.56E+00	-3.62E-01	-2.56E+00	-3.62E-01	-4.59E+00	-3.62E-01	-2.56E+00	-2.56E+00	-2.39E+00	-3.62E-01	-3.62E-01	-2.56E+00	high-bse
group_2570	5.58E-02	5.84E-04	7.55E-02	2.03E+00	4.54E+00	1.46E+00	-1.50E+00	-1.05E+00	-1.11E+00	-3.86E+00	-2.27E+00	-2.72E+00	-2.83E+00	-6.82E-01	-8.90E-01	-1.01E+00	-3.07E+00	6.17E-03	-1.46E+00	-3.66E+00	-2.98E+00	-3.07E+00	-3.07E+00	-3.07E+00	-2.56E+00	-2.56E+00	-2.56E+00	-3.62E-01	-2.56E+00	-3.62E-01	-2.56E+00	-3.62E-01	-4.59E+00	-3.62E-01	-2.56E+00	-2.56E+00	-2.39E+00	-3.62E-01	-3.62E-01	-2.56E+00	high-bse
group_2492	5.58E-02	5.84E-04	7.55E-02	2.03E+00	4.54E+00	1.46E+00	-1.50E+00	-1.05E+00	-1.11E+00	-3.86E+00	-2.27E+00	-2.72E+00	-2.83E+00	-6.82E-01	-8.90E-01	-1.01E+00	-3.07E+00	6.17E-03	-1.46E+00	-3.66E+00	-2.98E+00	-3.07E+00	-3.07E+00	-3.07E+00	-2.56E+00	-2.56E+00	-2.56E+00	-3.62E-01	-2.56E+00	-3.62E-01	-2.56E+00	-3.62E-01	-4.59E+00	-3.62E-01	-2.56E+00	-2.56E+00	-2.39E+00	-3.62E-01	-3.62E-01	-2.56E+00	high-bse
group_2423	5.58E-02	1.20E-08	1.00E+00	-1.89E+01		1.46E+00	-1.50E+00	-1.05E+00	-1.11E+00	-1.94E+00	1.66E+01	-2.75E+00	-2.88E+00	-6.53E-01	-8.57E-01	-9.53E-01	-3.41E+00	3.28E-01	-1.46E+00	-1.60E+01	-7.70E-01	-1.46E+02	-1.46E+02	-1.46E+02	-1.79E+01	-1.79E+01	-1.79E+01	1.68E+01	-1.79E+01	1.68E+01	-1.79E+01	1.68E+01	-1.79E+01	1.68E+01	-3.55E+01	-1.79E+01	1.68E+01	1.68E+01	1.68E+01	-1.79E+01	
group_2338	5.58E-02	5.84E-04	7.55E-02	2.03E+00	4.54E+00	1.46E+00	-1.50E+00	-1.05E+00	-1.11E+00	-3.86E+00	-2.27E+00	-2.72E+00	-2.83E+00	-6.82E-01	-8.90E-01	-1.01E+00	-3.07E+00	6.17E-03	-1.46E+00	-3.66E+00	-2.98E+00	-3.07E+00	-3.07E+00	-3.07E+00	-2.56E+00	-2.56E+00	-2.56E+00	-3.62E-01	-2.56E+00	-3.62E-01	-2.56E+00	-3.62E-01	-4.59E+00	-3.62E-01	-2.56E+00	-2.56E+00	-2.39E+00	-3.62E-01	-3.62E-01	-2.56E+00	high-bse
group_2026	5.58E-02	5.84E-04	7.55E-02	2.03E+00	4.54E+00	1.46E+00	-1.50E+00	-1.05E+00	-1.11E+00	-3.86E+00	-2.27E+00	-2.72E+00	-2.83E+00	-6.82E-01	-8.90E-01	-1.01E+00	-3.07E+00	6.17E-03	-1.46E+00	-3.66E+00	-2.98E+00	-3.07E+00	-3.07E+00	-3.07E+00	-2.56E+00	-2.56E+00	-2.56E+00	-3.62E-01	-2.56E+00	-3.62E-01	-2.56E+00	-3.62E-01	-4.59E+00	-3.62E-01	-2.56E+00	-2.56E+00	-2.39E+00	-3.62E-01	-3.62E-01	-2.56E+00	high-bse
group_2003	5.58E-02	5.84E-04	7.55E-02	2.03E+00	4.54E+00	1.46E+00	-1.50E+00	-1.05E+00	-1.11E+00	-3.86E+00	-2.27E+00	-2.72E+00	-2.83E+00	-6.82E-01	-8.90E-01	-1.01E+00	-3.07E+00	6.17E-03	-1.46E+00	-3.66E+00	-2.98E+00	-3.07E+00	-3.07E+00	-3.07E+00	-2.56E+00	-2.56E+00	-2.56E+00	-3.62E-01	-2.56E+00	-3.62E-01	-2.56E+00	-3.62E-01	-4.59E+00	-3.62E-01	-2.56E+00	-2.56E+00	-2.39E+00	-3.62E-01	-3.62E-01	-2.56E+00	high-bse
group_1903	5.58E-02	1.20E-08	1.00E+00	-1.89E+01		1.46E+00	-1.50E+00	-1.05E+00	-1.11E+00	-1.94E+00	1.66E+01	-2.75E+00	-2.88E+00	-6.53E-01	-8.57E-01	-9.53E-01	-3.41E+00	3.28E-01	-1.46E+00	-1.60E+01	-7.70E-01	-1.46E+02	-1.46E+02	-1.46E+02	-1.79E+01	-1.79E+01	-1.79E+01	1.68E+01	-1.79E+01	1.68E+01	-1.79E+01	1.68E+01	-1.79E+01	1.68E+01	-3.55E+01	-1.79E+01	1.68E+01	1.68E+01	1.68E+01	-1.79E+01	
group_1569	5.58E-02	1.20E-08	1.00E+00	-1.89E+01		1.46E+00	-1.50E+00	-1.05E+00	-1.11E+00	-1.94E+00	1.66E+01	-2.75E+00	-2.88E+00	-6.53E-01	-8.57E-01	-9.53E-01	-3.41E+00	3.28E-01	-1.46E+00	-1.60E+01	-7.70E-01	-1.46E+02	-1.46E+02	-1.46E+02	-1.79E+01	-1.79E+01	-1.79E+01	1.68E+01	-1.79E+01	1.68E+01	-1.79E+01	1.68E+01	-1.79E+01	1.68E+01	-3.55E+01	-1.79E+01	1.68E+01	1.68E+01	1.68E+01	-1.79E+01	
group_1529	5.58E-02	5.84E-04	7.55E-02	2.03E+00	4.54E+00	1.46E+00	-1.50E+00	-1.05E+00	-1.11E+00	-3.86E+00	-2.27E+00	-2.72E+00	-2.83E+00	-6.82E-01	-8.90E-01	-1.01E+00	-3.07E+00	6.17E-03	-1.46E+00	-3.66E+00	-2.98E+00	-3.07E+00	-3.07E+00	-3.07E+00	-2.56E+00	-2.56E+00	-2.56E+00	-3.62E-01	-2.56E+00	-3.62E-01	-2.56E+00	-3.62E-01	-4.59E+00	-3.62E-01	-2.56E+00	-2.56E+00	-2.39E+00	-3.62E-01	-3.62E-01	-2.56E+00	high-bse
group_1291	5.58E-02	1.20E-08	1.00E+00	-1.89E+01		1.46E+00	-1.50E+00	-1.05E+00	-1.11E+00	-1.94E+00	1.66E+01	-2.75E+00	-2.88E+00	-6.53E-01	-8.57E-01	-9.53E-01	-3.41E+00	3.28E-01	-1.46E+00	-1.60E+01	-7.70E-01	-1.46E+02	-1.46E+02	-1.46E+02	-1.79E+01	-1.79E+01	-1.79E+01	1.68E+01	-1.79E+01	1.68E+01	-1.79E+01	1.68E+01	-1.79E+01	1.68E+01	-3.55E+01	-1.79E+01	1.68E+01	1.68E+01	1.68E+01	-1.79E+01	
group_1271	5.58E-02	5.84E-04	7.55E-02	2.03E+00	4.54E+00	1.46E+00	-1.50E+00	-1.05E+00	-1.11E+00	-3.86E+00	-2.27E+00	-2.72E+00	-2.83E+00	-6.82E-01	-8.90E-01	-1.01E+00	-3.07E+00	6.17E-03	-1.46E+00	-3.66E+00	-2.98E+00	-3.07E+00	-3.07E+00	-3.07E+00	-2.56E+00	-2.56E+00	-2.56E+00	-3.62E-01	-2.56E+00	-3.62E-01	-2.56E+00	-3.62E-01	-4.59E+00	-3.62E-01	-2.56E+00	-2.56E+00	-2.39E+00	-3.62E-01	-3.62E-01	-2.56E+00	high-bse
group_1254	5.58E-02	1.20E-08	1.00E+00	-1.89E+01		1.46E+00	-1.50E+00	-1.05E+00	-1.11E+00	-1.94E+00	1.66E+01	-2.75E+00	-2.88E+00	-6.53E-01	-8.57E-01	-9.53E-01	-3.41E+00	3.28E-01	-1.46E+00	-1.60E+01	-7.70E-01	-1.46E+02	-1.46E+02	-1.46E+02	-1.79E+01	-1.79E+01	-1.79E+01	1.68E+01	-1.79E+01	1.68E+01	-1.79E+01	1.68E+01	-1.79E+01	1.68E+01	-3.55E+01	-1.79E+01	1.68E+01	1.68E+01	1.68E+01	-1.79E+01	
group_625	5.58E-02	5.77E-03	3.05E-01	-2.53E-01	2.47E-01	1.46E+00	-1.45E+00	-1.04E+00	-1.11E+00	-1.93E+00	-2.26E+00	-2.75E+00	-2.87E+00	-5.73E-01	-8.43E-01	-9.53E-01	-3.41E+00	3.28E-01	-1.34E+00	-1.60E+01	-7.71E-01	-1.46E+02	-1.46E+02	-1.46E+02	-1.79E+01	-1.79E+01	-1.79E+01	1.68E+01	-1.79E+01	1.68E+01	-1.79E+01	1.68E+01	-1.79E+01	1.68E+01	-1.79E+01	-1.79E+01	1.68E+01	1.71E+01	1.68E+01	-1.79E+01	
group_408	5.58E-02	5.84E-04	7.55E-02	2.03E+00	4.54E+00	1.46E+00	-1.50E+00	-1.05E+00	-1.11E+00	-3.86E+00	-2.27E+00	-2.72E+00	-2.83E+00	-6.82E-01	-8.90E-01	-1.01E+00	-3.07E+00	6.17E-03	-1.46E+00	-3.66E+00	-2.98E+00	-3.07E+00	-3.07E+00	-3.07E+00	-2.56E+00	-2.56E+00	-2.56E+00	-3.62E-01	-2.56E+00	-3.62E-01	-2.56E+00	-3.62E-01	-4.59E+00	-3.62E-01	-2.56E+00	-2.56E+00	-2.39E+00	-3.62E-01	-3.62E-01	-2.56E+00	high-bse
group_366	5.58E-02	5.84E-04	7.55E-02	2.03E+00	4.54E+00	1.46E+00	-1.50E+00	-1.05E+00	-1.11E+00	-3.86E+00	-2.27E+00	-2.72E+00	-2.83E+00	-6.82E-01	-8.90E-01	-1.01E+00	-3.07E+00	6.17E-03	-1.46E+00	-3.66E+00	-2.98E+00	-3.07E+00	-3.07E+00	-3.07E+00	-2.56E+00	-2.56E+00	-2.56E+00	-3.62E-01	-2.56E+00	-3.62E-01	-2.56E+00	-3.62E-01	-4.59E+00	-3.62E-01	-2.56E+00	-2.56E+00	-2.39E+00	-3.62E-01	-3.62E-01	-2.56E+00	high-bse
group_229	5.58E-02	2.10E-02	1.06E-01	8.84E-01	5.70E-01	1.46E+00	-1.50E+00	-1.05E+00	-1.11E+00	-2.63E+00	-2.28E+00	-2.75E+00	-2.88E+00	-6.53E-01	-1.74E+00	-9.53E-01	-3.41E+00	3.28E-01	-1.46E+00	-1.60E+01	-1.65E+00	-1.46E+02	-1.46E+02	-1.46E+02	-1.79E+01	-1.79E+01	-1.79E+01	1.68E+01	-1.79E+01	1.68E+01	-1.79E+01	1.68E+01	-2.04E+01	1.68E+01	-1.79E+01	-1.79E+01	1.68E+01	1.68E+01	1.68E+01	-1.79E+01	
pre~~~pre_1~~~pre_2	5.52E-02	2.91E-05	1.66E-01	4.08E-01	3.04E-01	1.42E+00	-1.46E+00	-1.03E+00	-1.08E+00	-1.90E+00	-2.24E+00	-2.71E+00	-2.84E+00	-6.11E-01	-8.61E-01	-9.11E-01	-3.37E+00	3.70E-01	-1.42E+00	-1.60E+01	-7.29E-01	-1.46E+02	-1.46E+02	-1.46E+02	-1.77E+01	-1.77E+01	-1.77E+01	1.68E+01	-1.77E+01	1.68E+01	-1.77E+01	1.68E+01	-1.77E+01	1.68E+01	-1.77E+01	-1.93E+01	1.68E+01	1.68E+01	1.68E+01	-1.77E+01	
ermC	5.52E-02	2.91E-05	1.66E-01	4.08E-01	3.04E-01	1.42E+00	-1.46E+00	-1.03E+00	-1.08E+00	-1.90E+00	-2.24E+00	-2.71E+00	-2.84E+00	-6.11E-01	-8.61E-01	-9.11E-01	-3.37E+00	3.70E-01	-1.42E+00	-1.60E+01	-7.29E-01	-1.46E+02	-1.46E+02	-1.46E+02	-1.77E+01	-1.77E+01	-1.77E+01	1.68E+01	-1.77E+01	1.68E+01	-1.77E+01	1.68E+01	-1.77E+01	1.68E+01	-1.77E+01	-1.93E+01	1.68E+01	1.68E+01	1.68E+01	-1.77E+01	
group_3644	5.52E-02	2.91E-05	1.66E-01	4.08E-01	3.04E-01	1.42E+00	-1.46E+00	-1.03E+00	-1.08E+00	-1.90E+00	-2.24E+00	-2.71E+00	-2.84E+00	-6.11E-01	-8.61E-01	-9.11E-01	-3.37E+00	3.70E-01	-1.42E+00	-1.60E+01	-7.29E-01	-1.46E+02	-1.46E+02	-1.46E+02	-1.77E+01	-1.77E+01	-1.77E+01	1.68E+01	-1.77E+01	1.68E+01	-1.77E+01	1.68E+01	-1.77E+01	1.68E+01	-1.77E+01	-1.93E+01	1.68E+01	1.68E+01	1.68E+01	-1.77E+01	
group_3643	5.52E-02	2.91E-05	1.66E-01	4.08E-01	3.04E-01	1.42E+00	-1.46E+00	-1.03E+00	-1.08E+00	-1.90E+00	-2.24E+00	-2.71E+00	-2.84E+00	-6.11E-01	-8.61E-01	-9.11E-01	-3.37E+00	3.70E-01	-1.42E+00	-1.60E+01	-7.29E-01	-1.46E+02	-1.46E+02	-1.46E+02	-1.77E+01	-1.77E+01	-1.77E+01	1.68E+01	-1.77E+01	1.68E+01	-1.77E+01	1.68E+01	-1.77E+01	1.68E+01	-1.77E+01	-1.93E+01	1.68E+01	1.68E+01	1.68E+01	-1.77E+01	
group_3642	5.52E-02	2.91E-05	1.66E-01	4.08E-01	3.04E-01	1.42E+00	-1.46E+00	-1.03E+00	-1.08E+00	-1.90E+00	-2.24E+00	-2.71E+00	-2.84E+00	-6.11E-01	-8.61E-01	-9.11E-01	-3.37E+00	3.70E-01	-1.42E+00	-1.60E+01	-7.29E-01	-1.46E+02	-1.46E+02	-1.46E+02	-1.77E+01	-1.77E+01	-1.77E+01	1.68E+01	-1.77E+01	1.68E+01	-1.77E+01	1.68E+01	-1.77E+01	1.68E+01	-1.77E+01	-1.93E+01	1.68E+01	1.68E+01	1.68E+01	-1.77E+01	
group_2832	5.52E-02	7.74E-11	1.83E-02	-2.36E+00	1.15E+00	1.46E+00	-1.50E+00	-1.05E+00	-1.11E+00	-1.94E+00	-7.73E-02	-2.75E+00	-2.88E+00	-6.53E-01	-8.57E-01	-9.53E-01	-3.41E+00	3.28E-01	-1.46E+00	-1.60E+01	-7.70E-01	-1.46E+02	-1.46E+02	-1.45E+02	-1.51E+01	-1.79E+01	-1.51E+01	1.68E+01	-1.79E+01	1.68E+01	-1.51E+01	1.68E+01	-1.79E+01	1.68E+01	-1.79E+01	-1.79E+01	1.68E+01	1.68E+01	1.68E+01	-1.79E+01	
group_2744	5.52E-02	6.59E-13	8.73E-01	2.37E-01	1.48E+00	1.46E+00	-1.50E+00	-1.05E+00	-1.12E+00	-1.94E+00	-2.29E+00	-2.99E+00	-2.88E+00	-6.53E-01	-8.57E-01	-9.53E-01	-3.41E+00	3.28E-01	-1.46E+00	-1.60E+01	-7.70E-01	-1.46E+02	-1.46E+02	-1.46E+02	-1.79E+01	-1.79E+01	-1.79E+01	1.68E+01	-1.79E+01	1.68E+01	-1.79E+01	1.68E+01	-1.79E+01	1.68E+01	-1.79E+01	-1.79E+01	1.68E+01	1.68E+01	1.68E+01	-1.79E+01	
group_2680	5.52E-02	5.52E-01	4.89E-01	1.79E-01	2.60E-01	1.46E+00	-1.50E+00	-1.07E+00	-1.16E+00	-1.94E+00	-2.29E+00	-2.75E+00	-2.89E+00	-6.50E-01	-8.65E-01	-9.50E-01	-3.41E+00	3.31E-01	-1.46E+00	-1.60E+01	-7.67E-01	-1.46E+02	-1.47E+02	-1.47E+02	-1.79E+01	-1.79E+01	-1.79E+01	1.68E+01	-1.79E+01	1.68E+01	-1.79E+01	1.68E+01	-1.79E+01	1.68E+01	-1.79E+01	-1.79E+01	1.68E+01	1.68E+01	1.68E+01	-1.79E+01	
group_2679	5.52E-02	5.52E-01	4.89E-01	1.79E-01	2.60E-01	1.46E+00	-1.50E+00	-1.07E+00	-1.16E+00	-1.94E+00	-2.29E+00	-2.75E+00	-2.89E+00	-6.50E-01	-8.65E-01	-9.50E-01	-3.41E+00	3.31E-01	-1.46E+00	-1.60E+01	-7.67E-01	-1.46E+02	-1.47E+02	-1.47E+02	-1.79E+01	-1.79E+01	-1.79E+01	1.68E+01	-1.79E+01	1.68E+01	-1.79E+01	1.68E+01	-1.79E+01	1.68E+01	-1.79E+01	-1.79E+01	1.68E+01	1.68E+01	1.68E+01	-1.79E+01	
ecfT_2~~~ecfT_3	5.52E-02	5.52E-01	4.89E-01	1.79E-01	2.60E-01	1.46E+00	-1.50E+00	-1.07E+00	-1.16E+00	-1.94E+00	-2.29E+00	-2.75E+00	-2.89E+00	-6.50E-01	-8.65E-01	-9.50E-01	-3.41E+00	3.31E-01	-1.46E+00	-1.60E+01	-7.67E-01	-1.46E+02	-1.47E+02	-1.47E+02	-1.79E+01	-1.79E+01	-1.79E+01	1.68E+01	-1.79E+01	1.68E+01	-1.79E+01	1.68E+01	-1.79E+01	1.68E+01	-1.79E+01	-1.79E+01	1.68E+01	1.68E+01	1.68E+01	-1.79E+01	
group_674	5.52E-02	5.52E-01	4.89E-01	1.79E-01	2.60E-01	1.46E+00	-1.50E+00	-1.07E+00	-1.16E+00	-1.94E+00	-2.29E+00	-2.75E+00	-2.89E+00	-6.50E-01	-8.65E-01	-9.50E-01	-3.41E+00	3.31E-01	-1.46E+00	-1.60E+01	-7.67E-01	-1.46E+02	-1.47E+02	-1.47E+02	-1.79E+01	-1.79E+01	-1.79E+01	1.68E+01	-1.79E+01	1.68E+01	-1.79E+01	1.68E+01	-1.79E+01	1.68E+01	-1.79E+01	-1.79E+01	1.68E+01	1.68E+01	1.68E+01	-1.79E+01	
ykoD_3~~~ykoD_1~~~ykoD_2~~~ykoD_4	5.52E-02	5.52E-01	4.89E-01	1.79E-01	2.60E-01	1.46E+00	-1.50E+00	-1.07E+00	-1.16E+00	-1.94E+00	-2.29E+00	-2.75E+00	-2.89E+00	-6.50E-01	-8.65E-01	-9.50E-01	-3.41E+00	3.31E-01	-1.46E+00	-1.60E+01	-7.67E-01	-1.46E+02	-1.47E+02	-1.47E+02	-1.79E+01	-1.79E+01	-1.79E+01	1.68E+01	-1.79E+01	1.68E+01	-1.79E+01	1.68E+01	-1.79E+01	1.68E+01	-1.79E+01	-1.79E+01	1.68E+01	1.68E+01	1.68E+01	-1.79E+01	
group_456	5.52E-02	6.59E-13	8.73E-01	2.37E-01	1.48E+00	1.46E+00	-1.50E+00	-1.05E+00	-1.12E+00	-1.94E+00	-2.29E+00	-2.99E+00	-2.88E+00	-6.53E-01	-8.57E-01	-9.53E-01	-3.41E+00	3.28E-01	-1.46E+00	-1.60E+01	-7.70E-01	-1.46E+02	-1.46E+02	-1.46E+02	-1.79E+01	-1.79E+01	-1.79E+01	1.68E+01	-1.79E+01	1.68E+01	-1.79E+01	1.68E+01	-1.79E+01	1.68E+01	-1.79E+01	-1.79E+01	1.68E+01	1.68E+01	1.68E+01	-1.79E+01	
group_291	5.52E-02	3.85E-04	9.19E-02	2.36E-01	3.97E+00	1.46E+00	-1.49E+00	-1.06E+00	-1.11E+00	-1.93E+00	-2.27E+00	-2.84E+00	-2.87E+00	-6.79E-01	-9.15E-01	-1.00E+00	-3.07E+00	-1.94E-01	-1.57E+00	-3.65E+00	-9.46E-01	-3.07E+00	-3.07E+00	-3.19E+00	-2.56E+00	-2.56E+00	-2.56E+00	-3.58E-01	-2.56E+00	-3.58E-01	-2.56E+00	-3.58E-01	-2.56E+00	-3.58E-01	-2.56E+00	-2.56E+00	-3.58E-01	-3.58E-01	-3.58E-01	-2.56E+00	matrix-inversion-error
group_172	5.52E-02	6.59E-13	8.73E-01	2.37E-01	1.48E+00	1.46E+00	-1.50E+00	-1.05E+00	-1.12E+00	-1.94E+00	-2.29E+00	-2.99E+00	-2.88E+00	-6.53E-01	-8.57E-01	-9.53E-01	-3.41E+00	3.28E-01	-1.46E+00	-1.60E+01	-7.70E-01	-1.46E+02	-1.46E+02	-1.46E+02	-1.79E+01	-1.79E+01	-1.79E+01	1.68E+01	-1.79E+01	1.68E+01	-1.79E+01	1.68E+01	-1.79E+01	1.68E+01	-1.79E+01	-1.79E+01	1.68E+01	1.68E+01	1.68E+01	-1.79E+01	
group_107	5.52E-02	5.52E-01	4.89E-01	1.79E-01	2.60E-01	1.46E+00	-1.50E+00	-1.07E+00	-1.16E+00	-1.94E+00	-2.29E+00	-2.75E+00	-2.89E+00	-6.50E-01	-8.65E-01	-9.50E-01	-3.41E+00	3.31E-01	-1.46E+00	-1.60E+01	-7.67E-01	-1.46E+02	-1.47E+02	-1.47E+02	-1.79E+01	-1.79E+01	-1.79E+01	1.68E+01	-1.79E+01	1.68E+01	-1.79E+01	1.68E+01	-1.79E+01	1.68E+01	-1.79E+01	-1.79E+01	1.68E+01	1.68E+01	1.68E+01	-1.79E+01	
group_2389	5.45E-02	1.33E-12	1.22E-01	7.94E+01		1.46E+00	-1.50E+00	-1.05E+00	-1.11E+00	-1.94E+00	-2.32E+00	-8.21E+01	-2.88E+00	-6.53E-01	-8.57E-01	-9.53E-01	-3.41E+00	3.28E-01	-1.46E+00	-1.60E+01	-7.70E-01	-1.46E+02	-1.46E+02	-1.46E+02	-1.79E+01	-1.79E+01	-1.79E+01	1.68E+01	-1.79E+01	1.68E+01	-1.79E+01	1.68E+01	-1.79E+01	1.68E+01	-1.79E+01	-1.79E+01	1.68E+01	1.68E+01	1.68E+01	-1.79E+01	
group_2006	5.45E-02	1.33E-12	1.22E-01	7.94E+01		1.46E+00	-1.50E+00	-1.05E+00	-1.11E+00	-1.94E+00	-2.32E+00	-8.21E+01	-2.88E+00	-6.53E-01	-8.57E-01	-9.53E-01	-3.41E+00	3.28E-01	-1.46E+00	-1.60E+01	-7.70E-01	-1.46E+02	-1.46E+02	-1.46E+02	-1.79E+01	-1.79E+01	-1.79E+01	1.68E+01	-1.79E+01	1.68E+01	-1.79E+01	1.68E+01	-1.79E+01	1.68E+01	-1.79E+01	-1.79E+01	1.68E+01	1.68E+01	1.68E+01	-1.79E+01	
group_1568	5.45E-02	1.33E-12	1.22E-01	7.94E+01		1.46E+00	-1.50E+00	-1.05E+00	-1.11E+00	-1.94E+00	-2.32E+00	-8.21E+01	-2.88E+00	-6.53E-01	-8.57E-01	-9.53E-01	-3.41E+00	3.28E-01	-1.46E+00	-1.60E+01	-7.70E-01	-1.46E+02	-1.46E+02	-1.46E+02	-1.79E+01	-1.79E+01	-1.79E+01	1.68E+01	-1.79E+01	1.68E+01	-1.79E+01	1.68E+01	-1.79E+01	1.68E+01	-1.79E+01	-1.79E+01	1.68E+01	1.68E+01	1.68E+01	-1.79E+01	
group_1534	5.45E-02	1.33E-12	1.22E-01	7.94E+01		1.46E+00	-1.50E+00	-1.05E+00	-1.11E+00	-1.94E+00	-2.32E+00	-8.21E+01	-2.88E+00	-6.53E-01	-8.57E-01	-9.53E-01	-3.41E+00	3.28E-01	-1.46E+00	-1.60E+01	-7.70E-01	-1.46E+02	-1.46E+02	-1.46E+02	-1.79E+01	-1.79E+01	-1.79E+01	1.68E+01	-1.79E+01	1.68E+01	-1.79E+01	1.68E+01	-1.79E+01	1.68E+01	-1.79E+01	-1.79E+01	1.68E+01	1.68E+01	1.68E+01	-1.79E+01	
group_1289	5.45E-02	1.33E-12	1.22E-01	7.94E+01		1.46E+00	-1.50E+00	-1.05E+00	-1.11E+00	-1.94E+00	-2.32E+00	-8.21E+01	-2.88E+00	-6.53E-01	-8.57E-01	-9.53E-01	-3.41E+00	3.28E-01	-1.46E+00	-1.60E+01	-7.70E-01	-1.46E+02	-1.46E+02	-1.46E+02	-1.79E+01	-1.79E+01	-1.79E+01	1.68E+01	-1.79E+01	1.68E+01	-1.79E+01	1.68E+01	-1.79E+01	1.68E+01	-1.79E+01	-1.79E+01	1.68E+01	1.68E+01	1.68E+01	-1.79E+01	
group_799	5.45E-02	8.16E-01	7.50E-02	-1.76E-01	4.26E+00	1.47E+00	-1.50E+00	-1.02E+00	-1.10E+00	-1.93E+00	-2.28E+00	-2.72E+00	-2.84E+00	-6.82E-01	-8.76E-01	-9.93E-01	-3.08E+00	-2.15E-04	-1.47E+00	-3.66E+00	-9.56E-01	-3.08E+00	-2.90E+00	-2.99E+00	-2.57E+00	-2.57E+00	-2.57E+00	-3.68E-01	-2.57E+00	-3.68E-01	-2.57E+00	-3.68E-01	-2.57E+00	-3.68E-01	-2.57E+00	-2.57E+00	-3.68E-01	-3.68E-01	-3.68E-01	-2.57E+00	matrix-inversion-error
group_2689	5.39E-02	8.15E-02	4.30E-02	5.49E-01	2.76E-01	1.46E+00	-1.50E+00	-1.23E+00	-1.24E+00	-1.94E+00	-2.28E+00	-2.75E+00	-2.88E+00	-6.52E-01	-8.86E-01	-9.52E-01	-3.41E+00	3.29E-01	-1.46E+00	-1.60E+01	-7.70E-01	-1.46E+02	-1.46E+02	-1.46E+02	-1.79E+01	-1.79E+01	-1.79E+01	1.68E+01	-1.79E+01	1.68E+01	-1.79E+01	1.68E+01	-1.79E+01	1.68E+01	-1.79E+01	-1.79E+01	1.68E+01	1.68E+01	1.68E+01	-1.79E+01	
group_2563	5.39E-02	6.18E-05	5.49E-01	-5.11E-01	8.49E-01	1.46E+00	-1.50E+00	-1.05E+00	-1.11E+00	-1.46E+00	-2.28E+00	-2.75E+00	-2.88E+00	-6.53E-01	-8.57E-01	-9.53E-01	-3.41E+00	3.28E-01	-1.46E+00	-1.60E+01	-2.60E-01	-1.46E+02	-1.46E+02	-1.46E+02	-1.79E+01	-1.79E+01	-1.79E+01	1.68E+01	-1.79E+01	1.68E+01	-1.79E+01	1.68E+01	-1.79E+01	1.68E+01	-1.79E+01	-1.79E+01	1.68E+01	1.68E+01	1.68E+01	-1.79E+01	
group_2523	5.39E-02	6.18E-05	5.49E-01	-5.11E-01	8.49E-01	1.46E+00	-1.50E+00	-1.05E+00	-1.11E+00	-1.46E+00	-2.28E+00	-2.75E+00	-2.88E+00	-6.53E-01	-8.57E-01	-9.53E-01	-3.41E+00	3.28E-01	-1.46E+00	-1.60E+01	-2.60E-01	-1.46E+02	-1.46E+02	-1.46E+02	-1.79E+01	-1.79E+01	-1.79E+01	1.68E+01	-1.79E+01	1.68E+01	-1.79E+01	1.68E+01	-1.79E+01	1.68E+01	-1.79E+01	-1.79E+01	1.68E+01	1.68E+01	1.68E+01	-1.79E+01	
group_2421	5.39E-02	6.18E-05	5.49E-01	-5.11E-01	8.49E-01	1.46E+00	-1.50E+00	-1.05E+00	-1.11E+00	-1.46E+00	-2.28E+00	-2.75E+00	-2.88E+00	-6.53E-01	-8.57E-01	-9.53E-01	-3.41E+00	3.28E-01	-1.46E+00	-1.60E+01	-2.60E-01	-1.46E+02	-1.46E+02	-1.46E+02	-1.79E+01	-1.79E+01	-1.79E+01	1.68E+01	-1.79E+01	1.68E+01	-1.79E+01	1.68E+01	-1.79E+01	1.68E+01	-1.79E+01	-1.79E+01	1.68E+01	1.68E+01	1.68E+01	-1.79E+01	
group_2121	5.39E-02	6.18E-05	5.49E-01	-5.11E-01	8.49E-01	1.46E+00	-1.50E+00	-1.05E+00	-1.11E+00	-1.46E+00	-2.28E+00	-2.75E+00	-2.88E+00	-6.53E-01	-8.57E-01	-9.53E-01	-3.41E+00	3.28E-01	-1.46E+00	-1.60E+01	-2.60E-01	-1.46E+02	-1.46E+02	-1.46E+02	-1.79E+01	-1.79E+01	-1.79E+01	1.68E+01	-1.79E+01	1.68E+01	-1.79E+01	1.68E+01	-1.79E+01	1.68E+01	-1.79E+01	-1.79E+01	1.68E+01	1.68E+01	1.68E+01	-1.79E+01	
group_2117	5.39E-02	6.18E-05	5.49E-01	-5.11E-01	8.49E-01	1.46E+00	-1.50E+00	-1.05E+00	-1.11E+00	-1.46E+00	-2.28E+00	-2.75E+00	-2.88E+00	-6.53E-01	-8.57E-01	-9.53E-01	-3.41E+00	3.28E-01	-1.46E+00	-1.60E+01	-2.60E-01	-1.46E+02	-1.46E+02	-1.46E+02	-1.79E+01	-1.79E+01	-1.79E+01	1.68E+01	-1.79E+01	1.68E+01	-1.79E+01	1.68E+01	-1.79E+01	1.68E+01	-1.79E+01	-1.79E+01	1.68E+01	1.68E+01	1.68E+01	-1.79E+01	
group_2023	5.39E-02	6.18E-05	5.49E-01	-5.11E-01	8.49E-01	1.46E+00	-1.50E+00	-1.05E+00	-1.11E+00	-1.46E+00	-2.28E+00	-2.75E+00	-2.88E+00	-6.53E-01	-8.57E-01	-9.53E-01	-3.41E+00	3.28E-01	-1.46E+00	-1.60E+01	-2.60E-01	-1.46E+02	-1.46E+02	-1.46E+02	-1.79E+01	-1.79E+01	-1.79E+01	1.68E+01	-1.79E+01	1.68E+01	-1.79E+01	1.68E+01	-1.79E+01	1.68E+01	-1.79E+01	-1.79E+01	1.68E+01	1.68E+01	1.68E+01	-1.79E+01	
group_2012	5.39E-02	6.18E-05	5.49E-01	-5.11E-01	8.49E-01	1.46E+00	-1.50E+00	-1.05E+00	-1.11E+00	-1.46E+00	-2.28E+00	-2.75E+00	-2.88E+00	-6.53E-01	-8.57E-01	-9.53E-01	-3.41E+00	3.28E-01	-1.46E+00	-1.60E+01	-2.60E-01	-1.46E+02	-1.46E+02	-1.46E+02	-1.79E+01	-1.79E+01	-1.79E+01	1.68E+01	-1.79E+01	1.68E+01	-1.79E+01	1.68E+01	-1.79E+01	1.68E+01	-1.79E+01	-1.79E+01	1.68E+01	1.68E+01	1.68E+01	-1.79E+01	
xerC_5	5.39E-02	6.18E-05	5.49E-01	-5.11E-01	8.49E-01	1.46E+00	-1.50E+00	-1.05E+00	-1.11E+00	-1.46E+00	-2.28E+00	-2.75E+00	-2.88E+00	-6.53E-01	-8.57E-01	-9.53E-01	-3.41E+00	3.28E-01	-1.46E+00	-1.60E+01	-2.60E-01	-1.46E+02	-1.46E+02	-1.46E+02	-1.79E+01	-1.79E+01	-1.79E+01	1.68E+01	-1.79E+01	1.68E+01	-1.79E+01	1.68E+01	-1.79E+01	1.68E+01	-1.79E+01	-1.79E+01	1.68E+01	1.68E+01	1.68E+01	-1.79E+01	
group_1249	5.39E-02	6.18E-05	5.49E-01	-5.11E-01	8.49E-01	1.46E+00	-1.50E+00	-1.05E+00	-1.11E+00	-1.46E+00	-2.28E+00	-2.75E+00	-2.88E+00	-6.53E-01	-8.57E-01	-9.53E-01	-3.41E+00	3.28E-01	-1.46E+00	-1.60E+01	-2.60E-01	-1.46E+02	-1.46E+02	-1.46E+02	-1.79E+01	-1.79E+01	-1.79E+01	1.68E+01	-1.79E+01	1.68E+01	-1.79E+01	1.68E+01	-1.79E+01	1.68E+01	-1.79E+01	-1.79E+01	1.68E+01	1.68E+01	1.68E+01	-1.79E+01	
group_1152	5.39E-02	2.53E-07	1.84E-01	4.33E-01	3.28E-01	1.46E+00	-1.51E+00	-1.06E+00	-1.12E+00	-1.96E+00	-2.29E+00	-3.00E+00	-3.06E+00	-6.53E-01	-9.05E-01	-1.00E+00	-3.41E+00	3.28E-01	-1.46E+00	-1.60E+01	-7.70E-01	-1.46E+02	-1.46E+02	-1.46E+02	-1.79E+01	-1.79E+01	-1.79E+01	1.68E+01	-1.79E+01	1.68E+01	-1.79E+01	1.68E+01	-1.79E+01	1.68E+01	-1.79E+01	-1.79E+01	1.68E+01	1.68E+01	1.68E+01	-1.79E+01	
group_990	5.39E-02	2.03E-03	1.39E-01	-3.72E-01	2.52E-01	1.46E+00	-1.43E+00	-1.03E+00	-1.11E+00	-1.93E+00	-2.25E+00	-2.75E+00	-2.86E+00	-5.34E-01	-8.58E-01	-9.53E-01	-3.41E+00	3.27E-01	-1.28E+00	-1.60E+01	-7.71E-01	-1.46E+02	-1.46E+02	-1.46E+02	-1.79E+01	-1.79E+01	-1.79E+01	1.68E+01	-1.79E+01	1.68E+01	-1.79E+01	1.68E+01	-1.79E+01	1.68E+01	-1.79E+01	-1.79E+01	1.68E+01	1.72E+01	1.68E+01	-1.79E+01	
group_478	5.39E-02	8.15E-02	4.30E-02	5.49E-01	2.76E-01	1.46E+00	-1.50E+00	-1.23E+00	-1.24E+00	-1.94E+00	-2.28E+00	-2.75E+00	-2.88E+00	-6.52E-01	-8.86E-01	-9.52E-01	-3.41E+00	3.29E-01	-1.46E+00	-1.60E+01	-7.70E-01	-1.46E+02	-1.46E+02	-1.46E+02	-1.79E+01	-1.79E+01	-1.79E+01	1.68E+01	-1.79E+01	1.68E+01	-1.79E+01	1.68E+01	-1.79E+01	1.68E+01	-1.79E+01	-1.79E+01	1.68E+01	1.68E+01	1.68E+01	-1.79E+01	
group_474	5.39E-02	2.03E-03	1.39E-01	-3.72E-01	2.52E-01	1.46E+00	-1.43E+00	-1.03E+00	-1.11E+00	-1.93E+00	-2.25E+00	-2.75E+00	-2.86E+00	-5.34E-01	-8.58E-01	-9.53E-01	-3.41E+00	3.27E-01	-1.28E+00	-1.60E+01	-7.71E-01	-1.46E+02	-1.46E+02	-1.46E+02	-1.79E+01	-1.79E+01	-1.79E+01	1.68E+01	-1.79E+01	1.68E+01	-1.79E+01	1.68E+01	-1.79E+01	1.68E+01	-1.79E+01	-1.79E+01	1.68E+01	1.72E+01	1.68E+01	-1.79E+01	
group_362	5.39E-02	6.18E-05	5.49E-01	-5.11E-01	8.49E-01	1.46E+00	-1.50E+00	-1.05E+00	-1.11E+00	-1.46E+00	-2.28E+00	-2.75E+00	-2.88E+00	-6.53E-01	-8.57E-01	-9.53E-01	-3.41E+00	3.28E-01	-1.46E+00	-1.60E+01	-2.60E-01	-1.46E+02	-1.46E+02	-1.46E+02	-1.79E+01	-1.79E+01	-1.79E+01	1.68E+01	-1.79E+01	1.68E+01	-1.79E+01	1.68E+01	-1.79E+01	1.68E+01	-1.79E+01	-1.79E+01	1.68E+01	1.68E+01	1.68E+01	-1.79E+01	
group_1409	5.32E-02	3.02E-03	1.14E-02	2.53E+00	4.47E+00	1.46E+00	-1.50E+00	-1.05E+00	-1.11E+00	-4.29E+00	-2.27E+00	-2.72E+00	-2.83E+00	-6.82E-01	-8.90E-01	-1.01E+00	-3.07E+00	6.17E-03	-1.46E+00	-3.66E+00	-3.48E+00	-3.07E+00	-3.07E+00	-3.07E+00	-2.56E+00	-2.56E+00	-2.56E+00	-3.62E-01	-2.56E+00	-3.62E-01	-2.56E+00	-3.62E-01	-2.56E+00	-3.62E-01	-2.56E+00	-2.56E+00	-2.89E+00	-3.62E-01	-3.62E-01	-2.56E+00	high-bse
group_992	5.32E-02	1.05E-03	9.62E-01	1.45E-02	3.00E-01	1.46E+00	-1.50E+00	-1.05E+00	-1.11E+00	-1.94E+00	-2.28E+00	-2.75E+00	-2.88E+00	-6.51E-01	-8.56E-01	-9.51E-01	-3.41E+00	3.24E-01	-1.46E+00	-1.45E+01	-7.74E-01	-1.46E+02	-1.46E+02	-1.51E+02	-1.78E+01	-1.78E+01	-1.78E+01	1.68E+01	-1.78E+01	1.68E+01	-1.78E+01	1.68E+01	-1.78E+01	1.68E+01	-1.78E+01	-1.78E+01	1.68E+01	1.68E+01	1.68E+01	-1.78E+01	
group_2189	5.26E-02	4.27E-06	2.55E-01	3.62E-01	3.27E-01	1.42E+00	-1.46E+00	-1.01E+00	-1.07E+00	-1.90E+00	-2.25E+00	-2.71E+00	-2.84E+00	-6.11E-01	-8.16E-01	-9.11E-01	-3.37E+00	3.70E-01	-1.42E+00	-1.60E+01	-7.29E-01	-1.46E+02	-1.46E+02	-1.46E+02	-1.77E+01	-1.77E+01	-1.77E+01	1.65E+01	-1.77E+01	1.68E+01	-1.77E+01	1.68E+01	-1.77E+01	1.68E+01	-1.77E+01	-1.77E+01	1.68E+01	1.68E+01	1.68E+01	-1.77E+01	
group_1811	5.26E-02	1.74E-08	3.16E-01	3.37E-01	3.37E-01	1.46E+00	-1.51E+00	-1.06E+00	-1.12E+00	-1.95E+00	-2.29E+00	-2.94E+00	-3.02E+00	-6.53E-01	-8.57E-01	-9.93E-01	-3.41E+00	3.28E-01	-1.46E+00	-2.21E+01	-7.70E-01	-1.46E+02	-1.46E+02	-1.46E+02	-1.79E+01	-1.79E+01	-1.79E+01	1.68E+01	-1.79E+01	1.68E+01	-1.79E+01	1.68E+01	-1.79E+01	1.68E+01	-1.79E+01	-1.79E+01	1.68E+01	1.68E+01	1.68E+01	-1.79E+01	
group_653	5.26E-02	4.27E-06	2.55E-01	3.62E-01	3.27E-01	1.42E+00	-1.46E+00	-1.01E+00	-1.07E+00	-1.90E+00	-2.25E+00	-2.71E+00	-2.84E+00	-6.11E-01	-8.16E-01	-9.11E-01	-3.37E+00	3.70E-01	-1.42E+00	-1.60E+01	-7.29E-01	-1.46E+02	-1.46E+02	-1.46E+02	-1.77E+01	-1.77E+01	-1.77E+01	1.65E+01	-1.77E+01	1.68E+01	-1.77E+01	1.68E+01	-1.77E+01	1.68E+01	-1.77E+01	-1.77E+01	1.68E+01	1.68E+01	1.68E+01	-1.77E+01	
xerC_1	5.26E-02	5.55E-02	1.58E-01	-5.66E-01	4.06E-01	1.46E+00	-1.50E+00	-1.05E+00	-7.31E-01	-1.93E+00	-2.28E+00	-2.74E+00	-2.88E+00	-6.53E-01	-8.57E-01	-6.60E-01	-3.41E+00	3.28E-01	-1.46E+00	-1.55E+01	-7.70E-01	-1.46E+02	-1.46E+02	-1.46E+02	-1.79E+01	-1.79E+01	-1.79E+01	1.68E+01	-1.50E+01	1.68E+01	-1.79E+01	1.68E+01	-1.79E+01	1.68E+01	-1.50E+01	-1.79E+01	1.68E+01	1.68E+01	1.68E+01	-1.79E+01	
group_2730	5.19E-02	7.50E-01	1.02E-02	6.85E-01	2.69E-01	1.46E+00	-1.69E+00	-1.05E+00	-1.11E+00	-1.94E+00	-2.28E+00	-2.75E+00	-2.88E+00	-6.53E-01	-8.57E-01	-9.53E-01	-3.41E+00	3.28E-01	-1.46E+00	-1.60E+01	-7.70E-01	-1.46E+02	-1.46E+02	-1.46E+02	-1.79E+01	-1.79E+01	-1.79E+01	1.68E+01	-1.79E+01	1.68E+01	-1.79E+01	1.68E+01	-1.79E+01	1.68E+01	-1.79E+01	-1.79E+01	1.68E+01	1.68E+01	1.68E+01	-1.79E+01	
group_2717	5.19E-02	4.15E-07	8.01E-01	1.07E-01	4.24E-01	1.46E+00	-1.50E+00	-1.05E+00	-1.12E+00	-1.94E+00	-2.28E+00	-2.83E+00	-2.88E+00	-6.51E-01	-8.56E-01	-9.51E-01	-3.41E+00	3.30E-01	-1.46E+00	-1.60E+01	-7.69E-01	-1.46E+02	-1.46E+02	-1.46E+02	-1.79E+01	-1.79E+01	-1.79E+01	1.68E+01	-1.79E+01	1.68E+01	-1.79E+01	1.68E+01	-1.79E+01	1.68E+01	-1.79E+01	-1.79E+01	1.68E+01	1.68E+01	1.68E+01	-1.79E+01	
group_2498	5.19E-02	8.22E-09	4.63E-01	2.50E-01	3.41E-01	1.46E+00	-1.50E+00	-1.06E+00	-1.12E+00	-1.95E+00	-2.29E+00	-2.89E+00	-2.98E+00	-6.53E-01	-8.57E-01	-9.83E-01	-3.41E+00	3.28E-01	-1.46E+00	-1.60E+01	-7.70E-01	-1.46E+02	-1.46E+02	-1.46E+02	-1.79E+01	-1.79E+01	-1.79E+01	1.68E+01	-1.79E+01	1.68E+01	-1.79E+01	1.68E+01	-1.79E+01	1.68E+01	-1.79E+01	-1.79E+01	1.68E+01	1.68E+01	1.68E+01	-1.79E+01	
group_2217	5.19E-02	8.22E-09	4.63E-01	2.50E-01	3.41E-01	1.46E+00	-1.50E+00	-1.06E+00	-1.12E+00	-1.95E+00	-2.29E+00	-2.89E+00	-2.98E+00	-6.53E-01	-8.57E-01	-9.83E-01	-3.41E+00	3.28E-01	-1.46E+00	-1.60E+01	-7.70E-01	-1.46E+02	-1.46E+02	-1.46E+02	-1.79E+01	-1.79E+01	-1.79E+01	1.68E+01	-1.79E+01	1.68E+01	-1.79E+01	1.68E+01	-1.79E+01	1.68E+01	-1.79E+01	-1.79E+01	1.68E+01	1.68E+01	1.68E+01	-1.79E+01	
group_1964	5.19E-02	4.15E-07	1.65E-01	1.68E+00	4.20E+00	1.46E+00	-1.50E+00	-1.05E+00	-1.11E+00	-1.93E+00	-3.86E+00	-2.72E+00	-2.83E+00	-6.82E-01	-8.90E-01	-1.01E+00	-3.07E+00	6.17E-03	-1.46E+00	-3.66E+00	-9.49E-01	-3.07E+00	-3.07E+00	-3.07E+00	-2.56E+00	-2.56E+00	-2.56E+00	-3.62E-01	-2.56E+00	-3.62E-01	-2.56E+00	-3.62E-01	-2.56E+00	-3.62E-01	-2.56E+00	-2.56E+00	-3.62E-01	-3.62E-01	-3.62E-01	-2.56E+00	high-bse
group_1826	5.19E-02	1.18E-07	8.43E-01	1.69E-01	8.63E-01	1.46E+00	-1.50E+00	-1.05E+00	-1.11E+00	-1.94E+00	-2.44E+00	-2.75E+00	-2.88E+00	-6.53E-01	-8.57E-01	-9.53E-01	-3.41E+00	3.28E-01	-1.46E+00	-1.60E+01	-7.70E-01	-1.46E+02	-1.46E+02	-1.46E+02	-1.79E+01	-1.79E+01	-1.79E+01	1.68E+01	-1.79E+01	1.68E+01	-1.79E+01	1.68E+01	-1.79E+01	1.68E+01	-1.79E+01	-1.79E+01	1.68E+01	1.68E+01	1.68E+01	-1.79E+01	
group_1243	5.19E-02	7.50E-01	1.02E-02	6.85E-01	2.69E-01	1.46E+00	-1.69E+00	-1.05E+00	-1.11E+00	-1.94E+00	-2.28E+00	-2.75E+00	-2.88E+00	-6.53E-01	-8.57E-01	-9.53E-01	-3.41E+00	3.28E-01	-1.46E+00	-1.60E+01	-7.70E-01	-1.46E+02	-1.46E+02	-1.46E+02	-1.79E+01	-1.79E+01	-1.79E+01	1.68E+01	-1.79E+01	1.68E+01	-1.79E+01	1.68E+01	-1.79E+01	1.68E+01	-1.79E+01	-1.79E+01	1.68E+01	1.68E+01	1.68E+01	-1.79E+01	
group_383	5.19E-02	8.22E-09	4.63E-01	2.50E-01	3.41E-01	1.46E+00	-1.50E+00	-1.06E+00	-1.12E+00	-1.95E+00	-2.29E+00	-2.89E+00	-2.98E+00	-6.53E-01	-8.57E-01	-9.83E-01	-3.41E+00	3.28E-01	-1.46E+00	-1.60E+01	-7.70E-01	-1.46E+02	-1.46E+02	-1.46E+02	-1.79E+01	-1.79E+01	-1.79E+01	1.68E+01	-1.79E+01	1.68E+01	-1.79E+01	1.68E+01	-1.79E+01	1.68E+01	-1.79E+01	-1.79E+01	1.68E+01	1.68E+01	1.68E+01	-1.79E+01	
group_2767	5.13E-02	2.13E-07	4.18E-01	8.39E-01	1.12E+00	1.46E+00	-1.50E+00	-1.05E+00	-1.11E+00	-1.94E+00	-3.07E+00	-2.75E+00	-2.88E+00	-6.53E-01	-8.57E-01	-9.53E-01	-3.41E+00	3.28E-01	-1.46E+00	-1.60E+01	-7.70E-01	-1.46E+02	-1.46E+02	-1.46E+02	-1.79E+01	-1.79E+01	-1.79E+01	1.68E+01	-1.79E+01	1.68E+01	-1.79E+01	1.68E+01	-1.79E+01	1.68E+01	-1.79E+01	-1.79E+01	1.68E+01	1.68E+01	1.68E+01	-1.79E+01	
group_2745	5.13E-02	2.13E-07	4.18E-01	8.39E-01	1.12E+00	1.46E+00	-1.50E+00	-1.05E+00	-1.11E+00	-1.94E+00	-3.07E+00	-2.75E+00	-2.88E+00	-6.53E-01	-8.57E-01	-9.53E-01	-3.41E+00	3.28E-01	-1.46E+00	-1.60E+01	-7.70E-01	-1.46E+02	-1.46E+02	-1.46E+02	-1.79E+01	-1.79E+01	-1.79E+01	1.68E+01	-1.79E+01	1.68E+01	-1.79E+01	1.68E+01	-1.79E+01	1.68E+01	-1.79E+01	-1.79E+01	1.68E+01	1.68E+01	1.68E+01	-1.79E+01	
group_1421	5.13E-02	2.13E-07	4.18E-01	8.39E-01	1.12E+00	1.46E+00	-1.50E+00	-1.05E+00	-1.11E+00	-1.94E+00	-3.07E+00	-2.75E+00	-2.88E+00	-6.53E-01	-8.57E-01	-9.53E-01	-3.41E+00	3.28E-01	-1.46E+00	-1.60E+01	-7.70E-01	-1.46E+02	-1.46E+02	-1.46E+02	-1.79E+01	-1.79E+01	-1.79E+01	1.68E+01	-1.79E+01	1.68E+01	-1.79E+01	1.68E+01	-1.79E+01	1.68E+01	-1.79E+01	-1.79E+01	1.68E+01	1.68E+01	1.68E+01	-1.79E+01	
group_1297	5.13E-02	2.13E-07	4.18E-01	8.39E-01	1.12E+00	1.46E+00	-1.50E+00	-1.05E+00	-1.11E+00	-1.94E+00	-3.07E+00	-2.75E+00	-2.88E+00	-6.53E-01	-8.57E-01	-9.53E-01	-3.41E+00	3.28E-01	-1.46E+00	-1.60E+01	-7.70E-01	-1.46E+02	-1.46E+02	-1.46E+02	-1.79E+01	-1.79E+01	-1.79E+01	1.68E+01	-1.79E+01	1.68E+01	-1.79E+01	1.68E+01	-1.79E+01	1.68E+01	-1.79E+01	-1.79E+01	1.68E+01	1.68E+01	1.68E+01	-1.79E+01	
smc_1~~~smc_2~~~smc_3	5.13E-02	1.55E-01	4.00E-02	-3.34E-01	4.10E+00	1.47E+00	-1.51E+00	-9.94E-01	-1.11E+00	-1.93E+00	-2.26E+00	-2.73E+00	-2.84E+00	-6.95E-01	-8.42E-01	-1.02E+00	-2.96E+00	-6.06E-03	-1.47E+00	-3.67E+00	-9.62E-01	-3.08E+00	-3.08E+00	-2.93E+00	-2.57E+00	-2.57E+00	-2.57E+00	-3.74E-01	-2.57E+00	-3.74E-01	-2.57E+00	-3.74E-01	-2.57E+00	-3.74E-01	-2.24E+00	-2.57E+00	-3.74E-01	-3.74E-01	-3.74E-01	-2.57E+00	matrix-inversion-error
group_330	5.13E-02	1.53E-08	4.20E-01	2.74E-01	3.40E-01	1.46E+00	-1.50E+00	-1.06E+00	-1.12E+00	-1.95E+00	-2.29E+00	-2.90E+00	-2.99E+00	-6.53E-01	-8.57E-01	-9.86E-01	-3.41E+00	3.28E-01	-1.46E+00	-1.60E+01	-7.70E-01	-1.46E+02	-1.46E+02	-1.46E+02	-1.79E+01	-1.79E+01	-1.79E+01	1.68E+01	-1.79E+01	1.68E+01	-1.79E+01	1.68E+01	-1.79E+01	1.68E+01	-1.79E+01	-1.79E+01	1.68E+01	1.68E+01	1.68E+01	-1.79E+01	
pknD_3	5.13E-02	2.13E-07	4.18E-01	8.39E-01	1.12E+00	1.46E+00	-1.50E+00	-1.05E+00	-1.11E+00	-1.94E+00	-3.07E+00	-2.75E+00	-2.88E+00	-6.53E-01	-8.57E-01	-9.53E-01	-3.41E+00	3.28E-01	-1.46E+00	-1.60E+01	-7.70E-01	-1.46E+02	-1.46E+02	-1.46E+02	-1.79E+01	-1.79E+01	-1.79E+01	1.68E+01	-1.79E+01	1.68E+01	-1.79E+01	1.68E+01	-1.79E+01	1.68E+01	-1.79E+01	-1.79E+01	1.68E+01	1.68E+01	1.68E+01	-1.79E+01	
group_744	5.06E-02	3.82E-07	4.61E-01	5.46E-01	7.67E-01	1.46E+00	-1.50E+00	-1.06E+00	-1.11E+00	-1.94E+00	-2.78E+00	-2.75E+00	-2.88E+00	-6.53E-01	-8.57E-01	-9.53E-01	-3.49E+00	3.28E-01	-1.46E+00	-1.60E+01	-7.70E-01	-1.46E+02	-1.46E+02	-1.46E+02	-1.79E+01	-1.79E+01	-1.79E+01	1.68E+01	-1.79E+01	1.68E+01	-1.79E+01	1.68E+01	-1.79E+01	1.68E+01	-1.79E+01	-1.79E+01	1.68E+01	1.68E+01	1.68E+01	-1.79E+01	
group_479	5.06E-02	3.82E-07	6.81E-01	-1.88E-01	4.56E-01	1.46E+00	-1.50E+00	-1.05E+00	-1.11E+00	-1.94E+00	-2.13E+00	-2.75E+00	-2.88E+00	-6.53E-01	-8.58E-01	-9.53E-01	-3.41E+00	3.28E-01	-1.46E+00	-1.60E+01	-7.71E-01	-1.46E+02	-1.46E+02	-1.46E+02	-1.79E+01	-1.79E+01	-1.79E+01	1.68E+01	-1.79E+01	1.68E+01	-1.79E+01	1.68E+01	-1.79E+01	1.68E+01	-1.79E+01	-1.79E+01	1.68E+01	1.68E+01	1.68E+01	-1.79E+01	
group_1025	5.00E-02	3.07E-04	9.22E-01	2.96E-02	3.01E-01	1.46E+00	-1.50E+00	-1.05E+00	-1.11E+00	-1.93E+00	-2.28E+00	-2.74E+00	-2.87E+00	-6.53E-01	-8.54E-01	-9.49E-01	-3.41E+00	3.32E-01	-1.46E+00	-1.60E+01	-7.67E-01	-1.46E+02	-1.46E+02	-1.46E+02	-1.79E+01	-1.79E+01	-1.79E+01	1.68E+01	-1.79E+01	1.68E+01	-1.79E+01	1.68E+01	-1.79E+01	1.68E+01	-1.79E+01	-1.79E+01	1.68E+01	1.68E+01	1.68E+01	-1.79E+01	
group_548	5.00E-02	8.40E-01	1.41E-01	4.29E-01	2.94E-01	1.46E+00	-1.50E+00	-1.15E+00	-1.11E+00	-1.93E+00	-2.29E+00	-2.77E+00	-3.01E+00	-6.63E-01	-9.00E-01	-9.48E-01	-3.41E+00	1.65E-01	-1.78E+00	-1.74E+01	-7.66E-01	-1.46E+02	-1.46E+02	-1.46E+02	-1.79E+01	-1.79E+01	-1.79E+01	1.68E+01	-1.79E+01	1.68E+01	-1.79E+01	1.68E+01	-1.79E+01	1.68E+01	-1.79E+01	-1.79E+01	1.68E+01	1.68E+01	1.68E+01	-1.79E+01	
