variant	af	filter-pvalue	lrt-pvalue	beta	beta-std-err	intercept	clonal_complex_0	clonal_complex_1	clonal_complex_2	clonal_complex_3	clonal_complex_4	clonal_complex_5	clonal_complex_6	clonal_complex_7	clonal_complex_8	clonal_complex_9	notes
manX_1	9.44E-01	2.80E-01	4.65E-01	3.13E-01	4.30E-01	-7.86E-01	6.27E-01	2.27E+00	-3.15E-01	9.33E-01	1.95E+00	3.34E-01	-8.56E-01	5.10E-01	-2.19E+01	2.21E+01	
group_2801	9.44E-01	2.80E-01	4.65E-01	3.13E-01	4.30E-01	-7.86E-01	6.27E-01	2.27E+00	-3.15E-01	9.33E-01	1.95E+00	3.34E-01	-8.56E-01	5.10E-01	-2.19E+01	2.21E+01	
kdgK_2	9.44E-01	2.80E-01	4.65E-01	3.13E-01	4.30E-01	-7.86E-01	6.27E-01	2.27E+00	-3.15E-01	9.33E-01	1.95E+00	3.34E-01	-8.56E-01	5.10E-01	-2.19E+01	2.21E+01	
kduD	9.44E-01	2.80E-01	4.65E-01	3.13E-01	4.30E-01	-7.86E-01	6.27E-01	2.27E+00	-3.15E-01	9.33E-01	1.95E+00	3.34E-01	-8.56E-01	5.10E-01	-2.19E+01	2.21E+01	
levE~~~sorB	9.44E-01	2.80E-01	4.65E-01	3.13E-01	4.30E-01	-7.86E-01	6.27E-01	2.27E+00	-3.15E-01	9.33E-01	1.95E+00	3.34E-01	-8.56E-01	5.10E-01	-2.19E+01	2.21E+01	
group_1567	9.44E-01	2.80E-01	4.65E-01	3.13E-01	4.30E-01	-7.86E-01	6.27E-01	2.27E+00	-3.15E-01	9.33E-01	1.95E+00	3.34E-01	-8.56E-01	5.10E-01	-2.19E+01	2.21E+01	
manZ_2~~~manZ_1	9.44E-01	2.80E-01	4.65E-01	3.13E-01	4.30E-01	-7.86E-01	6.27E-01	2.27E+00	-3.15E-01	9.33E-01	1.95E+00	3.34E-01	-8.56E-01	5.10E-01	-2.19E+01	2.21E+01	
kdgA_2	9.44E-01	2.80E-01	4.65E-01	3.13E-01	4.30E-01	-7.86E-01	6.27E-01	2.27E+00	-3.15E-01	9.33E-01	1.95E+00	3.34E-01	-8.56E-01	5.10E-01	-2.19E+01	2.21E+01	
agaC_1	9.44E-01	2.80E-01	4.65E-01	3.13E-01	4.30E-01	-7.86E-01	6.27E-01	2.27E+00	-3.15E-01	9.33E-01	1.95E+00	3.34E-01	-8.56E-01	5.10E-01	-2.19E+01	2.21E+01	
group_2856	9.23E-01	3.98E-01	8.03E-01	-3.56E-01	1.42E+00	-1.21E-01	6.31E-01	2.27E+00	-3.11E-01	3.56E-01	1.95E+00	3.38E-01	-8.52E-01	5.13E-01	-2.19E+01	2.40E+01	
group_2426	9.14E-01	9.98E-05	1.31E-01	3.30E-01	2.20E-01	-7.84E-01	8.51E-01	2.25E+00	-3.34E-01	7.00E-01	1.93E+00	3.80E-01	-8.68E-01	5.28E-01	-2.15E+01	2.54E+01	
group_2425	9.14E-01	9.98E-05	1.31E-01	3.30E-01	2.20E-01	-7.84E-01	8.51E-01	2.25E+00	-3.34E-01	7.00E-01	1.93E+00	3.80E-01	-8.68E-01	5.28E-01	-2.15E+01	2.54E+01	
group_2655	9.07E-01	6.34E-01	3.04E-07	-1.30E+00	2.66E-01	6.73E-01	7.35E-01	1.82E+00	-1.65E-01	8.54E-01	2.08E+00	1.45E-01	-1.98E+00	6.39E-01	-2.18E+01	2.30E+01	
essC~~~essC_2~~~essC_1	8.94E-01	1.60E-02	9.73E-01	1.14E-02	3.37E-01	-4.81E-01	6.24E-01	2.26E+00	-3.19E-01	7.11E-01	1.94E+00	3.30E-01	-8.60E-01	5.06E-01	-2.17E+01	2.49E+01	
group_2541	8.92E-01	1.86E-02	9.92E-01	3.40E-03	3.43E-01	-4.75E-01	6.26E-01	2.26E+00	-3.16E-01	7.06E-01	1.95E+00	3.33E-01	-8.57E-01	5.08E-01	-2.19E+01	2.50E+01	
group_1915	8.88E-01	4.21E-05	2.74E-01	-2.38E-01	2.18E-01	-3.60E-01	7.47E-01	2.39E+00	-1.94E-01	8.20E-01	2.07E+00	4.39E-01	-9.59E-01	6.05E-01	-2.18E+01	2.35E+01	
group_2513	8.71E-01	3.27E-15	7.94E-02	1.36E+00	8.37E-01	-4.73E-01	-7.32E-01	9.05E-01	-3.15E-01	-5.75E-01	5.88E-01	-1.02E+00	-2.22E+00	-8.50E-01	-2.19E+01	1.12E+01	
group_2420	8.61E-01	9.61E-01	5.28E-01	-1.09E-01	1.72E-01	-3.72E-01	6.27E-01	2.27E+00	-3.20E-01	7.05E-01	1.94E+00	3.22E-01	-9.05E-01	5.04E-01	-2.19E+01	2.50E+01	
cadC	8.34E-01	4.19E-09	1.23E-04	6.84E-01	1.78E-01	-1.14E+00	6.61E-01	2.85E+00	-3.34E-01	8.52E-01	1.97E+00	7.32E-01	-7.11E-01	5.42E-01	-9.13E+01	2.54E+01	
group_232	8.34E-01	4.19E-09	1.23E-04	6.84E-01	1.78E-01	-1.14E+00	6.61E-01	2.85E+00	-3.34E-01	8.52E-01	1.97E+00	7.32E-01	-7.11E-01	5.42E-01	-9.13E+01	2.54E+01	
group_359	8.28E-01	1.14E-06	9.82E-01	8.80E-03	3.88E-01	-4.82E-01	6.27E-01	2.27E+00	-3.15E-01	7.04E-01	1.95E+00	3.42E-01	-8.56E-01	5.09E-01	-2.19E+01	2.52E+01	
group_2713	8.05E-01	1.13E-17	4.50E-07	1.07E+00	1.54E+01	-1.13E+00	2.51E-01	1.53E+00	-7.18E-01	1.33E+00	1.53E+00	3.40E-01	-1.60E-01	9.63E-02	-2.34E+00	1.16E+00	matrix-inversion-error
group_1795	7.99E-01	7.49E-05	7.29E-02	9.46E-01	5.40E-01	-1.39E+00	9.90E-01	2.24E+00	-3.40E-01	6.80E-01	1.92E+00	3.10E-01	-8.80E-01	1.43E+00	-2.19E+01	2.54E+01	
group_768	8.00E-01	1.06E-10	5.39E-01	-3.47E-01	5.73E-01	-4.57E-01	9.45E-01	2.60E+00	-3.32E-01	6.97E-01	2.28E+00	6.63E-01	-5.26E-01	8.39E-01	-2.19E+01	2.55E+01	
group_2729	7.93E-01	4.62E-04	6.54E-01	2.00E-01	4.47E-01	-6.73E-01	8.12E-01	2.27E+00	-3.15E-01	7.04E-01	1.95E+00	3.34E-01	-8.56E-01	6.97E-01	-2.19E+01	2.52E+01	
group_2859	7.81E-01	6.71E-04	3.58E-01	-1.66E+00	1.49E+01	1.19E+00	-1.04E+00	1.93E+00	-3.09E-01	6.97E-01	1.94E+00	3.30E-01	-8.21E-01	-1.14E+00	-1.93E+00	1.57E+00	high-bse
group_0	7.76E-01	4.21E-04	8.90E-01	-1.38E-01	9.99E-01	-3.38E-01	4.92E-01	2.27E+00	-3.12E-01	7.07E-01	1.95E+00	3.36E-01	-8.53E-01	3.74E-01	-2.19E+01	2.51E+01	
group_2477	7.67E-01	1.52E-10	6.21E-03	1.47E+00	5.64E-01	-1.94E+00	1.20E+00	2.27E+00	-3.15E-01	7.16E-01	1.95E+00	3.44E-01	6.15E-01	1.98E+00	-2.04E+01	2.52E+01	
group_1971	7.67E-01	1.52E-10	6.21E-03	1.47E+00	5.64E-01	-1.94E+00	1.20E+00	2.27E+00	-3.15E-01	7.16E-01	1.95E+00	3.44E-01	6.15E-01	1.98E+00	-2.04E+01	2.52E+01	
group_1042	7.67E-01	1.52E-10	6.21E-03	1.47E+00	5.64E-01	-1.94E+00	1.20E+00	2.27E+00	-3.15E-01	7.16E-01	1.95E+00	3.44E-01	6.15E-01	1.98E+00	-2.04E+01	2.52E+01	
group_409	7.67E-01	1.52E-10	6.21E-03	1.47E+00	5.64E-01	-1.94E+00	1.20E+00	2.27E+00	-3.15E-01	7.16E-01	1.95E+00	3.44E-01	6.15E-01	1.98E+00	-2.04E+01	2.52E+01	
pepO_2~~~pepO_3~~~pepO_1~~~pepO_4	7.67E-01	1.52E-10	6.21E-03	1.47E+00	5.64E-01	-1.94E+00	1.20E+00	2.27E+00	-3.15E-01	7.16E-01	1.95E+00	3.44E-01	6.15E-01	1.98E+00	-2.04E+01	2.52E+01	
dhaA	7.66E-01	2.20E-10	1.75E-02	1.23E+00	5.35E-01	-1.70E+00	1.10E+00	2.27E+00	-3.15E-01	7.15E-01	1.95E+00	3.48E-01	3.70E-01	1.74E+00	-2.07E+01	2.52E+01	
glyE_1~~~glyE_2	7.68E-01	1.69E-18	1.39E-01	1.94E+00	1.51E+01	-4.68E-01	-1.32E+00	-3.80E-03	-3.09E-01	6.97E-01	1.15E-03	-1.60E+00	-8.21E-01	-1.42E+00	-1.93E+00	1.57E+00	high-bse
pepO_1~~~pepO_2	7.65E-01	2.03E-10	3.11E-03	1.55E+00	5.55E-01	-2.03E+00	1.23E+00	3.14E+00	-3.15E-01	7.17E-01	1.95E+00	3.45E-01	6.98E-01	2.06E+00	-2.03E+01	2.52E+01	
prtP~~~prtP_2	7.65E-01	2.03E-10	3.11E-03	1.55E+00	5.55E-01	-2.03E+00	1.23E+00	3.14E+00	-3.15E-01	7.17E-01	1.95E+00	3.45E-01	6.98E-01	2.06E+00	-2.03E+01	2.52E+01	
gtfB_3~~~gtfB_1~~~glyD~~~glyE_3~~~glyD_1~~~glyD_4~~~glyE_2	7.68E-01	5.12E-18	6.06E-01	6.18E-01	1.23E+00	-4.73E-01	9.85E-03	1.65E+00	-3.15E-01	7.04E-01	1.33E+00	-2.79E-01	-8.56E-01	-1.06E-01	-2.19E+01	2.52E+01	
group_242	7.73E-01	6.24E-06	3.57E-01	2.16E-01	2.33E-01	-6.80E-01	6.36E-01	2.47E+00	-3.24E-01	7.48E-01	1.95E+00	5.40E-01	-8.02E-01	5.18E-01	-2.05E+01	2.53E+01	
group_880	7.72E-01	4.45E-06	3.33E-01	2.26E-01	2.33E-01	-6.91E-01	6.36E-01	2.48E+00	-3.24E-01	7.50E-01	1.95E+00	5.50E-01	-7.94E-01	5.18E-01	-1.71E+01	2.53E+01	
group_865	7.72E-01	4.45E-06	3.33E-01	2.26E-01	2.33E-01	-6.91E-01	6.36E-01	2.48E+00	-3.24E-01	7.50E-01	1.95E+00	5.50E-01	-7.94E-01	5.18E-01	-1.71E+01	2.53E+01	
group_819	7.72E-01	4.45E-06	3.33E-01	2.26E-01	2.33E-01	-6.91E-01	6.36E-01	2.48E+00	-3.24E-01	7.50E-01	1.95E+00	5.50E-01	-7.94E-01	5.18E-01	-1.71E+01	2.53E+01	
repB	7.72E-01	4.45E-06	3.33E-01	2.26E-01	2.33E-01	-6.91E-01	6.36E-01	2.48E+00	-3.24E-01	7.50E-01	1.95E+00	5.50E-01	-7.94E-01	5.18E-01	-1.71E+01	2.53E+01	
group_696	7.72E-01	4.45E-06	3.33E-01	2.26E-01	2.33E-01	-6.91E-01	6.36E-01	2.48E+00	-3.24E-01	7.50E-01	1.95E+00	5.50E-01	-7.94E-01	5.18E-01	-1.71E+01	2.53E+01	
xerC_5~~~xerC_6~~~xerC_1~~~xerC_2~~~xerC_3	7.72E-01	4.45E-06	3.33E-01	2.26E-01	2.33E-01	-6.91E-01	6.36E-01	2.48E+00	-3.24E-01	7.50E-01	1.95E+00	5.50E-01	-7.94E-01	5.18E-01	-1.71E+01	2.53E+01	
group_636	7.72E-01	3.17E-06	2.80E-01	2.51E-01	2.31E-01	-7.14E-01	6.37E-01	2.51E+00	-3.25E-01	7.55E-01	1.95E+00	5.74E-01	-7.88E-01	5.20E-01	-1.62E+01	2.53E+01	
insK_1	7.60E-01	6.52E-07	4.63E-02	-3.48E-01	1.75E-01	-3.22E-01	7.52E-01	2.46E+00	-1.96E-01	8.80E-01	2.14E+00	5.00E-01	-1.00E+00	4.62E-01	-2.17E+01	2.29E+01	
arnC	7.62E-01	3.34E-39	9.10E-11	1.28E+00	1.49E+01	-9.42E-01	7.00E-01	1.13E+00	1.64E-01	-1.32E-02	1.13E+00	1.53E-01	-3.48E-01	-3.05E-01	-1.46E+00	7.57E-01	matrix-inversion-error
group_2335	7.56E-01	5.61E-09	1.02E-01	6.32E-01	3.85E-01	-1.11E+00	8.73E-01	2.57E+00	-3.15E-01	7.10E-01	1.96E+00	3.47E-01	-2.24E-01	1.14E+00	-2.13E+01	2.52E+01	
group_2829	7.54E-01	8.81E-08	3.71E-01	-5.83E-01	6.51E-01	1.10E-01	1.34E-01	2.27E+00	-3.39E-01	7.04E-01	1.95E+00	3.34E-01	-1.44E+00	-7.32E-02	-2.19E+01	2.52E+01	
group_2611	7.54E-01	8.81E-08	3.71E-01	-5.83E-01	6.51E-01	1.10E-01	1.34E-01	2.27E+00	-3.39E-01	7.04E-01	1.95E+00	3.34E-01	-1.44E+00	-7.32E-02	-2.19E+01	2.52E+01	
group_2000	7.53E-01	1.59E-07	1.47E-01	-8.65E-01	6.06E-01	3.91E-01	-1.05E-01	2.27E+00	-3.51E-01	7.04E-01	1.95E+00	3.27E-01	-1.72E+00	-3.55E-01	-2.19E+01	2.52E+01	
group_2722	7.51E-01	5.12E-08	1.00E+00	-2.34E-01	1.47E+01	-2.34E-01	3.85E-01	1.93E+00	-3.09E-01	6.97E-01	1.94E+00	3.30E-01	-1.06E+00	2.70E-01	-1.93E+00	1.57E+00	high-bse
group_2578	7.46E-01	1.50E-09	2.88E-01	6.72E-01	6.49E-01	-1.14E+00	1.23E+00	2.26E+00	-3.07E-01	7.10E-01	1.94E+00	3.31E-01	-1.90E-01	1.18E+00	-2.12E+01	2.52E+01	
group_2288	7.45E-01	6.43E-10	8.17E-02	1.05E+00	6.32E-01	-1.51E+00	1.58E+00	2.26E+00	-3.03E-01	7.14E-01	1.94E+00	3.33E-01	1.84E-01	1.55E+00	-2.09E+01	2.53E+01	
group_406	7.41E-01	2.26E-09	5.10E-01	4.44E-01	6.82E-01	-9.13E-01	1.07E+00	2.26E+00	-3.09E-01	7.16E-01	1.94E+00	3.33E-01	-4.16E-01	9.50E-01	-2.15E+01	2.52E+01	
essC~~~essC_1~~~essC_2	7.29E-01	6.93E-21	1.01E-02	-4.39E-01	1.71E-01	-3.43E-02	4.01E-01	2.21E+00	-3.33E-01	6.97E-01	1.71E+00	2.59E-01	-8.56E-01	5.10E-01	-2.19E+01	2.52E+01	
group_2241	7.16E-01	1.28E-04	2.47E-01	4.71E-01	4.12E-01	-9.35E-01	1.09E+00	2.48E+00	-3.24E-01	1.15E+00	1.94E+00	3.25E-01	-8.65E-01	9.39E-01	-2.19E+01	2.13E+01	
group_1475	7.16E-01	1.28E-04	2.47E-01	4.71E-01	4.12E-01	-9.35E-01	1.09E+00	2.48E+00	-3.24E-01	1.15E+00	1.94E+00	3.25E-01	-8.65E-01	9.39E-01	-2.19E+01	2.13E+01	
group_2830	6.95E-01	3.91E-17	1.06E-01	8.37E-01	5.33E-01	-1.29E+00	1.32E+00	2.24E+00	4.77E-01	7.04E-01	1.93E+00	3.15E-01	-4.06E-02	1.32E+00	-2.11E+01	2.54E+01	
group_2593	6.77E-01	7.52E-04	3.53E-01	1.70E-01	1.82E-01	-6.38E-01	6.91E-01	2.26E+00	-3.20E-01	7.19E-01	1.98E+00	3.47E-01	-6.91E-01	6.65E-01	-2.17E+01	2.53E+01	
group_2612	6.78E-01	1.42E-26	4.01E-01	-3.66E-01	4.40E-01	-4.70E-01	9.90E-01	2.63E+00	-3.19E-01	1.05E+00	2.31E+00	3.30E-01	-8.59E-01	8.50E-01	-2.19E+01	2.19E+01	
tetM~~~tetM~~~tetM_1~~~tetM_2	6.70E-01	2.00E-02	5.44E-01	8.27E-02	1.36E-01	-5.43E-01	6.67E-01	2.32E+00	-3.05E-01	7.02E-01	1.97E+00	3.62E-01	-8.60E-01	5.02E-01	-1.41E+01	2.39E+01	
group_1981	6.66E-01	1.37E-35	8.18E-09	1.38E+00	2.47E-01	-5.73E-01	3.37E-01	9.89E-01	-2.15E-01	7.94E-01	6.73E-01	-1.87E-01	-7.56E-01	-7.66E-01	-2.18E+01	1.09E+01	
aphA	6.51E-01	2.25E-10	3.20E-03	5.38E-01	1.82E-01	-9.96E-01	1.15E+00	2.51E+00	-3.30E-01	7.47E-01	2.00E+00	5.05E-01	-3.33E-01	1.00E+00	-1.62E+01	2.54E+01	
group_1852	6.51E-01	3.06E-10	3.64E-03	5.30E-01	1.81E-01	-9.88E-01	1.14E+00	2.50E+00	-3.30E-01	7.46E-01	2.00E+00	5.03E-01	-3.41E-01	9.94E-01	-1.08E+01	2.54E+01	
group_2395	6.49E-01	6.42E-11	4.15E-03	5.24E-01	1.82E-01	-9.83E-01	1.14E+00	2.50E+00	-3.30E-01	7.46E-01	2.00E+00	4.99E-01	-3.46E-01	9.89E-01	-2.14E+01	2.54E+01	
group_1895	6.49E-01	6.42E-11	4.15E-03	5.24E-01	1.82E-01	-9.83E-01	1.14E+00	2.50E+00	-3.30E-01	7.46E-01	2.00E+00	4.99E-01	-3.46E-01	9.89E-01	-2.14E+01	2.54E+01	
group_365	6.49E-01	6.42E-11	4.15E-03	5.24E-01	1.82E-01	-9.83E-01	1.14E+00	2.50E+00	-3.30E-01	7.46E-01	2.00E+00	4.99E-01	-3.46E-01	9.89E-01	-2.14E+01	2.54E+01	
group_265	6.49E-01	6.42E-11	4.15E-03	5.24E-01	1.82E-01	-9.83E-01	1.14E+00	2.50E+00	-3.30E-01	7.46E-01	2.00E+00	4.99E-01	-3.46E-01	9.89E-01	-2.14E+01	2.54E+01	
group_208	6.49E-01	6.42E-11	4.15E-03	5.24E-01	1.82E-01	-9.83E-01	1.14E+00	2.50E+00	-3.30E-01	7.46E-01	2.00E+00	4.99E-01	-3.46E-01	9.89E-01	-2.14E+01	2.54E+01	
group_94	6.49E-01	6.42E-11	4.15E-03	5.24E-01	1.82E-01	-9.83E-01	1.14E+00	2.50E+00	-3.30E-01	7.46E-01	2.00E+00	4.99E-01	-3.46E-01	9.89E-01	-2.14E+01	2.54E+01	
hslO_2~~~hslO_1	6.48E-01	5.76E-11	4.26E-03	5.20E-01	1.81E-01	-9.79E-01	1.13E+00	2.50E+00	-3.30E-01	7.50E-01	2.00E+00	5.00E-01	-3.50E-01	9.86E-01	-2.14E+01	2.54E+01	
group_2062	6.47E-01	3.76E-11	3.52E-03	5.29E-01	1.81E-01	-9.83E-01	1.14E+00	2.50E+00	-3.35E-01	7.46E-01	2.00E+00	4.97E-01	-3.46E-01	9.89E-01	-2.14E+01	2.55E+01	
group_93	6.48E-01	5.76E-11	4.41E-03	5.19E-01	1.81E-01	-9.78E-01	1.13E+00	2.50E+00	-3.30E-01	7.46E-01	2.00E+00	5.02E-01	-3.51E-01	9.85E-01	-2.14E+01	2.54E+01	
bca_2	6.46E-01	1.47E-10	8.85E-03	4.75E-01	1.80E-01	-9.35E-01	1.09E+00	2.47E+00	-3.29E-01	7.46E-01	1.99E+00	4.89E-01	-3.95E-01	9.44E-01	-2.14E+01	2.54E+01	
group_214	6.46E-01	5.17E-11	3.86E-03	5.22E-01	1.80E-01	-9.76E-01	1.13E+00	2.49E+00	-3.35E-01	7.50E-01	2.00E+00	4.93E-01	-3.53E-01	9.83E-01	-2.14E+01	2.55E+01	
group_2499	6.38E-01	4.88E-10	1.90E-02	4.18E-01	1.77E-01	-8.76E-01	1.03E+00	2.44E+00	-3.26E-01	7.37E-01	1.98E+00	4.91E-01	-4.54E-01	8.88E-01	-1.85E+01	2.54E+01	
group_692	6.38E-01	2.40E-10	4.40E-03	3.78E-01	1.34E+01	-8.36E-01	9.87E-01	2.10E+00	-2.71E-01	7.27E-01	1.97E+00	4.64E-01	-4.54E-01	8.50E-01	-1.88E+00	1.56E+00	matrix-inversion-error
group_2405	6.44E-01	2.29E-17	1.00E+00	-9.68E-01	1.33E+01	-4.68E-01	1.59E+00	1.93E+00	-3.09E-01	6.97E-01	2.91E+00	3.38E-01	1.47E-01	1.47E+00	-9.62E-01	1.57E+00	high-bse
group_2588	6.34E-01	1.15E-10	2.82E-01	4.05E-01	3.82E-01	-8.55E-01	9.48E-01	2.65E+00	-3.38E-01	6.81E-01	1.92E+00	7.14E-01	-8.79E-01	8.67E-01	-2.19E+01	2.55E+01	
group_2589	6.33E-01	7.53E-11	1.98E-01	4.96E-01	3.92E-01	-9.41E-01	1.02E+00	2.73E+00	-3.43E-01	6.76E-01	1.92E+00	8.00E-01	-8.84E-01	9.49E-01	-2.19E+01	2.55E+01	
group_2310	6.20E-01	2.31E-15	8.35E-01	-5.56E-02	2.68E-01	-4.23E-01	5.77E-01	2.25E+00	-3.58E-01	6.57E-01	1.95E+00	3.35E-01	-9.06E-01	4.64E-01	-2.20E+01	2.58E+01	
group_2002	6.09E-01	6.04E-01	7.54E-01	4.68E-02	1.49E-01	-4.78E-01	6.01E-01	2.23E+00	-3.11E-01	6.85E-01	1.93E+00	2.95E-01	-8.98E-01	4.72E-01	-2.19E+01	2.61E+01	
group_2171	6.09E-01	2.81E-15	5.03E-01	-2.11E-01	3.16E-01	-2.84E-01	4.38E-01	2.20E+00	-4.79E-01	5.24E-01	1.97E+00	3.40E-01	-1.05E+00	3.23E-01	-2.21E+01	2.92E+01	
group_422	6.09E-01	2.81E-15	5.03E-01	-2.11E-01	3.16E-01	-2.84E-01	4.38E-01	2.20E+00	-4.79E-01	5.24E-01	1.97E+00	3.40E-01	-1.05E+00	3.23E-01	-2.21E+01	2.92E+01	
group_349	6.08E-01	4.06E-15	3.92E-01	-2.68E-01	3.14E-01	-2.36E-01	3.90E-01	2.19E+00	-5.20E-01	4.79E-01	1.98E+00	3.45E-01	-1.09E+00	2.75E-01	-2.21E+01	3.12E+01	
group_2538	5.94E-01	2.58E-16	8.70E-01	1.18E-01	7.22E-01	-5.91E-01	7.27E-01	2.38E+00	-3.15E-01	7.04E-01	1.95E+00	4.51E-01	-7.38E-01	6.28E-01	-2.18E+01	2.52E+01	
lagD	5.94E-01	2.58E-16	8.70E-01	1.18E-01	7.22E-01	-5.91E-01	7.27E-01	2.38E+00	-3.15E-01	7.04E-01	1.95E+00	4.51E-01	-7.38E-01	6.28E-01	-2.18E+01	2.52E+01	
group_2261	5.87E-01	4.51E-42	4.53E-02	-1.09E+00	5.56E-01	6.13E-01	-3.60E-02	2.27E+00	-3.15E-01	6.96E-01	8.62E-01	3.29E-01	-8.56E-01	5.10E-01	-2.19E+01	2.52E+01	
group_587	5.87E-01	4.51E-42	4.53E-02	-1.09E+00	5.56E-01	6.13E-01	-3.60E-02	2.27E+00	-3.15E-01	6.96E-01	8.62E-01	3.29E-01	-8.56E-01	5.10E-01	-2.19E+01	2.52E+01	
group_585	5.83E-01	2.89E-43	2.38E-02	-1.24E+00	5.64E-01	7.71E-01	-1.32E-01	1.27E+00	-3.15E-01	7.04E-01	7.04E-01	3.29E-01	-8.56E-01	5.10E-01	-2.19E+01	2.52E+01	
group_1935	5.86E-01	1.13E-41	9.08E-02	-8.81E-01	5.30E-01	4.08E-01	8.92E-02	2.27E+00	-3.15E-01	6.97E-01	1.07E+00	3.27E-01	-8.56E-01	5.10E-01	-2.19E+01	2.52E+01	
group_339	5.86E-01	2.61E-42	2.98E-02	-1.15E+00	5.46E-01	6.77E-01	-7.50E-02	2.27E+00	-3.15E-01	6.87E-01	7.98E-01	3.29E-01	-8.56E-01	5.10E-01	-2.19E+01	2.52E+01	
deoB_1~~~deoB_2	5.87E-01	4.13E-02	4.96E-01	-8.48E-02	1.25E-01	-4.09E-01	6.24E-01	2.26E+00	-3.74E-01	7.12E-01	1.94E+00	3.09E-01	-8.81E-01	4.92E-01	-2.20E+01	2.66E+01	
gtfB_2~~~gtfB_1~~~gtfB_3~~~gtfB	5.80E-01	3.55E-43	3.60E-02	-1.00E+00	4.90E-01	5.28E-01	1.57E-02	1.45E+00	-3.15E-01	6.73E-01	9.46E-01	3.26E-01	-8.56E-01	5.10E-01	-2.19E+01	2.52E+01	
group_2104	5.67E-01	2.65E-08	4.72E-01	-1.36E-01	1.88E-01	-3.38E-01	5.05E-01	2.27E+00	-3.15E-01	7.04E-01	1.87E+00	3.33E-01	-8.56E-01	3.85E-01	-2.19E+01	2.52E+01	
group_2509	5.66E-01	2.08E-08	4.24E-01	-1.50E-01	1.88E-01	-3.23E-01	4.92E-01	2.27E+00	-3.15E-01	7.03E-01	1.86E+00	3.33E-01	-8.56E-01	3.72E-01	-2.19E+01	2.52E+01	
group_393	5.66E-01	2.08E-08	4.24E-01	-1.50E-01	1.88E-01	-3.23E-01	4.92E-01	2.27E+00	-3.15E-01	7.03E-01	1.86E+00	3.33E-01	-8.56E-01	3.72E-01	-2.19E+01	2.52E+01	
group_12	5.66E-01	2.08E-08	4.24E-01	-1.50E-01	1.88E-01	-3.23E-01	4.92E-01	2.27E+00	-3.15E-01	7.03E-01	1.86E+00	3.33E-01	-8.56E-01	3.72E-01	-2.19E+01	2.52E+01	
group_2561	5.70E-01	1.90E-16	5.71E-01	2.02E-01	3.57E-01	-4.82E-01	6.05E-01	2.27E+00	-5.04E-01	5.14E-01	1.75E+00	3.41E-01	-1.05E+00	5.06E-01	-2.21E+01	2.87E+01	
group_3673	5.60E-01	7.48E-29	2.94E-05	9.42E-01	2.31E-01	-5.13E-01	6.01E-01	1.36E+00	-2.76E-01	4.60E-01	1.05E+00	-2.85E-01	-1.76E+00	5.46E-01	-2.19E+01	2.46E+01	
group_71	5.58E-01	1.41E-42	1.49E-03	-9.31E-01	2.99E-01	4.58E-01	5.87E-02	2.17E+00	-3.28E-01	6.97E-01	1.02E+00	1.70E-01	-8.56E-01	5.10E-01	-2.19E+01	2.52E+01	
group_1938	5.55E-01	6.90E-25	4.00E-01	6.23E-01	7.56E-01	-4.73E-01	5.35E-01	1.64E+00	-3.15E-01	7.04E-01	1.33E+00	-2.86E-01	-8.56E-01	5.10E-01	-2.19E+01	2.52E+01	
group_274	5.40E-01	3.39E-10	6.61E-01	-8.50E-02	1.94E-01	-3.88E-01	5.51E-01	2.27E+00	-3.15E-01	7.04E-01	1.89E+00	3.34E-01	-8.56E-01	4.32E-01	-2.19E+01	2.52E+01	
asp2_1~~~asp2_2~~~asp2	5.27E-01	3.81E-26	7.61E-04	8.30E-01	2.51E-01	-1.30E+00	1.15E+00	3.00E+00	-3.15E-01	7.34E-01	2.78E+00	6.14E-01	-8.56E-01	5.10E-01	-2.19E+01	2.52E+01	
secY2_2~~~secY_1~~~secY2~~~secY_2~~~secY2_1	5.27E-01	3.81E-26	7.61E-04	8.30E-01	2.51E-01	-1.30E+00	1.15E+00	3.00E+00	-3.15E-01	7.34E-01	2.78E+00	6.14E-01	-8.56E-01	5.10E-01	-2.19E+01	2.52E+01	
secA1~~~secA_1~~~secA_2	5.27E-01	3.81E-26	7.61E-04	8.30E-01	2.51E-01	-1.30E+00	1.15E+00	3.00E+00	-3.15E-01	7.34E-01	2.78E+00	6.14E-01	-8.56E-01	5.10E-01	-2.19E+01	2.52E+01	
asp1_2~~~asp1~~~asp1_1	5.27E-01	3.81E-26	7.61E-04	8.30E-01	2.51E-01	-1.30E+00	1.15E+00	3.00E+00	-3.15E-01	7.34E-01	2.78E+00	6.14E-01	-8.56E-01	5.10E-01	-2.19E+01	2.52E+01	
gtfA_1~~~gtfA~~~gtfA_2	5.27E-01	3.81E-26	7.61E-04	8.30E-01	2.51E-01	-1.30E+00	1.15E+00	3.00E+00	-3.15E-01	7.34E-01	2.78E+00	6.14E-01	-8.56E-01	5.10E-01	-2.19E+01	2.52E+01	
asp3	5.27E-01	3.81E-26	7.61E-04	8.30E-01	2.51E-01	-1.30E+00	1.15E+00	3.00E+00	-3.15E-01	7.34E-01	2.78E+00	6.14E-01	-8.56E-01	5.10E-01	-2.19E+01	2.52E+01	
glyD_2~~~glyD_1~~~gtfB_2~~~gtfB_1	5.26E-01	4.84E-26	8.33E-04	8.16E-01	2.48E-01	-1.29E+00	1.14E+00	2.99E+00	-3.15E-01	7.40E-01	2.76E+00	6.13E-01	-8.56E-01	5.10E-01	-2.19E+01	2.52E+01	
gtf3~~~gtf3_1~~~gtf3_2	5.25E-01	1.98E-26	2.16E-03	7.44E-01	2.46E-01	-1.22E+00	1.09E+00	2.92E+00	-3.15E-01	7.37E-01	2.69E+00	5.96E-01	-8.56E-01	5.10E-01	-2.19E+01	2.52E+01	
group_2387	5.25E-01	1.98E-26	2.16E-03	7.44E-01	2.46E-01	-1.22E+00	1.09E+00	2.92E+00	-3.15E-01	7.37E-01	2.69E+00	5.96E-01	-8.56E-01	5.10E-01	-2.19E+01	2.52E+01	
glyD_1~~~glyD_2	5.25E-01	1.98E-26	2.16E-03	7.44E-01	2.46E-01	-1.22E+00	1.09E+00	2.92E+00	-3.15E-01	7.37E-01	2.69E+00	5.96E-01	-8.56E-01	5.10E-01	-2.19E+01	2.52E+01	
glyE~~~glyE_2~~~glyD_3~~~glyE_1	5.25E-01	1.98E-26	2.16E-03	7.44E-01	2.46E-01	-1.22E+00	1.09E+00	2.92E+00	-3.15E-01	7.37E-01	2.69E+00	5.96E-01	-8.56E-01	5.10E-01	-2.19E+01	2.52E+01	
glyD_4~~~glyD_1~~~glyD_3~~~glyE_3	5.25E-01	1.98E-26	2.16E-03	7.44E-01	2.46E-01	-1.22E+00	1.09E+00	2.92E+00	-3.15E-01	7.37E-01	2.69E+00	5.96E-01	-8.56E-01	5.10E-01	-2.19E+01	2.52E+01	
group_2797	5.27E-01	1.74E-17	2.69E-01	4.00E-01	3.66E-01	-8.42E-01	9.36E-01	2.63E+00	-3.46E-01	1.07E+00	1.92E+00	7.01E-01	-4.87E-01	8.54E-01	-2.19E+01	2.19E+01	
group_2021	5.27E-01	1.74E-17	2.69E-01	4.00E-01	3.66E-01	-8.42E-01	9.36E-01	2.63E+00	-3.46E-01	1.07E+00	1.92E+00	7.01E-01	-4.87E-01	8.54E-01	-2.19E+01	2.19E+01	
group_2180	5.23E-01	4.66E-25	5.94E-04	8.22E-01	2.44E-01	-1.29E+00	1.14E+00	3.00E+00	-2.81E-01	7.41E-01	2.77E+00	6.18E-01	-8.56E-01	5.10E-01	-2.19E+01	2.52E+01	
group_400	5.17E-01	3.46E-24	1.29E-03	7.45E-01	2.36E-01	-1.22E+00	1.09E+00	2.93E+00	-3.07E-01	7.37E-01	2.69E+00	5.96E-01	-7.56E-01	5.17E-01	-2.19E+01	2.52E+01	
yydJ	5.23E-01	8.24E-04	6.06E-01	1.06E-01	2.06E-01	-4.75E-01	5.28E-01	2.16E+00	-3.14E-01	6.03E-01	1.93E+00	2.34E-01	-8.54E-01	4.14E-01	-2.20E+01	2.85E+01	
yydI	5.23E-01	8.24E-04	6.06E-01	1.06E-01	2.06E-01	-4.75E-01	5.28E-01	2.16E+00	-3.14E-01	6.03E-01	1.93E+00	2.34E-01	-8.54E-01	4.14E-01	-2.20E+01	2.85E+01	
group_2177	5.11E-01	2.72E-01	3.99E-01	-1.12E-01	1.33E-01	-4.64E-01	7.29E-01	2.26E+00	-2.91E-01	6.99E-01	2.00E+00	4.05E-01	-7.82E-01	5.77E-01	-2.39E+01	2.53E+01	
group_3662	5.04E-01	6.82E-28	3.23E-01	-2.08E-01	2.11E-01	-4.13E-01	7.40E-01	2.36E+00	-1.83E-01	8.27E-01	1.89E+00	4.62E-01	-7.08E-01	6.36E-01	-2.20E+01	2.34E+01	
xerC_1~~~xerC_2	5.03E-01	1.90E-07	9.20E-01	2.09E-02	2.08E-01	-4.75E-01	6.08E-01	2.25E+00	-3.33E-01	7.05E-01	1.94E+00	3.14E-01	-8.55E-01	4.92E-01	-2.19E+01	2.51E+01	
group_2547	5.03E-01	1.90E-07	9.20E-01	2.09E-02	2.08E-01	-4.75E-01	6.08E-01	2.25E+00	-3.33E-01	7.05E-01	1.94E+00	3.14E-01	-8.55E-01	4.92E-01	-2.19E+01	2.51E+01	
group_2645	5.06E-01	4.60E-36	6.54E-01	-3.29E-01	7.43E-01	-4.70E-01	9.53E-01	2.59E+00	-3.18E-01	1.02E+00	2.27E+00	3.31E-01	-8.59E-01	5.09E-01	-2.19E+01	2.16E+01	
group_2532	5.01E-01	8.61E-17	5.70E-07	-1.17E+00	2.42E-01	-4.35E-01	1.35E+00	2.23E+00	-3.54E-01	6.86E-01	3.07E+00	9.35E-01	-8.94E-01	4.71E-01	-2.08E+01	2.56E+01	
group_2472	5.01E-01	8.61E-17	5.70E-07	-1.17E+00	2.42E-01	-4.35E-01	1.35E+00	2.23E+00	-3.54E-01	6.86E-01	3.07E+00	9.35E-01	-8.94E-01	4.71E-01	-2.08E+01	2.56E+01	
group_1480	4.99E-01	2.92E-21	5.19E-02	3.56E-01	1.12E+01	-6.78E-01	6.11E-01	2.14E+00	-4.47E-01	9.04E-01	1.80E+00	5.39E-01	-6.12E-01	7.14E-01	-1.80E+00	1.78E+00	matrix-inversion-error
group_2052	5.02E-01	6.74E-28	7.55E-01	2.02E-01	6.48E-01	-4.77E-01	6.01E-01	2.27E+00	-3.11E-01	5.09E-01	1.75E+00	3.38E-01	-1.05E+00	5.14E-01	-2.19E+01	2.71E+01	
group_1951	5.00E-01	1.76E-16	4.27E-07	-1.18E+00	2.41E-01	-4.35E-01	1.36E+00	2.23E+00	-3.54E-01	6.86E-01	3.08E+00	9.39E-01	-8.95E-01	4.71E-01	-2.08E+01	2.56E+01	
group_263	5.02E-01	6.74E-28	7.55E-01	2.02E-01	6.48E-01	-4.77E-01	6.01E-01	2.27E+00	-3.11E-01	5.09E-01	1.75E+00	3.38E-01	-1.05E+00	5.14E-01	-2.19E+01	2.71E+01	
group_718	4.90E-01	1.32E-07	7.17E-01	-6.94E-02	1.91E-01	-4.69E-01	6.91E-01	2.33E+00	-2.56E-01	7.01E-01	1.96E+00	3.99E-01	-8.60E-01	5.65E-01	-2.19E+01	2.53E+01	
group_688	4.92E-01	1.18E-07	7.07E-01	-7.25E-02	1.92E-01	-4.69E-01	6.94E-01	2.33E+00	-2.53E-01	7.01E-01	1.96E+00	4.01E-01	-8.60E-01	5.68E-01	-2.19E+01	2.53E+01	
group_2038	4.89E-01	4.57E-07	9.87E-01	-3.21E-03	1.90E-01	-4.73E-01	6.30E-01	2.27E+00	-3.12E-01	7.04E-01	1.95E+00	3.37E-01	-8.56E-01	5.12E-01	-2.19E+01	2.52E+01	
group_1738	4.89E-01	4.57E-07	9.87E-01	-3.21E-03	1.90E-01	-4.73E-01	6.30E-01	2.27E+00	-3.12E-01	7.04E-01	1.95E+00	3.37E-01	-8.56E-01	5.12E-01	-2.19E+01	2.52E+01	
group_1184	4.89E-01	4.57E-07	9.87E-01	-3.21E-03	1.90E-01	-4.73E-01	6.30E-01	2.27E+00	-3.12E-01	7.04E-01	1.95E+00	3.37E-01	-8.56E-01	5.12E-01	-2.19E+01	2.52E+01	
group_1001	4.89E-01	4.57E-07	9.87E-01	-3.21E-03	1.90E-01	-4.73E-01	6.30E-01	2.27E+00	-3.12E-01	7.04E-01	1.95E+00	3.37E-01	-8.56E-01	5.12E-01	-2.19E+01	2.52E+01	
group_332	4.89E-01	4.57E-07	9.87E-01	-3.21E-03	1.90E-01	-4.73E-01	6.30E-01	2.27E+00	-3.12E-01	7.04E-01	1.95E+00	3.37E-01	-8.56E-01	5.12E-01	-2.19E+01	2.52E+01	
group_253	4.89E-01	4.57E-07	9.87E-01	-3.21E-03	1.90E-01	-4.73E-01	6.30E-01	2.27E+00	-3.12E-01	7.04E-01	1.95E+00	3.37E-01	-8.56E-01	5.12E-01	-2.19E+01	2.52E+01	
group_163	4.89E-01	4.57E-07	9.87E-01	-3.21E-03	1.90E-01	-4.73E-01	6.30E-01	2.27E+00	-3.12E-01	7.04E-01	1.95E+00	3.37E-01	-8.56E-01	5.12E-01	-2.19E+01	2.52E+01	
group_2245	4.88E-01	3.65E-07	9.13E-01	-2.08E-02	1.89E-01	-4.72E-01	6.47E-01	2.28E+00	-2.97E-01	7.03E-01	1.95E+00	3.53E-01	-8.57E-01	5.26E-01	-2.19E+01	2.52E+01	
group_1479	4.88E-01	2.91E-07	8.34E-01	-3.96E-02	1.88E-01	-4.71E-01	6.64E-01	2.30E+00	-2.81E-01	7.02E-01	1.95E+00	3.70E-01	-8.58E-01	5.42E-01	-2.19E+01	2.52E+01	
pyrC	4.84E-01	2.22E-32	2.41E-01	-3.61E-01	3.07E-01	-2.43E-01	5.30E-01	2.40E+00	-1.89E-01	4.87E-01	1.72E+00	4.60E-01	-7.25E-01	6.39E-01	-2.62E+01	3.06E+01	
pas~~~asa1~~~pas_2	4.86E-01	2.59E-07	7.82E-01	-5.15E-02	1.86E-01	-4.70E-01	6.75E-01	2.31E+00	-2.72E-01	7.02E-01	1.96E+00	3.80E-01	-8.59E-01	5.51E-01	-2.19E+01	2.52E+01	
dinG_3~~~dinG_2	4.85E-01	1.90E-15	3.39E-08	1.27E+00	2.38E-01	-1.64E+00	1.38E+00	2.16E+00	-4.19E-01	6.54E-01	3.11E+00	9.39E-01	-9.40E-01	4.06E-01	-2.07E+01	2.63E+01	
group_1648	4.85E-01	8.02E-16	1.41E-07	1.20E+00	2.35E-01	-1.57E+00	1.33E+00	2.17E+00	-4.15E-01	6.56E-01	3.05E+00	8.98E-01	-9.36E-01	4.14E-01	-2.08E+01	2.63E+01	
group_402	4.88E-01	9.26E-08	4.90E-01	-1.30E-01	1.88E-01	-4.68E-01	7.40E-01	2.39E+00	-2.02E-01	7.00E-01	1.97E+00	4.50E-01	-8.61E-01	6.25E-01	-2.19E+01	2.53E+01	
group_2470	4.83E-01	5.16E-34	4.19E-01	-3.62E-01	4.53E-01	-4.21E-01	6.31E-01	2.21E+00	-3.64E-01	1.01E+00	2.26E+00	2.81E-01	-9.08E-01	4.57E-01	-2.20E+01	2.20E+01	
group_682	4.73E-01	1.43E-46	3.56E-09	1.48E+00	2.60E-01	-6.27E-01	7.81E-01	9.40E-01	-1.62E-01	8.48E-01	6.23E-01	-1.80E-01	-7.02E-01	6.54E-01	-2.17E+01	1.13E+01	
group_1681	4.58E-01	8.04E-34	5.40E-02	-4.57E-01	2.38E-01	-1.63E-02	2.23E-01	2.27E+00	-3.15E-01	7.01E-01	1.49E+00	3.30E-01	-8.56E-01	2.17E-01	-2.19E+01	2.52E+01	
group_1820	4.43E-01	9.86E-04	5.70E-01	-1.12E-01	1.97E-01	-4.67E-01	7.31E-01	2.37E+00	-3.19E-01	6.98E-01	1.97E+00	4.39E-01	-8.63E-01	6.01E-01	-2.19E+01	2.53E+01	
group_189	4.42E-01	8.44E-04	5.03E-01	-1.32E-01	1.96E-01	-4.65E-01	7.49E-01	2.39E+00	-3.20E-01	6.97E-01	1.97E+00	4.56E-01	-8.64E-01	6.16E-01	-2.19E+01	2.53E+01	
group_130	4.42E-01	8.44E-04	5.03E-01	-1.32E-01	1.96E-01	-4.65E-01	7.49E-01	2.39E+00	-3.20E-01	6.97E-01	1.97E+00	4.56E-01	-8.64E-01	6.16E-01	-2.19E+01	2.53E+01	
group_1939	4.42E-01	1.67E-23	4.00E-01	-6.23E-01	7.56E-01	1.50E-01	5.35E-01	1.64E+00	-3.15E-01	7.04E-01	1.33E+00	-2.86E-01	-8.56E-01	5.10E-01	-2.25E+01	2.52E+01	
group_1389	4.43E-01	4.16E-11	1.11E-01	-2.23E-01	1.40E-01	-4.40E-01	8.13E-01	2.46E+00	-2.50E-01	7.55E-01	1.95E+00	4.60E-01	-7.31E-01	6.54E-01	-1.92E+01	2.58E+01	
yoeB	4.40E-01	2.04E-03	7.66E-01	-5.77E-02	1.94E-01	-4.70E-01	6.81E-01	2.32E+00	-3.17E-01	7.01E-01	1.96E+00	3.86E-01	-8.59E-01	5.56E-01	-2.19E+01	2.52E+01	
group_2383	4.40E-01	2.04E-03	7.66E-01	-5.77E-02	1.94E-01	-4.70E-01	6.81E-01	2.32E+00	-3.17E-01	7.01E-01	1.96E+00	3.86E-01	-8.59E-01	5.56E-01	-2.19E+01	2.52E+01	
group_2130	4.40E-01	2.04E-03	7.66E-01	-5.77E-02	1.94E-01	-4.70E-01	6.81E-01	2.32E+00	-3.17E-01	7.01E-01	1.96E+00	3.86E-01	-8.59E-01	5.56E-01	-2.19E+01	2.52E+01	
group_394	4.40E-01	2.04E-03	7.66E-01	-5.77E-02	1.94E-01	-4.70E-01	6.81E-01	2.32E+00	-3.17E-01	7.01E-01	1.96E+00	3.86E-01	-8.59E-01	5.56E-01	-2.19E+01	2.52E+01	
group_629	4.36E-01	1.02E-01	2.78E-01	1.55E-01	1.43E-01	-6.02E-01	7.44E-01	2.37E+00	-3.00E-01	7.03E-01	2.02E+00	3.84E-01	-8.79E-01	6.32E-01	-1.55E+01	2.31E+01	
group_350	4.36E-01	1.02E-01	2.78E-01	1.55E-01	1.43E-01	-6.02E-01	7.44E-01	2.37E+00	-3.00E-01	7.03E-01	2.02E+00	3.84E-01	-8.79E-01	6.32E-01	-1.55E+01	2.31E+01	
group_2308	4.35E-01	9.30E-02	3.13E-01	1.44E-01	1.43E-01	-5.93E-01	7.36E-01	2.36E+00	-3.01E-01	7.03E-01	2.01E+00	3.81E-01	-8.77E-01	6.23E-01	-1.91E+01	2.32E+01	
group_1598	4.35E-01	9.30E-02	3.13E-01	1.44E-01	1.43E-01	-5.93E-01	7.36E-01	2.36E+00	-3.01E-01	7.03E-01	2.01E+00	3.81E-01	-8.77E-01	6.23E-01	-1.91E+01	2.32E+01	
group_1388	4.37E-01	1.05E-10	4.99E-01	-9.72E-02	1.44E-01	-4.60E-01	7.09E-01	2.35E+00	-2.48E-01	7.12E-01	1.95E+00	3.82E-01	-8.02E-01	5.73E-01	-2.08E+01	2.54E+01	
group_2550	4.34E-01	6.73E-02	4.22E-01	1.15E-01	1.44E-01	-5.69E-01	7.14E-01	2.34E+00	-3.04E-01	7.02E-01	2.00E+00	3.71E-01	-8.73E-01	6.02E-01	-2.28E+01	2.35E+01	
group_2488	4.38E-01	2.81E-07	1.85E-03	-4.28E-01	1.37E-01	-4.36E-01	9.14E-01	2.60E+00	-3.52E-01	7.67E-01	2.04E+00	5.89E-01	-4.64E-01	7.99E-01	-2.19E+01	2.59E+01	
xerC_3~~~xerC_5~~~xerC_6~~~xerC_1~~~xerC_2	4.38E-01	2.81E-07	1.85E-03	-4.28E-01	1.37E-01	-4.36E-01	9.14E-01	2.60E+00	-3.52E-01	7.67E-01	2.04E+00	5.89E-01	-4.64E-01	7.99E-01	-2.19E+01	2.59E+01	
group_1997	4.38E-01	2.81E-07	1.85E-03	-4.28E-01	1.37E-01	-4.36E-01	9.14E-01	2.60E+00	-3.52E-01	7.67E-01	2.04E+00	5.89E-01	-4.64E-01	7.99E-01	-2.19E+01	2.59E+01	
group_1580	4.38E-01	2.81E-07	1.85E-03	-4.28E-01	1.37E-01	-4.36E-01	9.14E-01	2.60E+00	-3.52E-01	7.67E-01	2.04E+00	5.89E-01	-4.64E-01	7.99E-01	-2.19E+01	2.59E+01	
group_2369	4.34E-01	6.11E-02	3.57E-02	1.03E-01	1.14E+01	-5.53E-01	6.97E-01	2.00E+00	-2.99E-01	6.95E-01	1.98E+00	3.63E-01	-8.37E-01	5.86E-01	-1.93E+00	1.65E+00	matrix-inversion-error
group_2046	4.37E-01	2.23E-07	1.45E-03	-4.38E-01	1.37E-01	-4.36E-01	9.20E-01	2.61E+00	-3.53E-01	7.69E-01	2.04E+00	5.92E-01	-4.56E-01	8.06E-01	-2.19E+01	2.59E+01	
group_1797	4.37E-01	3.93E-07	2.17E-03	-4.22E-01	1.38E-01	-4.41E-01	9.14E-01	2.60E+00	-3.47E-01	7.71E-01	2.04E+00	5.89E-01	-4.66E-01	7.99E-01	-2.19E+01	2.58E+01	
group_1754	4.37E-01	2.23E-07	1.45E-03	-4.38E-01	1.37E-01	-4.36E-01	9.20E-01	2.61E+00	-3.53E-01	7.69E-01	2.04E+00	5.92E-01	-4.56E-01	8.06E-01	-2.19E+01	2.59E+01	
group_1411	4.37E-01	2.23E-07	1.45E-03	-4.38E-01	1.37E-01	-4.36E-01	9.20E-01	2.61E+00	-3.53E-01	7.69E-01	2.04E+00	5.92E-01	-4.56E-01	8.06E-01	-2.19E+01	2.59E+01	
group_1272	4.37E-01	3.93E-07	2.40E-03	-4.17E-01	1.37E-01	-4.37E-01	8.98E-01	2.59E+00	-3.51E-01	7.66E-01	2.04E+00	5.82E-01	-4.75E-01	7.92E-01	-2.19E+01	2.58E+01	
group_185	4.37E-01	3.93E-07	2.17E-03	-4.22E-01	1.38E-01	-4.41E-01	9.14E-01	2.60E+00	-3.47E-01	7.71E-01	2.04E+00	5.89E-01	-4.66E-01	7.99E-01	-2.19E+01	2.58E+01	
iap	4.34E-01	6.11E-02	3.57E-02	1.03E-01	1.14E+01	-5.53E-01	6.97E-01	2.00E+00	-2.99E-01	6.95E-01	1.98E+00	3.63E-01	-8.37E-01	5.86E-01	-1.93E+00	1.65E+00	matrix-inversion-error
group_68	4.37E-01	5.70E-12	6.79E-03	-2.58E-01	1.22E+01	-4.27E-01	8.32E-01	2.15E+00	-2.40E-01	7.53E-01	1.94E+00	4.69E-01	-6.79E-01	6.68E-01	-1.92E+00	1.53E+00	matrix-inversion-error
IntTn~~~IntTn_2	4.33E-01	8.87E-02	3.24E-02	1.18E-01	1.14E+01	-5.66E-01	7.08E-01	2.02E+00	-2.96E-01	6.94E-01	1.99E+00	3.68E-01	-8.39E-01	5.99E-01	-1.90E+00	1.66E+00	matrix-inversion-error
group_1706	4.33E-01	7.04E-02	4.41E-01	1.10E-01	1.44E-01	-5.65E-01	7.11E-01	2.34E+00	-3.03E-01	7.02E-01	2.00E+00	3.70E-01	-8.72E-01	5.98E-01	-1.05E+01	2.34E+01	
group_1487	4.33E-01	7.04E-02	4.21E-01	1.15E-01	1.43E-01	-5.69E-01	7.14E-01	2.34E+00	-3.04E-01	7.03E-01	2.00E+00	3.72E-01	-8.73E-01	6.02E-01	-2.27E+01	2.35E+01	
group_1308	4.33E-01	7.04E-02	4.21E-01	1.15E-01	1.43E-01	-5.69E-01	7.14E-01	2.34E+00	-3.04E-01	7.03E-01	2.00E+00	3.72E-01	-8.73E-01	6.02E-01	-2.27E+01	2.35E+01	
group_602	4.33E-01	7.04E-02	4.41E-01	1.10E-01	1.44E-01	-5.65E-01	7.11E-01	2.34E+00	-3.03E-01	7.02E-01	2.00E+00	3.70E-01	-8.72E-01	5.98E-01	-1.05E+01	2.34E+01	
group_243	4.33E-01	7.04E-02	4.41E-01	1.10E-01	1.44E-01	-5.65E-01	7.11E-01	2.34E+00	-3.03E-01	7.02E-01	2.00E+00	3.70E-01	-8.72E-01	5.98E-01	-1.05E+01	2.34E+01	
group_54	4.33E-01	7.04E-02	4.21E-01	1.15E-01	1.43E-01	-5.69E-01	7.14E-01	2.34E+00	-3.04E-01	7.03E-01	2.00E+00	3.72E-01	-8.73E-01	6.02E-01	-2.27E+01	2.35E+01	
group_603	4.32E-01	8.09E-02	4.41E-01	1.10E-01	1.44E-01	-5.65E-01	7.11E-01	2.34E+00	-3.03E-01	7.02E-01	2.00E+00	3.70E-01	-8.72E-01	5.98E-01	-1.87E+01	2.35E+01	
group_28	4.32E-01	9.26E-02	3.96E-01	1.22E-01	1.43E-01	-5.74E-01	7.19E-01	2.35E+00	-3.01E-01	7.03E-01	2.00E+00	3.74E-01	-8.74E-01	6.07E-01	-2.39E+01	2.34E+01	
group_293	4.34E-01	8.70E-01	7.79E-01	3.69E-02	1.31E-01	-4.75E-01	5.95E-01	2.27E+00	-3.23E-01	7.02E-01	1.94E+00	3.16E-01	-8.66E-01	4.84E-01	-2.19E+01	2.51E+01	
mntH_3~~~mntH_2	4.32E-01	6.78E-03	9.58E-01	-1.04E-02	1.96E-01	-4.73E-01	6.38E-01	2.28E+00	-3.15E-01	7.04E-01	1.95E+00	3.44E-01	-8.56E-01	5.19E-01	-2.19E+01	2.52E+01	
merR1	4.31E-01	5.20E-03	7.94E-01	-5.06E-02	1.94E-01	-4.73E-01	6.77E-01	2.32E+00	-3.15E-01	7.04E-01	1.96E+00	3.82E-01	-8.56E-01	5.53E-01	-2.19E+01	2.52E+01	
merA	4.31E-01	5.20E-03	7.94E-01	-5.06E-02	1.94E-01	-4.73E-01	6.77E-01	2.32E+00	-3.15E-01	7.04E-01	1.96E+00	3.82E-01	-8.56E-01	5.53E-01	-2.19E+01	2.52E+01	
group_1832	4.30E-01	6.32E-03	8.65E-01	-3.28E-02	1.93E-01	-4.73E-01	6.60E-01	2.30E+00	-3.15E-01	7.04E-01	1.96E+00	3.65E-01	-8.56E-01	5.38E-01	-2.19E+01	2.52E+01	
group_997	4.32E-01	3.51E-07	7.80E-01	5.39E-02	1.93E-01	-4.73E-01	5.79E-01	2.27E+00	-3.15E-01	7.04E-01	1.92E+00	3.34E-01	-8.56E-01	4.59E-01	-2.19E+01	2.52E+01	
group_1382	4.28E-01	1.10E-24	2.79E-04	-1.00E+00	2.90E-01	-4.39E-01	6.31E-01	2.23E+00	-3.49E-01	6.88E-01	2.90E+00	5.39E-01	-8.90E-01	4.75E-01	-2.09E+01	2.57E+01	
group_1948	4.23E-01	2.14E-29	1.00E+00	-2.66E+00		-4.73E-01	6.27E-01	2.27E+00	-3.15E-01	7.04E-01	4.61E+00	3.34E-01	1.81E+00	5.10E-01	-9.09E+00	2.52E+01	
group_226	4.23E-01	2.14E-29	1.00E+00	-2.66E+00		-4.73E-01	6.27E-01	2.27E+00	-3.15E-01	7.04E-01	4.61E+00	3.34E-01	1.81E+00	5.10E-01	-9.09E+00	2.52E+01	
group_2554	4.13E-01	4.51E-42	4.53E-02	1.09E+00	5.56E-01	-4.73E-01	-3.60E-02	2.27E+00	-3.15E-01	6.96E-01	8.62E-01	3.29E-01	-8.56E-01	5.10E-01	-2.19E+01	2.52E+01	
group_2402	4.13E-01	4.51E-42	4.53E-02	1.09E+00	5.56E-01	-4.73E-01	-3.60E-02	2.27E+00	-3.15E-01	6.96E-01	8.62E-01	3.29E-01	-8.56E-01	5.10E-01	-2.19E+01	2.52E+01	
group_2398	4.13E-01	4.51E-42	4.53E-02	1.09E+00	5.56E-01	-4.73E-01	-3.60E-02	2.27E+00	-3.15E-01	6.96E-01	8.62E-01	3.29E-01	-8.56E-01	5.10E-01	-2.19E+01	2.52E+01	
group_2397	4.13E-01	4.51E-42	4.53E-02	1.09E+00	5.56E-01	-4.73E-01	-3.60E-02	2.27E+00	-3.15E-01	6.96E-01	8.62E-01	3.29E-01	-8.56E-01	5.10E-01	-2.19E+01	2.52E+01	
group_1771	4.13E-01	4.51E-42	4.53E-02	1.09E+00	5.56E-01	-4.73E-01	-3.60E-02	2.27E+00	-3.15E-01	6.96E-01	8.62E-01	3.29E-01	-8.56E-01	5.10E-01	-2.19E+01	2.52E+01	
group_2220	4.13E-01	7.77E-42	6.40E-02	9.71E-01	5.32E-01	-4.73E-01	3.43E-02	2.27E+00	-3.15E-01	6.97E-01	9.79E-01	3.30E-01	-8.56E-01	5.10E-01	-2.19E+01	2.52E+01	
spsB_3	4.13E-01	7.77E-42	6.40E-02	9.71E-01	5.32E-01	-4.73E-01	3.43E-02	2.27E+00	-3.15E-01	6.97E-01	9.79E-01	3.30E-01	-8.56E-01	5.10E-01	-2.19E+01	2.52E+01	
group_2264	4.15E-01	1.51E-42	2.16E-02	1.19E+00	5.39E-01	-4.73E-01	-1.02E-01	2.27E+00	-3.15E-01	6.68E-01	7.54E-01	3.34E-01	-8.56E-01	5.10E-01	-2.19E+01	2.52E+01	
group_343	4.15E-01	1.51E-42	2.16E-02	1.19E+00	5.39E-01	-4.73E-01	-1.02E-01	2.27E+00	-3.15E-01	6.68E-01	7.54E-01	3.34E-01	-8.56E-01	5.10E-01	-2.19E+01	2.52E+01	
group_109	4.10E-01	3.40E-11	1.55E-01	-1.98E-01	1.39E-01	-4.50E-01	7.91E-01	2.27E+00	-1.89E-01	7.06E-01	1.96E+00	4.42E-01	-7.48E-01	6.24E-01	-4.61E+01	2.28E+01	
gtfB_1~~~gtfB~~~gtfB_2	4.13E-01	1.78E-42	1.51E-02	1.37E+00	5.82E-01	-4.87E-01	-1.97E-01	2.28E+00	-3.01E-01	7.18E-01	5.91E-01	3.48E-01	-8.42E-01	5.24E-01	-2.19E+01	2.49E+01	
secA_3~~~secA_2	4.13E-01	1.78E-42	1.51E-02	1.37E+00	5.82E-01	-4.87E-01	-1.97E-01	2.28E+00	-3.01E-01	7.18E-01	5.91E-01	3.48E-01	-8.42E-01	5.24E-01	-2.19E+01	2.49E+01	
gtf3_2~~~gtf3_1~~~gtf3	4.13E-01	1.78E-42	1.51E-02	1.37E+00	5.82E-01	-4.87E-01	-1.97E-01	2.28E+00	-3.01E-01	7.18E-01	5.91E-01	3.48E-01	-8.42E-01	5.24E-01	-2.19E+01	2.49E+01	
glyD~~~glyG_1~~~glyG_2	4.13E-01	1.78E-42	1.51E-02	1.37E+00	5.82E-01	-4.87E-01	-1.97E-01	2.28E+00	-3.01E-01	7.18E-01	5.91E-01	3.48E-01	-8.42E-01	5.24E-01	-2.19E+01	2.49E+01	
gtfA_2~~~gtfA_1~~~gtfA	4.13E-01	1.78E-42	1.51E-02	1.37E+00	5.82E-01	-4.87E-01	-1.97E-01	2.28E+00	-3.01E-01	7.18E-01	5.91E-01	3.48E-01	-8.42E-01	5.24E-01	-2.19E+01	2.49E+01	
group_1622	4.13E-01	1.78E-42	1.51E-02	1.37E+00	5.82E-01	-4.87E-01	-1.97E-01	2.28E+00	-3.01E-01	7.18E-01	5.91E-01	3.48E-01	-8.42E-01	5.24E-01	-2.19E+01	2.49E+01	
group_1489	4.13E-01	1.78E-42	1.51E-02	1.37E+00	5.82E-01	-4.87E-01	-1.97E-01	2.28E+00	-3.01E-01	7.18E-01	5.91E-01	3.48E-01	-8.42E-01	5.24E-01	-2.19E+01	2.49E+01	
secY_1~~~secY2	4.12E-01	7.03E-43	5.05E-03	1.54E+00	5.68E-01	-4.89E-01	-2.98E-01	2.28E+00	-3.00E-01	7.20E-01	4.29E-01	3.49E-01	-8.40E-01	5.25E-01	-2.19E+01	2.49E+01	
asp2_2~~~asp2_1~~~asp2	4.12E-01	7.03E-43	5.05E-03	1.54E+00	5.68E-01	-4.89E-01	-2.98E-01	2.28E+00	-3.00E-01	7.20E-01	4.29E-01	3.49E-01	-8.40E-01	5.25E-01	-2.19E+01	2.49E+01	
asp1~~~asp1_1~~~asp1_2	4.12E-01	7.03E-43	5.05E-03	1.54E+00	5.68E-01	-4.89E-01	-2.98E-01	2.28E+00	-3.00E-01	7.20E-01	4.29E-01	3.49E-01	-8.40E-01	5.25E-01	-2.19E+01	2.49E+01	
fap1	4.12E-01	7.03E-43	5.05E-03	1.54E+00	5.68E-01	-4.89E-01	-2.98E-01	2.28E+00	-3.00E-01	7.20E-01	4.29E-01	3.49E-01	-8.40E-01	5.25E-01	-2.19E+01	2.49E+01	
group_1838	4.05E-01	4.32E-16	8.49E-01	1.29E-01	6.77E-01	-4.73E-01	5.18E-01	2.14E+00	-3.15E-01	7.04E-01	1.95E+00	2.05E-01	-9.85E-01	3.81E-01	-2.20E+01	2.52E+01	
group_2766	4.09E-01	6.24E-42	3.81E-02	1.06E+00	5.12E-01	-4.73E-01	-2.01E-02	2.27E+00	-3.15E-01	7.04E-01	8.97E-01	3.34E-01	-8.56E-01	5.10E-01	-2.19E+01	2.52E+01	
group_2520	4.09E-01	6.24E-42	3.81E-02	1.06E+00	5.12E-01	-4.73E-01	-2.01E-02	2.27E+00	-3.15E-01	7.04E-01	8.97E-01	3.34E-01	-8.56E-01	5.10E-01	-2.19E+01	2.52E+01	
group_2116	4.09E-01	6.24E-42	3.81E-02	1.06E+00	5.12E-01	-4.73E-01	-2.01E-02	2.27E+00	-3.15E-01	7.04E-01	8.97E-01	3.34E-01	-8.56E-01	5.10E-01	-2.19E+01	2.52E+01	
group_1962	4.09E-01	6.24E-42	3.81E-02	1.06E+00	5.12E-01	-4.73E-01	-2.01E-02	2.27E+00	-3.15E-01	7.04E-01	8.97E-01	3.34E-01	-8.56E-01	5.10E-01	-2.19E+01	2.52E+01	
group_2037	4.05E-01	1.57E-40	1.81E-01	6.05E-01	4.46E-01	-4.73E-01	2.58E-01	2.27E+00	-3.15E-01	7.04E-01	1.36E+00	3.34E-01	-8.56E-01	5.10E-01	-2.19E+01	2.52E+01	
essC_1~~~carB_3~~~carB_1~~~essC~~~carB_2~~~essC_2	3.96E-01	3.06E-17	8.17E-02	-6.36E-01	3.71E-01	-4.38E-01	8.39E-01	2.87E+00	-3.29E-01	7.09E-01	1.91E+00	9.26E-01	-2.55E-01	1.11E+00	-2.19E+01	2.56E+01	
group_2384	4.00E-01	3.37E-41	7.47E-01	1.84E-01	5.71E-01	-4.75E-01	6.01E-01	2.27E+00	-3.13E-01	7.00E-01	1.77E+00	3.36E-01	-8.54E-01	5.11E-01	-2.19E+01	2.51E+01	
group_2055	4.00E-01	3.37E-41	7.47E-01	1.84E-01	5.71E-01	-4.75E-01	6.01E-01	2.27E+00	-3.13E-01	7.00E-01	1.77E+00	3.36E-01	-8.54E-01	5.11E-01	-2.19E+01	2.51E+01	
group_1920	4.00E-01	3.37E-41	7.47E-01	1.84E-01	5.71E-01	-4.75E-01	6.01E-01	2.27E+00	-3.13E-01	7.00E-01	1.77E+00	3.36E-01	-8.54E-01	5.11E-01	-2.19E+01	2.51E+01	
group_1737	4.00E-01	3.37E-41	7.47E-01	1.84E-01	5.71E-01	-4.75E-01	6.01E-01	2.27E+00	-3.13E-01	7.00E-01	1.77E+00	3.36E-01	-8.54E-01	5.11E-01	-2.19E+01	2.51E+01	
group_1722	4.00E-01	3.37E-41	7.47E-01	1.84E-01	5.71E-01	-4.75E-01	6.01E-01	2.27E+00	-3.13E-01	7.00E-01	1.77E+00	3.36E-01	-8.54E-01	5.11E-01	-2.19E+01	2.51E+01	
group_281	4.00E-01	3.37E-41	7.47E-01	1.84E-01	5.71E-01	-4.75E-01	6.01E-01	2.27E+00	-3.13E-01	7.00E-01	1.77E+00	3.36E-01	-8.54E-01	5.11E-01	-2.19E+01	2.51E+01	
xerC_4~~~xerC_3~~~xerC_6	3.99E-01	2.03E-18	1.83E-01	4.05E-01	3.07E-01	-8.08E-01	8.24E-01	2.60E+00	-3.86E-01	6.56E-01	2.28E+00	6.67E-01	-9.18E-01	4.57E-01	-2.16E+01	2.62E+01	
group_2222	3.99E-01	2.03E-18	1.83E-01	4.05E-01	3.07E-01	-8.08E-01	8.24E-01	2.60E+00	-3.86E-01	6.56E-01	2.28E+00	6.67E-01	-9.18E-01	4.57E-01	-2.16E+01	2.62E+01	
group_2187	3.99E-01	2.03E-18	1.83E-01	4.05E-01	3.07E-01	-8.08E-01	8.24E-01	2.60E+00	-3.86E-01	6.56E-01	2.28E+00	6.67E-01	-9.18E-01	4.57E-01	-2.16E+01	2.62E+01	
group_2093	3.99E-01	2.03E-18	1.83E-01	4.05E-01	3.07E-01	-8.08E-01	8.24E-01	2.60E+00	-3.86E-01	6.56E-01	2.28E+00	6.67E-01	-9.18E-01	4.57E-01	-2.16E+01	2.62E+01	
group_2088	3.99E-01	2.03E-18	1.83E-01	4.05E-01	3.07E-01	-8.08E-01	8.24E-01	2.60E+00	-3.86E-01	6.56E-01	2.28E+00	6.67E-01	-9.18E-01	4.57E-01	-2.16E+01	2.62E+01	
group_2087	3.99E-01	2.03E-18	1.83E-01	4.05E-01	3.07E-01	-8.08E-01	8.24E-01	2.60E+00	-3.86E-01	6.56E-01	2.28E+00	6.67E-01	-9.18E-01	4.57E-01	-2.16E+01	2.62E+01	
group_2045	3.99E-01	2.03E-18	1.83E-01	4.05E-01	3.07E-01	-8.08E-01	8.24E-01	2.60E+00	-3.86E-01	6.56E-01	2.28E+00	6.67E-01	-9.18E-01	4.57E-01	-2.16E+01	2.62E+01	
group_1319	3.99E-01	2.03E-18	1.83E-01	4.05E-01	3.07E-01	-8.08E-01	8.24E-01	2.60E+00	-3.86E-01	6.56E-01	2.28E+00	6.67E-01	-9.18E-01	4.57E-01	-2.16E+01	2.62E+01	
group_1295	3.99E-01	2.03E-18	1.83E-01	4.05E-01	3.07E-01	-8.08E-01	8.24E-01	2.60E+00	-3.86E-01	6.56E-01	2.28E+00	6.67E-01	-9.18E-01	4.57E-01	-2.16E+01	2.62E+01	
group_1937	3.99E-01	3.51E-18	1.65E-01	4.19E-01	3.05E-01	-8.20E-01	8.31E-01	2.61E+00	-3.88E-01	6.54E-01	2.29E+00	6.79E-01	-9.11E-01	4.55E-01	-2.16E+01	2.63E+01	
group_2197	3.89E-01	1.53E-16	1.02E-01	-6.89E-01	4.29E-01	-4.42E-01	8.51E-01	2.92E+00	-3.47E-01	6.91E-01	1.92E+00	9.83E-01	-1.98E-01	1.17E+00	-2.19E+01	2.55E+01	
pknD_1	3.93E-01	6.32E-40	4.88E-01	6.27E-01	9.40E+00	-4.75E-01	6.27E-01	1.94E+00	-3.02E-01	7.04E-01	1.32E+00	3.33E-01	-8.14E-01	5.12E-01	-2.42E+00	1.57E+00	matrix-inversion-error
group_1864	3.93E-01	6.32E-40	4.88E-01	6.27E-01	9.40E+00	-4.75E-01	6.27E-01	1.94E+00	-3.02E-01	7.04E-01	1.32E+00	3.33E-01	-8.14E-01	5.12E-01	-2.42E+00	1.57E+00	matrix-inversion-error
group_159	3.93E-01	6.32E-40	4.88E-01	6.27E-01	9.40E+00	-4.75E-01	6.27E-01	1.94E+00	-3.02E-01	7.04E-01	1.32E+00	3.33E-01	-8.14E-01	5.12E-01	-2.42E+00	1.57E+00	matrix-inversion-error
group_2586	3.92E-01	1.07E-39	7.03E-01	3.51E-01	9.03E-01	-4.77E-01	6.31E-01	2.27E+00	-3.12E-01	7.08E-01	1.60E+00	3.36E-01	-8.52E-01	5.13E-01	-1.98E+01	2.51E+01	
group_2302	3.92E-01	1.07E-39	7.03E-01	3.51E-01	9.03E-01	-4.77E-01	6.31E-01	2.27E+00	-3.12E-01	7.08E-01	1.60E+00	3.36E-01	-8.52E-01	5.13E-01	-1.98E+01	2.51E+01	
xerC_4~~~xerC_3~~~xerC_5	3.92E-01	1.07E-39	7.03E-01	3.51E-01	9.03E-01	-4.77E-01	6.31E-01	2.27E+00	-3.12E-01	7.08E-01	1.60E+00	3.36E-01	-8.52E-01	5.13E-01	-1.98E+01	2.51E+01	
group_1668	3.92E-01	1.07E-39	7.03E-01	3.51E-01	9.03E-01	-4.77E-01	6.31E-01	2.27E+00	-3.12E-01	7.08E-01	1.60E+00	3.36E-01	-8.52E-01	5.13E-01	-1.98E+01	2.51E+01	
group_1549	3.92E-01	1.07E-39	7.03E-01	3.51E-01	9.03E-01	-4.77E-01	6.31E-01	2.27E+00	-3.12E-01	7.08E-01	1.60E+00	3.36E-01	-8.52E-01	5.13E-01	-1.98E+01	2.51E+01	
group_347	3.92E-01	1.07E-39	7.03E-01	3.51E-01	9.03E-01	-4.77E-01	6.31E-01	2.27E+00	-3.12E-01	7.08E-01	1.60E+00	3.36E-01	-8.52E-01	5.13E-01	-1.98E+01	2.51E+01	
group_2861	3.91E-01	9.05E-42	1.00E+00	9.49E-01	9.39E+00	-4.26E-01	5.78E-01	1.89E+00	-3.51E-01	6.55E-01	9.49E-01	2.88E-01	-8.63E-01	4.63E-01	-1.97E+00	-3.54E+02	high-bse
group_2852	3.91E-01	9.05E-42	1.00E+00	9.49E-01	9.39E+00	-4.26E-01	5.78E-01	1.89E+00	-3.51E-01	6.55E-01	9.49E-01	2.88E-01	-8.63E-01	4.63E-01	-1.97E+00	-3.54E+02	high-bse
group_2791	3.88E-01	3.36E-05	5.10E-01	-1.18E-01	1.79E-01	-4.72E-01	6.69E-01	2.26E+00	-3.16E-01	7.05E-01	2.01E+00	3.33E-01	-8.57E-01	6.15E-01	-2.19E+01	2.52E+01	
group_2552	3.88E-01	3.36E-05	5.10E-01	-1.18E-01	1.79E-01	-4.72E-01	6.69E-01	2.26E+00	-3.16E-01	7.05E-01	2.01E+00	3.33E-01	-8.57E-01	6.15E-01	-2.19E+01	2.52E+01	
group_2527	3.88E-01	3.36E-05	5.10E-01	-1.18E-01	1.79E-01	-4.72E-01	6.69E-01	2.26E+00	-3.16E-01	7.05E-01	2.01E+00	3.33E-01	-8.57E-01	6.15E-01	-2.19E+01	2.52E+01	
group_2391	3.88E-01	3.36E-05	5.10E-01	-1.18E-01	1.79E-01	-4.72E-01	6.69E-01	2.26E+00	-3.16E-01	7.05E-01	2.01E+00	3.33E-01	-8.57E-01	6.15E-01	-2.19E+01	2.52E+01	
group_2390	3.88E-01	3.36E-05	5.10E-01	-1.18E-01	1.79E-01	-4.72E-01	6.69E-01	2.26E+00	-3.16E-01	7.05E-01	2.01E+00	3.33E-01	-8.57E-01	6.15E-01	-2.19E+01	2.52E+01	
group_2250	3.88E-01	3.36E-05	5.10E-01	-1.18E-01	1.79E-01	-4.72E-01	6.69E-01	2.26E+00	-3.16E-01	7.05E-01	2.01E+00	3.33E-01	-8.57E-01	6.15E-01	-2.19E+01	2.52E+01	
xerC_2~~~xerC_1~~~intQ	3.88E-01	3.36E-05	5.10E-01	-1.18E-01	1.79E-01	-4.72E-01	6.69E-01	2.26E+00	-3.16E-01	7.05E-01	2.01E+00	3.33E-01	-8.57E-01	6.15E-01	-2.19E+01	2.52E+01	
group_2054	3.88E-01	3.36E-05	5.10E-01	-1.18E-01	1.79E-01	-4.72E-01	6.69E-01	2.26E+00	-3.16E-01	7.05E-01	2.01E+00	3.33E-01	-8.57E-01	6.15E-01	-2.19E+01	2.52E+01	
group_1919	3.88E-01	3.36E-05	5.10E-01	-1.18E-01	1.79E-01	-4.72E-01	6.69E-01	2.26E+00	-3.16E-01	7.05E-01	2.01E+00	3.33E-01	-8.57E-01	6.15E-01	-2.19E+01	2.52E+01	
group_1776	3.88E-01	3.36E-05	5.10E-01	-1.18E-01	1.79E-01	-4.72E-01	6.69E-01	2.26E+00	-3.16E-01	7.05E-01	2.01E+00	3.33E-01	-8.57E-01	6.15E-01	-2.19E+01	2.52E+01	
group_1674	3.88E-01	3.36E-05	5.10E-01	-1.18E-01	1.79E-01	-4.72E-01	6.69E-01	2.26E+00	-3.16E-01	7.05E-01	2.01E+00	3.33E-01	-8.57E-01	6.15E-01	-2.19E+01	2.52E+01	
group_1579	3.88E-01	3.36E-05	5.10E-01	-1.18E-01	1.79E-01	-4.72E-01	6.69E-01	2.26E+00	-3.16E-01	7.05E-01	2.01E+00	3.33E-01	-8.57E-01	6.15E-01	-2.19E+01	2.52E+01	
group_1486	3.88E-01	3.36E-05	5.10E-01	-1.18E-01	1.79E-01	-4.72E-01	6.69E-01	2.26E+00	-3.16E-01	7.05E-01	2.01E+00	3.33E-01	-8.57E-01	6.15E-01	-2.19E+01	2.52E+01	
group_1306	3.88E-01	3.36E-05	5.10E-01	-1.18E-01	1.79E-01	-4.72E-01	6.69E-01	2.26E+00	-3.16E-01	7.05E-01	2.01E+00	3.33E-01	-8.57E-01	6.15E-01	-2.19E+01	2.52E+01	
group_364	3.88E-01	3.36E-05	5.10E-01	-1.18E-01	1.79E-01	-4.72E-01	6.69E-01	2.26E+00	-3.16E-01	7.05E-01	2.01E+00	3.33E-01	-8.57E-01	6.15E-01	-2.19E+01	2.52E+01	
group_314	3.82E-01	1.78E-15	3.90E-01	-3.10E-01	3.62E-01	-4.61E-01	7.29E-01	2.56E+00	-3.27E-01	7.01E-01	1.94E+00	6.24E-01	-5.66E-01	8.01E-01	-2.19E+01	2.53E+01	
group_252	3.88E-01	3.36E-05	5.10E-01	-1.18E-01	1.79E-01	-4.72E-01	6.69E-01	2.26E+00	-3.16E-01	7.05E-01	2.01E+00	3.33E-01	-8.57E-01	6.15E-01	-2.19E+01	2.52E+01	
group_51	3.88E-01	3.36E-05	5.10E-01	-1.18E-01	1.79E-01	-4.72E-01	6.69E-01	2.26E+00	-3.16E-01	7.05E-01	2.01E+00	3.33E-01	-8.57E-01	6.15E-01	-2.19E+01	2.52E+01	
group_2307	3.87E-01	4.04E-05	4.89E-01	-1.24E-01	1.79E-01	-4.72E-01	6.71E-01	2.26E+00	-3.16E-01	7.05E-01	2.01E+00	3.33E-01	-8.57E-01	6.20E-01	-2.19E+01	2.52E+01	
group_1596	3.87E-01	4.04E-05	4.89E-01	-1.24E-01	1.79E-01	-4.72E-01	6.71E-01	2.26E+00	-3.16E-01	7.05E-01	2.01E+00	3.33E-01	-8.57E-01	6.20E-01	-2.19E+01	2.52E+01	
group_278	3.87E-01	2.51E-05	5.73E-01	-1.01E-01	1.79E-01	-4.72E-01	6.61E-01	2.26E+00	-3.16E-01	7.05E-01	2.00E+00	3.33E-01	-8.57E-01	6.00E-01	-2.19E+01	2.52E+01	
group_1072	3.72E-01	1.19E-08	3.80E-06	1.01E+00	2.30E-01	-1.47E+00	1.62E+00	2.25E+00	-3.32E-01	6.87E-01	2.88E+00	6.54E-01	-8.38E-01	1.44E+00	-2.09E+01	2.55E+01	
group_1057	3.72E-01	1.19E-08	3.80E-06	1.01E+00	2.30E-01	-1.47E+00	1.62E+00	2.25E+00	-3.32E-01	6.87E-01	2.88E+00	6.54E-01	-8.38E-01	1.44E+00	-2.09E+01	2.55E+01	
group_703	3.78E-01	2.49E-01	7.57E-01	4.19E-02	1.35E-01	-4.76E-01	5.91E-01	2.27E+00	-3.20E-01	7.07E-01	1.94E+00	3.23E-01	-8.57E-01	4.85E-01	-2.19E+01	2.51E+01	
group_1039	3.70E-01	2.76E-08	3.79E-06	9.89E-01	2.25E-01	-1.40E+00	1.56E+00	2.21E+00	-3.75E-01	6.45E-01	2.82E+00	6.01E-01	-8.81E-01	1.38E+00	-2.10E+01	2.63E+01	
pre	3.70E-01	2.76E-08	3.79E-06	9.89E-01	2.25E-01	-1.40E+00	1.56E+00	2.21E+00	-3.75E-01	6.45E-01	2.82E+00	6.01E-01	-8.81E-01	1.38E+00	-2.10E+01	2.63E+01	
repD~~~repE	3.69E-01	3.96E-08	2.44E-06	1.01E+00	2.25E-01	-1.42E+00	1.58E+00	2.20E+00	-3.76E-01	6.44E-01	2.84E+00	6.10E-01	-8.82E-01	1.39E+00	-2.09E+01	2.63E+01	
group_2708	3.72E-01	2.05E-16	1.96E-01	-3.40E-01	2.64E-01	-1.65E-01	5.95E-01	1.96E+00	-2.88E-01	7.07E-01	1.64E+00	2.60E-02	-1.16E+00	4.95E-01	-1.52E+01	2.49E+01	
group_2132	3.72E-01	2.05E-16	1.96E-01	-3.40E-01	2.64E-01	-1.65E-01	5.95E-01	1.96E+00	-2.88E-01	7.07E-01	1.64E+00	2.60E-02	-1.16E+00	4.95E-01	-1.52E+01	2.49E+01	
group_725	3.63E-01	4.64E-18	1.51E-03	-8.92E-01	2.88E-01	-4.42E-01	9.26E-01	3.03E+00	-3.46E-01	6.97E-01	1.92E+00	1.04E+00	4.58E-03	1.37E+00	-2.19E+01	2.55E+01	
group_403	3.64E-01	2.68E-18	1.13E-03	-9.09E-01	2.86E-01	-4.34E-01	9.24E-01	3.04E+00	-3.55E-01	6.89E-01	1.91E+00	1.05E+00	1.37E-02	1.38E+00	-2.19E+01	2.56E+01	
group_2619	3.64E-01	2.68E-18	1.13E-03	-9.09E-01	2.86E-01	-4.34E-01	9.24E-01	3.04E+00	-3.55E-01	6.89E-01	1.91E+00	1.05E+00	1.37E-02	1.38E+00	-2.19E+01	2.56E+01	
group_2129	3.64E-01	2.68E-18	1.13E-03	-9.09E-01	2.86E-01	-4.34E-01	9.24E-01	3.04E+00	-3.55E-01	6.89E-01	1.91E+00	1.05E+00	1.37E-02	1.38E+00	-2.19E+01	2.56E+01	
group_1802	3.64E-01	2.68E-18	1.13E-03	-9.09E-01	2.86E-01	-4.34E-01	9.24E-01	3.04E+00	-3.55E-01	6.89E-01	1.91E+00	1.05E+00	1.37E-02	1.38E+00	-2.19E+01	2.56E+01	
group_259	3.64E-01	2.68E-18	1.13E-03	-9.09E-01	2.86E-01	-4.34E-01	9.24E-01	3.04E+00	-3.55E-01	6.89E-01	1.91E+00	1.05E+00	1.37E-02	1.38E+00	-2.19E+01	2.56E+01	
group_84	3.63E-01	1.76E-18	7.74E-04	-9.32E-01	2.85E-01	-4.33E-01	9.31E-01	3.06E+00	-3.56E-01	6.88E-01	1.91E+00	1.07E+00	3.57E-02	1.39E+00	-2.19E+01	2.56E+01	
group_2860	3.56E-01	2.29E-17	1.00E+00	1.35E+00	1.13E+01	-1.82E+00	1.97E+00	1.93E+00	-3.09E-01	7.17E-01	3.29E+00	3.30E-01	5.26E-01	1.85E+00	-5.82E-01	1.57E+00	high-bse
xerC_4~~~intS~~~xerC_6	3.54E-01	3.03E-10	3.16E-07	1.20E+00	2.49E-01	-1.66E+00	1.81E+00	2.25E+00	-3.35E-01	6.85E-01	3.11E+00	7.17E-01	-8.37E-01	1.62E+00	-2.07E+01	2.54E+01	
group_800	3.57E-01	8.52E-06	3.83E-01	-1.25E-01	1.43E-01	-4.66E-01	7.42E-01	2.31E+00	-2.84E-01	7.01E-01	1.96E+00	4.07E-01	-8.15E-01	5.84E-01	-1.07E+01	2.53E+01	
group_266	3.52E-01	7.57E-10	3.45E-07	1.17E+00	2.43E-01	-1.58E+00	1.73E+00	2.20E+00	-3.83E-01	6.36E-01	3.03E+00	6.54E-01	-8.86E-01	1.54E+00	-2.08E+01	2.62E+01	
group_551	3.51E-01	1.13E-09	2.06E-07	1.19E+00	2.44E-01	-1.60E+00	1.75E+00	2.20E+00	-3.84E-01	6.36E-01	3.05E+00	6.65E-01	-8.86E-01	1.56E+00	-2.08E+01	2.62E+01	
group_2068	3.50E-01	8.40E-10	2.85E-07	1.18E+00	2.43E-01	-1.57E+00	1.73E+00	2.19E+00	-3.93E-01	6.26E-01	3.02E+00	6.45E-01	-8.96E-01	1.54E+00	-2.08E+01	2.64E+01	
group_837	3.49E-01	1.25E-09	3.86E-07	1.15E+00	2.40E-01	-1.55E+00	1.70E+00	2.19E+00	-3.81E-01	6.27E-01	3.00E+00	6.44E-01	-8.95E-01	1.51E+00	-2.08E+01	2.64E+01	
group_386	3.49E-01	1.25E-09	1.70E-07	1.20E+00	2.43E-01	-1.59E+00	1.75E+00	2.19E+00	-3.94E-01	6.25E-01	3.04E+00	6.56E-01	-8.96E-01	1.56E+00	-2.08E+01	2.64E+01	
group_346	3.47E-01	8.79E-16	1.14E-01	9.02E-01	6.01E-01	-1.32E+00	1.47E+00	2.21E+00	-3.71E-01	6.89E-01	2.80E+00	2.89E-01	-8.92E-03	1.36E+00	-2.11E+01	2.59E+01	
group_73	3.47E-01	8.79E-16	1.14E-01	9.02E-01	6.01E-01	-1.32E+00	1.47E+00	2.21E+00	-3.71E-01	6.89E-01	2.80E+00	2.89E-01	-8.92E-03	1.36E+00	-2.11E+01	2.59E+01	
bca	3.40E-01	2.54E-09	7.72E-01	-5.23E-02	1.80E-01	-4.68E-01	6.35E-01	2.27E+00	-2.75E-01	7.07E-01	1.95E+00	3.35E-01	-8.14E-01	5.53E-01	-2.19E+01	2.53E+01	
xerC_3~~~xerC_2~~~xerC_6~~~xerC_1	3.33E-01	4.02E-12	7.48E-01	-5.23E-02	1.63E-01	-4.68E-01	6.71E-01	2.30E+00	-3.04E-01	7.01E-01	1.94E+00	3.66E-01	-8.21E-01	5.40E-01	-1.30E+01	2.52E+01	
group_2487	3.34E-01	1.38E-02	6.64E-01	-8.35E-02	1.92E-01	-4.68E-01	7.04E-01	2.26E+00	-2.44E-01	7.00E-01	1.96E+00	3.30E-01	-8.61E-01	5.77E-01	-2.19E+01	2.53E+01	
group_2300	3.34E-01	1.38E-02	6.64E-01	-8.35E-02	1.92E-01	-4.68E-01	7.04E-01	2.26E+00	-2.44E-01	7.00E-01	1.96E+00	3.30E-01	-8.61E-01	5.77E-01	-2.19E+01	2.53E+01	
group_1996	3.34E-01	1.38E-02	6.64E-01	-8.35E-02	1.92E-01	-4.68E-01	7.04E-01	2.26E+00	-2.44E-01	7.00E-01	1.96E+00	3.30E-01	-8.61E-01	5.77E-01	-2.19E+01	2.53E+01	
group_1585	3.34E-01	1.38E-02	6.64E-01	-8.35E-02	1.92E-01	-4.68E-01	7.04E-01	2.26E+00	-2.44E-01	7.00E-01	1.96E+00	3.30E-01	-8.61E-01	5.77E-01	-2.19E+01	2.53E+01	
group_247	3.33E-01	2.24E-02	9.78E-01	-5.25E-03	1.94E-01	-4.73E-01	6.32E-01	2.26E+00	-3.11E-01	7.04E-01	1.95E+00	3.34E-01	-8.56E-01	5.14E-01	-2.19E+01	2.52E+01	
smc_2~~~smc_3~~~smc_4~~~smc_1	3.33E-01	2.24E-02	8.26E-01	-4.21E-02	1.92E-01	-4.71E-01	6.66E-01	2.26E+00	-2.80E-01	7.02E-01	1.95E+00	3.32E-01	-8.58E-01	5.44E-01	-2.19E+01	2.52E+01	
group_1394	3.28E-01	1.75E-12	8.14E-01	-3.83E-02	1.63E-01	-4.69E-01	6.60E-01	2.26E+00	-3.07E-01	7.02E-01	1.95E+00	3.57E-01	-8.30E-01	5.32E-01	-1.97E+01	2.52E+01	
group_2053	3.29E-01	5.33E-02	7.56E-01	6.20E-02	2.00E-01	-4.74E-01	5.67E-01	2.27E+00	-3.70E-01	7.04E-01	1.94E+00	3.34E-01	-8.55E-01	4.57E-01	-2.19E+01	2.52E+01	
group_3624	3.27E-01	7.93E-32	8.84E-01	-4.26E-02	2.92E-01	-4.73E-01	6.27E-01	2.27E+00	-3.15E-01	7.04E-01	1.98E+00	3.34E-01	-8.56E-01	5.10E-01	-2.19E+01	2.52E+01	
xerC_2~~~xerC_5~~~xerC_3~~~xerC_4~~~xerD~~~xerC_1	3.25E-01	5.50E-03	3.61E-01	1.96E-01	2.16E-01	-6.67E-01	8.21E-01	2.46E+00	-2.98E-01	7.11E-01	2.09E+00	5.23E-01	-8.45E-01	7.01E-01	-2.17E+01	2.52E+01	
group_66	3.16E-01	2.26E-01	5.64E-01	-7.74E-02	1.34E-01	-4.70E-01	6.88E-01	2.26E+00	-3.00E-01	7.05E-01	1.97E+00	3.47E-01	-8.39E-01	5.42E-01	-2.19E+01	2.52E+01	
group_883	3.13E-01	2.19E-04	9.57E-01	-8.03E-03	1.50E-01	-4.73E-01	6.34E-01	2.27E+00	-3.15E-01	7.04E-01	1.95E+00	3.37E-01	-8.53E-01	5.15E-01	-2.17E+01	2.50E+01	
group_46	3.01E-01	1.43E-05	7.67E-01	-4.10E-02	1.38E-01	-4.72E-01	6.60E-01	2.27E+00	-3.05E-01	7.08E-01	1.95E+00	3.54E-01	-8.28E-01	5.28E-01	-1.96E+01	2.52E+01	
group_2044	2.96E-01	6.59E-01	5.50E-01	-1.25E-01	2.09E-01	-4.66E-01	7.43E-01	2.26E+00	-3.20E-01	6.97E-01	1.97E+00	3.28E-01	-8.63E-01	6.18E-01	-2.19E+01	2.53E+01	
group_258	2.96E-01	6.59E-01	5.50E-01	-1.25E-01	2.09E-01	-4.66E-01	7.43E-01	2.26E+00	-3.20E-01	6.97E-01	1.97E+00	3.28E-01	-8.63E-01	6.18E-01	-2.19E+01	2.53E+01	
group_58	2.94E-01	1.24E-04	1.77E-01	3.67E-01	2.72E-01	-5.91E-01	6.27E-01	2.38E+00	-1.97E-01	4.88E-01	2.07E+00	4.33E-01	-7.38E-01	2.63E-01	-2.18E+01	2.37E+01	
deoB_3~~~deoB_2~~~deoB	2.86E-01	5.44E-01	1.72E-01	1.88E-01	1.38E-01	-5.00E-01	6.19E-01	2.24E+00	-4.42E-01	7.27E-01	1.92E+00	3.00E-01	-8.29E-01	4.83E-01	-2.21E+01	2.46E+01	
group_1141	2.87E-01	2.82E-04	5.58E-01	-8.10E-02	1.38E-01	-4.68E-01	6.93E-01	2.29E+00	-2.97E-01	7.04E-01	1.95E+00	3.68E-01	-8.30E-01	5.41E-01	-1.78E+01	2.53E+01	
group_927	2.86E-01	7.40E-01	5.26E-01	-1.25E-01	1.97E-01	-4.66E-01	7.43E-01	2.26E+00	-3.20E-01	6.97E-01	1.97E+00	3.28E-01	-8.63E-01	6.11E-01	-2.19E+01	2.53E+01	
group_2466	2.84E-01	1.28E-04	2.47E-01	-4.71E-01	4.12E-01	-4.64E-01	1.09E+00	2.48E+00	-3.24E-01	1.15E+00	1.94E+00	3.25E-01	-8.65E-01	9.39E-01	-2.19E+01	2.13E+01	
group_417	2.84E-01	2.67E-04	3.49E-01	-3.70E-01	3.99E-01	-4.70E-01	9.94E-01	2.58E+00	-3.19E-01	1.05E+00	1.94E+00	3.30E-01	-8.59E-01	8.51E-01	-2.19E+01	2.18E+01	
group_2186	2.84E-01	7.22E-01	4.44E-01	-1.51E-01	1.97E-01	-4.66E-01	7.68E-01	2.26E+00	-3.19E-01	6.97E-01	1.97E+00	3.27E-01	-8.63E-01	6.33E-01	-2.19E+01	2.53E+01	
group_1827	2.80E-01	9.10E-01	9.56E-01	-1.12E-02	2.05E-01	-4.73E-01	6.38E-01	2.26E+00	-3.15E-01	7.04E-01	1.95E+00	3.34E-01	-8.56E-01	5.19E-01	-2.19E+01	2.52E+01	
group_2615	2.80E-01	6.40E-04	1.45E-01	2.25E-01	1.55E-01	-6.78E-01	7.21E-01	2.47E+00	-1.16E-01	8.90E-01	2.07E+00	5.15E-01	-6.51E-01	6.83E-01	-2.17E+01	2.22E+01	
xerC_6~~~xerC_3~~~xerC_2~~~xerC_5	2.78E-01	4.61E-01	9.84E-01	-4.84E-03	2.38E-01	-4.73E-01	6.32E-01	2.26E+00	-3.15E-01	7.04E-01	1.95E+00	3.34E-01	-8.56E-01	5.14E-01	-2.19E+01	2.52E+01	
tetW~~~tetO~~~tetO~~~tetM_1~~~tetM~~~tetM	2.81E-01	1.90E-03	3.86E-03	-4.47E-01	1.56E-01	-4.61E-01	6.49E-01	2.64E+00	-3.18E-01	7.48E-01	2.17E+00	5.14E-01	-8.32E-01	5.00E-01	-2.19E+01	2.54E+01	
group_824	2.71E-01	1.92E-02	6.07E-02	2.62E-01	1.40E-01	-4.92E-01	4.40E-01	2.28E+00	-3.71E-01	6.41E-01	1.94E+00	2.68E-01	-1.02E+00	4.00E-01	-2.48E+01	3.37E+01	
smc_2~~~smc_1~~~smc_3~~~smc_4	2.77E-01	2.09E-04	9.29E-02	2.58E-01	1.54E-01	-6.98E-01	7.24E-01	2.49E+00	-9.71E-02	9.07E-01	2.08E+00	5.31E-01	-6.31E-01	6.98E-01	-2.17E+01	2.21E+01	
group_193	2.78E-01	8.36E-01	9.44E-01	-1.45E-02	2.06E-01	-4.73E-01	6.42E-01	2.27E+00	-3.15E-01	7.04E-01	1.95E+00	3.34E-01	-8.56E-01	5.22E-01	-2.19E+01	2.52E+01	
group_2119	2.72E-01	1.16E-05	3.63E-01	-1.30E-01	1.43E-01	-4.63E-01	7.32E-01	2.38E+00	-3.00E-01	7.04E-01	1.95E+00	3.87E-01	-8.07E-01	5.60E-01	-2.16E+01	2.53E+01	
group_1032	2.73E-01	5.17E-01	4.24E-01	1.76E-01	2.21E-01	-6.44E-01	7.98E-01	2.44E+00	-1.49E-01	7.07E-01	2.07E+00	5.01E-01	-8.49E-01	6.78E-01	-2.17E+01	2.53E+01	
group_856	2.70E-01	9.78E-07	4.51E-01	-1.18E-01	1.57E-01	-4.67E-01	7.31E-01	2.31E+00	-2.92E-01	7.05E-01	1.95E+00	3.88E-01	-8.56E-01	5.80E-01	-2.19E+01	2.37E+01	
group_758	2.70E-01	7.74E-08	8.69E-01	2.78E-02	1.68E-01	-4.75E-01	6.02E-01	2.27E+00	-3.21E-01	7.05E-01	1.95E+00	3.19E-01	-8.56E-01	4.93E-01	-2.19E+01	2.51E+01	
group_872	2.69E-01	1.59E-03	3.82E-01	-1.23E-01	1.40E-01	-4.68E-01	7.31E-01	2.31E+00	-2.82E-01	7.03E-01	1.96E+00	3.76E-01	-8.13E-01	5.60E-01	-2.19E+01	2.52E+01	
group_705	2.65E-01	4.88E-05	5.66E-02	-2.69E-01	1.41E-01	-4.52E-01	8.35E-01	2.37E+00	-2.78E-01	6.93E-01	1.97E+00	3.86E-01	-6.87E-01	6.14E-01	-2.19E+01	2.55E+01	
ssb_3~~~ssb_1	2.57E-01	2.34E-07	8.79E-01	2.53E-02	1.66E-01	-4.75E-01	6.04E-01	2.27E+00	-3.20E-01	7.05E-01	1.95E+00	3.21E-01	-8.55E-01	4.96E-01	-2.19E+01	2.51E+01	
group_1290	2.55E-01	1.70E-01	4.21E-07	1.06E+00	2.15E-01	-5.18E-01	3.63E-01	1.25E+00	-2.71E-01	7.41E-01	1.99E+00	-9.44E-02	-8.11E-01	-4.12E-01	-2.19E+01	2.45E+01	
group_2878	2.55E-01	2.11E-01	5.15E-01	-8.61E-02	1.32E-01	-4.47E-01	6.19E-01	2.25E+00	-3.13E-01	7.06E-01	1.94E+00	3.26E-01	-8.53E-01	5.02E-01	-1.54E+01	2.57E+01	
group_2877	2.55E-01	2.11E-01	5.15E-01	-8.61E-02	1.32E-01	-4.47E-01	6.19E-01	2.25E+00	-3.13E-01	7.06E-01	1.94E+00	3.26E-01	-8.53E-01	5.02E-01	-1.54E+01	2.57E+01	
group_2876	2.55E-01	2.11E-01	5.15E-01	-8.61E-02	1.32E-01	-4.47E-01	6.19E-01	2.25E+00	-3.13E-01	7.06E-01	1.94E+00	3.26E-01	-8.53E-01	5.02E-01	-1.54E+01	2.57E+01	
group_2875	2.55E-01	2.11E-01	5.15E-01	-8.61E-02	1.32E-01	-4.47E-01	6.19E-01	2.25E+00	-3.13E-01	7.06E-01	1.94E+00	3.26E-01	-8.53E-01	5.02E-01	-1.54E+01	2.57E+01	
group_2874	2.55E-01	2.11E-01	5.15E-01	-8.61E-02	1.32E-01	-4.47E-01	6.19E-01	2.25E+00	-3.13E-01	7.06E-01	1.94E+00	3.26E-01	-8.53E-01	5.02E-01	-1.54E+01	2.57E+01	
group_2873	2.55E-01	2.11E-01	5.15E-01	-8.61E-02	1.32E-01	-4.47E-01	6.19E-01	2.25E+00	-3.13E-01	7.06E-01	1.94E+00	3.26E-01	-8.53E-01	5.02E-01	-1.54E+01	2.57E+01	
group_2872	2.55E-01	2.11E-01	5.15E-01	-8.61E-02	1.32E-01	-4.47E-01	6.19E-01	2.25E+00	-3.13E-01	7.06E-01	1.94E+00	3.26E-01	-8.53E-01	5.02E-01	-1.54E+01	2.57E+01	
group_614	2.52E-01	1.64E-04	6.61E-01	-6.83E-02	1.56E-01	-4.71E-01	6.88E-01	2.26E+00	-3.02E-01	7.10E-01	1.95E+00	3.53E-01	-8.55E-01	5.52E-01	-1.64E+01	2.41E+01	
group_2822	2.49E-01	5.12E-08	9.80E-02	-2.36E-01	1.42E-01	-4.57E-01	8.06E-01	2.25E+00	-2.66E-01	7.32E-01	1.95E+00	4.04E-01	-7.77E-01	6.07E-01	-2.19E+01	2.54E+01	
group_1404	2.49E-01	5.12E-08	9.80E-02	-2.36E-01	1.42E-01	-4.57E-01	8.06E-01	2.25E+00	-2.66E-01	7.32E-01	1.95E+00	4.04E-01	-7.77E-01	6.07E-01	-2.19E+01	2.54E+01	
group_697	2.51E-01	1.04E-01	3.10E-02	2.25E-01	8.44E+00	-4.75E-01	6.22E-01	1.91E+00	-5.05E-01	4.91E-01	1.88E+00	3.28E-01	-8.25E-01	5.02E-01	-1.92E+00	1.35E+00	matrix-inversion-error
cbiO~~~ykoD_4~~~btuD_6~~~ecfA1_1~~~ykoD_3~~~ykoD_2	2.46E-01	8.81E-08	3.71E-01	5.83E-01	6.51E-01	-4.73E-01	1.34E-01	2.27E+00	-3.39E-01	7.04E-01	1.95E+00	3.34E-01	-1.44E+00	-7.32E-02	-2.19E+01	2.52E+01	
group_2464	2.46E-01	8.81E-08	3.71E-01	5.83E-01	6.51E-01	-4.73E-01	1.34E-01	2.27E+00	-3.39E-01	7.04E-01	1.95E+00	3.34E-01	-1.44E+00	-7.32E-02	-2.19E+01	2.52E+01	
group_2345	2.46E-01	8.81E-08	3.71E-01	5.83E-01	6.51E-01	-4.73E-01	1.34E-01	2.27E+00	-3.39E-01	7.04E-01	1.95E+00	3.34E-01	-1.44E+00	-7.32E-02	-2.19E+01	2.52E+01	
btuD_2	2.46E-01	8.81E-08	3.71E-01	5.83E-01	6.51E-01	-4.73E-01	1.34E-01	2.27E+00	-3.39E-01	7.04E-01	1.95E+00	3.34E-01	-1.44E+00	-7.32E-02	-2.19E+01	2.52E+01	
group_1917	2.46E-01	8.81E-08	3.71E-01	5.83E-01	6.51E-01	-4.73E-01	1.34E-01	2.27E+00	-3.39E-01	7.04E-01	1.95E+00	3.34E-01	-1.44E+00	-7.32E-02	-2.19E+01	2.52E+01	
mntR	2.46E-01	8.81E-08	3.71E-01	5.83E-01	6.51E-01	-4.73E-01	1.34E-01	2.27E+00	-3.39E-01	7.04E-01	1.95E+00	3.34E-01	-1.44E+00	-7.32E-02	-2.19E+01	2.52E+01	
group_1656	2.46E-01	8.81E-08	3.71E-01	5.83E-01	6.51E-01	-4.73E-01	1.34E-01	2.27E+00	-3.39E-01	7.04E-01	1.95E+00	3.34E-01	-1.44E+00	-7.32E-02	-2.19E+01	2.52E+01	
ncsB2	2.46E-01	8.81E-08	3.71E-01	5.83E-01	6.51E-01	-4.73E-01	1.34E-01	2.27E+00	-3.39E-01	7.04E-01	1.95E+00	3.34E-01	-1.44E+00	-7.32E-02	-2.19E+01	2.52E+01	
group_775	2.46E-01	8.81E-08	3.71E-01	5.83E-01	6.51E-01	-4.73E-01	1.34E-01	2.27E+00	-3.39E-01	7.04E-01	1.95E+00	3.34E-01	-1.44E+00	-7.32E-02	-2.19E+01	2.52E+01	
group_774	2.48E-01	1.20E-01	3.17E-02	2.25E-01	8.40E+00	-4.75E-01	6.22E-01	1.91E+00	-5.05E-01	4.91E-01	1.88E+00	3.29E-01	-8.25E-01	5.02E-01	-1.92E+00	1.35E+00	matrix-inversion-error
msbA~~~btuD_3	2.46E-01	8.81E-08	3.71E-01	5.83E-01	6.51E-01	-4.73E-01	1.34E-01	2.27E+00	-3.39E-01	7.04E-01	1.95E+00	3.34E-01	-1.44E+00	-7.32E-02	-2.19E+01	2.52E+01	
group_2072	2.47E-01	7.94E-02	2.95E-02	2.37E-01	8.37E+00	-4.71E-01	6.17E-01	1.90E+00	-5.11E-01	4.74E-01	1.88E+00	3.25E-01	-8.41E-01	4.98E-01	-1.93E+00	1.33E+00	matrix-inversion-error
group_268	2.47E-01	7.94E-02	2.95E-02	2.37E-01	8.37E+00	-4.71E-01	6.17E-01	1.90E+00	-5.11E-01	4.74E-01	1.88E+00	3.25E-01	-8.41E-01	4.98E-01	-1.93E+00	1.33E+00	matrix-inversion-error
group_3623	2.43E-01	7.55E-21	6.95E-01	-8.67E-02	2.22E-01	-4.73E-01	6.27E-01	2.27E+00	-3.15E-01	7.04E-01	2.00E+00	3.34E-01	-8.56E-01	5.10E-01	-2.19E+01	2.52E+01	
group_1231	2.44E-01	2.31E-03	4.12E-01	-1.19E-01	1.45E-01	-4.70E-01	7.30E-01	2.31E+00	-2.85E-01	7.05E-01	1.96E+00	3.71E-01	-8.43E-01	5.60E-01	-1.64E+01	2.52E+01	
group_1219	2.41E-01	8.26E-08	1.20E-01	-2.66E-01	1.70E-01	-4.37E-01	5.91E-01	2.49E+00	-9.64E-02	7.01E-01	1.94E+00	4.76E-01	-8.87E-01	4.98E-01	-2.97E+01	2.58E+01	
group_1217	2.40E-01	1.21E-07	1.41E-01	-2.51E-01	1.70E-01	-4.39E-01	5.93E-01	2.48E+00	-1.08E-01	7.01E-01	1.94E+00	4.67E-01	-8.85E-01	4.99E-01	-1.94E+01	2.58E+01	
group_676	2.42E-01	2.66E-04	6.69E-01	-6.81E-02	1.59E-01	-4.71E-01	6.86E-01	2.26E+00	-3.02E-01	7.10E-01	1.95E+00	3.49E-01	-8.55E-01	5.53E-01	-4.77E+01	2.41E+01	
group_664	2.40E-01	2.78E-03	5.66E-01	8.37E-02	1.46E-01	-4.79E-01	5.64E-01	2.20E+00	-3.32E-01	6.99E-01	1.95E+00	3.15E-01	-8.85E-01	4.75E-01	-2.19E+01	2.67E+01	
group_2221	2.40E-01	8.82E-03	6.83E-01	-5.98E-02	1.46E-01	-4.71E-01	6.78E-01	2.29E+00	-3.01E-01	7.04E-01	1.95E+00	3.52E-01	-8.53E-01	5.34E-01	-2.06E+01	2.52E+01	
group_1395	2.36E-01	8.47E-03	1.64E-02	3.98E-01	1.66E-01	-4.86E-01	2.88E-01	1.94E+00	-3.76E-01	7.17E-01	1.96E+00	1.76E-01	-8.94E-01	2.73E-01	-1.92E+01	2.50E+01	
xerC_4~~~intQ~~~xerC_5~~~xerC_6	2.35E-01	1.89E-22	1.48E-01	2.93E-01	2.02E-01	-4.85E-01	6.40E-01	2.03E+00	-3.03E-01	7.17E-01	1.80E+00	3.38E-01	-8.51E-01	5.22E-01	-2.19E+01	2.48E+01	
group_1433	2.32E-01	1.71E-08	8.51E-01	2.92E-02	1.55E-01	-4.76E-01	6.05E-01	2.27E+00	-3.21E-01	7.06E-01	1.95E+00	3.25E-01	-8.76E-01	4.99E-01	-2.05E+01	2.51E+01	
group_250	2.36E-01	3.92E-01	9.55E-01	-1.01E-02	1.80E-01	-4.73E-01	6.27E-01	2.27E+00	-3.06E-01	7.12E-01	1.95E+00	3.34E-01	-8.55E-01	5.10E-01	-2.19E+01	2.48E+01	
group_1392	2.34E-01	3.13E-06	6.37E-01	-7.21E-02	1.53E-01	-4.73E-01	6.32E-01	2.26E+00	-3.15E-01	7.04E-01	1.98E+00	3.46E-01	-8.57E-01	5.24E-01	-2.19E+01	2.52E+01	
group_2528	2.34E-01	8.99E-08	9.50E-01	-1.16E-02	1.87E-01	-4.66E-01	6.24E-01	2.26E+00	-3.21E-01	6.99E-01	1.94E+00	3.28E-01	-8.63E-01	5.12E-01	-2.19E+01	2.52E+01	
group_608	2.31E-01	7.69E-01	6.46E-01	-9.56E-02	2.07E-01	-4.69E-01	6.28E-01	2.36E+00	-3.19E-01	7.00E-01	1.96E+00	4.13E-01	-8.61E-01	5.05E-01	-2.19E+01	2.53E+01	
group_781	2.30E-01	1.58E-06	2.33E-01	-1.80E-01	1.51E-01	-4.63E-01	7.76E-01	2.28E+00	-2.84E-01	7.00E-01	1.95E+00	3.82E-01	-7.89E-01	5.85E-01	-2.19E+01	2.53E+01	
xerC_1~~~xerD~~~xerC_5~~~xerC_2~~~IntTn_2~~~IntTn_3	2.28E-01	3.44E-18	6.14E-05	-8.09E-01	8.74E+00	2.29E-01	-6.25E-02	1.24E+00	-1.01E+00	7.96E-01	1.24E+00	-9.35E-02	-7.10E-01	-1.44E-01	-2.51E+00	8.70E-01	matrix-inversion-error
group_1366	2.28E-01	8.34E-01	9.62E-01	1.03E-02	2.16E-01	-4.73E-01	6.27E-01	2.25E+00	-3.15E-01	7.04E-01	1.95E+00	3.25E-01	-8.56E-01	5.10E-01	-2.19E+01	2.52E+01	
group_1029	2.28E-01	6.17E-18	6.13E-05	-8.10E-01	8.74E+00	2.29E-01	-6.28E-02	1.24E+00	-1.01E+00	7.96E-01	1.24E+00	-9.37E-02	-7.10E-01	-1.45E-01	-2.63E+00	8.69E-01	matrix-inversion-error
group_885	2.28E-01	8.34E-01	9.62E-01	1.03E-02	2.16E-01	-4.73E-01	6.27E-01	2.25E+00	-3.15E-01	7.04E-01	1.95E+00	3.25E-01	-8.56E-01	5.10E-01	-2.19E+01	2.52E+01	
group_352	2.29E-01	4.36E-08	1.91E-01	1.98E-01	1.52E-01	-4.90E-01	5.53E-01	2.28E+00	-3.14E-01	7.02E-01	1.89E+00	3.26E-01	-8.40E-01	4.98E-01	-1.82E+01	2.48E+01	
group_2009	2.28E-01	1.13E-07	3.58E-01	1.40E-01	1.53E-01	-4.92E-01	5.76E-01	2.28E+00	-3.00E-01	7.11E-01	1.91E+00	3.37E-01	-8.37E-01	5.08E-01	-2.19E+01	2.48E+01	
group_597	2.29E-01	4.81E-09	2.39E-01	1.81E-01	1.55E-01	-4.84E-01	5.48E-01	2.12E+00	-3.09E-01	7.00E-01	1.89E+00	3.24E-01	-8.45E-01	4.95E-01	-2.19E+01	2.49E+01	
group_219	2.29E-01	4.81E-09	2.39E-01	1.81E-01	1.55E-01	-4.84E-01	5.48E-01	2.12E+00	-3.09E-01	7.00E-01	1.89E+00	3.24E-01	-8.45E-01	4.95E-01	-2.19E+01	2.49E+01	
group_2631	2.27E-01	9.26E-08	3.65E-01	1.39E-01	1.53E-01	-4.90E-01	5.75E-01	2.28E+00	-3.02E-01	7.09E-01	1.91E+00	3.36E-01	-8.39E-01	5.08E-01	-2.19E+01	2.48E+01	
group_2022	2.28E-01	8.19E-09	2.83E-01	1.66E-01	1.55E-01	-4.84E-01	5.55E-01	2.13E+00	-3.09E-01	7.00E-01	1.90E+00	3.25E-01	-8.46E-01	4.97E-01	-2.19E+01	2.49E+01	
group_1664	2.28E-01	8.19E-09	2.83E-01	1.66E-01	1.55E-01	-4.84E-01	5.55E-01	2.13E+00	-3.09E-01	7.00E-01	1.90E+00	3.25E-01	-8.46E-01	4.97E-01	-2.19E+01	2.49E+01	
group_426	2.27E-01	9.26E-08	3.65E-01	1.39E-01	1.53E-01	-4.90E-01	5.75E-01	2.28E+00	-3.02E-01	7.09E-01	1.91E+00	3.36E-01	-8.39E-01	5.08E-01	-2.19E+01	2.48E+01	
group_419	2.27E-01	9.26E-08	3.68E-01	1.38E-01	1.53E-01	-4.90E-01	5.76E-01	2.28E+00	-3.02E-01	7.09E-01	1.91E+00	3.36E-01	-8.39E-01	5.07E-01	-2.19E+01	2.48E+01	
group_144	2.28E-01	8.19E-09	2.83E-01	1.66E-01	1.55E-01	-4.84E-01	5.55E-01	2.13E+00	-3.09E-01	7.00E-01	1.90E+00	3.25E-01	-8.46E-01	4.97E-01	-2.19E+01	2.49E+01	
group_2399	2.24E-01	1.16E-21	4.11E-01	1.76E-01	2.14E-01	-4.73E-01	6.27E-01	2.27E+00	-3.15E-01	7.04E-01	1.85E+00	3.34E-01	-8.56E-01	5.10E-01	-2.19E+01	2.52E+01	
group_2281	2.24E-01	1.16E-21	4.11E-01	1.76E-01	2.14E-01	-4.73E-01	6.27E-01	2.27E+00	-3.15E-01	7.04E-01	1.85E+00	3.34E-01	-8.56E-01	5.10E-01	-2.19E+01	2.52E+01	
group_2212	2.27E-01	4.58E-08	2.97E-01	1.60E-01	1.54E-01	-4.95E-01	5.69E-01	2.29E+00	-2.96E-01	7.12E-01	1.91E+00	3.38E-01	-8.35E-01	5.08E-01	-2.19E+01	2.47E+01	
group_2061	2.24E-01	1.16E-21	4.11E-01	1.76E-01	2.14E-01	-4.73E-01	6.27E-01	2.27E+00	-3.15E-01	7.04E-01	1.85E+00	3.34E-01	-8.56E-01	5.10E-01	-2.19E+01	2.52E+01	
group_367	2.24E-01	1.16E-21	4.11E-01	1.76E-01	2.14E-01	-4.73E-01	6.27E-01	2.27E+00	-3.15E-01	7.04E-01	1.85E+00	3.34E-01	-8.56E-01	5.10E-01	-2.19E+01	2.52E+01	
group_361	2.24E-01	1.16E-21	4.11E-01	1.76E-01	2.14E-01	-4.73E-01	6.27E-01	2.27E+00	-3.15E-01	7.04E-01	1.85E+00	3.34E-01	-8.56E-01	5.10E-01	-2.19E+01	2.52E+01	
group_2871	2.24E-01	9.32E-05	1.00E+00	-2.65E+00		-4.73E-01	3.28E+00	2.27E+00	-3.15E-01	7.04E-01	1.95E+00	3.34E-01	-8.56E-01	3.16E+00	-9.10E+00	2.52E+01	
group_2866	2.24E-01	9.32E-05	1.00E+00	-2.65E+00		-4.73E-01	3.28E+00	2.27E+00	-3.15E-01	7.04E-01	1.95E+00	3.34E-01	-8.56E-01	3.16E+00	-9.10E+00	2.52E+01	
group_2301	2.24E-01	1.16E-21	4.11E-01	1.76E-01	2.14E-01	-4.73E-01	6.27E-01	2.27E+00	-3.15E-01	7.04E-01	1.85E+00	3.34E-01	-8.56E-01	5.10E-01	-2.19E+01	2.52E+01	
group_1586	2.24E-01	1.16E-21	4.11E-01	1.76E-01	2.14E-01	-4.73E-01	6.27E-01	2.27E+00	-3.15E-01	7.04E-01	1.85E+00	3.34E-01	-8.56E-01	5.10E-01	-2.19E+01	2.52E+01	
group_4	2.24E-01	1.16E-21	4.11E-01	1.76E-01	2.14E-01	-4.73E-01	6.27E-01	2.27E+00	-3.15E-01	7.04E-01	1.85E+00	3.34E-01	-8.56E-01	5.10E-01	-2.19E+01	2.52E+01	
group_2311	2.24E-01	8.96E-09	2.32E-01	1.85E-01	1.56E-01	-4.85E-01	5.47E-01	2.28E+00	-3.09E-01	7.00E-01	1.89E+00	3.25E-01	-8.44E-01	4.95E-01	-2.19E+01	2.49E+01	
group_2211	2.24E-01	8.96E-09	2.37E-01	1.84E-01	1.56E-01	-4.87E-01	5.49E-01	2.28E+00	-3.04E-01	7.02E-01	1.89E+00	3.27E-01	-8.43E-01	4.97E-01	-2.19E+01	2.49E+01	
group_711	2.24E-01	8.96E-09	2.32E-01	1.85E-01	1.56E-01	-4.85E-01	5.47E-01	2.28E+00	-3.09E-01	7.00E-01	1.89E+00	3.25E-01	-8.44E-01	4.95E-01	-2.19E+01	2.49E+01	
group_334	2.24E-01	8.96E-09	2.32E-01	1.85E-01	1.56E-01	-4.85E-01	5.47E-01	2.28E+00	-3.09E-01	7.00E-01	1.89E+00	3.25E-01	-8.44E-01	4.95E-01	-2.19E+01	2.49E+01	
group_65	2.23E-01	2.42E-03	6.77E-01	-6.83E-02	1.64E-01	-4.71E-01	6.25E-01	2.29E+00	-2.82E-01	7.12E-01	1.97E+00	3.34E-01	-8.31E-01	5.12E-01	-2.45E+01	2.52E+01	
group_2740	2.23E-01	1.17E-08	2.65E-01	1.73E-01	1.56E-01	-4.84E-01	5.52E-01	2.28E+00	-3.09E-01	7.00E-01	1.89E+00	3.26E-01	-8.45E-01	4.96E-01	-2.19E+01	2.49E+01	
group_2739	2.23E-01	1.17E-08	2.65E-01	1.73E-01	1.56E-01	-4.84E-01	5.52E-01	2.28E+00	-3.09E-01	7.00E-01	1.89E+00	3.26E-01	-8.45E-01	4.96E-01	-2.19E+01	2.49E+01	
group_2010	2.23E-01	5.49E-09	2.13E-01	1.94E-01	1.56E-01	-4.85E-01	5.43E-01	2.28E+00	-3.06E-01	6.99E-01	1.89E+00	3.25E-01	-8.44E-01	4.94E-01	-2.19E+01	2.49E+01	
group_1942	2.23E-01	1.17E-08	2.65E-01	1.73E-01	1.56E-01	-4.84E-01	5.52E-01	2.28E+00	-3.09E-01	7.00E-01	1.89E+00	3.26E-01	-8.45E-01	4.96E-01	-2.19E+01	2.49E+01	
group_1631	2.23E-01	1.17E-08	2.65E-01	1.73E-01	1.56E-01	-4.84E-01	5.52E-01	2.28E+00	-3.09E-01	7.00E-01	1.89E+00	3.26E-01	-8.45E-01	4.96E-01	-2.19E+01	2.49E+01	
group_1630	2.23E-01	1.17E-08	2.65E-01	1.73E-01	1.56E-01	-4.84E-01	5.52E-01	2.28E+00	-3.09E-01	7.00E-01	1.89E+00	3.26E-01	-8.45E-01	4.96E-01	-2.19E+01	2.49E+01	
group_1442	2.23E-01	1.17E-08	2.65E-01	1.73E-01	1.56E-01	-4.84E-01	5.52E-01	2.28E+00	-3.09E-01	7.00E-01	1.89E+00	3.26E-01	-8.45E-01	4.96E-01	-2.19E+01	2.49E+01	
group_1028	2.20E-01	4.59E-03	6.05E-01	1.44E-01	2.82E-01	-6.15E-01	7.69E-01	2.41E+00	-1.74E-01	7.09E-01	2.07E+00	4.74E-01	-8.49E-01	6.51E-01	-2.18E+01	2.52E+01	
group_749	2.23E-01	1.17E-08	2.65E-01	1.73E-01	1.56E-01	-4.84E-01	5.52E-01	2.28E+00	-3.09E-01	7.00E-01	1.89E+00	3.26E-01	-8.45E-01	4.96E-01	-2.19E+01	2.49E+01	
group_735	2.19E-01	9.11E-05	7.31E-04	6.48E-01	1.95E-01	-5.14E-01	6.57E-01	2.31E+00	-9.01E-01	2.72E-01	1.96E+00	1.94E-01	-1.46E+00	4.96E-01	-2.19E+01	2.45E+01	
group_643	2.23E-01	1.17E-08	2.65E-01	1.73E-01	1.56E-01	-4.84E-01	5.52E-01	2.28E+00	-3.09E-01	7.00E-01	1.89E+00	3.26E-01	-8.45E-01	4.96E-01	-2.19E+01	2.49E+01	
group_526	2.23E-01	1.17E-08	2.65E-01	1.73E-01	1.56E-01	-4.84E-01	5.52E-01	2.28E+00	-3.09E-01	7.00E-01	1.89E+00	3.26E-01	-8.45E-01	4.96E-01	-2.19E+01	2.49E+01	
group_525	2.23E-01	1.17E-08	2.65E-01	1.73E-01	1.56E-01	-4.84E-01	5.52E-01	2.28E+00	-3.09E-01	7.00E-01	1.89E+00	3.26E-01	-8.45E-01	4.96E-01	-2.19E+01	2.49E+01	
group_524	2.23E-01	1.17E-08	2.65E-01	1.73E-01	1.56E-01	-4.84E-01	5.52E-01	2.28E+00	-3.09E-01	7.00E-01	1.89E+00	3.26E-01	-8.45E-01	4.96E-01	-2.19E+01	2.49E+01	
group_523	2.23E-01	1.17E-08	2.65E-01	1.73E-01	1.56E-01	-4.84E-01	5.52E-01	2.28E+00	-3.09E-01	7.00E-01	1.89E+00	3.26E-01	-8.45E-01	4.96E-01	-2.19E+01	2.49E+01	
group_467	2.23E-01	1.17E-08	2.65E-01	1.73E-01	1.56E-01	-4.84E-01	5.52E-01	2.28E+00	-3.09E-01	7.00E-01	1.89E+00	3.26E-01	-8.45E-01	4.96E-01	-2.19E+01	2.49E+01	
group_462	2.23E-01	1.17E-08	2.65E-01	1.73E-01	1.56E-01	-4.84E-01	5.52E-01	2.28E+00	-3.09E-01	7.00E-01	1.89E+00	3.26E-01	-8.45E-01	4.96E-01	-2.19E+01	2.49E+01	
group_457	2.23E-01	1.17E-08	2.65E-01	1.73E-01	1.56E-01	-4.84E-01	5.52E-01	2.28E+00	-3.09E-01	7.00E-01	1.89E+00	3.26E-01	-8.45E-01	4.96E-01	-2.19E+01	2.49E+01	
group_453	2.23E-01	1.17E-08	2.65E-01	1.73E-01	1.56E-01	-4.84E-01	5.52E-01	2.28E+00	-3.09E-01	7.00E-01	1.89E+00	3.26E-01	-8.45E-01	4.96E-01	-2.19E+01	2.49E+01	
group_370	2.23E-01	5.49E-09	2.13E-01	1.94E-01	1.56E-01	-4.85E-01	5.43E-01	2.28E+00	-3.06E-01	6.99E-01	1.89E+00	3.25E-01	-8.44E-01	4.94E-01	-2.19E+01	2.49E+01	
group_166	2.23E-01	1.17E-08	2.65E-01	1.73E-01	1.56E-01	-4.84E-01	5.52E-01	2.28E+00	-3.09E-01	7.00E-01	1.89E+00	3.26E-01	-8.45E-01	4.96E-01	-2.19E+01	2.49E+01	
group_2642	2.22E-01	7.17E-09	2.38E-01	1.84E-01	1.56E-01	-4.85E-01	5.47E-01	2.28E+00	-3.06E-01	7.01E-01	1.89E+00	3.25E-01	-8.44E-01	4.95E-01	-2.19E+01	2.49E+01	
group_2591	2.22E-01	3.33E-09	1.94E-01	2.03E-01	1.57E-01	-4.86E-01	5.39E-01	2.28E+00	-3.03E-01	6.99E-01	1.89E+00	3.24E-01	-8.43E-01	4.94E-01	-2.19E+01	2.49E+01	
rhaR_1	2.22E-01	1.52E-08	3.01E-01	1.61E-01	1.56E-01	-4.83E-01	5.57E-01	2.27E+00	-3.09E-01	7.00E-01	1.90E+00	3.28E-01	-8.46E-01	4.97E-01	-2.19E+01	2.49E+01	
group_1004	2.22E-01	1.52E-08	2.92E-01	1.64E-01	1.56E-01	-4.83E-01	5.56E-01	2.28E+00	-3.09E-01	7.02E-01	1.90E+00	3.26E-01	-8.46E-01	4.97E-01	-2.19E+01	2.49E+01	
group_838	2.18E-01	1.23E-04	5.30E-04	6.68E-01	1.96E-01	-5.09E-01	6.51E-01	2.30E+00	-9.26E-01	2.52E-01	1.96E+00	1.82E-01	-1.49E+00	4.88E-01	-2.19E+01	2.46E+01	
group_312	2.22E-01	3.33E-09	1.94E-01	2.03E-01	1.57E-01	-4.86E-01	5.39E-01	2.28E+00	-3.03E-01	6.99E-01	1.89E+00	3.24E-01	-8.43E-01	4.94E-01	-2.19E+01	2.49E+01	
group_238	2.22E-01	7.17E-09	2.23E-01	1.90E-01	1.56E-01	-4.85E-01	5.45E-01	2.28E+00	-3.06E-01	7.00E-01	1.89E+00	3.25E-01	-8.44E-01	4.95E-01	-2.19E+01	2.49E+01	
hhaIM	2.22E-01	7.17E-09	2.38E-01	1.84E-01	1.56E-01	-4.85E-01	5.47E-01	2.28E+00	-3.06E-01	7.01E-01	1.89E+00	3.25E-01	-8.44E-01	4.95E-01	-2.19E+01	2.49E+01	
clpP_3~~~clpP_2	2.22E-01	4.37E-09	2.04E-01	1.98E-01	1.57E-01	-4.86E-01	5.41E-01	2.28E+00	-3.03E-01	6.99E-01	1.89E+00	3.25E-01	-8.44E-01	4.94E-01	-2.19E+01	2.49E+01	
group_2213	2.22E-01	4.37E-09	2.04E-01	1.98E-01	1.57E-01	-4.86E-01	5.41E-01	2.28E+00	-3.03E-01	6.99E-01	1.89E+00	3.25E-01	-8.44E-01	4.94E-01	-2.19E+01	2.49E+01	
group_1398	2.22E-01	4.37E-09	2.04E-01	1.98E-01	1.57E-01	-4.86E-01	5.41E-01	2.28E+00	-3.03E-01	6.99E-01	1.89E+00	3.25E-01	-8.44E-01	4.94E-01	-2.19E+01	2.49E+01	
topB~~~topB_2~~~topB_3~~~topB_1	2.18E-01	4.18E-05	2.23E-03	5.87E-01	1.95E-01	-4.98E-01	6.41E-01	2.29E+00	-8.58E-01	3.00E-01	1.95E+00	1.94E-01	-1.42E+00	4.82E-01	-2.19E+01	2.47E+01	
group_191	2.22E-01	4.37E-09	2.04E-01	1.98E-01	1.57E-01	-4.86E-01	5.41E-01	2.28E+00	-3.03E-01	6.99E-01	1.89E+00	3.25E-01	-8.44E-01	4.94E-01	-2.19E+01	2.49E+01	
group_2811	2.18E-01	3.28E-05	5.93E-01	8.43E-02	1.58E-01	-4.80E-01	5.63E-01	2.20E+00	-3.26E-01	7.11E-01	1.95E+00	3.11E-01	-8.85E-01	4.74E-01	-2.19E+01	2.50E+01	
group_1085	2.18E-01	5.70E-05	1.54E-03	6.11E-01	1.96E-01	-4.99E-01	6.42E-01	2.29E+00	-8.80E-01	2.84E-01	1.95E+00	1.89E-01	-1.44E+00	4.84E-01	-2.19E+01	2.47E+01	
group_1079	2.18E-01	5.70E-05	1.54E-03	6.11E-01	1.96E-01	-4.99E-01	6.42E-01	2.29E+00	-8.80E-01	2.84E-01	1.95E+00	1.89E-01	-1.44E+00	4.84E-01	-2.19E+01	2.47E+01	
metK_1~~~metK_3~~~metK_2	2.21E-01	2.56E-08	2.80E-01	1.68E-01	1.56E-01	-4.84E-01	5.54E-01	2.28E+00	-3.09E-01	7.00E-01	1.90E+00	3.26E-01	-8.46E-01	4.96E-01	-2.19E+01	2.49E+01	
group_1021	2.18E-01	5.70E-05	1.54E-03	6.11E-01	1.96E-01	-4.99E-01	6.42E-01	2.29E+00	-8.80E-01	2.84E-01	1.95E+00	1.89E-01	-1.44E+00	4.84E-01	-2.19E+01	2.47E+01	
group_962	2.18E-01	3.28E-05	5.93E-01	8.43E-02	1.58E-01	-4.80E-01	5.63E-01	2.20E+00	-3.26E-01	7.11E-01	1.95E+00	3.11E-01	-8.85E-01	4.74E-01	-2.19E+01	2.50E+01	
group_828	2.21E-01	2.56E-08	2.80E-01	1.68E-01	1.56E-01	-4.84E-01	5.54E-01	2.28E+00	-3.09E-01	7.00E-01	1.90E+00	3.26E-01	-8.46E-01	4.96E-01	-2.19E+01	2.49E+01	
group_710	2.21E-01	2.56E-08	2.80E-01	1.68E-01	1.56E-01	-4.84E-01	5.54E-01	2.28E+00	-3.09E-01	7.00E-01	1.90E+00	3.26E-01	-8.46E-01	4.96E-01	-2.19E+01	2.49E+01	
group_1205	2.16E-01	6.48E-03	6.77E-01	-7.54E-02	1.81E-01	-4.63E-01	6.17E-01	2.33E+00	-3.18E-01	7.03E-01	1.95E+00	3.85E-01	-8.65E-01	5.06E-01	-1.83E+01	2.54E+01	
group_1142	2.15E-01	1.56E-03	8.00E-02	2.68E-01	1.54E-01	-4.84E-01	4.06E-01	2.17E+00	-3.80E-01	6.73E-01	1.95E+00	2.57E-01	-9.49E-01	4.00E-01	-2.03E+01	2.50E+01	
group_1012	2.16E-01	1.76E-04	4.51E-04	6.86E-01	2.00E-01	-4.95E-01	6.37E-01	2.29E+00	-9.58E-01	2.25E-01	1.94E+00	1.64E-01	-1.52E+00	4.78E-01	-2.19E+01	2.48E+01	
group_839	2.17E-01	7.73E-05	1.08E-03	6.30E-01	1.96E-01	-5.00E-01	6.42E-01	2.29E+00	-8.98E-01	2.77E-01	1.95E+00	1.84E-01	-1.46E+00	4.83E-01	-2.19E+01	2.47E+01	
group_2850	2.19E-01	6.71E-04	3.58E-01	1.66E+00	9.01E+00	-4.68E-01	-1.04E+00	1.93E+00	-3.09E-01	6.97E-01	1.94E+00	3.30E-01	-8.21E-01	-1.14E+00	-1.93E+00	1.57E+00	high-bse
group_2694	2.20E-01	4.55E-09	1.73E-01	2.13E-01	1.57E-01	-4.86E-01	5.34E-01	2.28E+00	-3.05E-01	6.99E-01	1.88E+00	3.25E-01	-8.43E-01	4.93E-01	-2.19E+01	2.49E+01	
group_2131	2.20E-01	2.06E-08	3.06E-01	1.60E-01	1.56E-01	-4.83E-01	5.61E-01	2.27E+00	-3.07E-01	7.02E-01	1.90E+00	3.26E-01	-8.46E-01	4.97E-01	-2.19E+01	2.49E+01	
group_1206	2.15E-01	8.09E-03	7.40E-01	-5.99E-02	1.80E-01	-4.65E-01	6.19E-01	2.32E+00	-3.18E-01	7.03E-01	1.95E+00	3.74E-01	-8.63E-01	5.07E-01	-1.66E+01	2.53E+01	
group_1698	2.19E-01	1.27E-08	2.22E-01	1.90E-01	1.56E-01	-4.85E-01	5.52E-01	2.28E+00	-3.08E-01	7.00E-01	1.89E+00	3.25E-01	-8.44E-01	4.95E-01	-2.19E+01	2.49E+01	
ssp5~~~ssp5_1~~~ssp5_2	2.14E-01	5.67E-12	5.07E-02	-3.67E-01	1.87E-01	-4.27E-01	5.81E-01	2.59E+00	-4.43E-03	7.01E-01	1.92E+00	5.34E-01	-8.94E-01	4.99E-01	-3.50E+01	2.59E+01	
group_655	2.18E-01	1.65E-08	2.54E-01	1.78E-01	1.56E-01	-4.84E-01	5.57E-01	2.28E+00	-3.09E-01	7.00E-01	1.89E+00	3.26E-01	-8.45E-01	4.95E-01	-2.19E+01	2.49E+01	
group_72	2.14E-01	2.95E-05	2.76E-02	-3.34E-01	1.51E-01	-4.31E-01	6.18E-01	2.56E+00	-1.45E-01	7.01E-01	1.97E+00	4.27E-01	-7.66E-01	4.90E-01	-2.25E+01	2.60E+01	
group_40	2.13E-01	7.10E-04	6.26E-01	-1.82E-01	3.73E-01	-4.73E-01	7.92E-01	2.27E+00	-3.15E-01	7.06E-01	1.95E+00	3.36E-01	-8.56E-01	6.80E-01	-2.19E+01	2.52E+01	
group_1922	2.08E-01	4.33E-04	8.97E-01	3.50E-02	2.70E-01	-4.74E-01	5.96E-01	2.27E+00	-3.15E-01	7.05E-01	1.95E+00	3.31E-01	-8.55E-01	4.80E-01	-2.19E+01	2.52E+01	
group_1778	2.11E-01	7.57E-04	7.15E-01	-1.36E-01	3.72E-01	-4.73E-01	7.50E-01	2.27E+00	-3.15E-01	7.06E-01	1.95E+00	3.36E-01	-8.56E-01	6.36E-01	-2.19E+01	2.52E+01	
group_2831	2.09E-01	1.55E-02	2.18E-01	1.93E-01	1.57E-01	-4.81E-01	4.65E-01	2.27E+00	-3.59E-01	7.09E-01	1.94E+00	2.92E-01	-9.18E-01	4.30E-01	-2.19E+01	2.50E+01	
group_1850	2.08E-01	9.33E-06	8.11E-01	3.77E-02	1.58E-01	-4.76E-01	6.12E-01	2.27E+00	-3.14E-01	7.07E-01	1.95E+00	3.19E-01	-8.66E-01	4.94E-01	-1.96E+01	2.51E+01	
group_2328	2.09E-01	4.06E-04	3.77E-01	-3.57E-01	4.05E-01	-4.73E-01	9.51E-01	2.27E+00	-3.15E-01	7.04E-01	1.95E+00	3.35E-01	-8.56E-01	8.45E-01	-2.19E+01	2.52E+01	
group_2235	2.09E-01	4.06E-04	3.77E-01	-3.57E-01	4.05E-01	-4.73E-01	9.51E-01	2.27E+00	-3.15E-01	7.04E-01	1.95E+00	3.35E-01	-8.56E-01	8.45E-01	-2.19E+01	2.52E+01	
group_2049	2.09E-01	4.06E-04	3.77E-01	-3.57E-01	4.05E-01	-4.73E-01	9.51E-01	2.27E+00	-3.15E-01	7.04E-01	1.95E+00	3.35E-01	-8.56E-01	8.45E-01	-2.19E+01	2.52E+01	
group_2790	2.03E-01	1.71E-09	6.69E-02	5.06E-01	8.42E+00	-9.44E-01	1.10E+00	2.41E+00	-3.34E-01	6.76E-01	2.42E+00	8.03E-01	-3.45E-01	9.51E-01	-1.57E+00	1.54E+00	matrix-inversion-error
group_2772	2.03E-01	1.71E-09	6.69E-02	5.06E-01	8.42E+00	-9.44E-01	1.10E+00	2.41E+00	-3.34E-01	6.76E-01	2.42E+00	8.03E-01	-3.45E-01	9.51E-01	-1.57E+00	1.54E+00	matrix-inversion-error
group_260	2.07E-01	7.49E-04	6.63E-01	-1.65E-01	3.78E-01	-4.73E-01	7.77E-01	2.27E+00	-3.15E-01	7.04E-01	1.95E+00	3.35E-01	-8.56E-01	6.62E-01	-2.19E+01	2.52E+01	
fruA_1~~~fruA_2	2.03E-01	5.13E-10	9.85E-01	1.75E-02	9.59E-01	-4.91E-01	6.45E-01	2.27E+00	-3.15E-01	7.05E-01	1.97E+00	3.51E-01	-8.38E-01	5.27E-01	-2.19E+01	2.52E+01	
alsE	2.03E-01	5.13E-10	9.85E-01	1.75E-02	9.59E-01	-4.91E-01	6.45E-01	2.27E+00	-3.15E-01	7.05E-01	1.97E+00	3.51E-01	-8.38E-01	5.27E-01	-2.19E+01	2.52E+01	
tkt_4~~~tkt_3~~~tkt_2~~~tkt_1	2.03E-01	5.13E-10	9.85E-01	1.75E-02	9.59E-01	-4.91E-01	6.45E-01	2.27E+00	-3.15E-01	7.05E-01	1.97E+00	3.51E-01	-8.38E-01	5.27E-01	-2.19E+01	2.52E+01	
group_2587	2.03E-01	2.65E-09	1.38E-01	6.09E-01	4.21E-01	-1.05E+00	1.20E+00	2.84E+00	-3.42E-01	6.87E-01	2.52E+00	9.07E-01	-2.80E-01	1.05E+00	-1.85E+01	2.57E+01	
group_2584	2.03E-01	2.65E-09	1.38E-01	6.09E-01	4.21E-01	-1.05E+00	1.20E+00	2.84E+00	-3.42E-01	6.87E-01	2.52E+00	9.07E-01	-2.80E-01	1.05E+00	-1.85E+01	2.57E+01	
group_2394	2.05E-01	1.03E-09	1.09E-04	-6.73E-01	1.73E-01	-3.92E-01	9.93E-01	2.18E+00	-3.74E-01	6.35E-01	1.98E+00	6.28E-01	-3.19E-01	4.29E-01	-2.13E+01	2.67E+01	
group_2355	2.03E-01	1.36E-13	1.40E-01	-6.27E-01	4.33E-01	-4.39E-01	5.93E-01	2.23E+00	2.77E-01	6.81E-01	1.91E+00	8.80E-01	-8.91E-01	4.75E-01	-2.19E+01	2.56E+01	
tal_3~~~tal_2~~~tal_1	2.03E-01	5.13E-10	9.85E-01	1.75E-02	9.59E-01	-4.91E-01	6.45E-01	2.27E+00	-3.15E-01	7.05E-01	1.97E+00	3.51E-01	-8.38E-01	5.27E-01	-2.19E+01	2.52E+01	
group_2210	2.05E-01	3.48E-05	8.80E-02	-6.39E-01	3.85E-01	-4.50E-01	1.14E+00	2.24E+00	-3.25E-01	6.81E-01	1.92E+00	3.10E-01	-8.79E-01	1.08E+00	-2.19E+01	2.55E+01	
uvrB_2	2.07E-01	4.62E-04	6.91E-01	-1.70E-01	4.28E-01	-4.73E-01	7.81E-01	2.27E+00	-3.15E-01	7.04E-01	1.95E+00	3.35E-01	-8.56E-01	6.69E-01	-2.19E+01	2.52E+01	
group_1697	2.07E-01	4.62E-04	6.91E-01	-1.70E-01	4.28E-01	-4.73E-01	7.81E-01	2.27E+00	-3.15E-01	7.04E-01	1.95E+00	3.35E-01	-8.56E-01	6.69E-01	-2.19E+01	2.52E+01	
manP	2.03E-01	5.13E-10	9.85E-01	1.75E-02	9.59E-01	-4.91E-01	6.45E-01	2.27E+00	-3.15E-01	7.05E-01	1.97E+00	3.51E-01	-8.38E-01	5.27E-01	-2.19E+01	2.52E+01	
group_254	2.03E-01	2.65E-09	2.00E-01	5.34E-01	4.25E-01	-9.77E-01	1.13E+00	2.77E+00	-3.39E-01	6.84E-01	2.45E+00	8.36E-01	-3.52E-01	9.83E-01	-2.14E+01	2.56E+01	
group_2164	2.04E-01	3.29E-05	8.10E-01	-4.14E-02	1.72E-01	-4.73E-01	6.27E-01	2.26E+00	-2.95E-01	7.10E-01	1.96E+00	3.34E-01	-8.53E-01	5.12E-01	-2.19E+01	2.52E+01	
group_1214	2.01E-01	8.61E-10	3.71E-01	3.42E-01	3.86E-01	-7.96E-01	9.50E-01	2.59E+00	-3.31E-01	7.03E-01	2.27E+00	6.55E-01	-5.33E-01	8.12E-01	-1.62E+01	2.55E+01	
group_2294	2.04E-01	5.26E-04	4.49E-01	-2.71E-01	3.58E-01	-4.73E-01	8.73E-01	2.27E+00	-3.15E-01	7.04E-01	1.95E+00	3.35E-01	-8.56E-01	7.56E-01	-2.19E+01	2.52E+01	
group_2635	2.03E-01	6.92E-04	6.38E-01	-1.70E-01	3.62E-01	-4.73E-01	7.81E-01	2.27E+00	-3.15E-01	7.04E-01	1.95E+00	3.35E-01	-8.56E-01	6.64E-01	-2.19E+01	2.52E+01	
group_975	1.99E-01	5.83E-06	1.90E-02	4.37E-01	1.88E-01	-4.92E-01	6.38E-01	2.28E+00	-7.19E-01	5.09E-01	1.95E+00	2.30E-01	-1.27E+00	4.90E-01	-2.19E+01	2.48E+01	
group_2290	1.98E-01	7.49E-11	1.00E+00	-9.68E-01	8.30E+00	5.00E-01	-3.48E-01	9.67E-01	-3.09E-01	6.97E-01	9.72E-01	-6.30E-01	-1.79E+00	-4.63E-01	-2.90E+00	1.57E+00	high-bse
group_2778	1.97E-01	1.20E-10	8.96E-01	1.86E-01	1.42E+00	-6.60E-01	8.14E-01	2.45E+00	-3.15E-01	7.06E-01	2.13E+00	5.20E-01	-6.69E-01	6.96E-01	-2.17E+01	2.52E+01	
yddE	1.97E-01	1.20E-10	8.96E-01	1.86E-01	1.42E+00	-6.60E-01	8.14E-01	2.45E+00	-3.15E-01	7.06E-01	2.13E+00	5.20E-01	-6.69E-01	6.96E-01	-2.17E+01	2.52E+01	
group_2440	1.97E-01	1.20E-10	8.96E-01	1.86E-01	1.42E+00	-6.60E-01	8.14E-01	2.45E+00	-3.15E-01	7.06E-01	2.13E+00	5.20E-01	-6.69E-01	6.96E-01	-2.17E+01	2.52E+01	
group_2268	1.97E-01	1.20E-10	8.96E-01	1.86E-01	1.42E+00	-6.60E-01	8.14E-01	2.45E+00	-3.15E-01	7.06E-01	2.13E+00	5.20E-01	-6.69E-01	6.96E-01	-2.17E+01	2.52E+01	
frwD	1.97E-01	1.20E-10	8.96E-01	1.86E-01	1.42E+00	-6.60E-01	8.14E-01	2.45E+00	-3.15E-01	7.06E-01	2.13E+00	5.20E-01	-6.69E-01	6.96E-01	-2.17E+01	2.52E+01	
group_2184	1.97E-01	1.20E-10	8.96E-01	1.86E-01	1.42E+00	-6.60E-01	8.14E-01	2.45E+00	-3.15E-01	7.06E-01	2.13E+00	5.20E-01	-6.69E-01	6.96E-01	-2.17E+01	2.52E+01	
manR	1.97E-01	1.20E-10	8.96E-01	1.86E-01	1.42E+00	-6.60E-01	8.14E-01	2.45E+00	-3.15E-01	7.06E-01	2.13E+00	5.20E-01	-6.69E-01	6.96E-01	-2.17E+01	2.52E+01	
group_1856	1.97E-01	1.20E-10	8.96E-01	1.86E-01	1.42E+00	-6.60E-01	8.14E-01	2.45E+00	-3.15E-01	7.06E-01	2.13E+00	5.20E-01	-6.69E-01	6.96E-01	-2.17E+01	2.52E+01	
group_1563	1.97E-01	1.20E-10	8.96E-01	1.86E-01	1.42E+00	-6.60E-01	8.14E-01	2.45E+00	-3.15E-01	7.06E-01	2.13E+00	5.20E-01	-6.69E-01	6.96E-01	-2.17E+01	2.52E+01	
group_605	2.01E-01	2.82E-02	2.56E-01	2.08E-01	1.84E-01	-4.78E-01	6.28E-01	2.24E+00	-4.99E-01	6.34E-01	1.90E+00	3.35E-01	-8.62E-01	5.05E-01	-2.19E+01	3.64E+01	
group_578	1.97E-01	1.20E-10	8.96E-01	1.86E-01	1.42E+00	-6.60E-01	8.14E-01	2.45E+00	-3.15E-01	7.06E-01	2.13E+00	5.20E-01	-6.69E-01	6.96E-01	-2.17E+01	2.52E+01	
group_323	1.99E-01	7.15E-08	5.77E-02	-2.98E-01	1.57E-01	-4.59E-01	6.48E-01	2.25E+00	-3.16E-01	6.95E-01	1.96E+00	4.78E-01	-6.75E-01	5.85E-01	-2.19E+01	2.54E+01	
xerC_6~~~xerC_4~~~xerC_7	2.01E-01	2.93E-04	2.61E-01	-3.88E-01	3.47E-01	-4.73E-01	9.79E-01	2.27E+00	-3.15E-01	7.04E-01	1.95E+00	3.36E-01	-8.56E-01	8.57E-01	-2.19E+01	2.52E+01	
group_1855	1.97E-01	1.92E-10	5.73E-01	6.81E-01	1.24E+00	-1.15E+00	1.30E+00	2.94E+00	-3.21E-01	7.04E-01	2.62E+00	1.01E+00	-1.81E-01	1.18E+00	-2.12E+01	2.52E+01	
group_1220	1.96E-01	4.83E-13	1.25E-02	-4.65E-01	1.86E-01	-4.34E-01	5.88E-01	2.30E+00	9.12E-02	7.19E-01	1.93E+00	5.78E-01	-8.86E-01	5.13E-01	-2.19E+01	2.58E+01	
group_1003	1.97E-01	6.51E-01	4.16E-01	-1.31E-01	1.61E-01	-4.64E-01	6.33E-01	2.39E+00	-3.08E-01	7.09E-01	1.97E+00	3.95E-01	-8.50E-01	5.04E-01	-2.27E+01	2.32E+01	
group_993	1.99E-01	9.21E-10	2.04E-02	-1.98E-01	8.23E+00	-4.58E-01	6.29E-01	1.92E+00	-1.93E-01	6.98E-01	1.94E+00	4.12E-01	-7.77E-01	5.54E-01	-1.86E+00	1.76E+00	matrix-inversion-error
group_355	1.96E-01	3.05E-10	2.15E-01	1.33E+00	1.16E+00	-1.81E+00	1.96E+00	3.60E+00	-3.15E-01	7.38E-01	3.28E+00	1.66E+00	4.78E-01	1.84E+00	-2.06E+01	2.52E+01	
group_1213	1.95E-01	2.27E-04	3.01E-02	-3.66E-01	1.68E-01	-4.20E-01	5.74E-01	2.58E+00	-3.34E-01	6.94E-01	1.94E+00	5.28E-01	-9.01E-01	4.91E-01	-2.18E+01	2.62E+01	
group_313	1.97E-01	3.25E-01	3.75E-01	1.41E-01	1.59E-01	-4.78E-01	5.15E-01	2.21E+00	-3.48E-01	7.04E-01	1.94E+00	3.17E-01	-8.65E-01	4.52E-01	-2.19E+01	2.51E+01	
group_2707	1.96E-01	3.65E-01	7.24E-01	6.04E-02	1.71E-01	-4.73E-01	6.27E-01	2.27E+00	-3.15E-01	7.02E-01	1.94E+00	3.29E-01	-8.56E-01	4.73E-01	-2.19E+01	2.52E+01	
group_1407	1.95E-01	5.61E-11	5.73E-01	3.29E-01	5.90E-01	-7.87E-01	9.35E-01	2.58E+00	-3.27E-01	7.03E-01	2.26E+00	6.47E-01	-5.42E-01	8.22E-01	-2.19E+01	2.54E+01	
msrD	1.96E-01	3.65E-01	7.24E-01	6.04E-02	1.71E-01	-4.73E-01	6.27E-01	2.27E+00	-3.15E-01	7.02E-01	1.94E+00	3.29E-01	-8.56E-01	4.73E-01	-2.19E+01	2.52E+01	
group_1215	1.95E-01	3.04E-04	3.69E-02	-3.52E-01	1.68E-01	-4.22E-01	5.76E-01	2.57E+00	-3.33E-01	6.94E-01	1.94E+00	5.19E-01	-9.00E-01	4.92E-01	-2.41E+01	2.61E+01	
group_1209	1.95E-01	3.04E-04	3.50E-02	-3.57E-01	1.69E-01	-4.25E-01	5.79E-01	2.57E+00	-3.30E-01	6.98E-01	1.94E+00	5.27E-01	-8.97E-01	4.95E-01	-1.86E+01	2.61E+01	
group_1208	1.95E-01	3.04E-04	3.50E-02	-3.57E-01	1.69E-01	-4.25E-01	5.79E-01	2.57E+00	-3.30E-01	6.98E-01	1.94E+00	5.27E-01	-8.97E-01	4.95E-01	-1.86E+01	2.61E+01	
group_620	1.96E-01	3.65E-01	7.24E-01	6.04E-02	1.71E-01	-4.73E-01	6.27E-01	2.27E+00	-3.15E-01	7.02E-01	1.94E+00	3.29E-01	-8.56E-01	4.73E-01	-2.19E+01	2.52E+01	
group_531	1.94E-01	2.18E-10	8.82E-01	8.96E-02	6.04E-01	-5.57E-01	7.12E-01	2.35E+00	-3.19E-01	7.01E-01	2.03E+00	4.18E-01	-7.72E-01	5.93E-01	-1.83E+01	2.52E+01	
group_410	1.93E-01	3.46E-10	6.16E-01	3.60E-01	7.29E-01	-8.12E-01	9.67E-01	2.60E+00	-3.32E-01	6.87E-01	2.29E+00	6.71E-01	-5.17E-01	8.49E-01	-1.94E+01	2.55E+01	
erm	1.96E-01	3.15E-05	2.54E-01	-1.92E-01	1.67E-01	-3.68E-01	5.22E-01	2.24E+00	-4.16E-01	6.18E-01	1.87E+00	3.12E-01	-7.93E-01	4.08E-01	-2.20E+01	2.77E+01	
group_2224	1.93E-01	8.13E-10	3.47E-01	7.52E-01	8.40E-01	-1.18E+00	1.33E+00	2.97E+00	-3.63E-01	6.57E-01	2.65E+00	1.04E+00	-1.51E-01	1.21E+00	-2.12E+01	2.59E+01	
group_1288	1.93E-01	3.46E-10	5.55E-01	3.43E-01	5.88E-01	-7.97E-01	9.44E-01	2.59E+00	-3.35E-01	6.97E-01	2.27E+00	6.56E-01	-5.32E-01	8.32E-01	-1.98E+01	2.55E+01	
group_315	1.95E-01	4.36E-05	2.89E-01	-1.78E-01	1.68E-01	-3.75E-01	5.29E-01	2.25E+00	-4.09E-01	6.24E-01	1.87E+00	3.14E-01	-7.97E-01	4.14E-01	-2.20E+01	2.75E+01	
xre	1.97E-01	1.25E-04	2.55E-01	-3.57E-01	3.16E-01	-4.73E-01	9.58E-01	2.27E+00	-3.11E-01	7.04E-01	1.95E+00	3.42E-01	-8.56E-01	8.19E-01	-2.19E+01	2.52E+01	
group_2040	1.93E-01	5.49E-10	3.94E-01	5.89E-01	7.11E-01	-1.03E+00	1.18E+00	2.82E+00	-3.41E-01	6.82E-01	2.50E+00	8.87E-01	-3.00E-01	1.07E+00	-3.20E+01	2.58E+01	
group_499	1.93E-01	7.60E-02	7.44E-01	6.80E-02	2.09E-01	-4.79E-01	6.33E-01	2.20E+00	-3.17E-01	7.04E-01	1.95E+00	2.84E-01	-8.50E-01	5.15E-01	-2.21E+01	2.50E+01	
group_178	1.94E-01	2.18E-10	8.15E-01	1.41E-01	6.03E-01	-6.07E-01	7.59E-01	2.40E+00	-3.20E-01	7.01E-01	2.08E+00	4.67E-01	-7.22E-01	6.43E-01	-1.22E+01	2.53E+01	
group_1900	1.93E-01	3.46E-10	5.83E-01	3.19E-01	5.87E-01	-7.77E-01	9.25E-01	2.57E+00	-3.27E-01	7.00E-01	2.25E+00	6.36E-01	-5.52E-01	8.12E-01	-1.98E+01	2.54E+01	
group_802	1.91E-01	1.24E-01	4.68E-04	7.24E-01	2.13E-01	-5.42E-01	6.96E-01	1.61E+00	-9.55E-01	7.44E-01	1.96E+00	-2.20E-03	-7.87E-01	5.73E-01	-1.56E+01	2.39E+01	
group_2166	1.95E-01	7.88E-01	4.58E-02	2.34E-01	7.66E+00	-4.68E-01	6.15E-01	1.93E+00	-5.11E-01	4.74E-01	1.90E+00	3.22E-01	-8.32E-01	4.97E-01	-1.93E+00	1.33E+00	matrix-inversion-error
group_1088	1.87E-01	2.30E-01	7.10E-06	9.94E-01	2.28E-01	-5.26E-01	6.80E-01	1.51E+00	-2.63E-01	-1.94E-01	1.98E+00	-2.40E-03	-1.75E+00	5.12E-01	-2.18E+01	8.57E+00	
group_1170	1.91E-01	2.47E-10	6.52E-01	2.36E-01	5.24E-01	-6.97E-01	8.47E-01	2.49E+00	-3.27E-01	7.10E-01	2.17E+00	5.57E-01	-6.32E-01	7.33E-01	-1.20E+01	2.53E+01	
group_1066	1.87E-01	2.53E-01	3.97E-01	1.83E-01	2.17E-01	-4.83E-01	6.37E-01	2.09E+00	-3.10E-01	6.95E-01	1.94E+00	1.95E-01	-8.46E-01	5.18E-01	-2.08E+01	2.50E+01	
group_30	1.89E-01	4.18E-10	5.40E-01	3.14E-01	5.16E-01	-7.72E-01	9.20E-01	2.56E+00	-3.27E-01	7.14E-01	2.25E+00	6.33E-01	-5.57E-01	8.07E-01	-2.10E+01	2.54E+01	
group_86	1.87E-01	1.08E-05	9.95E-01	-9.61E-04	1.65E-01	-4.73E-01	6.28E-01	2.26E+00	-3.15E-01	7.04E-01	1.95E+00	3.34E-01	-8.56E-01	5.10E-01	-2.19E+01	2.52E+01	
group_766	1.88E-01	4.00E-06	1.24E-01	2.79E-01	1.82E-01	-4.99E-01	4.17E-01	2.25E+00	-4.98E-01	7.18E-01	1.97E+00	3.44E-01	-9.65E-01	4.11E-01	-2.58E+01	2.48E+01	
group_162	1.89E-01	1.23E-04	5.06E-01	-1.24E-01	1.87E-01	-4.71E-01	6.25E-01	2.28E+00	-2.56E-01	7.02E-01	1.99E+00	3.38E-01	-8.58E-01	5.07E-01	-1.53E+01	2.52E+01	
group_1317	1.84E-01	5.23E-03	8.48E-01	4.23E-02	2.21E-01	-5.15E-01	6.68E-01	2.30E+00	-2.75E-01	7.31E-01	1.98E+00	3.74E-01	-8.54E-01	5.51E-01	-2.19E+01	2.52E+01	
group_1785	1.87E-01	1.65E-09	1.60E-01	6.80E-01	4.95E-01	-1.12E+00	1.26E+00	2.91E+00	-3.52E-01	7.40E-01	2.59E+00	9.77E-01	-2.13E-01	1.15E+00	-1.56E+01	2.57E+01	
group_2036	1.85E-01	8.51E-11	8.77E-01	-6.60E-02	4.28E-01	-4.11E-01	5.66E-01	2.20E+00	-3.13E-01	6.98E-01	1.89E+00	2.72E-01	-9.19E-01	4.47E-01	-2.06E+01	2.51E+01	
group_395	1.82E-01	2.10E-09	5.43E-01	-1.21E-01	1.99E-01	-4.61E-01	6.15E-01	2.36E+00	-2.90E-01	6.97E-01	1.94E+00	4.08E-01	-7.76E-01	5.03E-01	-2.19E+01	2.54E+01	
dpnM	1.83E-01	2.40E-04	3.16E-01	-2.95E-01	2.95E-01	-4.73E-01	8.49E-01	2.27E+00	-3.12E-01	7.04E-01	1.95E+00	3.34E-01	-8.56E-01	7.59E-01	-2.19E+01	2.52E+01	
group_1387	1.82E-01	3.23E-04	4.01E-01	-2.45E-01	2.93E-01	-4.73E-01	8.07E-01	2.27E+00	-3.12E-01	7.04E-01	1.95E+00	3.34E-01	-8.56E-01	7.17E-01	-2.19E+01	2.52E+01	
group_321	1.83E-01	3.64E-06	1.14E-01	-2.49E-01	1.58E-01	-4.59E-01	6.66E-01	2.25E+00	-3.03E-01	6.94E-01	1.95E+00	4.51E-01	-7.93E-01	5.57E-01	-2.19E+01	2.54E+01	
group_2481	1.82E-01	8.47E-05	9.38E-02	-5.54E-01	3.34E-01	-4.73E-01	8.32E-01	2.27E+00	-3.15E-01	7.14E-01	1.95E+00	3.34E-01	-8.56E-01	1.01E+00	-2.19E+01	2.52E+01	
group_552	1.82E-01	2.95E-01	4.42E-01	1.98E-01	2.61E-01	-4.79E-01	6.34E-01	2.27E+00	-4.88E-01	5.21E-01	1.93E+00	3.36E-01	-8.59E-01	5.14E-01	-2.19E+01	3.56E+01	
group_588	1.74E-01	2.76E-05	5.06E-01	2.71E-01	4.08E-01	-4.96E-01	6.45E-01	2.02E+00	-2.93E-01	7.24E-01	1.97E+00	8.77E-02	-8.33E-01	5.18E-01	-2.19E+01	2.48E+01	
group_2209	1.77E-01	6.22E-02	6.95E-01	9.06E-02	2.32E-01	-5.62E-01	7.14E-01	2.34E+00	-2.29E-01	7.92E-01	2.02E+00	4.22E-01	-8.49E-01	5.95E-01	-2.18E+01	2.33E+01	
group_1381	1.77E-01	6.22E-02	6.66E-01	9.96E-02	2.32E-01	-5.70E-01	7.22E-01	2.35E+00	-2.21E-01	7.99E-01	2.03E+00	4.29E-01	-8.52E-01	6.02E-01	-2.18E+01	2.32E+01	
group_930	1.77E-01	2.04E-08	9.05E-01	-5.18E-02	4.34E-01	-4.22E-01	5.76E-01	2.21E+00	-3.65E-01	7.02E-01	1.90E+00	2.84E-01	-8.59E-01	4.59E-01	-2.20E+01	2.52E+01	
group_2265	1.76E-01	9.26E-04	5.41E-01	1.01E-01	1.65E-01	-4.76E-01	5.43E-01	2.21E+00	-3.40E-01	7.04E-01	1.95E+00	3.11E-01	-8.72E-01	4.73E-01	-2.19E+01	2.51E+01	
group_2100	1.76E-01	7.44E-04	6.00E-01	8.68E-02	1.66E-01	-4.76E-01	5.55E-01	2.22E+00	-3.37E-01	7.04E-01	1.95E+00	3.14E-01	-8.70E-01	4.79E-01	-2.19E+01	2.51E+01	
group_2774	1.76E-01	1.10E-04	1.71E-01	-2.16E-01	1.58E-01	-4.65E-01	6.40E-01	2.26E+00	-3.21E-01	7.11E-01	1.96E+00	4.26E-01	-8.17E-01	5.67E-01	-1.62E+01	2.27E+01	
group_2742	1.76E-01	1.10E-04	1.71E-01	-2.16E-01	1.58E-01	-4.65E-01	6.40E-01	2.26E+00	-3.21E-01	7.11E-01	1.96E+00	4.26E-01	-8.17E-01	5.67E-01	-1.62E+01	2.27E+01	
group_2683	1.76E-01	1.10E-04	1.71E-01	-2.16E-01	1.58E-01	-4.65E-01	6.40E-01	2.26E+00	-3.21E-01	7.11E-01	1.96E+00	4.26E-01	-8.17E-01	5.67E-01	-1.62E+01	2.27E+01	
group_2515	1.75E-01	9.38E-03	7.29E-01	-5.90E-02	1.70E-01	-4.72E-01	6.76E-01	2.26E+00	-3.03E-01	7.12E-01	1.95E+00	3.37E-01	-8.54E-01	5.35E-01	-2.09E+01	2.52E+01	
group_2223	1.76E-01	1.10E-04	1.71E-01	-2.16E-01	1.58E-01	-4.65E-01	6.40E-01	2.26E+00	-3.21E-01	7.11E-01	1.96E+00	4.26E-01	-8.17E-01	5.67E-01	-1.62E+01	2.27E+01	
group_2172	1.76E-01	1.10E-04	1.71E-01	-2.16E-01	1.58E-01	-4.65E-01	6.40E-01	2.26E+00	-3.21E-01	7.11E-01	1.96E+00	4.26E-01	-8.17E-01	5.67E-01	-1.62E+01	2.27E+01	
group_2102	1.76E-01	1.10E-04	1.71E-01	-2.16E-01	1.58E-01	-4.65E-01	6.40E-01	2.26E+00	-3.21E-01	7.11E-01	1.96E+00	4.26E-01	-8.17E-01	5.67E-01	-1.62E+01	2.27E+01	
group_2032	1.76E-01	1.10E-04	1.71E-01	-2.16E-01	1.58E-01	-4.65E-01	6.40E-01	2.26E+00	-3.21E-01	7.11E-01	1.96E+00	4.26E-01	-8.17E-01	5.67E-01	-1.62E+01	2.27E+01	
group_1810	1.76E-01	1.10E-04	1.71E-01	-2.16E-01	1.58E-01	-4.65E-01	6.40E-01	2.26E+00	-3.21E-01	7.11E-01	1.96E+00	4.26E-01	-8.17E-01	5.67E-01	-1.62E+01	2.27E+01	
group_1013	1.76E-01	1.10E-04	1.71E-01	-2.16E-01	1.58E-01	-4.65E-01	6.40E-01	2.26E+00	-3.21E-01	7.11E-01	1.96E+00	4.26E-01	-8.17E-01	5.67E-01	-1.62E+01	2.27E+01	
group_861	1.76E-01	1.10E-04	1.71E-01	-2.16E-01	1.58E-01	-4.65E-01	6.40E-01	2.26E+00	-3.21E-01	7.11E-01	1.96E+00	4.26E-01	-8.17E-01	5.67E-01	-1.62E+01	2.27E+01	
group_780	1.76E-01	1.10E-04	1.71E-01	-2.16E-01	1.58E-01	-4.65E-01	6.40E-01	2.26E+00	-3.21E-01	7.11E-01	1.96E+00	4.26E-01	-8.17E-01	5.67E-01	-1.62E+01	2.27E+01	
group_616	1.76E-01	1.10E-04	1.71E-01	-2.16E-01	1.58E-01	-4.65E-01	6.40E-01	2.26E+00	-3.21E-01	7.11E-01	1.96E+00	4.26E-01	-8.17E-01	5.67E-01	-1.62E+01	2.27E+01	
group_449	1.76E-01	1.10E-04	1.71E-01	-2.16E-01	1.58E-01	-4.65E-01	6.40E-01	2.26E+00	-3.21E-01	7.11E-01	1.96E+00	4.26E-01	-8.17E-01	5.67E-01	-1.62E+01	2.27E+01	
group_441	1.76E-01	1.10E-04	1.71E-01	-2.16E-01	1.58E-01	-4.65E-01	6.40E-01	2.26E+00	-3.21E-01	7.11E-01	1.96E+00	4.26E-01	-8.17E-01	5.67E-01	-1.62E+01	2.27E+01	
group_296	1.76E-01	1.10E-04	1.71E-01	-2.16E-01	1.58E-01	-4.65E-01	6.40E-01	2.26E+00	-3.21E-01	7.11E-01	1.96E+00	4.26E-01	-8.17E-01	5.67E-01	-1.62E+01	2.27E+01	
group_111	1.76E-01	1.10E-04	1.71E-01	-2.16E-01	1.58E-01	-4.65E-01	6.40E-01	2.26E+00	-3.21E-01	7.11E-01	1.96E+00	4.26E-01	-8.17E-01	5.67E-01	-1.62E+01	2.27E+01	
group_1924	1.76E-01	1.97E-03	8.38E-01	-5.42E-02	2.65E-01	-4.73E-01	6.64E-01	2.27E+00	-3.15E-01	7.04E-01	1.95E+00	3.34E-01	-8.56E-01	5.53E-01	-2.19E+01	2.52E+01	
group_1031	1.73E-01	6.90E-01	8.48E-02	3.04E-01	1.78E-01	-5.11E-01	6.65E-01	2.00E+00	-3.09E-01	7.24E-01	1.96E+00	1.86E-01	-8.26E-01	5.19E-01	-2.19E+01	2.45E+01	
group_702	1.72E-01	1.12E-03	4.11E-01	1.37E-01	1.67E-01	-4.80E-01	5.16E-01	2.21E+00	-3.38E-01	7.07E-01	1.95E+00	3.07E-01	-8.75E-01	4.65E-01	-1.95E+01	2.50E+01	
group_326	1.75E-01	1.17E-04	1.85E-01	-2.10E-01	1.58E-01	-4.65E-01	6.39E-01	2.26E+00	-3.21E-01	7.11E-01	1.95E+00	4.23E-01	-8.18E-01	5.66E-01	-2.15E+01	2.28E+01	
group_874	1.70E-01	1.33E-07	3.46E-01	1.92E-01	2.05E-01	-4.81E-01	6.35E-01	2.27E+00	-4.93E-01	6.33E-01	1.95E+00	3.15E-01	-1.04E+00	5.02E-01	-2.19E+01	2.50E+01	
group_1207	1.68E-01	5.00E-05	3.24E-02	4.22E-01	1.99E-01	-5.09E-01	6.63E-01	2.25E+00	-6.92E-01	7.14E-01	1.97E+00	1.59E-01	-8.32E-01	5.06E-01	-1.76E+01	2.46E+01	
group_2764	1.72E-01	6.75E-04	5.27E-01	-3.03E-01	4.81E-01	-4.73E-01	6.27E-01	2.27E+00	-3.15E-01	7.04E-01	1.95E+00	3.34E-01	-8.56E-01	7.92E-01	-2.19E+01	2.52E+01	
group_1195	1.63E-01	1.09E-08	7.17E-03	7.50E-01	2.85E-01	-1.19E+00	1.34E+00	2.60E+00	-3.33E-01	1.40E+00	2.66E+00	8.80E-01	-1.40E-01	1.23E+00	-2.13E+01	2.04E+01	
group_1165	1.63E-01	1.09E-08	7.17E-03	7.50E-01	2.85E-01	-1.19E+00	1.34E+00	2.60E+00	-3.33E-01	1.40E+00	2.66E+00	8.80E-01	-1.40E-01	1.23E+00	-2.13E+01	2.04E+01	
group_741	1.62E-01	4.91E-09	9.58E-03	7.38E-01	2.91E-01	-1.18E+00	1.33E+00	2.60E+00	-3.41E-01	1.38E+00	2.65E+00	8.78E-01	-1.51E-01	1.21E+00	-9.10E+01	2.05E+01	
group_1200	1.61E-01	3.26E-09	6.35E-03	7.81E-01	2.92E-01	-1.23E+00	1.38E+00	2.63E+00	-3.27E-01	1.43E+00	2.70E+00	9.10E-01	-1.03E-01	1.26E+00	-1.61E+01	2.04E+01	
group_1196	1.61E-01	3.26E-09	6.35E-03	7.81E-01	2.92E-01	-1.23E+00	1.38E+00	2.63E+00	-3.27E-01	1.43E+00	2.70E+00	9.10E-01	-1.03E-01	1.26E+00	-1.61E+01	2.04E+01	
group_1180	1.61E-01	3.26E-09	8.15E-03	7.43E-01	2.86E-01	-1.18E+00	1.34E+00	2.60E+00	-3.33E-01	1.39E+00	2.66E+00	8.75E-01	-1.46E-01	1.22E+00	-2.28E+01	2.05E+01	
group_846	1.60E-01	1.22E-08	2.80E-03	8.66E-01	2.98E-01	-1.30E+00	1.46E+00	2.66E+00	-3.44E-01	1.50E+00	2.77E+00	9.78E-01	-2.77E-02	1.34E+00	-1.40E+01	2.02E+01	
group_954	1.59E-01	1.28E-08	1.44E-03	9.36E-01	3.03E-01	-1.38E+00	1.53E+00	2.71E+00	-3.29E-01	1.58E+00	2.85E+00	1.04E+00	4.80E-02	1.41E+00	-2.20E+01	2.01E+01	
group_926	1.65E-01	5.12E-02	2.55E-01	-2.18E-01	1.91E-01	-4.56E-01	6.10E-01	2.47E+00	-3.27E-01	7.11E-01	1.96E+00	4.60E-01	-8.73E-01	4.94E-01	-2.19E+01	2.55E+01	
group_913	1.59E-01	1.28E-08	1.05E-03	9.78E-01	3.09E-01	-1.42E+00	1.57E+00	2.74E+00	-3.39E-01	1.62E+00	2.89E+00	1.08E+00	8.90E-02	1.45E+00	-2.21E+01	2.00E+01	
clpP_2~~~clpP_1	1.60E-01	8.17E-09	1.82E-03	9.22E-01	3.04E-01	-1.36E+00	1.52E+00	2.70E+00	-3.38E-01	1.56E+00	2.84E+00	1.03E+00	3.40E-02	1.40E+00	-8.66E+01	2.01E+01	
group_2280	1.58E-01	8.60E-09	1.64E-03	9.29E-01	3.04E-01	-1.37E+00	1.52E+00	2.71E+00	-3.29E-01	1.57E+00	2.84E+00	1.03E+00	4.06E-02	1.41E+00	-2.18E+01	2.02E+01	
group_2279	1.58E-01	8.60E-09	1.64E-03	9.29E-01	3.04E-01	-1.37E+00	1.52E+00	2.71E+00	-3.29E-01	1.57E+00	2.84E+00	1.03E+00	4.06E-02	1.41E+00	-2.18E+01	2.02E+01	
group_2135	1.58E-01	8.60E-09	1.64E-03	9.29E-01	3.04E-01	-1.37E+00	1.52E+00	2.71E+00	-3.29E-01	1.57E+00	2.84E+00	1.03E+00	4.06E-02	1.41E+00	-2.18E+01	2.02E+01	
group_1663	1.58E-01	8.60E-09	1.64E-03	9.29E-01	3.04E-01	-1.37E+00	1.52E+00	2.71E+00	-3.29E-01	1.57E+00	2.84E+00	1.03E+00	4.06E-02	1.41E+00	-2.18E+01	2.02E+01	
group_1521	1.58E-01	8.60E-09	1.64E-03	9.29E-01	3.04E-01	-1.37E+00	1.52E+00	2.71E+00	-3.29E-01	1.57E+00	2.84E+00	1.03E+00	4.06E-02	1.41E+00	-2.18E+01	2.02E+01	
group_1496	1.58E-01	8.60E-09	1.64E-03	9.29E-01	3.04E-01	-1.37E+00	1.52E+00	2.71E+00	-3.29E-01	1.57E+00	2.84E+00	1.03E+00	4.06E-02	1.41E+00	-2.18E+01	2.02E+01	
group_948	1.58E-01	8.60E-09	1.54E-03	9.33E-01	3.04E-01	-1.37E+00	1.52E+00	2.70E+00	-3.46E-01	1.57E+00	2.84E+00	1.03E+00	3.72E-02	1.40E+00	-1.94E+01	2.02E+01	
group_942	1.58E-01	8.60E-09	1.64E-03	9.29E-01	3.04E-01	-1.37E+00	1.52E+00	2.71E+00	-3.29E-01	1.57E+00	2.84E+00	1.03E+00	4.06E-02	1.41E+00	-2.18E+01	2.02E+01	
group_938	1.58E-01	2.01E-08	8.27E-04	9.92E-01	3.07E-01	-1.43E+00	1.59E+00	2.74E+00	-3.29E-01	1.63E+00	2.90E+00	1.09E+00	1.03E-01	1.47E+00	-1.95E+01	2.00E+01	
group_936	1.58E-01	8.60E-09	1.54E-03	9.33E-01	3.04E-01	-1.37E+00	1.52E+00	2.70E+00	-3.46E-01	1.57E+00	2.84E+00	1.03E+00	3.72E-02	1.40E+00	-1.94E+01	2.02E+01	
group_931	1.58E-01	8.60E-09	1.64E-03	9.29E-01	3.04E-01	-1.37E+00	1.52E+00	2.71E+00	-3.29E-01	1.57E+00	2.84E+00	1.03E+00	4.06E-02	1.41E+00	-2.18E+01	2.02E+01	
group_906	1.58E-01	8.60E-09	1.54E-03	9.33E-01	3.04E-01	-1.37E+00	1.52E+00	2.70E+00	-3.46E-01	1.57E+00	2.84E+00	1.03E+00	3.72E-02	1.40E+00	-1.94E+01	2.02E+01	
group_857	1.58E-01	3.61E-09	4.21E-03	7.67E-01	2.98E-01	-1.21E+00	1.36E+00	2.61E+00	-3.42E-01	1.41E+00	2.68E+00	9.03E-01	-1.23E-01	1.24E+00	-5.07E+02	2.04E+01	
group_686	1.58E-01	8.60E-09	1.64E-03	9.29E-01	3.04E-01	-1.37E+00	1.52E+00	2.71E+00	-3.29E-01	1.57E+00	2.84E+00	1.03E+00	4.06E-02	1.41E+00	-2.18E+01	2.02E+01	
group_858	1.63E-01	3.30E-02	1.05E-01	2.85E-01	1.76E-01	-4.88E-01	3.96E-01	2.28E+00	-3.26E-01	7.17E-01	1.96E+00	2.98E-01	-9.05E-01	3.95E-01	-2.19E+01	2.49E+01	
group_582	1.58E-01	5.73E-09	3.27E-03	8.57E-01	2.99E-01	-1.29E+00	1.45E+00	2.66E+00	-3.35E-01	1.50E+00	2.77E+00	9.72E-01	-3.64E-02	1.33E+00	-1.07E+01	2.03E+01	
group_2761	1.62E-01	2.83E-02	1.25E-01	2.70E-01	1.76E-01	-4.87E-01	4.08E-01	2.28E+00	-3.26E-01	7.16E-01	1.96E+00	3.00E-01	-9.02E-01	4.02E-01	-2.19E+01	2.49E+01	
group_903	1.62E-01	4.04E-02	9.73E-02	2.93E-01	1.77E-01	-4.88E-01	3.89E-01	2.28E+00	-3.27E-01	7.17E-01	1.96E+00	2.97E-01	-8.99E-01	3.92E-01	-2.19E+01	2.49E+01	
group_776	1.62E-01	4.04E-02	9.73E-02	2.93E-01	1.77E-01	-4.88E-01	3.89E-01	2.28E+00	-3.27E-01	7.17E-01	1.96E+00	2.97E-01	-8.99E-01	3.92E-01	-2.19E+01	2.49E+01	
group_611	1.62E-01	2.83E-02	1.25E-01	2.70E-01	1.76E-01	-4.87E-01	4.08E-01	2.28E+00	-3.26E-01	7.16E-01	1.96E+00	3.00E-01	-9.02E-01	4.02E-01	-2.19E+01	2.49E+01	
group_610	1.62E-01	4.04E-02	9.73E-02	2.93E-01	1.77E-01	-4.88E-01	3.89E-01	2.28E+00	-3.27E-01	7.17E-01	1.96E+00	2.97E-01	-8.99E-01	3.92E-01	-2.19E+01	2.49E+01	
group_601	1.62E-01	4.04E-02	9.73E-02	2.93E-01	1.77E-01	-4.88E-01	3.89E-01	2.28E+00	-3.27E-01	7.17E-01	1.96E+00	2.97E-01	-8.99E-01	3.92E-01	-2.19E+01	2.49E+01	
group_231	1.62E-01	4.04E-02	9.73E-02	2.93E-01	1.77E-01	-4.88E-01	3.89E-01	2.28E+00	-3.27E-01	7.17E-01	1.96E+00	2.97E-01	-8.99E-01	3.92E-01	-2.19E+01	2.49E+01	
group_2071	1.63E-01	1.43E-11	4.53E-01	-1.58E-01	2.10E-01	-4.73E-01	6.43E-01	2.27E+00	-3.15E-01	7.04E-01	2.01E+00	3.34E-01	-8.56E-01	5.10E-01	-2.19E+01	2.52E+01	
group_777	1.62E-01	3.48E-02	1.17E-01	2.77E-01	1.77E-01	-4.88E-01	4.02E-01	2.28E+00	-3.26E-01	7.16E-01	1.96E+00	3.00E-01	-8.96E-01	3.98E-01	-2.19E+01	2.49E+01	
group_771	1.62E-01	3.48E-02	1.17E-01	2.77E-01	1.77E-01	-4.88E-01	4.02E-01	2.28E+00	-3.26E-01	7.16E-01	1.96E+00	3.00E-01	-8.96E-01	3.98E-01	-2.19E+01	2.49E+01	
group_600	1.62E-01	3.48E-02	1.17E-01	2.77E-01	1.77E-01	-4.88E-01	4.02E-01	2.28E+00	-3.26E-01	7.16E-01	1.96E+00	3.00E-01	-8.96E-01	3.98E-01	-2.19E+01	2.49E+01	
group_97	1.62E-01	3.48E-02	1.17E-01	2.77E-01	1.77E-01	-4.88E-01	4.02E-01	2.28E+00	-3.26E-01	7.16E-01	1.96E+00	3.00E-01	-8.96E-01	3.98E-01	-2.19E+01	2.49E+01	
group_1694	1.61E-01	4.25E-02	8.55E-02	3.04E-01	1.77E-01	-4.89E-01	3.80E-01	2.28E+00	-3.27E-01	7.18E-01	1.96E+00	2.95E-01	-9.01E-01	3.88E-01	-2.19E+01	2.49E+01	
group_75	1.61E-01	1.10E-01	7.82E-01	-4.98E-02	1.80E-01	-4.72E-01	6.30E-01	2.29E+00	-3.14E-01	7.05E-01	1.95E+00	3.58E-01	-8.34E-01	5.09E-01	-1.88E+01	2.52E+01	
group_1011	1.59E-01	3.86E-02	4.59E-02	3.51E-01	1.76E-01	-4.84E-01	3.49E-01	2.28E+00	-3.91E-01	7.06E-01	1.96E+00	2.88E-01	-8.81E-01	3.67E-01	-3.81E+01	2.50E+01	
group_514	1.60E-01	5.17E-02	7.02E-02	3.21E-01	1.77E-01	-4.90E-01	3.67E-01	2.28E+00	-3.28E-01	7.18E-01	1.96E+00	2.93E-01	-9.03E-01	3.83E-01	-2.19E+01	2.49E+01	
group_642	1.61E-01	8.85E-09	4.26E-01	-1.61E-01	2.02E-01	-4.72E-01	6.26E-01	2.26E+00	-3.15E-01	7.14E-01	2.01E+00	3.34E-01	-8.57E-01	5.09E-01	-1.62E+01	2.52E+01	
group_100	1.57E-01	2.17E-01	3.62E-01	-1.63E-01	1.78E-01	-4.72E-01	6.45E-01	2.43E+00	-3.03E-01	7.17E-01	1.97E+00	4.16E-01	-8.36E-01	5.10E-01	-2.19E+01	2.52E+01	
group_2474	1.54E-01	2.77E-21	6.86E-01	-7.14E-01	6.97E+00	2.37E-01	-8.62E-02	1.23E+00	-3.01E-01	-6.66E-04	1.23E+00	-3.72E-01	-8.13E-01	-2.01E-01	-1.92E+00	8.61E-01	matrix-inversion-error
group_2199	1.58E-01	4.07E-02	4.95E-02	3.46E-01	1.77E-01	-4.84E-01	3.52E-01	2.28E+00	-3.91E-01	7.06E-01	1.96E+00	2.90E-01	-8.80E-01	3.67E-01	-2.19E+01	2.50E+01	
group_1966	1.54E-01	2.77E-21	6.86E-01	-7.14E-01	6.97E+00	2.37E-01	-8.62E-02	1.23E+00	-3.01E-01	-6.66E-04	1.23E+00	-3.72E-01	-8.13E-01	-2.01E-01	-1.92E+00	8.61E-01	matrix-inversion-error
group_898	1.53E-01	1.29E-07	4.02E-04	9.92E-01	2.91E-01	-1.36E+00	1.52E+00	2.67E+00	-3.99E-01	1.56E+00	2.83E+00	1.01E+00	3.20E-02	1.40E+00	-1.86E+01	2.01E+01	
group_621	1.58E-01	4.07E-02	4.95E-02	3.46E-01	1.77E-01	-4.84E-01	3.52E-01	2.28E+00	-3.91E-01	7.06E-01	1.96E+00	2.90E-01	-8.80E-01	3.67E-01	-2.19E+01	2.50E+01	
group_513	1.53E-01	2.48E-08	5.82E-03	7.77E-01	2.89E-01	-1.21E+00	1.34E+00	2.61E+00	-3.07E-01	1.42E+00	2.68E+00	9.14E-01	-1.20E-01	1.25E+00	-2.39E+01	2.04E+01	
hhaIM~~~banIM~~~hhaIM_1	1.58E-01	4.72E-02	1.10E-05	9.45E-01	2.20E-01	-4.83E-01	6.21E-01	2.27E+00	-1.21E+00	7.60E-02	1.96E+00	8.93E-02	-8.46E-01	4.68E-01	-2.19E+01	2.50E+01	
group_1412	1.56E-01	1.12E-01	5.21E-01	-1.15E-01	1.79E-01	-4.70E-01	6.33E-01	2.33E+00	-3.12E-01	7.06E-01	1.96E+00	3.88E-01	-8.12E-01	5.07E-01	-2.19E+01	2.52E+01	
group_860	1.52E-01	1.97E-07	2.24E-04	1.04E+00	2.95E-01	-1.41E+00	1.56E+00	2.70E+00	-4.03E-01	1.61E+00	2.88E+00	1.05E+00	8.00E-02	1.45E+00	-1.07E+02	2.00E+01	
group_63	1.56E-01	3.04E-03	9.63E-01	-1.21E-02	2.58E-01	-4.62E-01	6.16E-01	2.25E+00	-3.27E-01	6.93E-01	1.94E+00	3.22E-01	-8.56E-01	4.98E-01	-2.19E+01	2.52E+01	
group_609	1.56E-01	8.30E-02	6.56E-02	3.31E-01	1.80E-01	-4.90E-01	3.65E-01	2.28E+00	-3.24E-01	7.19E-01	1.96E+00	3.01E-01	-8.97E-01	3.77E-01	-2.19E+01	2.49E+01	
group_1153	1.53E-01	1.29E-07	3.78E-04	1.01E+00	2.93E-01	-1.37E+00	1.53E+00	2.68E+00	-4.00E-01	1.60E+00	2.85E+00	1.01E+00	4.51E-02	1.41E+00	-2.49E+01	2.00E+01	
group_1143	1.53E-01	1.29E-07	3.78E-04	1.01E+00	2.93E-01	-1.37E+00	1.53E+00	2.68E+00	-4.00E-01	1.60E+00	2.85E+00	1.01E+00	4.51E-02	1.41E+00	-2.49E+01	2.00E+01	
group_778	1.55E-01	1.18E-01	3.71E-02	3.76E-01	1.81E-01	-4.93E-01	3.29E-01	2.28E+00	-3.25E-01	7.21E-01	1.96E+00	2.96E-01	-9.03E-01	3.60E-01	-2.19E+01	2.48E+01	
group_641	1.56E-01	6.61E-09	3.46E-01	-1.99E-01	2.10E-01	-4.71E-01	6.25E-01	2.26E+00	-3.15E-01	7.02E-01	2.02E+00	3.35E-01	-8.58E-01	5.08E-01	-1.95E+01	2.52E+01	
group_161	1.54E-01	3.33E-02	1.20E-01	2.77E-01	1.78E-01	-4.82E-01	4.18E-01	2.16E+00	-3.64E-01	7.06E-01	1.95E+00	3.05E-01	-8.82E-01	3.98E-01	-4.15E+02	3.30E+01	
xerC_3~~~xerD~~~xerC_4	1.55E-01	3.67E-09	3.96E-01	-1.80E-01	2.12E-01	-4.72E-01	6.26E-01	2.26E+00	-3.15E-01	7.03E-01	2.02E+00	3.34E-01	-8.58E-01	5.09E-01	-3.45E+01	2.52E+01	
group_1212	1.52E-01	1.36E-07	7.70E-03	-4.92E-01	1.85E-01	-4.36E-01	5.90E-01	2.31E+00	-3.08E-01	7.20E-01	1.94E+00	6.01E-01	-8.83E-01	5.18E-01	-1.76E+01	2.57E+01	
group_1059	1.55E-01	3.67E-09	4.02E-01	-1.78E-01	2.12E-01	-4.72E-01	6.26E-01	2.26E+00	-3.15E-01	7.03E-01	2.02E+00	3.34E-01	-8.58E-01	5.08E-01	-4.56E+01	2.52E+01	
group_1014	1.54E-01	2.35E-04	6.37E-04	-5.68E-01	1.66E-01	-4.09E-01	5.63E-01	2.70E+00	-3.73E-01	7.17E-01	1.96E+00	5.19E-01	-9.09E-01	5.03E-01	-2.20E+01	2.63E+01	
group_445	1.55E-01	3.67E-09	3.96E-01	-1.80E-01	2.12E-01	-4.72E-01	6.26E-01	2.26E+00	-3.15E-01	7.03E-01	2.02E+00	3.34E-01	-8.58E-01	5.09E-01	-3.45E+01	2.52E+01	
group_2776	1.46E-01	1.34E-08	1.26E-02	7.84E-01	3.22E-01	-1.23E+00	1.38E+00	2.63E+00	-3.10E-01	1.43E+00	2.70E+00	9.64E-01	-1.00E-01	1.27E+00	-2.11E+01	2.04E+01	
group_1522	1.50E-01	3.18E-07	6.67E-05	1.17E+00	3.07E-01	-1.52E+00	1.68E+00	2.77E+00	-4.11E-01	1.74E+00	3.00E+00	1.14E+00	1.93E-01	1.56E+00	-2.29E+01	1.98E+01	
group_989	1.50E-01	2.16E-02	1.80E-02	-4.15E-01	1.75E-01	-4.42E-01	6.04E-01	2.60E+00	-3.04E-01	6.84E-01	1.99E+00	4.11E-01	-6.19E-01	4.91E-01	-2.19E+01	2.12E+01	
group_104	1.50E-01	3.18E-07	6.67E-05	1.17E+00	3.07E-01	-1.52E+00	1.68E+00	2.77E+00	-4.11E-01	1.74E+00	3.00E+00	1.14E+00	1.93E-01	1.56E+00	-2.29E+01	1.98E+01	
lytG_1	1.50E-01	3.18E-07	6.67E-05	1.17E+00	3.07E-01	-1.52E+00	1.68E+00	2.77E+00	-4.11E-01	1.74E+00	3.00E+00	1.14E+00	1.93E-01	1.56E+00	-2.29E+01	1.98E+01	
group_684	1.49E-01	4.82E-07	1.06E-05	1.20E+00	7.00E+00	-1.55E+00	1.70E+00	2.46E+00	-4.09E-01	1.77E+00	3.02E+00	1.17E+00	2.57E-01	1.58E+00	-1.91E+00	2.65E+00	matrix-inversion-error
group_2799	1.52E-01	1.98E-09	4.46E-01	-1.64E-01	2.14E-01	-4.72E-01	6.26E-01	2.26E+00	-3.17E-01	7.03E-01	2.01E+00	3.34E-01	-8.57E-01	5.08E-01	-1.53E+01	2.52E+01	
group_2711	1.52E-01	2.24E-03	6.17E-01	-1.17E-01	2.34E-01	-4.73E-01	7.06E-01	2.27E+00	-3.15E-01	7.04E-01	1.95E+00	3.34E-01	-8.56E-01	5.89E-01	-2.19E+01	2.52E+01	
group_2641	1.52E-01	1.98E-09	4.46E-01	-1.64E-01	2.14E-01	-4.72E-01	6.26E-01	2.26E+00	-3.17E-01	7.03E-01	2.01E+00	3.34E-01	-8.57E-01	5.08E-01	-1.53E+01	2.52E+01	
group_2118	1.50E-01	1.20E-01	1.67E-02	4.28E-01	1.79E-01	-4.82E-01	2.91E-01	2.27E+00	-3.86E-01	7.13E-01	1.95E+00	2.72E-01	-9.13E-01	3.42E-01	-2.33E+01	2.50E+01	
group_949	1.49E-01	2.53E-03	9.26E-01	2.70E-02	2.91E-01	-5.00E-01	6.54E-01	2.29E+00	-2.89E-01	7.31E-01	1.97E+00	3.61E-01	-8.54E-01	5.36E-01	-2.19E+01	2.43E+01	
group_547	1.52E-01	1.98E-09	4.46E-01	-1.64E-01	2.14E-01	-4.72E-01	6.26E-01	2.26E+00	-3.17E-01	7.03E-01	2.01E+00	3.34E-01	-8.57E-01	5.08E-01	-1.53E+01	2.52E+01	
group_451	1.52E-01	1.98E-09	4.46E-01	-1.64E-01	2.14E-01	-4.72E-01	6.26E-01	2.26E+00	-3.17E-01	7.03E-01	2.01E+00	3.34E-01	-8.57E-01	5.08E-01	-1.53E+01	2.52E+01	
group_450	1.52E-01	1.98E-09	4.46E-01	-1.64E-01	2.14E-01	-4.72E-01	6.26E-01	2.26E+00	-3.17E-01	7.03E-01	2.01E+00	3.34E-01	-8.57E-01	5.08E-01	-1.53E+01	2.52E+01	
group_444	1.52E-01	1.98E-09	4.46E-01	-1.64E-01	2.14E-01	-4.72E-01	6.26E-01	2.26E+00	-3.17E-01	7.03E-01	2.01E+00	3.34E-01	-8.57E-01	5.08E-01	-1.53E+01	2.52E+01	
group_435	1.52E-01	1.98E-09	4.46E-01	-1.64E-01	2.14E-01	-4.72E-01	6.26E-01	2.26E+00	-3.17E-01	7.03E-01	2.01E+00	3.34E-01	-8.57E-01	5.08E-01	-1.53E+01	2.52E+01	
group_328	1.52E-01	1.98E-09	4.46E-01	-1.64E-01	2.14E-01	-4.72E-01	6.26E-01	2.26E+00	-3.17E-01	7.03E-01	2.01E+00	3.34E-01	-8.57E-01	5.08E-01	-1.53E+01	2.52E+01	
group_217	1.52E-01	1.98E-09	4.46E-01	-1.64E-01	2.14E-01	-4.72E-01	6.26E-01	2.26E+00	-3.17E-01	7.03E-01	2.01E+00	3.34E-01	-8.57E-01	5.08E-01	-1.53E+01	2.52E+01	
group_216	1.52E-01	1.98E-09	4.46E-01	-1.64E-01	2.14E-01	-4.72E-01	6.26E-01	2.26E+00	-3.17E-01	7.03E-01	2.01E+00	3.34E-01	-8.57E-01	5.08E-01	-1.53E+01	2.52E+01	
group_170	1.49E-01	1.82E-02	1.95E-01	2.34E-01	1.81E-01	-4.81E-01	4.50E-01	2.14E+00	-3.56E-01	7.10E-01	1.95E+00	3.11E-01	-8.72E-01	4.17E-01	-2.25E+01	2.51E+01	
group_114	1.52E-01	1.98E-09	4.46E-01	-1.64E-01	2.14E-01	-4.72E-01	6.26E-01	2.26E+00	-3.17E-01	7.03E-01	2.01E+00	3.34E-01	-8.57E-01	5.08E-01	-1.53E+01	2.52E+01	
uvrB_2~~~radD~~~uvrB_1	1.52E-01	1.98E-09	4.46E-01	-1.64E-01	2.14E-01	-4.72E-01	6.26E-01	2.26E+00	-3.17E-01	7.03E-01	2.01E+00	3.34E-01	-8.57E-01	5.08E-01	-1.53E+01	2.52E+01	
group_2017	1.52E-01	1.07E-09	5.06E-01	-1.44E-01	2.16E-01	-4.72E-01	6.26E-01	2.26E+00	-3.17E-01	7.03E-01	2.00E+00	3.33E-01	-8.57E-01	5.08E-01	-1.32E+01	2.52E+01	
group_2016	1.47E-01	5.26E-09	1.23E-01	4.52E-01	2.97E-01	-8.83E-01	1.04E+00	2.67E+00	-3.48E-01	9.77E-01	2.36E+00	7.43E-01	-4.46E-01	8.95E-01	-3.77E+01	2.58E+01	
group_1755	1.48E-01	1.28E-02	2.37E-01	2.14E-01	1.81E-01	-4.80E-01	4.66E-01	2.18E+00	-3.53E-01	7.09E-01	1.95E+00	3.13E-01	-8.70E-01	4.26E-01	-1.86E+01	2.50E+01	
group_2798	1.50E-01	1.95E-09	6.17E-01	-1.07E-01	2.13E-01	-4.72E-01	6.26E-01	2.26E+00	-3.15E-01	7.04E-01	1.99E+00	3.34E-01	-8.57E-01	5.09E-01	-1.89E+01	2.52E+01	
group_2746	1.50E-01	1.95E-09	6.17E-01	-1.07E-01	2.13E-01	-4.72E-01	6.26E-01	2.26E+00	-3.15E-01	7.04E-01	1.99E+00	3.34E-01	-8.57E-01	5.09E-01	-1.89E+01	2.52E+01	
group_2490	1.50E-01	4.81E-09	4.75E-01	-1.53E-01	2.13E-01	-4.72E-01	6.26E-01	2.26E+00	-3.15E-01	7.04E-01	2.00E+00	3.34E-01	-8.57E-01	5.08E-01	-1.80E+01	2.52E+01	
group_2050	1.50E-01	1.95E-09	6.17E-01	-1.07E-01	2.13E-01	-4.72E-01	6.26E-01	2.26E+00	-3.15E-01	7.04E-01	1.99E+00	3.34E-01	-8.57E-01	5.09E-01	-1.89E+01	2.52E+01	
group_2014	1.50E-01	1.95E-09	6.17E-01	-1.07E-01	2.13E-01	-4.72E-01	6.26E-01	2.26E+00	-3.15E-01	7.04E-01	1.99E+00	3.34E-01	-8.57E-01	5.09E-01	-1.89E+01	2.52E+01	
group_1446	1.50E-01	1.95E-09	6.17E-01	-1.07E-01	2.13E-01	-4.72E-01	6.26E-01	2.26E+00	-3.15E-01	7.04E-01	1.99E+00	3.34E-01	-8.57E-01	5.09E-01	-1.89E+01	2.52E+01	
group_1417	1.50E-01	1.95E-09	6.17E-01	-1.07E-01	2.13E-01	-4.72E-01	6.26E-01	2.26E+00	-3.15E-01	7.04E-01	1.99E+00	3.34E-01	-8.57E-01	5.09E-01	-1.89E+01	2.52E+01	
group_1111	1.50E-01	1.95E-09	6.17E-01	-1.07E-01	2.13E-01	-4.72E-01	6.26E-01	2.26E+00	-3.15E-01	7.04E-01	1.99E+00	3.34E-01	-8.57E-01	5.09E-01	-1.89E+01	2.52E+01	
group_1096	1.50E-01	1.95E-09	6.17E-01	-1.07E-01	2.13E-01	-4.72E-01	6.26E-01	2.26E+00	-3.15E-01	7.04E-01	1.99E+00	3.34E-01	-8.57E-01	5.09E-01	-1.89E+01	2.52E+01	
group_1080	1.50E-01	1.95E-09	6.17E-01	-1.07E-01	2.13E-01	-4.72E-01	6.26E-01	2.26E+00	-3.15E-01	7.04E-01	1.99E+00	3.34E-01	-8.57E-01	5.09E-01	-1.89E+01	2.52E+01	
group_1030	1.50E-01	1.95E-09	6.17E-01	-1.07E-01	2.13E-01	-4.72E-01	6.26E-01	2.26E+00	-3.15E-01	7.04E-01	1.99E+00	3.34E-01	-8.57E-01	5.09E-01	-1.89E+01	2.52E+01	
group_821	1.50E-01	1.95E-09	6.17E-01	-1.07E-01	2.13E-01	-4.72E-01	6.26E-01	2.26E+00	-3.15E-01	7.04E-01	1.99E+00	3.34E-01	-8.57E-01	5.09E-01	-1.89E+01	2.52E+01	
group_798	1.50E-01	1.95E-09	6.17E-01	-1.07E-01	2.13E-01	-4.72E-01	6.26E-01	2.26E+00	-3.15E-01	7.04E-01	1.99E+00	3.34E-01	-8.57E-01	5.09E-01	-1.89E+01	2.52E+01	
group_698	1.50E-01	1.95E-09	6.17E-01	-1.07E-01	2.13E-01	-4.72E-01	6.26E-01	2.26E+00	-3.15E-01	7.04E-01	1.99E+00	3.34E-01	-8.57E-01	5.09E-01	-1.89E+01	2.52E+01	
group_574	1.50E-01	1.95E-09	6.17E-01	-1.07E-01	2.13E-01	-4.72E-01	6.26E-01	2.26E+00	-3.15E-01	7.04E-01	1.99E+00	3.34E-01	-8.57E-01	5.09E-01	-1.89E+01	2.52E+01	
group_262	1.50E-01	1.95E-09	6.17E-01	-1.07E-01	2.13E-01	-4.72E-01	6.26E-01	2.26E+00	-3.15E-01	7.04E-01	1.99E+00	3.34E-01	-8.57E-01	5.09E-01	-1.89E+01	2.52E+01	
group_261	1.50E-01	1.95E-09	6.17E-01	-1.07E-01	2.13E-01	-4.72E-01	6.26E-01	2.26E+00	-3.15E-01	7.04E-01	1.99E+00	3.34E-01	-8.57E-01	5.09E-01	-1.89E+01	2.52E+01	
group_88	1.50E-01	1.95E-09	6.17E-01	-1.07E-01	2.13E-01	-4.72E-01	6.26E-01	2.26E+00	-3.15E-01	7.04E-01	1.99E+00	3.34E-01	-8.57E-01	5.09E-01	-1.89E+01	2.52E+01	
group_87	1.50E-01	1.95E-09	6.17E-01	-1.07E-01	2.13E-01	-4.72E-01	6.26E-01	2.26E+00	-3.15E-01	7.04E-01	1.99E+00	3.34E-01	-8.57E-01	5.09E-01	-1.89E+01	2.52E+01	
group_82	1.50E-01	1.95E-09	6.17E-01	-1.07E-01	2.13E-01	-4.72E-01	6.26E-01	2.26E+00	-3.15E-01	7.04E-01	1.99E+00	3.34E-01	-8.57E-01	5.09E-01	-1.89E+01	2.52E+01	
group_1732	1.45E-01	3.17E-02	2.66E-02	3.77E-01	1.70E-01	-4.85E-01	4.52E-01	2.28E+00	-3.73E-01	7.13E-01	1.96E+00	2.65E-01	-1.02E+00	3.89E-01	-2.19E+01	2.50E+01	
group_1168	1.49E-01	3.13E-03	7.88E-03	-4.52E-01	1.70E-01	-4.43E-01	5.97E-01	2.63E+00	-3.25E-01	7.23E-01	1.97E+00	5.02E-01	-8.86E-01	5.22E-01	-2.83E+01	2.57E+01	
group_1135	1.41E-01	3.83E-08	3.58E-02	6.08E-01	2.95E-01	-1.06E+00	1.21E+00	2.54E+00	-2.49E-01	1.26E+00	2.53E+00	8.21E-01	-2.71E-01	1.09E+00	-2.13E+01	2.09E+01	
group_977	1.48E-01	1.95E-01	9.92E-01	1.61E-03	1.64E-01	-4.73E-01	6.27E-01	2.27E+00	-3.15E-01	7.04E-01	1.95E+00	3.33E-01	-8.56E-01	5.09E-01	-2.19E+01	2.52E+01	
group_881	1.48E-01	1.91E-09	6.05E-01	-1.11E-01	2.15E-01	-4.72E-01	6.26E-01	2.26E+00	-3.16E-01	7.04E-01	1.99E+00	3.34E-01	-8.57E-01	5.09E-01	-2.00E+01	2.52E+01	
group_322	1.46E-01	1.02E-01	3.90E-02	3.81E-01	1.85E-01	-4.81E-01	3.28E-01	1.95E+00	-3.68E-01	7.12E-01	1.96E+00	2.90E-01	-9.06E-01	3.57E-01	-4.40E+01	2.50E+01	
group_1497	1.47E-01	2.04E-11	6.26E-01	-1.07E-01	2.18E-01	-4.73E-01	6.27E-01	2.27E+00	-3.15E-01	7.04E-01	1.99E+00	3.34E-01	-8.56E-01	5.10E-01	-2.19E+01	2.52E+01	
group_984	1.47E-01	1.02E-09	6.75E-01	-9.08E-02	2.16E-01	-4.72E-01	6.27E-01	2.26E+00	-3.16E-01	7.04E-01	1.98E+00	3.33E-01	-8.57E-01	5.09E-01	-1.92E+01	2.52E+01	
group_527	1.43E-01	3.21E-03	6.73E-05	9.51E-01	2.44E-01	-5.44E-01	6.98E-01	1.38E+00	-1.18E+00	7.52E-01	2.01E+00	-5.35E-02	-7.86E-01	5.70E-01	-7.28E+01	2.41E+01	
group_2429	1.47E-01	2.58E-09	5.38E-01	-1.33E-01	2.16E-01	-4.72E-01	6.26E-01	2.26E+00	-3.16E-01	7.03E-01	2.00E+00	3.34E-01	-8.57E-01	5.08E-01	-1.77E+01	2.52E+01	
group_1815	1.47E-01	2.58E-09	5.38E-01	-1.33E-01	2.16E-01	-4.72E-01	6.26E-01	2.26E+00	-3.16E-01	7.03E-01	2.00E+00	3.34E-01	-8.57E-01	5.08E-01	-1.77E+01	2.52E+01	
group_288	1.47E-01	4.33E-02	1.25E-01	-2.70E-01	1.75E-01	-4.65E-01	6.30E-01	2.53E+00	-1.88E-01	7.45E-01	1.98E+00	4.08E-01	-8.64E-01	5.03E-01	-2.19E+01	2.21E+01	
group_1731	1.47E-01	1.38E-09	6.04E-01	-1.13E-01	2.17E-01	-4.72E-01	6.26E-01	2.26E+00	-3.16E-01	7.03E-01	1.99E+00	3.33E-01	-8.57E-01	5.09E-01	-2.61E+01	2.52E+01	
group_1330	1.46E-01	1.87E-09	6.16E-01	-1.09E-01	2.16E-01	-4.72E-01	6.26E-01	2.26E+00	-3.16E-01	7.04E-01	1.99E+00	3.33E-01	-8.57E-01	5.09E-01	-2.02E+01	2.52E+01	
group_1090	1.47E-01	1.38E-09	6.04E-01	-1.13E-01	2.17E-01	-4.72E-01	6.26E-01	2.26E+00	-3.16E-01	7.03E-01	1.99E+00	3.33E-01	-8.57E-01	5.09E-01	-2.61E+01	2.52E+01	
group_2796	1.42E-01	4.29E-06	9.05E-01	-4.68E-02	3.92E-01	-4.70E-01	6.25E-01	2.26E+00	-2.72E-01	7.46E-01	1.95E+00	3.31E-01	-8.59E-01	5.09E-01	-1.82E+01	2.42E+01	
group_2765	1.43E-01	1.91E-02	7.58E-02	-3.05E-01	1.71E-01	-4.61E-01	6.45E-01	2.39E+00	-2.84E-01	7.33E-01	1.98E+00	4.29E-01	-7.74E-01	5.03E-01	-2.19E+01	2.54E+01	
group_784	1.43E-01	5.17E-03	1.53E-02	-4.21E-01	1.73E-01	-4.65E-01	6.44E-01	2.63E+00	-2.70E-01	7.57E-01	2.00E+00	4.70E-01	-7.19E-01	5.11E-01	-2.19E+01	2.53E+01	
group_982	1.43E-01	4.20E-03	1.39E-02	-4.28E-01	1.74E-01	-4.65E-01	6.44E-01	2.63E+00	-2.59E-01	7.58E-01	2.00E+00	4.71E-01	-7.17E-01	5.08E-01	-2.19E+01	2.53E+01	
group_235	1.43E-01	1.37E-06	1.58E-01	-2.49E-01	1.76E-01	-4.56E-01	6.34E-01	2.46E+00	-3.29E-01	6.90E-01	1.93E+00	4.33E-01	-8.13E-01	5.51E-01	-2.72E+01	2.54E+01	
group_1074	1.41E-01	1.23E-01	1.72E-06	1.04E+00	2.23E-01	-4.84E-01	6.38E-01	2.28E+00	-1.30E+00	2.17E-01	1.95E+00	9.38E-02	-9.36E-01	4.82E-01	-2.19E+01	2.50E+01	
group_24	1.43E-01	1.55E-03	4.26E-01	-1.83E-01	2.29E-01	-4.73E-01	7.40E-01	2.27E+00	-3.15E-01	7.04E-01	1.95E+00	3.34E-01	-8.56E-01	6.28E-01	-2.19E+01	2.52E+01	
group_1113	1.39E-01	2.02E-01	3.19E-03	5.90E-01	2.03E-01	-4.98E-01	6.52E-01	2.29E+00	-2.98E-01	4.15E-01	1.95E+00	2.20E-01	-1.42E+00	5.01E-01	-2.19E+01	2.47E+01	
group_764	1.39E-01	1.24E-02	1.33E-02	-4.55E-01	1.83E-01	-4.52E-01	6.06E-01	2.64E+00	-2.95E-01	6.95E-01	2.00E+00	4.29E-01	-5.84E-01	4.96E-01	-4.50E+01	2.09E+01	
xerC_5~~~xerC_4~~~xerC_2	1.37E-01	9.49E-07	8.63E-02	-3.61E-01	2.09E-01	-4.49E-01	6.03E-01	2.24E+00	-3.40E-01	6.80E-01	2.05E+00	3.10E-01	-8.80E-01	4.89E-01	-2.19E+01	2.58E+01	
group_2329	1.37E-01	9.49E-07	8.63E-02	-3.61E-01	2.09E-01	-4.49E-01	6.03E-01	2.24E+00	-3.40E-01	6.80E-01	2.05E+00	3.10E-01	-8.80E-01	4.89E-01	-2.19E+01	2.58E+01	
group_1640	1.37E-01	9.49E-07	8.63E-02	-3.61E-01	2.09E-01	-4.49E-01	6.03E-01	2.24E+00	-3.40E-01	6.80E-01	2.05E+00	3.10E-01	-8.80E-01	4.89E-01	-2.19E+01	2.58E+01	
group_501	1.40E-01	4.73E-03	8.23E-03	-4.63E-01	1.75E-01	-4.65E-01	6.45E-01	2.66E+00	-2.65E-01	7.62E-01	2.01E+00	4.82E-01	-7.28E-01	5.08E-01	-2.19E+01	2.53E+01	
group_1693	1.37E-01	5.60E-07	1.06E-01	-3.42E-01	2.11E-01	-4.50E-01	6.04E-01	2.24E+00	-3.38E-01	6.81E-01	2.05E+00	3.11E-01	-8.79E-01	4.89E-01	-2.19E+01	2.58E+01	
group_681	1.39E-01	1.30E-12	5.02E-01	-1.65E-01	2.45E-01	-3.89E-01	6.48E-01	2.18E+00	-2.35E-01	6.23E-01	1.86E+00	2.75E-01	-9.40E-01	4.26E-01	-2.18E+01	2.65E+01	
group_2522	1.37E-01	3.46E-01	8.72E-01	3.43E-02	2.13E-01	-4.74E-01	6.27E-01	2.26E+00	-3.44E-01	6.93E-01	1.94E+00	3.34E-01	-8.56E-01	5.09E-01	-2.19E+01	2.58E+01	
dnaG_1~~~dnaG_2	1.36E-01	5.63E-03	4.72E-01	1.74E-01	2.43E-01	-4.80E-01	6.35E-01	2.25E+00	-3.12E-01	6.98E-01	1.95E+00	2.14E-01	-8.49E-01	5.17E-01	-1.94E+01	2.50E+01	
group_569	1.37E-01	1.09E-02	9.16E-03	-4.79E-01	1.83E-01	-4.51E-01	6.05E-01	2.66E+00	-2.94E-01	6.95E-01	2.01E+00	4.28E-01	-5.93E-01	4.97E-01	-1.87E+01	2.08E+01	
group_520	1.35E-01	7.32E-03	4.01E-06	1.17E+00	2.61E-01	-4.98E-01	6.52E-01	2.17E+00	-1.44E+00	7.11E-01	1.96E+00	-2.05E-01	-8.32E-01	5.34E-01	-2.11E+01	2.48E+01	
group_844	1.36E-01	8.94E-03	7.34E-04	7.21E-01	2.17E-01	-4.81E-01	6.35E-01	2.27E+00	-9.98E-01	4.14E-01	1.95E+00	1.50E-01	-8.48E-01	4.82E-01	-2.19E+01	2.50E+01	
group_542	1.37E-01	1.42E-01	3.94E-01	-1.44E-01	1.69E-01	-4.72E-01	6.46E-01	2.33E+00	-3.10E-01	7.06E-01	1.96E+00	3.78E-01	-8.57E-01	5.39E-01	-2.19E+01	2.52E+01	
group_843	1.35E-01	1.15E-02	6.05E-04	7.30E-01	2.16E-01	-4.81E-01	6.35E-01	2.27E+00	-9.99E-01	4.11E-01	1.95E+00	1.47E-01	-8.48E-01	4.82E-01	-2.19E+01	2.50E+01	
group_742	1.35E-01	1.15E-02	6.05E-04	7.30E-01	2.16E-01	-4.81E-01	6.35E-01	2.27E+00	-9.99E-01	4.11E-01	1.95E+00	1.47E-01	-8.48E-01	4.82E-01	-2.19E+01	2.50E+01	
group_298	1.32E-01	8.46E-04	8.52E-01	3.38E-02	1.81E-01	-4.77E-01	6.30E-01	2.27E+00	-3.32E-01	7.01E-01	1.95E+00	3.33E-01	-8.67E-01	5.10E-01	-2.03E+01	2.51E+01	
group_2613	1.34E-01	2.81E-02	3.82E-01	1.47E-01	1.68E-01	-4.76E-01	6.16E-01	2.27E+00	-3.20E-01	6.71E-01	1.95E+00	2.90E-01	-8.63E-01	4.72E-01	-2.19E+01	2.51E+01	
hipO	1.31E-01	1.23E-11	1.43E-01	6.35E-01	4.45E-01	-1.08E+00	1.23E+00	2.87E+00	-3.31E-01	1.29E+00	2.55E+00	9.04E-01	-2.50E-01	1.12E+00	-1.96E+01	2.06E+01	
group_530	1.33E-01	1.38E-03	7.08E-03	-4.78E-01	1.77E-01	-4.64E-01	6.46E-01	2.41E+00	-2.75E-01	7.60E-01	2.00E+00	4.85E-01	-7.03E-01	5.08E-01	-2.19E+01	2.53E+01	
group_2834	1.34E-01	9.40E-05	6.54E-01	-1.64E-01	3.65E-01	-4.70E-01	6.27E-01	2.29E+00	-1.76E-01	8.56E-01	1.95E+00	3.35E-01	-8.55E-01	5.08E-01	-2.19E+01	2.28E+01	
group_2074	1.33E-01	6.18E-04	2.39E-01	-2.00E-01	1.69E-01	-4.60E-01	6.33E-01	2.25E+00	-3.24E-01	7.05E-01	1.94E+00	3.75E-01	-8.65E-01	5.58E-01	-1.78E+01	2.54E+01	
group_1977	1.33E-01	1.23E-09	7.46E-05	-7.58E-01	1.95E-01	-4.32E-01	6.30E-01	2.22E+00	-3.56E-01	1.19E+00	1.91E+00	5.23E-01	-8.97E-01	5.68E-01	-1.41E+01	2.57E+01	
group_1384	1.33E-01	1.23E-09	7.46E-05	-7.58E-01	1.95E-01	-4.32E-01	6.30E-01	2.22E+00	-3.56E-01	1.19E+00	1.91E+00	5.23E-01	-8.97E-01	5.68E-01	-1.41E+01	2.57E+01	
lexA	1.33E-01	3.90E-03	5.42E-01	1.05E-01	1.73E-01	-4.77E-01	5.92E-01	2.27E+00	-3.23E-01	7.08E-01	1.95E+00	3.00E-01	-8.58E-01	4.82E-01	-2.19E+01	2.51E+01	
group_1803	1.33E-01	3.90E-03	5.42E-01	1.05E-01	1.73E-01	-4.77E-01	5.92E-01	2.27E+00	-3.23E-01	7.08E-01	1.95E+00	3.00E-01	-8.58E-01	4.82E-01	-2.19E+01	2.51E+01	
group_765	1.33E-01	8.79E-02	4.57E-01	-1.62E-01	2.16E-01	-4.72E-01	6.29E-01	2.29E+00	-1.82E-01	7.04E-01	1.97E+00	3.37E-01	-7.95E-01	5.14E-01	-2.19E+01	2.52E+01	
group_1229	1.30E-01	1.44E-02	3.27E-02	-1.86E-01	6.42E+00	-4.59E-01	6.10E-01	2.09E+00	-3.02E-01	7.10E-01	1.95E+00	3.81E-01	-7.66E-01	5.09E-01	-1.90E+00	1.56E+00	matrix-inversion-error
group_2239	1.31E-01	2.63E-02	5.71E-01	-2.14E-01	3.79E-01	-4.56E-01	8.25E-01	2.34E+00	-3.32E-01	8.92E-01	1.93E+00	3.17E-01	-8.73E-01	5.06E-01	-2.17E+01	2.28E+01	
group_2011	1.31E-01	2.63E-02	5.71E-01	-2.14E-01	3.79E-01	-4.56E-01	8.25E-01	2.34E+00	-3.32E-01	8.92E-01	1.93E+00	3.17E-01	-8.73E-01	5.06E-01	-2.17E+01	2.28E+01	
group_2792	1.29E-01	3.98E-01	5.22E-02	-3.62E-01	1.85E-01	-4.70E-01	6.59E-01	2.62E+00	-3.14E-01	7.37E-01	2.00E+00	4.68E-01	-8.52E-01	5.06E-01	-2.19E+01	2.52E+01	
group_2150	1.33E-01	2.81E-02	4.27E-02	3.33E-01	6.27E+00	-4.79E-01	6.30E-01	1.95E+00	-3.20E-01	3.90E-01	1.91E+00	3.36E-01	-8.11E-01	5.12E-01	-1.92E+00	1.24E+00	matrix-inversion-error
ermA1_2~~~ermA1~~~ermA1_1	1.31E-01	7.85E-05	8.75E-01	-3.34E-02	2.12E-01	-4.69E-01	6.23E-01	2.26E+00	-2.88E-01	7.12E-01	1.95E+00	3.34E-01	-8.60E-01	5.06E-01	-2.19E+01	2.52E+01	
pezA	1.31E-01	8.70E-03	4.67E-03	-5.25E-01	1.85E-01	-4.44E-01	5.98E-01	2.70E+00	-3.21E-01	7.31E-01	1.98E+00	5.35E-01	-8.85E-01	4.84E-01	-2.19E+01	2.57E+01	
pezT	1.31E-01	8.70E-03	4.67E-03	-5.25E-01	1.85E-01	-4.44E-01	5.98E-01	2.70E+00	-3.21E-01	7.31E-01	1.98E+00	5.35E-01	-8.85E-01	4.84E-01	-2.19E+01	2.57E+01	
group_1023	1.31E-01	5.65E-02	9.33E-01	-1.48E-02	1.75E-01	-4.73E-01	6.28E-01	2.27E+00	-3.15E-01	7.04E-01	1.95E+00	3.38E-01	-8.51E-01	5.13E-01	-2.19E+01	2.52E+01	
group_891	1.31E-01	8.70E-03	6.87E-03	-5.04E-01	1.85E-01	-4.40E-01	5.94E-01	2.67E+00	-3.26E-01	7.16E-01	1.98E+00	5.22E-01	-8.89E-01	4.80E-01	-1.77E+01	2.57E+01	
group_849	1.29E-01	3.98E-01	5.22E-02	-3.62E-01	1.85E-01	-4.70E-01	6.59E-01	2.62E+00	-3.14E-01	7.37E-01	2.00E+00	4.68E-01	-8.52E-01	5.06E-01	-2.19E+01	2.52E+01	
clpP_3~~~clpP_2~~~clpP_1	1.29E-01	3.98E-01	5.22E-02	-3.62E-01	1.85E-01	-4.70E-01	6.59E-01	2.62E+00	-3.14E-01	7.37E-01	2.00E+00	4.68E-01	-8.52E-01	5.06E-01	-2.19E+01	2.52E+01	
group_755	1.29E-01	3.98E-01	5.22E-02	-3.62E-01	1.85E-01	-4.70E-01	6.59E-01	2.62E+00	-3.14E-01	7.37E-01	2.00E+00	4.68E-01	-8.52E-01	5.06E-01	-2.19E+01	2.52E+01	
group_748	1.29E-01	3.98E-01	5.22E-02	-3.62E-01	1.85E-01	-4.70E-01	6.59E-01	2.62E+00	-3.14E-01	7.37E-01	2.00E+00	4.68E-01	-8.52E-01	5.06E-01	-2.19E+01	2.52E+01	
group_747	1.29E-01	3.98E-01	5.22E-02	-3.62E-01	1.85E-01	-4.70E-01	6.59E-01	2.62E+00	-3.14E-01	7.37E-01	2.00E+00	4.68E-01	-8.52E-01	5.06E-01	-2.19E+01	2.52E+01	
group_680	1.29E-01	3.98E-01	5.22E-02	-3.62E-01	1.85E-01	-4.70E-01	6.59E-01	2.62E+00	-3.14E-01	7.37E-01	2.00E+00	4.68E-01	-8.52E-01	5.06E-01	-2.19E+01	2.52E+01	
group_537	1.29E-01	3.98E-01	5.22E-02	-3.62E-01	1.85E-01	-4.70E-01	6.59E-01	2.62E+00	-3.14E-01	7.37E-01	2.00E+00	4.68E-01	-8.52E-01	5.06E-01	-2.19E+01	2.52E+01	
group_536	1.29E-01	3.98E-01	5.22E-02	-3.62E-01	1.85E-01	-4.70E-01	6.59E-01	2.62E+00	-3.14E-01	7.37E-01	2.00E+00	4.68E-01	-8.52E-01	5.06E-01	-2.19E+01	2.52E+01	
group_522	1.29E-01	3.98E-01	5.22E-02	-3.62E-01	1.85E-01	-4.70E-01	6.59E-01	2.62E+00	-3.14E-01	7.37E-01	2.00E+00	4.68E-01	-8.52E-01	5.06E-01	-2.19E+01	2.52E+01	
group_506	1.29E-01	3.98E-01	5.22E-02	-3.62E-01	1.85E-01	-4.70E-01	6.59E-01	2.62E+00	-3.14E-01	7.37E-01	2.00E+00	4.68E-01	-8.52E-01	5.06E-01	-2.19E+01	2.52E+01	
group_503	1.29E-01	3.98E-01	5.22E-02	-3.62E-01	1.85E-01	-4.70E-01	6.59E-01	2.62E+00	-3.14E-01	7.37E-01	2.00E+00	4.68E-01	-8.52E-01	5.06E-01	-2.19E+01	2.52E+01	
group_53	1.33E-01	2.81E-02	4.27E-02	3.33E-01	6.27E+00	-4.79E-01	6.30E-01	1.95E+00	-3.20E-01	3.90E-01	1.91E+00	3.36E-01	-8.11E-01	5.12E-01	-1.92E+00	1.24E+00	matrix-inversion-error
pknD_1~~~pknD_2	1.25E-01	3.10E-10	3.61E-02	8.21E-01	4.09E-01	-1.20E+00	1.35E+00	2.99E+00	-3.94E-01	1.40E+00	2.67E+00	1.01E+00	-1.31E-01	1.23E+00	-1.91E+01	2.02E+01	
group_957	1.29E-01	1.84E-02	8.16E-03	-4.95E-01	1.86E-01	-4.45E-01	5.99E-01	2.67E+00	-3.32E-01	7.30E-01	1.98E+00	5.21E-01	-8.84E-01	4.85E-01	-2.19E+01	2.57E+01	
group_590	1.27E-01	9.38E-09	4.06E-02	7.37E-01	3.74E-01	-1.14E+00	1.29E+00	2.85E+00	-3.58E-01	1.35E+00	2.61E+00	9.59E-01	-2.13E-01	1.16E+00	-2.12E+01	2.03E+01	
group_74	1.27E-01	4.69E-01	8.81E-02	-3.19E-01	1.86E-01	-4.70E-01	6.55E-01	2.50E+00	-3.15E-01	7.30E-01	1.99E+00	4.52E-01	-8.52E-01	5.07E-01	-2.19E+01	2.52E+01	
group_272	1.28E-01	1.94E-02	5.93E-03	-5.16E-01	1.86E-01	-4.59E-01	6.13E-01	2.70E+00	-3.18E-01	7.55E-01	2.00E+00	5.41E-01	-8.70E-01	4.99E-01	-2.19E+01	2.54E+01	
group_2787	1.26E-01	1.09E-02	6.49E-01	9.54E-02	2.09E-01	-4.78E-01	5.52E-01	2.27E+00	-3.18E-01	7.09E-01	1.95E+00	3.36E-01	-8.56E-01	4.72E-01	-2.19E+01	2.51E+01	
group_2783	1.27E-01	4.58E-02	1.88E-02	-4.48E-01	1.89E-01	-4.61E-01	6.15E-01	2.64E+00	-3.18E-01	7.32E-01	1.99E+00	5.18E-01	-8.69E-01	5.00E-01	-2.19E+01	2.54E+01	
nisI	1.27E-01	4.58E-02	1.88E-02	-4.48E-01	1.89E-01	-4.61E-01	6.15E-01	2.64E+00	-3.18E-01	7.32E-01	1.99E+00	5.18E-01	-8.69E-01	5.00E-01	-2.19E+01	2.54E+01	
group_2632	1.27E-01	4.58E-02	1.88E-02	-4.48E-01	1.89E-01	-4.61E-01	6.15E-01	2.64E+00	-3.18E-01	7.32E-01	1.99E+00	5.18E-01	-8.69E-01	5.00E-01	-2.19E+01	2.54E+01	
group_2313	1.27E-01	4.58E-02	1.88E-02	-4.48E-01	1.89E-01	-4.61E-01	6.15E-01	2.64E+00	-3.18E-01	7.32E-01	1.99E+00	5.18E-01	-8.69E-01	5.00E-01	-2.19E+01	2.54E+01	
group_1870	1.27E-01	4.58E-02	1.88E-02	-4.48E-01	1.89E-01	-4.61E-01	6.15E-01	2.64E+00	-3.18E-01	7.32E-01	1.99E+00	5.18E-01	-8.69E-01	5.00E-01	-2.19E+01	2.54E+01	
creC	1.27E-01	4.58E-02	1.88E-02	-4.48E-01	1.89E-01	-4.61E-01	6.15E-01	2.64E+00	-3.18E-01	7.32E-01	1.99E+00	5.18E-01	-8.69E-01	5.00E-01	-2.19E+01	2.54E+01	
nisC	1.27E-01	4.58E-02	1.88E-02	-4.48E-01	1.89E-01	-4.61E-01	6.15E-01	2.64E+00	-3.18E-01	7.32E-01	1.99E+00	5.18E-01	-8.69E-01	5.00E-01	-2.19E+01	2.54E+01	
group_1858	1.27E-01	4.58E-02	1.88E-02	-4.48E-01	1.89E-01	-4.61E-01	6.15E-01	2.64E+00	-3.18E-01	7.32E-01	1.99E+00	5.18E-01	-8.69E-01	5.00E-01	-2.19E+01	2.54E+01	
group_1658	1.27E-01	4.58E-02	1.88E-02	-4.48E-01	1.89E-01	-4.61E-01	6.15E-01	2.64E+00	-3.18E-01	7.32E-01	1.99E+00	5.18E-01	-8.69E-01	5.00E-01	-2.19E+01	2.54E+01	
regX3	1.27E-01	4.58E-02	1.88E-02	-4.48E-01	1.89E-01	-4.61E-01	6.15E-01	2.64E+00	-3.18E-01	7.32E-01	1.99E+00	5.18E-01	-8.69E-01	5.00E-01	-2.19E+01	2.54E+01	
group_1046	1.27E-01	3.10E-02	9.22E-03	-4.91E-01	1.87E-01	-4.64E-01	6.18E-01	2.69E+00	-3.13E-01	7.57E-01	2.00E+00	5.34E-01	-8.65E-01	5.04E-01	-2.19E+01	2.53E+01	
group_270	1.27E-01	8.92E-01	5.60E-01	1.33E-01	2.30E-01	-4.75E-01	6.26E-01	2.25E+00	-4.29E-01	7.03E-01	1.93E+00	3.32E-01	-8.61E-01	5.05E-01	-2.19E+01	2.51E+01	
group_21	1.27E-01	4.58E-02	1.88E-02	-4.48E-01	1.89E-01	-4.61E-01	6.15E-01	2.64E+00	-3.18E-01	7.32E-01	1.99E+00	5.18E-01	-8.69E-01	5.00E-01	-2.19E+01	2.54E+01	
group_1132	1.23E-01	7.67E-05	2.38E-01	-2.31E-01	1.95E-01	-4.64E-01	6.18E-01	2.26E+00	-2.94E-01	7.02E-01	1.96E+00	4.12E-01	-7.13E-01	5.04E-01	-6.71E+00	2.53E+01	
group_987	1.25E-01	2.17E-02	5.11E-01	1.38E-01	2.10E-01	-4.80E-01	5.18E-01	2.27E+00	-3.13E-01	7.11E-01	1.95E+00	3.37E-01	-8.59E-01	4.55E-01	-2.19E+01	2.50E+01	
lexA_2~~~lexA_1~~~lexA	1.21E-01	3.50E-01	1.72E-02	4.48E-01	1.89E-01	-4.97E-01	4.11E-01	1.91E+00	-3.34E-01	7.28E-01	1.97E+00	3.12E-01	-9.13E-01	3.73E-01	-2.72E+01	2.48E+01	
group_2339	1.25E-01	1.80E-02	4.08E-03	1.29E+00	4.86E-01	-1.56E+00	1.69E+00	3.35E+00	7.67E-01	5.97E-01	3.03E+00	1.42E+00	2.27E-01	1.59E+00	-2.08E+01	1.95E+01	
group_850	1.21E-01	1.10E-01	9.51E-04	6.89E-01	2.13E-01	-5.17E-01	6.71E-01	1.62E+00	-3.38E-01	7.31E-01	1.95E+00	5.02E-02	-8.12E-01	5.48E-01	-2.19E+01	2.43E+01	
group_2473	1.23E-01	8.93E-10	6.01E-03	1.20E+00	4.76E-01	-1.55E+00	1.70E+00	3.34E+00	-4.24E-01	1.77E+00	3.02E+00	1.35E+00	2.17E-01	1.58E+00	-1.02E+01	1.94E+01	
group_1277	1.23E-01	3.03E-02	7.05E-02	2.64E-01	6.08E+00	-4.74E-01	6.25E-01	1.94E+00	-3.04E-01	4.53E-01	1.91E+00	3.32E-01	-8.16E-01	5.10E-01	-1.92E+00	1.31E+00	matrix-inversion-error
group_708	1.21E-01	6.06E-07	1.64E-01	-2.78E-01	1.99E-01	-4.60E-01	6.30E-01	2.34E+00	-1.44E-01	6.98E-01	1.95E+00	3.95E-01	-7.84E-01	4.99E-01	-2.21E+01	2.54E+01	
group_205	1.22E-01	9.87E-04	6.15E-03	-5.18E-01	1.88E-01	-4.54E-01	6.28E-01	2.49E+00	-3.05E-01	6.90E-01	2.00E+00	4.33E-01	-5.43E-01	5.13E-01	-2.19E+01	2.55E+01	
group_571	1.22E-01	9.54E-01	7.81E-01	6.43E-02	2.32E-01	-4.74E-01	6.27E-01	2.26E+00	-3.69E-01	7.04E-01	1.94E+00	3.33E-01	-8.58E-01	5.08E-01	-2.19E+01	2.52E+01	
group_425	1.22E-01	3.07E-02	4.75E-01	1.52E-01	2.12E-01	-4.81E-01	5.10E-01	2.27E+00	-3.13E-01	7.12E-01	1.96E+00	3.38E-01	-8.52E-01	4.50E-01	-2.19E+01	2.51E+01	
group_2706	1.21E-01	1.37E-02	8.91E-01	-3.13E-02	2.27E-01	-4.73E-01	6.27E-01	2.27E+00	-3.15E-01	7.04E-01	1.95E+00	3.35E-01	-8.56E-01	5.28E-01	-2.19E+01	2.52E+01	
dinB_2	1.21E-01	1.37E-02	8.91E-01	-3.13E-02	2.27E-01	-4.73E-01	6.27E-01	2.27E+00	-3.15E-01	7.04E-01	1.95E+00	3.35E-01	-8.56E-01	5.28E-01	-2.19E+01	2.52E+01	
group_516	1.21E-01	1.37E-02	8.91E-01	-3.13E-02	2.27E-01	-4.73E-01	6.27E-01	2.27E+00	-3.15E-01	7.04E-01	1.95E+00	3.35E-01	-8.56E-01	5.28E-01	-2.19E+01	2.52E+01	
group_1150	1.19E-01	1.11E-03	6.23E-01	8.90E-02	1.81E-01	-4.76E-01	6.23E-01	2.23E+00	-3.20E-01	7.06E-01	1.95E+00	3.07E-01	-8.85E-01	4.93E-01	-1.64E+01	2.66E+01	
group_813	1.23E-01	7.17E-04	7.42E-01	-7.81E-02	2.36E-01	-4.73E-01	6.28E-01	2.28E+00	-2.51E-01	7.51E-01	1.95E+00	3.36E-01	-8.53E-01	5.12E-01	-2.19E+01	2.52E+01	
group_753	1.18E-01	5.91E-03	1.20E-06	1.28E+00	2.73E-01	-5.13E-01	6.67E-01	2.18E+00	-1.54E+00	7.35E-01	1.99E+00	-1.40E-01	-8.16E-01	5.49E-01	-9.40E+01	2.45E+01	
group_1476	1.20E-01	4.06E-02	4.21E-01	1.72E-01	2.13E-01	-4.80E-01	4.93E-01	2.27E+00	-3.19E-01	7.11E-01	1.95E+00	3.38E-01	-8.53E-01	4.42E-01	-2.19E+01	2.50E+01	
ulaC_2~~~licR_2	1.19E-01	2.25E-02	9.34E-02	-1.05E+00	6.73E-01	-4.02E-01	1.60E+00	2.74E+00	-3.87E-01	1.64E+00	1.88E+00	2.63E-01	-9.27E-01	4.38E-01	-2.09E+01	1.94E+01	
galM	1.19E-01	2.25E-02	9.34E-02	-1.05E+00	6.73E-01	-4.02E-01	1.60E+00	2.74E+00	-3.87E-01	1.64E+00	1.88E+00	2.63E-01	-9.27E-01	4.38E-01	-2.09E+01	1.94E+01	
galT	1.19E-01	2.25E-02	9.34E-02	-1.05E+00	6.73E-01	-4.02E-01	1.60E+00	2.74E+00	-3.87E-01	1.64E+00	1.88E+00	2.63E-01	-9.27E-01	4.38E-01	-2.09E+01	1.94E+01	
group_480	1.20E-01	4.06E-02	7.97E-01	-5.20E-02	2.02E-01	-4.71E-01	6.29E-01	2.31E+00	-2.83E-01	7.04E-01	1.95E+00	3.42E-01	-8.55E-01	5.07E-01	-2.19E+01	2.52E+01	
galE_2~~~galE_1	1.19E-01	2.25E-02	9.34E-02	-1.05E+00	6.73E-01	-4.02E-01	1.60E+00	2.74E+00	-3.87E-01	1.64E+00	1.88E+00	2.63E-01	-9.27E-01	4.38E-01	-2.09E+01	1.94E+01	
yesO	1.19E-01	2.86E-02	1.98E-01	-7.46E-01	6.06E-01	-4.19E-01	1.32E+00	2.58E+00	-3.69E-01	1.36E+00	1.89E+00	2.80E-01	-9.10E-01	4.56E-01	-2.12E+01	2.01E+01	
group_2379	1.19E-01	2.86E-02	1.98E-01	-7.46E-01	6.06E-01	-4.19E-01	1.32E+00	2.58E+00	-3.69E-01	1.36E+00	1.89E+00	2.80E-01	-9.10E-01	4.56E-01	-2.12E+01	2.01E+01	
gatC_4~~~gatC_2	1.19E-01	2.86E-02	1.98E-01	-7.46E-01	6.06E-01	-4.19E-01	1.32E+00	2.58E+00	-3.69E-01	1.36E+00	1.89E+00	2.80E-01	-9.10E-01	4.56E-01	-2.12E+01	2.01E+01	
rhaD	1.19E-01	2.86E-02	1.98E-01	-7.46E-01	6.06E-01	-4.19E-01	1.32E+00	2.58E+00	-3.69E-01	1.36E+00	1.89E+00	2.80E-01	-9.10E-01	4.56E-01	-2.12E+01	2.01E+01	
melD	1.19E-01	2.86E-02	1.98E-01	-7.46E-01	6.06E-01	-4.19E-01	1.32E+00	2.58E+00	-3.69E-01	1.36E+00	1.89E+00	2.80E-01	-9.10E-01	4.56E-01	-2.12E+01	2.01E+01	
agaA_1~~~agaA_2	1.19E-01	2.86E-02	1.98E-01	-7.46E-01	6.06E-01	-4.19E-01	1.32E+00	2.58E+00	-3.69E-01	1.36E+00	1.89E+00	2.80E-01	-9.10E-01	4.56E-01	-2.12E+01	2.01E+01	
ngcG~~~araQ_1	1.19E-01	2.86E-02	1.98E-01	-7.46E-01	6.06E-01	-4.19E-01	1.32E+00	2.58E+00	-3.69E-01	1.36E+00	1.89E+00	2.80E-01	-9.10E-01	4.56E-01	-2.12E+01	2.01E+01	
rhaR_1~~~rhaS_2~~~rhaS_1	1.19E-01	2.86E-02	1.98E-01	-7.46E-01	6.06E-01	-4.19E-01	1.32E+00	2.58E+00	-3.69E-01	1.36E+00	1.89E+00	2.80E-01	-9.10E-01	4.56E-01	-2.12E+01	2.01E+01	
group_2031	1.18E-01	2.38E-02	8.88E-01	3.28E-02	2.33E-01	-4.73E-01	6.27E-01	2.27E+00	-3.15E-01	7.04E-01	1.95E+00	3.33E-01	-8.56E-01	4.90E-01	-2.19E+01	2.52E+01	
group_1616	1.19E-01	2.86E-02	1.98E-01	-7.46E-01	6.06E-01	-4.19E-01	1.32E+00	2.58E+00	-3.69E-01	1.36E+00	1.89E+00	2.80E-01	-9.10E-01	4.56E-01	-2.12E+01	2.01E+01	
gatA_3~~~gatA_2	1.19E-01	2.86E-02	1.98E-01	-7.46E-01	6.06E-01	-4.19E-01	1.32E+00	2.58E+00	-3.69E-01	1.36E+00	1.89E+00	2.80E-01	-9.10E-01	4.56E-01	-2.12E+01	2.01E+01	
galK_1~~~galK_2	1.19E-01	2.86E-02	1.98E-01	-7.46E-01	6.06E-01	-4.19E-01	1.32E+00	2.58E+00	-3.69E-01	1.36E+00	1.89E+00	2.80E-01	-9.10E-01	4.56E-01	-2.12E+01	2.01E+01	
gatA_1	1.19E-01	2.86E-02	1.98E-01	-7.46E-01	6.06E-01	-4.19E-01	1.32E+00	2.58E+00	-3.69E-01	1.36E+00	1.89E+00	2.80E-01	-9.10E-01	4.56E-01	-2.12E+01	2.01E+01	
gatC_4	1.19E-01	2.86E-02	1.98E-01	-7.46E-01	6.06E-01	-4.19E-01	1.32E+00	2.58E+00	-3.69E-01	1.36E+00	1.89E+00	2.80E-01	-9.10E-01	4.56E-01	-2.12E+01	2.01E+01	
group_455	1.19E-01	7.33E-02	2.78E-02	-4.27E-01	1.93E-01	-4.69E-01	6.23E-01	2.64E+00	-3.09E-01	7.39E-01	1.99E+00	5.06E-01	-8.60E-01	5.09E-01	-2.19E+01	2.52E+01	
group_171	1.19E-01	7.33E-02	2.78E-02	-4.27E-01	1.93E-01	-4.69E-01	6.23E-01	2.64E+00	-3.09E-01	7.39E-01	1.99E+00	5.06E-01	-8.60E-01	5.09E-01	-2.19E+01	2.52E+01	
group_2808	1.16E-01	2.79E-04	3.71E-03	-5.65E-01	1.94E-01	-4.42E-01	6.07E-01	2.50E+00	-3.09E-01	6.88E-01	1.99E+00	4.32E-01	-5.27E-01	4.88E-01	-2.19E+01	2.06E+01	
group_2800	1.15E-01	1.22E-05	5.30E-01	1.48E-01	2.35E-01	-6.03E-01	7.58E-01	2.38E+00	-2.04E-01	8.29E-01	2.08E+00	4.25E-01	-7.29E-01	6.38E-01	-2.18E+01	2.35E+01	
group_2215	1.15E-01	1.11E-06	3.51E-03	-5.51E-01	1.89E-01	-4.53E-01	6.28E-01	2.24E+00	-3.11E-01	6.94E-01	1.98E+00	4.49E-01	-5.24E-01	5.43E-01	-2.19E+01	2.55E+01	
group_645	1.19E-01	8.96E-02	3.47E-02	-4.12E-01	1.94E-01	-4.69E-01	6.24E-01	2.62E+00	-3.10E-01	7.37E-01	1.99E+00	5.00E-01	-8.60E-01	5.07E-01	-2.19E+01	2.52E+01	
group_2564	1.17E-01	7.79E-03	6.25E-01	-1.06E-01	2.18E-01	-4.73E-01	6.83E-01	2.27E+00	-3.15E-01	7.04E-01	1.95E+00	3.34E-01	-8.56E-01	5.65E-01	-2.19E+01	2.52E+01	
group_1201	1.12E-01	2.97E-02	2.88E-01	-1.94E-01	1.82E-01	-4.46E-01	6.01E-01	2.30E+00	-2.97E-01	7.03E-01	1.94E+00	3.48E-01	-8.70E-01	4.94E-01	-2.19E+01	2.57E+01	
group_1146	1.17E-01	1.25E-02	4.70E-01	-2.06E-01	2.85E-01	-4.73E-01	6.27E-01	2.27E+00	-3.15E-01	9.03E-01	1.95E+00	3.91E-01	-8.56E-01	5.10E-01	-2.19E+01	2.29E+01	
xerC_6~~~xerC_1~~~IntTn_2~~~IntTn_1	1.17E-01	1.25E-02	4.70E-01	-2.06E-01	2.85E-01	-4.73E-01	6.27E-01	2.27E+00	-3.15E-01	9.03E-01	1.95E+00	3.91E-01	-8.56E-01	5.10E-01	-2.19E+01	2.29E+01	
group_928	1.16E-01	1.65E-06	1.01E-01	-3.10E-01	1.89E-01	-4.70E-01	6.66E-01	2.26E+00	-3.11E-01	7.04E-01	1.95E+00	4.65E-01	-8.59E-01	5.73E-01	-1.77E+01	2.52E+01	
group_1108	1.13E-01	7.72E-02	2.46E-02	4.77E-01	2.15E-01	-4.88E-01	6.42E-01	2.28E+00	-3.07E-01	5.88E-01	1.94E+00	2.43E-01	-1.32E+00	5.04E-01	-2.19E+01	2.49E+01	
group_901	1.15E-01	2.54E-06	1.01E-01	-3.10E-01	1.89E-01	-4.70E-01	6.66E-01	2.26E+00	-3.11E-01	7.04E-01	1.95E+00	4.65E-01	-8.59E-01	5.73E-01	-2.19E+01	2.52E+01	
group_770	1.15E-01	4.02E-02	4.59E-01	1.35E-01	1.82E-01	-4.75E-01	6.19E-01	2.21E+00	-3.22E-01	7.02E-01	1.95E+00	2.97E-01	-8.67E-01	4.74E-01	-1.60E+01	2.78E+01	
group_790	1.16E-01	1.33E-02	4.54E-01	-2.15E-01	2.88E-01	-4.73E-01	6.27E-01	2.27E+00	-3.15E-01	9.12E-01	1.95E+00	3.92E-01	-8.56E-01	5.10E-01	-2.19E+01	2.29E+01	
group_463	1.16E-01	1.33E-02	4.54E-01	-2.15E-01	2.88E-01	-4.73E-01	6.27E-01	2.27E+00	-3.15E-01	9.12E-01	1.95E+00	3.92E-01	-8.56E-01	5.10E-01	-2.19E+01	2.29E+01	
soj	1.16E-01	3.81E-02	1.71E-02	-4.62E-01	1.92E-01	-4.69E-01	6.23E-01	2.48E+00	-3.09E-01	7.41E-01	2.00E+00	5.18E-01	-8.60E-01	5.09E-01	-2.19E+01	2.52E+01	
group_2204	1.14E-01	1.72E-06	9.28E-02	-3.18E-01	1.90E-01	-4.70E-01	6.67E-01	2.26E+00	-3.11E-01	7.04E-01	1.95E+00	4.68E-01	-8.59E-01	5.75E-01	-2.19E+01	2.52E+01	
group_648	1.15E-01	1.72E-02	5.60E-01	-1.66E-01	2.85E-01	-4.73E-01	6.27E-01	2.27E+00	-3.15E-01	8.63E-01	1.95E+00	3.78E-01	-8.56E-01	5.10E-01	-2.19E+01	2.32E+01	
group_647	1.15E-01	1.08E-02	3.85E-01	-2.47E-01	2.86E-01	-4.73E-01	6.27E-01	2.27E+00	-3.15E-01	9.41E-01	1.95E+00	4.00E-01	-8.56E-01	5.10E-01	-2.19E+01	2.27E+01	
group_1321	1.10E-01	8.56E-02	3.98E-01	-1.56E-01	1.84E-01	-4.55E-01	6.09E-01	2.34E+00	-3.00E-01	7.07E-01	1.94E+00	3.46E-01	-8.64E-01	5.01E-01	-2.19E+01	2.55E+01	
group_50	1.10E-01	8.56E-02	3.98E-01	-1.56E-01	1.84E-01	-4.55E-01	6.09E-01	2.34E+00	-3.00E-01	7.07E-01	1.94E+00	3.46E-01	-8.64E-01	5.01E-01	-2.19E+01	2.55E+01	
group_1103	1.11E-01	2.44E-04	1.48E-01	-3.30E-01	2.27E-01	-4.64E-01	6.18E-01	2.31E+00	-3.21E-01	7.15E-01	1.95E+00	5.19E-01	-8.65E-01	5.00E-01	-2.19E+01	2.53E+01	
group_560	1.10E-01	7.32E-02	3.48E-01	-1.73E-01	1.85E-01	-4.53E-01	6.07E-01	2.35E+00	-2.98E-01	7.07E-01	1.94E+00	3.48E-01	-8.65E-01	4.99E-01	-2.19E+01	2.55E+01	
group_49	1.09E-01	6.22E-02	3.02E-01	-1.92E-01	1.85E-01	-4.51E-01	6.05E-01	2.35E+00	-2.96E-01	7.07E-01	1.94E+00	3.49E-01	-8.66E-01	4.97E-01	-2.19E+01	2.56E+01	
group_712	1.08E-01	6.56E-02	3.25E-01	-1.83E-01	1.86E-01	-4.52E-01	6.06E-01	2.35E+00	-2.97E-01	7.06E-01	1.94E+00	3.47E-01	-8.65E-01	4.99E-01	-2.19E+01	2.56E+01	
group_300	1.12E-01	1.21E-02	2.17E-03	-5.94E-01	1.92E-01	-4.62E-01	6.16E-01	2.25E+00	-3.20E-01	7.47E-01	2.01E+00	5.49E-01	-8.67E-01	5.01E-01	-2.19E+01	2.53E+01	
xerC_5~~~xerC_7	1.12E-01	8.70E-01	1.26E-01	-2.92E-01	1.90E-01	-4.68E-01	6.33E-01	2.51E+00	-3.14E-01	7.51E-01	1.98E+00	4.05E-01	-8.62E-01	5.06E-01	-2.19E+01	2.19E+01	
group_129	1.12E-01	1.21E-02	2.17E-03	-5.94E-01	1.92E-01	-4.62E-01	6.16E-01	2.25E+00	-3.20E-01	7.47E-01	2.01E+00	5.49E-01	-8.67E-01	5.01E-01	-2.19E+01	2.53E+01	
group_2277	1.11E-01	2.54E-01	4.63E-01	-5.16E-01	7.20E-01	-4.68E-01	1.14E+00	2.71E+00	-3.20E-01	1.18E+00	1.94E+00	3.29E-01	-8.61E-01	5.05E-01	-2.19E+01	2.07E+01	
group_1179	1.05E-01	2.54E-05	6.98E-02	4.84E-01	2.69E-01	-5.14E-01	6.68E-01	2.05E+00	-7.48E-01	7.29E-01	1.98E+00	2.65E-01	-8.15E-01	5.50E-01	-2.93E+01	2.79E+01	
group_1067	1.10E-01	6.28E-03	9.43E-01	-1.88E-02	2.62E-01	-4.72E-01	6.26E-01	2.28E+00	-2.98E-01	7.04E-01	1.95E+00	3.35E-01	-8.57E-01	5.09E-01	-2.14E+01	2.52E+01	
group_566	1.11E-01	9.95E-02	7.31E-01	-6.33E-02	1.84E-01	-4.72E-01	6.31E-01	2.26E+00	-3.16E-01	7.03E-01	1.95E+00	3.51E-01	-8.57E-01	5.22E-01	-2.19E+01	2.42E+01	
group_1519	1.10E-01	2.25E-01	3.18E-01	-6.80E-01	7.06E-01	-4.67E-01	1.30E+00	2.86E+00	-3.21E-01	1.33E+00	1.94E+00	3.28E-01	-8.62E-01	5.03E-01	-2.19E+01	2.03E+01	
group_1181	1.10E-01	4.99E-02	4.59E-01	1.82E-01	2.46E-01	-4.73E-01	6.27E-01	2.27E+00	-3.15E-01	7.04E-01	1.95E+00	3.34E-01	-8.56E-01	4.02E-01	-2.19E+01	2.52E+01	
group_890	1.10E-01	4.99E-02	4.59E-01	1.82E-01	2.46E-01	-4.73E-01	6.27E-01	2.27E+00	-3.15E-01	7.04E-01	1.95E+00	3.34E-01	-8.56E-01	4.02E-01	-2.19E+01	2.52E+01	
group_833	1.10E-01	4.99E-02	4.59E-01	1.82E-01	2.46E-01	-4.73E-01	6.27E-01	2.27E+00	-3.15E-01	7.04E-01	1.95E+00	3.34E-01	-8.56E-01	4.02E-01	-2.19E+01	2.52E+01	
group_717	1.06E-01	6.57E-01	3.59E-03	6.04E-01	2.09E-01	-5.18E-01	6.72E-01	1.71E+00	-2.95E-01	7.39E-01	1.99E+00	9.73E-02	-8.11E-01	4.96E-01	-1.28E+01	2.45E+01	
xerC_3~~~xerC_5~~~xerC_1~~~xerC_2~~~xerC_8	1.06E-01	6.57E-01	3.59E-03	6.04E-01	2.09E-01	-5.18E-01	6.72E-01	1.71E+00	-2.95E-01	7.39E-01	1.99E+00	9.73E-02	-8.11E-01	4.96E-01	-1.28E+01	2.45E+01	
group_2099	1.10E-01	4.98E-03	9.72E-01	-6.59E-03	1.85E-01	-4.73E-01	6.28E-01	2.26E+00	-3.15E-01	7.05E-01	1.95E+00	3.36E-01	-8.56E-01	5.11E-01	-2.19E+01	2.52E+01	
group_1084	1.04E-01	4.62E-13	3.90E-01	-3.38E-01	3.92E-01	-2.51E-01	4.11E-01	2.04E+00	-2.04E-01	4.88E-01	1.73E+00	1.11E-01	-1.08E+00	2.88E-01	-2.18E+01	2.37E+01	
group_2506	1.09E-01	1.76E-02	9.64E-01	-8.36E-03	1.85E-01	-4.73E-01	6.28E-01	2.26E+00	-3.15E-01	7.04E-01	1.95E+00	3.36E-01	-8.56E-01	5.12E-01	-2.19E+01	2.52E+01	
group_842	1.08E-01	1.16E-02	2.67E-03	-5.91E-01	1.96E-01	-4.35E-01	5.89E-01	2.75E+00	-3.47E-01	7.13E-01	1.98E+00	4.97E-01	-8.94E-01	4.75E-01	-2.19E+01	2.58E+01	
group_737	1.08E-01	1.16E-02	2.67E-03	-5.91E-01	1.96E-01	-4.35E-01	5.89E-01	2.75E+00	-3.47E-01	7.13E-01	1.98E+00	4.97E-01	-8.94E-01	4.75E-01	-2.19E+01	2.58E+01	
group_2674	1.07E-01	1.81E-01	7.86E-01	-5.44E-02	2.00E-01	-4.73E-01	6.32E-01	2.32E+00	-3.15E-01	7.09E-01	1.95E+00	3.47E-01	-8.55E-01	5.09E-01	-2.19E+01	2.52E+01	
cas4cas1~~~cas1_2	1.07E-01	2.19E-01	3.42E-01	-5.35E-01	5.75E-01	-4.68E-01	1.16E+00	2.73E+00	-3.20E-01	1.17E+00	1.94E+00	3.29E-01	-8.61E-01	5.05E-01	-2.19E+01	2.09E+01	
group_102	1.07E-01	2.19E-01	3.42E-01	-5.35E-01	5.75E-01	-4.68E-01	1.16E+00	2.73E+00	-3.20E-01	1.17E+00	1.94E+00	3.29E-01	-8.61E-01	5.05E-01	-2.19E+01	2.09E+01	
group_2108	1.05E-01	2.21E-04	9.30E-01	-8.09E-02	9.25E-01	-4.72E-01	6.26E-01	2.26E+00	-3.17E-01	7.82E-01	1.95E+00	3.32E-01	-7.77E-01	5.08E-01	-2.19E+01	2.26E+01	
cas2_1~~~cas2_2	1.06E-01	2.58E-01	5.30E-01	-3.36E-01	5.41E-01	-4.70E-01	9.54E-01	2.55E+00	-3.18E-01	9.96E-01	1.94E+00	3.31E-01	-8.59E-01	5.06E-01	-2.19E+01	2.17E+01	
smc_3~~~smc_2	9.97E-02	3.03E-05	2.07E-02	6.43E-01	2.81E-01	-5.34E-01	6.89E-01	1.99E+00	-8.83E-01	7.44E-01	2.01E+00	2.61E-01	-7.95E-01	5.71E-01	-2.57E+01	2.43E+01	
group_70	1.07E-01	4.31E-02	9.82E-01	5.10E-03	2.22E-01	-4.73E-01	6.28E-01	2.26E+00	-3.15E-01	7.01E-01	1.95E+00	3.34E-01	-8.56E-01	5.10E-01	-2.19E+01	2.52E+01	
group_2314	1.04E-01	4.62E-13	3.90E-01	-3.38E-01	3.92E-01	-2.51E-01	4.11E-01	2.04E+00	-2.04E-01	4.88E-01	1.73E+00	1.11E-01	-1.08E+00	2.88E-01	-2.18E+01	2.37E+01	
group_1816	1.03E-01	1.03E-20	1.40E-07	-1.24E+00	2.48E-01	-4.13E-01	5.67E-01	2.20E+00	-3.76E-01	7.18E-01	1.89E+00	6.83E-01	3.27E-01	5.19E-01	-2.20E+01	2.58E+01	
group_1523	1.03E-01	1.03E-20	1.40E-07	-1.24E+00	2.48E-01	-4.13E-01	5.67E-01	2.20E+00	-3.76E-01	7.18E-01	1.89E+00	6.83E-01	3.27E-01	5.19E-01	-2.20E+01	2.58E+01	
group_1512	1.03E-01	1.03E-20	1.40E-07	-1.24E+00	2.48E-01	-4.13E-01	5.67E-01	2.20E+00	-3.76E-01	7.18E-01	1.89E+00	6.83E-01	3.27E-01	5.19E-01	-2.20E+01	2.58E+01	
group_1183	1.05E-01	2.21E-04	6.59E-02	-3.47E-01	1.89E-01	-4.33E-01	5.87E-01	2.22E+00	-3.39E-01	7.70E-01	1.92E+00	3.72E-01	-8.44E-01	4.91E-01	-1.92E+01	2.20E+01	
group_1081	1.04E-01	8.60E-04	3.58E-03	7.87E-01	2.75E-01	-4.82E-01	6.36E-01	2.27E+00	-1.07E+00	7.06E-01	1.95E+00	1.12E-01	-8.48E-01	5.13E-01	-2.19E+01	2.50E+01	
group_1075	1.04E-01	1.75E-01	7.91E-03	5.65E-01	2.17E-01	-5.09E-01	6.63E-01	2.23E+00	-2.95E-01	7.16E-01	1.95E+00	1.42E-01	-8.20E-01	5.43E-01	-1.71E+01	2.45E+01	
group_1006	1.02E-01	1.41E-01	3.33E-01	-1.89E-01	1.95E-01	-4.51E-01	6.05E-01	2.38E+00	-2.96E-01	7.07E-01	1.94E+00	3.48E-01	-8.70E-01	4.90E-01	-2.19E+01	2.56E+01	
group_847	1.03E-01	1.03E-20	1.40E-07	-1.24E+00	2.48E-01	-4.13E-01	5.67E-01	2.20E+00	-3.76E-01	7.18E-01	1.89E+00	6.83E-01	3.27E-01	5.19E-01	-2.20E+01	2.58E+01	
group_257	1.04E-01	4.62E-13	3.90E-01	-3.38E-01	3.92E-01	-2.51E-01	4.11E-01	2.04E+00	-2.04E-01	4.88E-01	1.73E+00	1.11E-01	-1.08E+00	2.88E-01	-2.18E+01	2.37E+01	
dnaA_1~~~dnaA_2~~~dnaI_2	1.05E-01	4.31E-04	9.10E-02	4.51E-01	2.69E-01	-4.78E-01	6.24E-01	2.27E+00	-7.41E-01	5.04E-01	1.95E+00	3.13E-01	-8.51E-01	4.95E-01	-2.19E+01	2.51E+01	
group_81	1.05E-01	4.31E-04	9.10E-02	4.51E-01	2.69E-01	-4.78E-01	6.24E-01	2.27E+00	-7.41E-01	5.04E-01	1.95E+00	3.13E-01	-8.51E-01	4.95E-01	-2.19E+01	2.51E+01	
group_2340	1.02E-01	4.08E-21	5.90E-08	-1.28E+00	2.48E-01	-4.12E-01	5.66E-01	2.20E+00	-3.77E-01	7.19E-01	1.89E+00	6.91E-01	3.19E-01	5.20E-01	-2.20E+01	2.58E+01	
group_1083	1.02E-01	1.82E-10	6.68E-01	-2.29E-01	5.29E-01	-2.49E-01	4.03E-01	2.04E+00	-5.31E-01	4.80E-01	1.73E+00	1.12E-01	-8.68E-01	2.85E-01	-2.21E+01	3.31E+01	
group_1069	1.02E-01	1.82E-10	6.68E-01	-2.29E-01	5.29E-01	-2.49E-01	4.03E-01	2.04E+00	-5.31E-01	4.80E-01	1.73E+00	1.12E-01	-8.68E-01	2.85E-01	-2.21E+01	3.31E+01	
group_1051	1.03E-01	1.79E-02	9.82E-01	5.78E-03	2.56E-01	-4.74E-01	6.28E-01	2.26E+00	-3.20E-01	7.05E-01	1.95E+00	3.34E-01	-8.55E-01	5.10E-01	-2.19E+01	2.52E+01	
smc_2~~~smc_1~~~smc_4~~~smc_3	1.04E-01	3.18E-04	1.16E-01	4.20E-01	2.69E-01	-4.78E-01	6.24E-01	2.27E+00	-7.12E-01	5.22E-01	1.95E+00	3.15E-01	-8.51E-01	4.96E-01	-2.19E+01	2.51E+01	
group_831	1.04E-01	3.18E-04	1.16E-01	4.20E-01	2.69E-01	-4.78E-01	6.24E-01	2.27E+00	-7.12E-01	5.22E-01	1.95E+00	3.15E-01	-8.51E-01	4.96E-01	-2.19E+01	2.51E+01	
group_715	1.04E-01	3.18E-04	1.16E-01	4.20E-01	2.69E-01	-4.78E-01	6.24E-01	2.27E+00	-7.12E-01	5.22E-01	1.95E+00	3.15E-01	-8.51E-01	4.96E-01	-2.19E+01	2.51E+01	
group_509	1.04E-01	3.18E-04	1.16E-01	4.20E-01	2.69E-01	-4.78E-01	6.24E-01	2.27E+00	-7.12E-01	5.22E-01	1.95E+00	3.15E-01	-8.51E-01	4.96E-01	-2.19E+01	2.51E+01	
group_979	1.02E-01	6.86E-02	3.62E-01	1.75E-01	1.92E-01	-4.75E-01	6.16E-01	2.19E+00	-3.22E-01	7.05E-01	1.95E+00	2.81E-01	-8.54E-01	4.73E-01	-1.98E+01	2.87E+01	
group_918	1.04E-01	2.33E-04	1.67E-01	3.66E-01	2.66E-01	-4.77E-01	6.24E-01	2.27E+00	-6.56E-01	5.45E-01	1.95E+00	3.17E-01	-8.52E-01	4.98E-01	-2.19E+01	2.51E+01	
group_405	9.97E-02	6.10E-02	2.75E-01	-2.14E-01	1.95E-01	-4.44E-01	5.98E-01	2.36E+00	-2.98E-01	7.03E-01	1.94E+00	3.47E-01	-8.76E-01	4.82E-01	-2.19E+01	2.57E+01	
group_1078	9.90E-02	1.11E-01	3.14E-01	-1.98E-01	1.96E-01	-4.50E-01	6.04E-01	2.36E+00	-2.98E-01	7.07E-01	1.94E+00	3.50E-01	-8.71E-01	4.88E-01	-2.19E+01	2.56E+01	
group_763	9.97E-02	8.97E-02	2.70E-01	-2.16E-01	1.95E-01	-4.48E-01	6.02E-01	2.37E+00	-2.96E-01	7.08E-01	1.94E+00	3.51E-01	-8.72E-01	4.87E-01	-2.19E+01	2.57E+01	
group_2533	9.83E-02	9.45E-02	2.95E-01	-2.06E-01	1.97E-01	-4.49E-01	6.03E-01	2.36E+00	-2.97E-01	7.08E-01	1.94E+00	3.50E-01	-8.71E-01	4.87E-01	-2.19E+01	2.56E+01	
group_2439	9.83E-02	9.45E-02	2.64E-01	-2.20E-01	1.97E-01	-4.47E-01	6.01E-01	2.37E+00	-2.96E-01	7.08E-01	1.94E+00	3.51E-01	-8.72E-01	4.86E-01	-2.19E+01	2.57E+01	
group_2416	9.90E-02	1.11E-01	3.14E-01	-1.98E-01	1.96E-01	-4.50E-01	6.04E-01	2.36E+00	-2.98E-01	7.07E-01	1.94E+00	3.50E-01	-8.71E-01	4.88E-01	-2.19E+01	2.56E+01	
group_2238	9.83E-02	9.45E-02	2.95E-01	-2.06E-01	1.97E-01	-4.49E-01	6.03E-01	2.36E+00	-2.97E-01	7.08E-01	1.94E+00	3.50E-01	-8.71E-01	4.87E-01	-2.19E+01	2.56E+01	
group_1884	9.83E-02	9.45E-02	2.95E-01	-2.06E-01	1.97E-01	-4.49E-01	6.03E-01	2.36E+00	-2.97E-01	7.08E-01	1.94E+00	3.50E-01	-8.71E-01	4.87E-01	-2.19E+01	2.56E+01	
group_1555	9.83E-02	9.45E-02	2.95E-01	-2.06E-01	1.97E-01	-4.49E-01	6.03E-01	2.36E+00	-2.97E-01	7.08E-01	1.94E+00	3.50E-01	-8.71E-01	4.87E-01	-2.19E+01	2.56E+01	
group_1470	9.83E-02	9.45E-02	2.95E-01	-2.06E-01	1.97E-01	-4.49E-01	6.03E-01	2.36E+00	-2.97E-01	7.08E-01	1.94E+00	3.50E-01	-8.71E-01	4.87E-01	-2.19E+01	2.56E+01	
group_981	9.83E-02	9.45E-02	2.57E-01	-2.23E-01	1.97E-01	-4.49E-01	6.03E-01	2.37E+00	-2.94E-01	7.10E-01	1.94E+00	3.54E-01	-8.70E-01	4.88E-01	-2.19E+01	2.56E+01	
group_971	9.83E-02	9.45E-02	2.95E-01	-2.06E-01	1.97E-01	-4.49E-01	6.03E-01	2.36E+00	-2.97E-01	7.08E-01	1.94E+00	3.50E-01	-8.71E-01	4.87E-01	-2.19E+01	2.56E+01	
group_854	9.90E-02	1.11E-01	3.14E-01	-1.98E-01	1.96E-01	-4.50E-01	6.04E-01	2.36E+00	-2.98E-01	7.07E-01	1.94E+00	3.50E-01	-8.71E-01	4.88E-01	-2.19E+01	2.56E+01	
group_98	9.83E-02	9.45E-02	2.95E-01	-2.06E-01	1.97E-01	-4.49E-01	6.03E-01	2.36E+00	-2.97E-01	7.08E-01	1.94E+00	3.50E-01	-8.71E-01	4.87E-01	-2.19E+01	2.56E+01	
group_2034	9.83E-02	9.45E-02	2.95E-01	-2.06E-01	1.97E-01	-4.49E-01	6.03E-01	2.36E+00	-2.97E-01	7.08E-01	1.94E+00	3.50E-01	-8.71E-01	4.87E-01	-2.19E+01	2.56E+01	
group_1097	9.97E-02	4.39E-02	1.25E-03	7.08E-01	2.25E-01	-5.03E-01	6.57E-01	2.21E+00	-3.05E-01	7.17E-01	1.93E+00	8.10E-02	-8.26E-01	5.37E-01	-2.19E+01	2.46E+01	
group_2626	9.70E-02	8.19E-12	9.65E-01	1.78E-02	4.05E-01	-4.84E-01	6.38E-01	2.28E+00	-3.22E-01	7.15E-01	1.96E+00	3.45E-01	-8.45E-01	5.20E-01	-2.19E+01	2.48E+01	
group_2478	9.70E-02	8.19E-12	9.65E-01	1.78E-02	4.05E-01	-4.84E-01	6.38E-01	2.28E+00	-3.22E-01	7.15E-01	1.96E+00	3.45E-01	-8.45E-01	5.20E-01	-2.19E+01	2.48E+01	
group_1973	9.70E-02	8.19E-12	9.65E-01	1.78E-02	4.05E-01	-4.84E-01	6.38E-01	2.28E+00	-3.22E-01	7.15E-01	1.96E+00	3.45E-01	-8.45E-01	5.20E-01	-2.19E+01	2.48E+01	
group_1269	1.01E-01	6.20E-05	2.33E-01	3.10E-01	2.61E-01	-4.77E-01	6.31E-01	2.27E+00	-6.07E-01	6.02E-01	1.95E+00	3.03E-01	-8.53E-01	5.04E-01	-2.19E+01	2.51E+01	
group_378	9.70E-02	8.19E-12	9.65E-01	1.78E-02	4.05E-01	-4.84E-01	6.38E-01	2.28E+00	-3.22E-01	7.15E-01	1.96E+00	3.45E-01	-8.45E-01	5.20E-01	-2.19E+01	2.48E+01	
group_2714	1.01E-01	1.22E-01	1.77E-01	4.13E-01	3.06E-01	-6.19E-01	7.66E-01	2.41E+00	-1.69E-01	4.74E-01	2.09E+00	4.58E-01	-7.10E-01	6.56E-01	-2.18E+01	2.34E+01	
group_1040	9.76E-02	1.70E-10	1.48E-01	-5.31E-01	5.57E+00	3.99E-02	1.11E-01	1.43E+00	-8.18E-01	1.89E-01	1.44E+00	-1.76E-01	-8.37E-01	-3.66E-03	-2.44E+00	1.06E+00	matrix-inversion-error
group_814	9.43E-02	3.32E-04	1.84E-03	9.46E-01	3.12E-01	-4.83E-01	6.37E-01	1.81E+00	-1.23E+00	6.84E-01	1.96E+00	1.48E-01	-8.46E-01	5.20E-01	-1.77E+01	2.50E+01	
group_2824	9.70E-02	3.01E-10	1.46E-01	-5.24E-01	5.56E+00	3.94E-02	1.12E-01	1.43E+00	-8.17E-01	1.90E-01	1.44E+00	-1.78E-01	-8.67E-01	-1.21E-03	-2.44E+00	1.06E+00	matrix-inversion-error
group_2457	1.02E-01	1.05E-02	5.58E-01	1.38E-01	2.37E-01	-4.73E-01	6.27E-01	2.27E+00	-3.19E-01	6.22E-01	1.93E+00	3.32E-01	-8.56E-01	5.08E-01	-2.19E+01	2.52E+01	
group_1905	1.02E-01	1.05E-02	5.58E-01	1.38E-01	2.37E-01	-4.73E-01	6.27E-01	2.27E+00	-3.19E-01	6.22E-01	1.93E+00	3.32E-01	-8.56E-01	5.08E-01	-2.19E+01	2.52E+01	
group_1154	9.70E-02	3.01E-10	1.81E-01	-5.02E-01	5.56E+00	1.82E-02	1.33E-01	1.45E+00	-7.96E-01	2.11E-01	1.46E+00	-1.57E-01	-8.52E-01	1.81E-02	-2.42E+00	1.08E+00	matrix-inversion-error
group_317	9.70E-02	3.01E-10	2.02E-01	-4.38E-01	5.55E+00	-4.81E-02	1.99E-01	1.51E+00	-7.30E-01	2.77E-01	1.53E+00	-9.07E-02	-8.32E-01	8.43E-02	-2.35E+00	1.15E+00	matrix-inversion-error
group_56	9.70E-02	3.01E-10	2.02E-01	-4.38E-01	5.55E+00	-4.81E-02	1.99E-01	1.51E+00	-7.30E-01	2.77E-01	1.53E+00	-9.07E-02	-8.32E-01	8.43E-02	-2.35E+00	1.15E+00	matrix-inversion-error
group_2358	9.63E-02	5.27E-10	2.23E-01	-3.60E-01	5.53E+00	-1.23E-01	2.74E-01	1.59E+00	-6.55E-01	3.52E-01	1.60E+00	-1.57E-02	-8.37E-01	1.59E-01	-2.27E+00	1.22E+00	matrix-inversion-error
group_1958	9.63E-02	5.27E-10	2.23E-01	-3.60E-01	5.53E+00	-1.23E-01	2.74E-01	1.59E+00	-6.55E-01	3.52E-01	1.60E+00	-1.57E-02	-8.37E-01	1.59E-01	-2.27E+00	1.22E+00	matrix-inversion-error
group_316	9.63E-02	8.47E-02	1.80E-01	-2.72E-01	2.02E-01	-4.63E-01	6.27E-01	2.49E+00	-3.06E-01	7.28E-01	1.96E+00	4.02E-01	-8.55E-01	5.01E-01	-2.19E+01	2.53E+01	
group_2489	9.83E-02	9.45E-02	8.47E-01	-3.70E-02	1.92E-01	-4.73E-01	6.30E-01	2.26E+00	-3.16E-01	7.04E-01	1.95E+00	3.43E-01	-8.56E-01	5.17E-01	-2.19E+01	2.52E+01	
group_1930	9.56E-02	9.22E-10	6.73E-01	-2.37E-01	5.52E-01	-2.46E-01	4.01E-01	2.04E+00	-5.42E-01	4.77E-01	1.73E+00	1.07E-01	-8.75E-01	2.83E-01	-2.21E+01	3.39E+01	
group_782	9.76E-02	3.53E-02	1.39E-01	-3.03E-01	2.04E-01	-4.67E-01	6.22E-01	2.52E+00	-3.07E-01	7.34E-01	1.97E+00	4.12E-01	-7.82E-01	5.05E-01	-2.19E+01	2.53E+01	
group_720	9.56E-02	9.22E-10	6.73E-01	-2.37E-01	5.52E-01	-2.46E-01	4.01E-01	2.04E+00	-5.42E-01	4.77E-01	1.73E+00	1.07E-01	-8.75E-01	2.83E-01	-2.21E+01	3.39E+01	
group_458	9.56E-02	9.22E-10	6.73E-01	-2.37E-01	5.52E-01	-2.46E-01	4.01E-01	2.04E+00	-5.42E-01	4.77E-01	1.73E+00	1.07E-01	-8.75E-01	2.83E-01	-2.21E+01	3.39E+01	
group_1710	9.49E-02	9.15E-01	4.77E-04	8.65E-01	2.53E-01	-4.92E-01	6.46E-01	2.19E+00	-3.09E-01	7.16E-01	1.95E+00	-1.14E-01	-8.38E-01	5.28E-01	-2.19E+01	2.48E+01	
group_1047	9.70E-02	1.49E-05	4.82E-03	-6.17E-01	2.19E-01	-4.39E-01	5.93E-01	2.77E+00	-3.36E-01	7.20E-01	1.94E+00	5.69E-01	-8.90E-01	4.78E-01	-1.99E+01	2.57E+01	
group_324	9.83E-02	4.34E-01	3.69E-02	-4.19E-01	1.99E-01	-4.73E-01	6.44E-01	2.46E+00	-3.06E-01	7.42E-01	2.00E+00	4.42E-01	-8.56E-01	5.13E-01	-2.19E+01	2.52E+01	
group_1259	9.36E-02	9.40E-02	2.41E-01	-2.35E-01	2.00E-01	-4.48E-01	6.02E-01	2.35E+00	-3.01E-01	7.10E-01	1.94E+00	3.54E-01	-8.71E-01	4.87E-01	-2.19E+01	2.57E+01	
group_996	9.23E-02	3.59E-01	2.73E-02	4.64E-01	2.12E-01	-4.98E-01	6.52E-01	2.23E+00	-3.03E-01	7.17E-01	1.97E+00	1.69E-01	-8.32E-01	4.91E-01	-3.44E+01	2.48E+01	
group_2789	9.43E-02	3.58E-05	4.11E-03	-6.31E-01	2.20E-01	-4.62E-01	6.16E-01	2.81E+00	-3.13E-01	7.55E-01	1.96E+00	5.93E-01	-8.67E-01	5.03E-01	-2.19E+01	2.53E+01	
group_2553	9.43E-02	6.11E-01	6.42E-01	1.36E-01	2.95E-01	-4.73E-01	6.27E-01	2.27E+00	-4.29E-01	7.04E-01	1.93E+00	3.33E-01	-8.59E-01	5.10E-01	-2.19E+01	2.52E+01	
group_2024	9.29E-02	2.31E-23	1.08E-10	-1.74E+00	2.95E-01	-3.85E-01	5.68E-01	2.18E+00	-4.04E-01	7.14E-01	1.86E+00	7.98E-01	8.00E-01	4.21E-01	-2.20E+01	2.59E+01	
wbnJ	9.63E-02	3.14E-01	5.47E-02	6.07E-01	3.17E-01	-6.46E-01	7.89E-01	2.44E+00	-1.43E-01	3.24E-01	2.12E+00	4.75E-01	-6.83E-01	6.82E-01	-2.17E+01	2.32E+01	
group_1974	9.29E-02	2.31E-23	1.08E-10	-1.74E+00	2.95E-01	-3.85E-01	5.68E-01	2.18E+00	-4.04E-01	7.14E-01	1.86E+00	7.98E-01	8.00E-01	4.21E-01	-2.20E+01	2.59E+01	
glyG	9.29E-02	2.31E-23	1.08E-10	-1.74E+00	2.95E-01	-3.85E-01	5.68E-01	2.18E+00	-4.04E-01	7.14E-01	1.86E+00	7.98E-01	8.00E-01	4.21E-01	-2.20E+01	2.59E+01	
glyG_1~~~arnC	9.29E-02	2.31E-23	1.08E-10	-1.74E+00	2.95E-01	-3.85E-01	5.68E-01	2.18E+00	-4.04E-01	7.14E-01	1.86E+00	7.98E-01	8.00E-01	4.21E-01	-2.20E+01	2.59E+01	
group_1729	9.29E-02	2.31E-23	1.08E-10	-1.74E+00	2.95E-01	-3.85E-01	5.68E-01	2.18E+00	-4.04E-01	7.14E-01	1.86E+00	7.98E-01	8.00E-01	4.21E-01	-2.20E+01	2.59E+01	
group_1682	9.29E-02	2.31E-23	1.08E-10	-1.74E+00	2.95E-01	-3.85E-01	5.68E-01	2.18E+00	-4.04E-01	7.14E-01	1.86E+00	7.98E-01	8.00E-01	4.21E-01	-2.20E+01	2.59E+01	
group_761	9.43E-02	3.58E-05	4.11E-03	-6.31E-01	2.20E-01	-4.62E-01	6.16E-01	2.81E+00	-3.13E-01	7.55E-01	1.96E+00	5.93E-01	-8.67E-01	5.03E-01	-2.19E+01	2.53E+01	
group_654	9.43E-02	3.58E-05	4.11E-03	-6.31E-01	2.20E-01	-4.62E-01	6.16E-01	2.81E+00	-3.13E-01	7.55E-01	1.96E+00	5.93E-01	-8.67E-01	5.03E-01	-2.19E+01	2.53E+01	
group_559	9.43E-02	3.58E-05	4.11E-03	-6.31E-01	2.20E-01	-4.62E-01	6.16E-01	2.81E+00	-3.13E-01	7.55E-01	1.96E+00	5.93E-01	-8.67E-01	5.03E-01	-2.19E+01	2.53E+01	
group_374	9.16E-02	8.39E-02	2.23E-01	-2.46E-01	2.02E-01	-4.47E-01	6.01E-01	2.35E+00	-3.00E-01	7.09E-01	1.94E+00	3.54E-01	-8.72E-01	4.86E-01	-2.19E+01	2.57E+01	
group_105	9.16E-02	8.39E-02	2.23E-01	-2.46E-01	2.02E-01	-4.47E-01	6.01E-01	2.35E+00	-3.00E-01	7.09E-01	1.94E+00	3.54E-01	-8.72E-01	4.86E-01	-2.19E+01	2.57E+01	
nisB_2~~~nisB_1~~~nisB	9.36E-02	1.15E-04	1.30E-02	-5.53E-01	2.23E-01	-4.58E-01	6.12E-01	2.74E+00	-3.18E-01	7.24E-01	1.95E+00	5.61E-01	-8.71E-01	4.98E-01	-2.19E+01	2.54E+01	
group_965	9.36E-02	1.15E-04	1.30E-02	-5.53E-01	2.23E-01	-4.58E-01	6.12E-01	2.74E+00	-3.18E-01	7.24E-01	1.95E+00	5.61E-01	-8.71E-01	4.98E-01	-2.19E+01	2.54E+01	
group_804	9.16E-02	2.58E-03	8.88E-01	3.36E-02	2.39E-01	-4.74E-01	6.28E-01	2.27E+00	-3.15E-01	6.96E-01	1.95E+00	3.32E-01	-8.88E-01	5.09E-01	-2.19E+01	2.51E+01	
group_796	9.36E-02	5.41E-05	5.61E-03	-6.09E-01	2.20E-01	-4.62E-01	6.16E-01	2.79E+00	-3.13E-01	7.53E-01	1.96E+00	5.81E-01	-8.67E-01	5.03E-01	-2.19E+01	2.53E+01	
nsuA	9.36E-02	1.15E-04	1.30E-02	-5.53E-01	2.23E-01	-4.58E-01	6.12E-01	2.74E+00	-3.18E-01	7.24E-01	1.95E+00	5.61E-01	-8.71E-01	4.98E-01	-2.19E+01	2.54E+01	
noc	9.36E-02	5.41E-05	5.61E-03	-6.09E-01	2.20E-01	-4.62E-01	6.16E-01	2.79E+00	-3.13E-01	7.53E-01	1.96E+00	5.81E-01	-8.67E-01	5.03E-01	-2.19E+01	2.53E+01	
group_519	9.29E-02	6.95E-12	5.10E-03	-7.34E-01	2.65E-01	-4.53E-01	6.08E-01	2.25E+00	3.09E-01	7.30E-01	1.94E+00	4.64E-01	-8.76E-01	4.90E-01	-1.32E+01	2.54E+01	
group_958	9.29E-02	1.71E-04	1.85E-02	-5.26E-01	2.23E-01	-4.54E-01	6.08E-01	2.71E+00	-3.23E-01	7.18E-01	1.95E+00	5.42E-01	-8.76E-01	4.92E-01	-2.19E+01	2.55E+01	
group_869	9.29E-02	3.73E-05	3.85E-03	-6.36E-01	2.21E-01	-4.62E-01	6.16E-01	2.82E+00	-3.13E-01	7.55E-01	1.96E+00	5.89E-01	-8.67E-01	5.03E-01	-2.19E+01	2.53E+01	
pas_1~~~pas	8.96E-02	4.89E-02	7.57E-02	-3.64E-01	2.04E-01	-4.35E-01	5.89E-01	2.34E+00	-2.85E-01	7.15E-01	1.94E+00	3.45E-01	-8.79E-01	4.75E-01	-3.97E+01	2.59E+01	
group_952	9.23E-02	2.51E-04	2.43E-02	-5.03E-01	2.23E-01	-4.54E-01	6.09E-01	2.69E+00	-3.23E-01	7.17E-01	1.95E+00	5.31E-01	-8.75E-01	4.93E-01	-2.19E+01	2.54E+01	
group_917	9.29E-02	1.71E-04	1.84E-01	4.06E-01	3.08E-01	-4.73E-01	6.20E-01	2.27E+00	-7.03E-01	5.34E-01	1.95E+00	3.20E-01	-8.56E-01	5.04E-01	-2.19E+01	2.52E+01	
group_886	9.29E-02	1.71E-04	1.84E-01	4.06E-01	3.08E-01	-4.73E-01	6.20E-01	2.27E+00	-7.03E-01	5.34E-01	1.95E+00	3.20E-01	-8.56E-01	5.04E-01	-2.19E+01	2.52E+01	
group_132	9.29E-02	5.37E-01	2.30E-01	-2.51E-01	2.08E-01	-4.66E-01	6.44E-01	2.41E+00	-2.96E-01	7.08E-01	1.98E+00	3.57E-01	-8.47E-01	5.05E-01	-2.19E+01	2.20E+01	
group_2629	8.82E-02	7.86E-02	6.33E-01	-9.60E-02	2.01E-01	-4.65E-01	6.19E-01	2.26E+00	-3.06E-01	7.05E-01	1.95E+00	3.43E-01	-8.58E-01	5.06E-01	-2.19E+01	2.53E+01	
group_693	8.82E-02	1.66E-01	7.72E-01	-5.84E-02	2.01E-01	-4.69E-01	6.23E-01	2.28E+00	-3.10E-01	7.05E-01	1.95E+00	3.40E-01	-8.57E-01	5.08E-01	-2.19E+01	2.52E+01	
group_282	9.16E-02	5.31E-01	3.32E-02	-4.40E-01	2.05E-01	-4.65E-01	6.36E-01	2.46E+00	-3.08E-01	7.12E-01	2.00E+00	4.19E-01	-8.64E-01	5.08E-01	-2.19E+01	2.53E+01	
group_2889	8.62E-02	1.50E-01	3.89E-02	4.89E-01	2.37E-01	-4.94E-01	6.39E-01	1.88E+00	-3.14E-01	7.17E-01	1.97E+00	1.34E-01	-9.24E-01	5.30E-01	-2.19E+01	2.49E+01	
group_307	8.69E-02	1.74E-01	7.66E-01	-6.03E-02	2.03E-01	-4.68E-01	6.23E-01	2.28E+00	-3.10E-01	7.05E-01	1.95E+00	3.40E-01	-8.57E-01	5.08E-01	-2.19E+01	2.52E+01	
group_139	9.09E-02	4.82E-01	2.59E-02	-4.61E-01	2.05E-01	-4.65E-01	6.36E-01	2.26E+00	-3.08E-01	7.12E-01	2.00E+00	4.19E-01	-8.55E-01	5.06E-01	-2.19E+01	2.53E+01	
group_1573	8.89E-02	1.96E-04	1.23E-02	-5.69E-01	2.27E-01	-4.68E-01	6.22E-01	2.76E+00	-3.08E-01	7.35E-01	1.96E+00	5.68E-01	-8.61E-01	5.06E-01	-2.19E+01	2.52E+01	
rep	8.89E-02	1.96E-04	1.23E-02	-5.69E-01	2.27E-01	-4.68E-01	6.22E-01	2.76E+00	-3.08E-01	7.35E-01	1.96E+00	5.68E-01	-8.61E-01	5.06E-01	-2.19E+01	2.52E+01	
group_1109	8.75E-02	1.62E-03	9.03E-01	-3.01E-02	2.48E-01	-4.72E-01	6.27E-01	2.26E+00	-3.16E-01	7.12E-01	1.95E+00	3.35E-01	-8.27E-01	5.10E-01	-2.19E+01	2.52E+01	
recF_2	8.89E-02	1.96E-04	1.23E-02	-5.69E-01	2.27E-01	-4.68E-01	6.22E-01	2.76E+00	-3.08E-01	7.35E-01	1.96E+00	5.68E-01	-8.61E-01	5.06E-01	-2.19E+01	2.52E+01	
group_639	9.02E-02	4.92E-03	8.20E-02	-3.82E-01	2.19E-01	-4.70E-01	6.24E-01	2.44E+00	-3.10E-01	7.25E-01	1.96E+00	4.85E-01	-8.60E-01	5.07E-01	-2.19E+01	2.52E+01	
group_533	8.89E-02	1.96E-04	1.23E-02	-5.69E-01	2.27E-01	-4.68E-01	6.22E-01	2.76E+00	-3.08E-01	7.35E-01	1.96E+00	5.68E-01	-8.61E-01	5.06E-01	-2.19E+01	2.52E+01	
group_1140	8.96E-02	6.71E-03	9.35E-01	-1.60E-02	1.97E-01	-4.73E-01	6.29E-01	2.26E+00	-3.15E-01	7.05E-01	1.95E+00	3.38E-01	-8.56E-01	5.13E-01	-2.19E+01	2.52E+01	
group_2594	8.55E-02	2.28E-02	9.51E-04	1.08E+00	3.41E-01	-1.44E+00	1.60E+00	2.72E+00	6.53E-01	1.67E+00	2.92E+00	1.14E+00	1.12E-01	1.48E+00	-2.09E+01	2.00E+01	
group_2494	8.55E-02	2.28E-02	9.51E-04	1.08E+00	3.41E-01	-1.44E+00	1.60E+00	2.72E+00	6.53E-01	1.67E+00	2.92E+00	1.14E+00	1.12E-01	1.48E+00	-2.09E+01	2.00E+01	
group_2043	8.55E-02	2.28E-02	9.51E-04	1.08E+00	3.41E-01	-1.44E+00	1.60E+00	2.72E+00	6.53E-01	1.67E+00	2.92E+00	1.14E+00	1.12E-01	1.48E+00	-2.09E+01	2.00E+01	
group_1734	8.35E-02	4.84E-04	1.25E-01	5.07E-01	3.36E-01	-9.42E-01	1.10E+00	2.73E+00	1.53E-01	1.16E+00	2.42E+00	7.74E-01	-3.87E-01	9.48E-01	-2.14E+01	2.15E+01	
yydH	8.96E-02	5.13E-08	5.03E-01	1.68E-01	2.54E-01	-4.73E-01	6.05E-01	2.27E+00	-3.15E-01	7.04E-01	1.91E+00	3.34E-01	-8.56E-01	5.10E-01	-2.19E+01	2.52E+01	
group_1984	8.96E-02	5.13E-08	5.03E-01	1.68E-01	2.54E-01	-4.73E-01	6.05E-01	2.27E+00	-3.15E-01	7.04E-01	1.91E+00	3.34E-01	-8.56E-01	5.10E-01	-2.19E+01	2.52E+01	
group_961	8.55E-02	5.76E-02	3.56E-04	9.09E-01	2.62E-01	-4.83E-01	6.37E-01	2.27E+00	-3.06E-01	5.11E-01	1.95E+00	1.51E-01	-1.76E+00	5.07E-01	-2.19E+01	2.50E+01	
group_797	8.82E-02	1.38E-04	8.36E-03	-5.88E-01	2.23E-01	-4.62E-01	6.17E-01	2.77E+00	-3.13E-01	7.51E-01	1.96E+00	5.55E-01	-8.67E-01	5.01E-01	-2.19E+01	2.53E+01	
group_751	8.96E-02	5.13E-08	5.03E-01	1.68E-01	2.54E-01	-4.73E-01	6.05E-01	2.27E+00	-3.15E-01	7.04E-01	1.91E+00	3.34E-01	-8.56E-01	5.10E-01	-2.19E+01	2.52E+01	
group_2753	8.62E-02	9.98E-05	1.31E-01	-3.30E-01	2.20E-01	-4.54E-01	8.51E-01	2.25E+00	-3.34E-01	7.00E-01	1.93E+00	3.80E-01	-8.68E-01	5.28E-01	-2.15E+01	2.54E+01	
group_2695	8.55E-02	4.46E-01	7.52E-02	4.32E-01	2.43E-01	-4.73E-01	6.27E-01	2.27E+00	-3.15E-01	7.04E-01	1.95E+00	3.34E-01	-8.56E-01	3.11E-01	-2.19E+01	2.52E+01	
mtrR~~~slmA	8.55E-02	4.46E-01	7.52E-02	4.32E-01	2.43E-01	-4.73E-01	6.27E-01	2.27E+00	-3.15E-01	7.04E-01	1.95E+00	3.34E-01	-8.56E-01	3.11E-01	-2.19E+01	2.52E+01	
group_1993	8.55E-02	4.46E-01	7.52E-02	4.32E-01	2.43E-01	-4.73E-01	6.27E-01	2.27E+00	-3.15E-01	7.04E-01	1.95E+00	3.34E-01	-8.56E-01	3.11E-01	-2.19E+01	2.52E+01	
group_1904	8.62E-02	9.98E-05	1.31E-01	-3.30E-01	2.20E-01	-4.54E-01	8.51E-01	2.25E+00	-3.34E-01	7.00E-01	1.93E+00	3.80E-01	-8.68E-01	5.28E-01	-2.15E+01	2.54E+01	
ecsA_1	8.55E-02	4.46E-01	7.52E-02	4.32E-01	2.43E-01	-4.73E-01	6.27E-01	2.27E+00	-3.15E-01	7.04E-01	1.95E+00	3.34E-01	-8.56E-01	3.11E-01	-2.19E+01	2.52E+01	
group_1284	8.55E-02	4.46E-01	7.52E-02	4.32E-01	2.43E-01	-4.73E-01	6.27E-01	2.27E+00	-3.15E-01	7.04E-01	1.95E+00	3.34E-01	-8.56E-01	3.11E-01	-2.19E+01	2.52E+01	
group_759	8.69E-02	2.12E-06	9.04E-01	3.45E-02	2.87E-01	-4.74E-01	6.27E-01	2.27E+00	-3.48E-01	6.97E-01	1.95E+00	3.32E-01	-8.55E-01	5.09E-01	-2.19E+01	2.52E+01	
group_659	8.55E-02	4.46E-01	7.52E-02	4.32E-01	2.43E-01	-4.73E-01	6.27E-01	2.27E+00	-3.15E-01	7.04E-01	1.95E+00	3.34E-01	-8.56E-01	3.11E-01	-2.19E+01	2.52E+01	
group_556	8.69E-02	2.12E-06	9.04E-01	3.45E-02	2.87E-01	-4.74E-01	6.27E-01	2.27E+00	-3.48E-01	6.97E-01	1.95E+00	3.32E-01	-8.55E-01	5.09E-01	-2.19E+01	2.52E+01	
group_555	8.69E-02	2.12E-06	9.04E-01	3.45E-02	2.87E-01	-4.74E-01	6.27E-01	2.27E+00	-3.48E-01	6.97E-01	1.95E+00	3.32E-01	-8.55E-01	5.09E-01	-2.19E+01	2.52E+01	
group_471	8.55E-02	4.46E-01	7.52E-02	4.32E-01	2.43E-01	-4.73E-01	6.27E-01	2.27E+00	-3.15E-01	7.04E-01	1.95E+00	3.34E-01	-8.56E-01	3.11E-01	-2.19E+01	2.52E+01	
group_108	8.69E-02	2.12E-06	9.04E-01	3.45E-02	2.87E-01	-4.74E-01	6.27E-01	2.27E+00	-3.48E-01	6.97E-01	1.95E+00	3.32E-01	-8.55E-01	5.09E-01	-2.19E+01	2.52E+01	
group_35	8.69E-02	2.12E-06	9.69E-01	1.19E-02	3.05E-01	-4.73E-01	6.28E-01	2.27E+00	-3.26E-01	7.01E-01	1.95E+00	3.33E-01	-8.56E-01	5.10E-01	-2.19E+01	2.52E+01	
group_27	8.69E-02	2.12E-06	9.04E-01	3.45E-02	2.87E-01	-4.74E-01	6.27E-01	2.27E+00	-3.48E-01	6.97E-01	1.95E+00	3.32E-01	-8.55E-01	5.09E-01	-2.19E+01	2.52E+01	
group_1062	8.48E-02	5.15E-01	5.69E-02	4.63E-01	2.44E-01	-4.73E-01	6.27E-01	2.27E+00	-3.15E-01	7.04E-01	1.95E+00	3.34E-01	-8.56E-01	2.98E-01	-2.19E+01	2.52E+01	
group_1788	8.62E-02	4.94E-01	1.04E-01	4.33E-01	5.60E+00	-4.77E-01	6.29E-01	1.94E+00	-3.00E-01	2.89E-01	1.95E+00	3.39E-01	-8.12E-01	4.88E-01	-1.92E+00	1.14E+00	matrix-inversion-error
group_1756	8.42E-02	3.57E-01	7.33E-02	3.88E-01	2.17E-01	-4.77E-01	4.76E-01	2.27E+00	-3.37E-01	7.08E-01	1.95E+00	3.26E-01	-8.72E-01	3.90E-01	-1.67E+01	2.51E+01	
group_470	8.48E-02	1.82E-02	2.02E-01	-2.62E-01	2.05E-01	-4.50E-01	6.14E-01	2.24E+00	-3.26E-01	7.59E-01	1.94E+00	3.21E-01	-8.56E-01	5.22E-01	-1.72E+01	2.56E+01	
group_233	8.55E-02	1.50E-04	2.00E-01	4.37E-01	3.44E-01	-4.73E-01	6.19E-01	2.27E+00	-7.27E-01	5.22E-01	1.95E+00	3.32E-01	-8.56E-01	5.07E-01	-2.19E+01	2.52E+01	
group_658	8.42E-02	2.41E-02	2.54E-01	-2.36E-01	2.06E-01	-4.55E-01	6.18E-01	2.25E+00	-3.22E-01	7.55E-01	1.94E+00	3.25E-01	-8.49E-01	5.22E-01	-1.56E+01	2.55E+01	
group_286	8.48E-02	1.82E-02	2.14E-01	-2.56E-01	2.06E-01	-4.53E-01	6.17E-01	2.25E+00	-3.23E-01	7.60E-01	1.94E+00	3.24E-01	-8.48E-01	5.24E-01	-1.80E+01	2.55E+01	
group_1465	8.28E-02	2.03E-01	6.90E-01	-8.47E-02	2.12E-01	-4.67E-01	6.21E-01	2.26E+00	-3.06E-01	7.26E-01	1.95E+00	3.32E-01	-8.63E-01	5.08E-01	-2.23E+01	2.53E+01	
group_1038	8.48E-02	2.99E-02	6.05E-01	1.06E-01	2.04E-01	-4.74E-01	6.20E-01	2.27E+00	-3.14E-01	7.05E-01	1.95E+00	3.07E-01	-8.55E-01	4.88E-01	-2.19E+01	2.52E+01	
group_734	8.42E-02	5.52E-06	6.93E-01	1.15E-01	2.92E-01	-4.74E-01	6.26E-01	2.27E+00	-4.22E-01	6.82E-01	1.95E+00	3.29E-01	-8.55E-01	5.06E-01	-2.19E+01	2.51E+01	
group_421	8.28E-02	1.52E-02	1.96E-01	-2.66E-01	2.06E-01	-4.47E-01	6.01E-01	2.32E+00	-3.03E-01	7.02E-01	1.94E+00	3.54E-01	-8.70E-01	4.99E-01	-2.19E+01	2.56E+01	
group_92	8.28E-02	2.03E-01	6.90E-01	-8.47E-02	2.12E-01	-4.67E-01	6.21E-01	2.26E+00	-3.06E-01	7.26E-01	1.95E+00	3.32E-01	-8.63E-01	5.08E-01	-2.23E+01	2.53E+01	
group_2373	8.35E-02	1.13E-02	9.09E-01	2.35E-02	2.05E-01	-4.74E-01	6.26E-01	2.27E+00	-3.15E-01	7.05E-01	1.95E+00	3.28E-01	-8.56E-01	5.05E-01	-2.19E+01	2.52E+01	
group_867	8.35E-02	4.18E-01	5.83E-01	2.52E-01	4.61E-01	-4.73E-01	6.27E-01	2.27E+00	-3.15E-01	4.63E-01	1.95E+00	3.33E-01	-8.56E-01	4.97E-01	-2.19E+01	2.96E+01	
group_573	8.28E-02	2.23E-06	8.74E-01	4.81E-02	3.04E-01	-4.74E-01	6.27E-01	2.27E+00	-3.60E-01	6.95E-01	1.95E+00	3.32E-01	-8.55E-01	5.09E-01	-2.19E+01	2.52E+01	
group_1545	8.22E-02	3.59E-06	7.35E-01	1.03E-01	3.05E-01	-4.74E-01	6.28E-01	2.27E+00	-4.12E-01	6.85E-01	1.95E+00	3.30E-01	-8.55E-01	5.07E-01	-2.19E+01	2.52E+01	
group_1155	8.28E-02	4.85E-01	4.33E-01	3.72E-01	4.77E-01	-4.73E-01	6.27E-01	2.27E+00	-3.15E-01	3.49E-01	1.95E+00	3.34E-01	-8.56E-01	4.91E-01	-2.19E+01	3.55E+01	
group_1019	8.28E-02	8.82E-03	9.89E-01	2.79E-03	2.06E-01	-4.73E-01	6.27E-01	2.27E+00	-3.15E-01	7.04E-01	1.95E+00	3.33E-01	-8.56E-01	5.09E-01	-2.19E+01	2.52E+01	
group_2495	8.15E-02	1.53E-04	3.33E-02	3.20E-01	4.51E+00	-4.68E-01	6.20E-01	1.93E+00	-3.18E-01	5.82E-01	1.90E+00	3.30E-01	-8.21E-01	5.02E-01	-1.93E+00	1.25E+00	matrix-inversion-error
group_2048	8.15E-02	1.53E-04	3.33E-02	3.20E-01	4.51E+00	-4.68E-01	6.20E-01	1.93E+00	-3.18E-01	5.82E-01	1.90E+00	3.30E-01	-8.21E-01	5.02E-01	-1.93E+00	1.25E+00	matrix-inversion-error
group_660	7.74E-02	1.56E-01	7.95E-03	4.49E-01	4.70E+00	-4.73E-01	6.16E-01	1.94E+00	-3.28E-01	6.40E-01	1.92E+00	2.58E-01	-8.74E-01	5.00E-01	-2.13E+00	1.12E+00	matrix-inversion-error
group_472	7.74E-02	1.56E-01	7.95E-03	4.49E-01	4.70E+00	-4.73E-01	6.16E-01	1.94E+00	-3.28E-01	6.40E-01	1.92E+00	2.58E-01	-8.74E-01	5.00E-01	-2.13E+00	1.12E+00	matrix-inversion-error
group_481	7.68E-02	1.23E-01	7.95E-03	4.49E-01	4.69E+00	-4.73E-01	6.16E-01	1.94E+00	-3.28E-01	6.40E-01	1.92E+00	2.58E-01	-8.74E-01	5.00E-01	-2.03E+00	1.12E+00	matrix-inversion-error
group_2660	7.61E-02	9.54E-02	6.16E-03	4.77E-01	4.65E+00	-4.73E-01	6.16E-01	1.94E+00	-3.30E-01	6.36E-01	1.92E+00	2.55E-01	-8.77E-01	4.99E-01	-2.04E+00	1.09E+00	matrix-inversion-error
group_3630	7.95E-02	5.34E-05	9.14E-01	-2.70E-02	2.51E-01	-4.54E-01	6.10E-01	2.25E+00	-3.32E-01	6.88E-01	1.93E+00	3.17E-01	-8.75E-01	4.92E-01	-2.19E+01	2.53E+01	
group_2475	7.81E-02	1.82E-07	5.88E-01	-1.76E-01	3.26E-01	-4.72E-01	6.26E-01	2.26E+00	-1.50E-01	7.39E-01	1.95E+00	3.40E-01	-8.58E-01	5.12E-01	-2.19E+01	2.52E+01	
group_2365	7.54E-02	2.25E-01	6.04E-01	-1.14E-01	2.20E-01	-4.64E-01	6.18E-01	2.29E+00	-3.06E-01	7.06E-01	1.95E+00	3.44E-01	-8.60E-01	5.01E-01	-2.19E+01	2.53E+01	
group_1821	7.81E-02	2.04E-01	1.06E-01	-3.61E-01	2.22E-01	-4.66E-01	6.20E-01	2.57E+00	-3.14E-01	7.36E-01	1.97E+00	4.14E-01	-8.63E-01	5.03E-01	-2.19E+01	2.53E+01	
group_1700	7.54E-02	2.25E-01	6.04E-01	-1.14E-01	2.20E-01	-4.64E-01	6.18E-01	2.29E+00	-3.06E-01	7.06E-01	1.95E+00	3.44E-01	-8.60E-01	5.01E-01	-2.19E+01	2.53E+01	
group_302	7.88E-02	8.11E-04	9.14E-01	3.34E-02	3.10E-01	-4.74E-01	6.28E-01	2.26E+00	-3.43E-01	7.05E-01	1.95E+00	3.34E-01	-8.56E-01	5.10E-01	-2.19E+01	2.51E+01	
group_283	7.95E-02	5.91E-02	1.25E-02	-5.47E-01	2.18E-01	-4.53E-01	6.07E-01	2.51E+00	-2.80E-01	6.94E-01	1.98E+00	4.20E-01	-8.76E-01	4.97E-01	-2.19E+01	2.07E+01	
group_154	7.54E-02	2.25E-01	6.04E-01	-1.14E-01	2.20E-01	-4.64E-01	6.18E-01	2.29E+00	-3.06E-01	7.06E-01	1.95E+00	3.44E-01	-8.60E-01	5.01E-01	-2.19E+01	2.53E+01	
lexA~~~lexA_1	7.81E-02	5.50E-05	1.13E-01	-3.41E-01	2.16E-01	-4.63E-01	6.37E-01	2.31E+00	-3.09E-01	6.98E-01	1.95E+00	4.03E-01	-7.70E-01	5.28E-01	-2.19E+01	2.53E+01	
group_2840	7.68E-02	8.81E-01	4.88E-02	-4.42E-01	2.22E-01	-4.73E-01	6.27E-01	2.27E+00	-3.10E-01	7.36E-01	2.01E+00	4.02E-01	-8.56E-01	5.10E-01	-2.19E+01	2.52E+01	
group_2839	7.68E-02	8.81E-01	4.88E-02	-4.42E-01	2.22E-01	-4.73E-01	6.27E-01	2.27E+00	-3.10E-01	7.36E-01	2.01E+00	4.02E-01	-8.56E-01	5.10E-01	-2.19E+01	2.52E+01	
group_2827	7.68E-02	8.81E-01	4.88E-02	-4.42E-01	2.22E-01	-4.73E-01	6.27E-01	2.27E+00	-3.10E-01	7.36E-01	2.01E+00	4.02E-01	-8.56E-01	5.10E-01	-2.19E+01	2.52E+01	
group_2826	7.68E-02	8.81E-01	4.88E-02	-4.42E-01	2.22E-01	-4.73E-01	6.27E-01	2.27E+00	-3.10E-01	7.36E-01	2.01E+00	4.02E-01	-8.56E-01	5.10E-01	-2.19E+01	2.52E+01	
group_2813	7.68E-02	8.81E-01	4.88E-02	-4.42E-01	2.22E-01	-4.73E-01	6.27E-01	2.27E+00	-3.10E-01	7.36E-01	2.01E+00	4.02E-01	-8.56E-01	5.10E-01	-2.19E+01	2.52E+01	
group_2737	7.68E-02	8.81E-01	4.88E-02	-4.42E-01	2.22E-01	-4.73E-01	6.27E-01	2.27E+00	-3.10E-01	7.36E-01	2.01E+00	4.02E-01	-8.56E-01	5.10E-01	-2.19E+01	2.52E+01	
group_2690	7.68E-02	8.81E-01	4.88E-02	-4.42E-01	2.22E-01	-4.73E-01	6.27E-01	2.27E+00	-3.10E-01	7.36E-01	2.01E+00	4.02E-01	-8.56E-01	5.10E-01	-2.19E+01	2.52E+01	
group_2633	7.61E-02	3.75E-05	2.03E-02	1.26E+00	5.58E-01	-4.86E-01	-1.02E-01	2.28E+00	-1.56E+00	7.08E-01	1.96E+00	3.47E-01	-8.43E-01	5.23E-01	-2.19E+01	2.50E+01	
group_2567	7.68E-02	8.81E-01	4.88E-02	-4.42E-01	2.22E-01	-4.73E-01	6.27E-01	2.27E+00	-3.10E-01	7.36E-01	2.01E+00	4.02E-01	-8.56E-01	5.10E-01	-2.19E+01	2.52E+01	
glyG_2~~~glyG_1	7.61E-02	3.75E-05	2.03E-02	1.26E+00	5.58E-01	-4.86E-01	-1.02E-01	2.28E+00	-1.56E+00	7.08E-01	1.96E+00	3.47E-01	-8.43E-01	5.23E-01	-2.19E+01	2.50E+01	
group_2242	7.68E-02	8.81E-01	4.88E-02	-4.42E-01	2.22E-01	-4.73E-01	6.27E-01	2.27E+00	-3.10E-01	7.36E-01	2.01E+00	4.02E-01	-8.56E-01	5.10E-01	-2.19E+01	2.52E+01	
group_2161	7.68E-02	8.81E-01	4.88E-02	-4.42E-01	2.22E-01	-4.73E-01	6.27E-01	2.27E+00	-3.10E-01	7.36E-01	2.01E+00	4.02E-01	-8.56E-01	5.10E-01	-2.19E+01	2.52E+01	
group_2154	7.68E-02	8.81E-01	4.88E-02	-4.42E-01	2.22E-01	-4.73E-01	6.27E-01	2.27E+00	-3.10E-01	7.36E-01	2.01E+00	4.02E-01	-8.56E-01	5.10E-01	-2.19E+01	2.52E+01	
group_1992	7.68E-02	8.81E-01	4.88E-02	-4.42E-01	2.22E-01	-4.73E-01	6.27E-01	2.27E+00	-3.10E-01	7.36E-01	2.01E+00	4.02E-01	-8.56E-01	5.10E-01	-2.19E+01	2.52E+01	
group_1959	7.68E-02	8.81E-01	4.88E-02	-4.42E-01	2.22E-01	-4.73E-01	6.27E-01	2.27E+00	-3.10E-01	7.36E-01	2.01E+00	4.02E-01	-8.56E-01	5.10E-01	-2.19E+01	2.52E+01	
group_1954	7.68E-02	8.81E-01	4.88E-02	-4.42E-01	2.22E-01	-4.73E-01	6.27E-01	2.27E+00	-3.10E-01	7.36E-01	2.01E+00	4.02E-01	-8.56E-01	5.10E-01	-2.19E+01	2.52E+01	
group_1869	7.61E-02	3.75E-05	2.03E-02	1.26E+00	5.58E-01	-4.86E-01	-1.02E-01	2.28E+00	-1.56E+00	7.08E-01	1.96E+00	3.47E-01	-8.43E-01	5.23E-01	-2.19E+01	2.50E+01	
group_1657	7.68E-02	8.81E-01	4.88E-02	-4.42E-01	2.22E-01	-4.73E-01	6.27E-01	2.27E+00	-3.10E-01	7.36E-01	2.01E+00	4.02E-01	-8.56E-01	5.10E-01	-2.19E+01	2.52E+01	
group_1645	7.68E-02	8.81E-01	4.88E-02	-4.42E-01	2.22E-01	-4.73E-01	6.27E-01	2.27E+00	-3.10E-01	7.36E-01	2.01E+00	4.02E-01	-8.56E-01	5.10E-01	-2.19E+01	2.52E+01	
group_1637	7.68E-02	8.81E-01	4.88E-02	-4.42E-01	2.22E-01	-4.73E-01	6.27E-01	2.27E+00	-3.10E-01	7.36E-01	2.01E+00	4.02E-01	-8.56E-01	5.10E-01	-2.19E+01	2.52E+01	
group_1617	7.68E-02	8.81E-01	4.88E-02	-4.42E-01	2.22E-01	-4.73E-01	6.27E-01	2.27E+00	-3.10E-01	7.36E-01	2.01E+00	4.02E-01	-8.56E-01	5.10E-01	-2.19E+01	2.52E+01	
group_1542	7.68E-02	8.81E-01	4.88E-02	-4.42E-01	2.22E-01	-4.73E-01	6.27E-01	2.27E+00	-3.10E-01	7.36E-01	2.01E+00	4.02E-01	-8.56E-01	5.10E-01	-2.19E+01	2.52E+01	
group_1490	7.68E-02	8.81E-01	4.88E-02	-4.42E-01	2.22E-01	-4.73E-01	6.27E-01	2.27E+00	-3.10E-01	7.36E-01	2.01E+00	4.02E-01	-8.56E-01	5.10E-01	-2.19E+01	2.52E+01	
group_1451	7.68E-02	8.81E-01	4.88E-02	-4.42E-01	2.22E-01	-4.73E-01	6.27E-01	2.27E+00	-3.10E-01	7.36E-01	2.01E+00	4.02E-01	-8.56E-01	5.10E-01	-2.19E+01	2.52E+01	
dnaC_1	7.68E-02	8.81E-01	4.88E-02	-4.42E-01	2.22E-01	-4.73E-01	6.27E-01	2.27E+00	-3.10E-01	7.36E-01	2.01E+00	4.02E-01	-8.56E-01	5.10E-01	-2.19E+01	2.52E+01	
group_1247	7.68E-02	8.81E-01	4.88E-02	-4.42E-01	2.22E-01	-4.73E-01	6.27E-01	2.27E+00	-3.10E-01	7.36E-01	2.01E+00	4.02E-01	-8.56E-01	5.10E-01	-2.19E+01	2.52E+01	
group_1246	7.68E-02	8.81E-01	4.88E-02	-4.42E-01	2.22E-01	-4.73E-01	6.27E-01	2.27E+00	-3.10E-01	7.36E-01	2.01E+00	4.02E-01	-8.56E-01	5.10E-01	-2.19E+01	2.52E+01	
group_974	7.68E-02	8.81E-01	4.88E-02	-4.42E-01	2.22E-01	-4.73E-01	6.27E-01	2.27E+00	-3.10E-01	7.36E-01	2.01E+00	4.02E-01	-8.56E-01	5.10E-01	-2.19E+01	2.52E+01	
group_719	7.68E-02	8.81E-01	4.88E-02	-4.42E-01	2.22E-01	-4.73E-01	6.27E-01	2.27E+00	-3.10E-01	7.36E-01	2.01E+00	4.02E-01	-8.56E-01	5.10E-01	-2.19E+01	2.52E+01	
group_677	7.68E-02	8.81E-01	4.88E-02	-4.42E-01	2.22E-01	-4.73E-01	6.27E-01	2.27E+00	-3.10E-01	7.36E-01	2.01E+00	4.02E-01	-8.56E-01	5.10E-01	-2.19E+01	2.52E+01	
group_464	7.68E-02	8.81E-01	4.88E-02	-4.42E-01	2.22E-01	-4.73E-01	6.27E-01	2.27E+00	-3.10E-01	7.36E-01	2.01E+00	4.02E-01	-8.56E-01	5.10E-01	-2.19E+01	2.52E+01	
group_459	7.68E-02	8.81E-01	4.88E-02	-4.42E-01	2.22E-01	-4.73E-01	6.27E-01	2.27E+00	-3.10E-01	7.36E-01	2.01E+00	4.02E-01	-8.56E-01	5.10E-01	-2.19E+01	2.52E+01	
xerC_3~~~xerC_4~~~xerC_2	7.68E-02	8.81E-01	4.88E-02	-4.42E-01	2.22E-01	-4.73E-01	6.27E-01	2.27E+00	-3.10E-01	7.36E-01	2.01E+00	4.02E-01	-8.56E-01	5.10E-01	-2.19E+01	2.52E+01	
group_407	7.81E-02	2.04E-01	5.27E-01	-4.35E-01	7.04E-01	-4.65E-01	6.19E-01	2.26E+00	-3.09E-01	1.12E+00	1.94E+00	3.28E-01	-8.64E-01	5.01E-01	-2.19E+01	2.10E+01	
group_331	7.68E-02	8.81E-01	4.88E-02	-4.42E-01	2.22E-01	-4.73E-01	6.27E-01	2.27E+00	-3.10E-01	7.36E-01	2.01E+00	4.02E-01	-8.56E-01	5.10E-01	-2.19E+01	2.52E+01	
group_287	7.68E-02	8.81E-01	4.88E-02	-4.42E-01	2.22E-01	-4.73E-01	6.27E-01	2.27E+00	-3.10E-01	7.36E-01	2.01E+00	4.02E-01	-8.56E-01	5.10E-01	-2.19E+01	2.52E+01	
group_200	7.68E-02	8.81E-01	4.88E-02	-4.42E-01	2.22E-01	-4.73E-01	6.27E-01	2.27E+00	-3.10E-01	7.36E-01	2.01E+00	4.02E-01	-8.56E-01	5.10E-01	-2.19E+01	2.52E+01	
group_133	7.68E-02	8.81E-01	4.88E-02	-4.42E-01	2.22E-01	-4.73E-01	6.27E-01	2.27E+00	-3.10E-01	7.36E-01	2.01E+00	4.02E-01	-8.56E-01	5.10E-01	-2.19E+01	2.52E+01	
group_89	7.68E-02	8.81E-01	4.88E-02	-4.42E-01	2.22E-01	-4.73E-01	6.27E-01	2.27E+00	-3.10E-01	7.36E-01	2.01E+00	4.02E-01	-8.56E-01	5.10E-01	-2.19E+01	2.52E+01	
group_48	7.68E-02	8.81E-01	4.88E-02	-4.42E-01	2.22E-01	-4.73E-01	6.27E-01	2.27E+00	-3.10E-01	7.36E-01	2.01E+00	4.02E-01	-8.56E-01	5.10E-01	-2.19E+01	2.52E+01	
group_39	7.68E-02	8.81E-01	4.88E-02	-4.42E-01	2.22E-01	-4.73E-01	6.27E-01	2.27E+00	-3.10E-01	7.36E-01	2.01E+00	4.02E-01	-8.56E-01	5.10E-01	-2.19E+01	2.52E+01	
group_2536	7.61E-02	9.44E-01	3.74E-02	-4.69E-01	2.23E-01	-4.73E-01	6.27E-01	2.27E+00	-3.10E-01	7.34E-01	2.01E+00	4.06E-01	-8.56E-01	5.10E-01	-2.19E+01	2.52E+01	
group_2158	7.61E-02	8.60E-07	9.56E-01	-1.85E-02	3.35E-01	-4.73E-01	6.27E-01	2.27E+00	-2.98E-01	7.08E-01	1.95E+00	3.35E-01	-8.56E-01	5.10E-01	-2.19E+01	2.52E+01	
group_1073	7.61E-02	7.42E-01	2.99E-02	4.94E-01	2.29E-01	-4.78E-01	6.23E-01	2.27E+00	-3.37E-01	4.82E-01	1.95E+00	2.62E-01	-9.28E-01	4.97E-01	-2.19E+01	2.51E+01	
group_432	7.61E-02	8.60E-07	9.56E-01	-1.85E-02	3.35E-01	-4.73E-01	6.27E-01	2.27E+00	-2.98E-01	7.08E-01	1.95E+00	3.35E-01	-8.56E-01	5.10E-01	-2.19E+01	2.52E+01	
group_2869	7.68E-02	3.98E-01	8.03E-01	3.56E-01	1.42E+00	-4.77E-01	6.31E-01	2.27E+00	-3.11E-01	3.56E-01	1.95E+00	3.38E-01	-8.52E-01	5.13E-01	-2.19E+01	2.40E+01	
group_2820	7.54E-02	2.25E-01	3.28E-01	2.40E-01	2.46E-01	-4.73E-01	6.27E-01	2.27E+00	-3.15E-01	7.04E-01	1.95E+00	3.34E-01	-8.56E-01	4.12E-01	-2.19E+01	2.52E+01	
group_2653	7.54E-02	1.08E-05	4.98E-01	1.74E-01	2.59E-01	-4.73E-01	6.27E-01	2.27E+00	-3.15E-01	6.98E-01	1.92E+00	3.26E-01	-8.56E-01	5.09E-01	-2.19E+01	2.52E+01	
group_2630	7.54E-02	2.25E-01	3.28E-01	2.40E-01	2.46E-01	-4.73E-01	6.27E-01	2.27E+00	-3.15E-01	7.04E-01	1.95E+00	3.34E-01	-8.56E-01	4.12E-01	-2.19E+01	2.52E+01	
group_2330	7.54E-02	1.08E-05	4.98E-01	1.74E-01	2.59E-01	-4.73E-01	6.27E-01	2.27E+00	-3.15E-01	6.98E-01	1.92E+00	3.26E-01	-8.56E-01	5.09E-01	-2.19E+01	2.52E+01	
group_2284	7.54E-02	1.08E-05	4.98E-01	1.74E-01	2.59E-01	-4.73E-01	6.27E-01	2.27E+00	-3.15E-01	6.98E-01	1.92E+00	3.26E-01	-8.56E-01	5.09E-01	-2.19E+01	2.52E+01	
group_2138	7.54E-02	1.29E-03	3.83E-01	-1.99E-01	2.28E-01	-4.71E-01	6.25E-01	2.26E+00	-3.12E-01	7.13E-01	1.95E+00	3.63E-01	-7.50E-01	5.21E-01	-1.26E+01	2.52E+01	
group_1953	7.61E-02	7.87E-01	6.09E-02	-4.23E-01	2.23E-01	-4.73E-01	6.27E-01	2.27E+00	-3.10E-01	7.35E-01	2.00E+00	3.97E-01	-8.56E-01	5.10E-01	-2.19E+01	2.52E+01	
group_1854	7.54E-02	2.25E-01	3.28E-01	2.40E-01	2.46E-01	-4.73E-01	6.27E-01	2.27E+00	-3.15E-01	7.04E-01	1.95E+00	3.34E-01	-8.56E-01	4.12E-01	-2.19E+01	2.52E+01	
group_1550	7.54E-02	1.08E-05	4.98E-01	1.74E-01	2.59E-01	-4.73E-01	6.27E-01	2.27E+00	-3.15E-01	6.98E-01	1.92E+00	3.26E-01	-8.56E-01	5.09E-01	-2.19E+01	2.52E+01	
group_1539	7.54E-02	1.08E-05	4.98E-01	1.74E-01	2.59E-01	-4.73E-01	6.27E-01	2.27E+00	-3.15E-01	6.98E-01	1.92E+00	3.26E-01	-8.56E-01	5.09E-01	-2.19E+01	2.52E+01	
group_1410	7.34E-02	2.23E-10	3.24E-03	-7.14E-01	2.46E-01	-4.34E-01	6.02E-01	2.23E+00	-3.23E-01	6.78E-01	1.92E+00	4.45E-01	-4.46E-01	4.88E-01	-2.19E+01	2.57E+01	
group_848	7.54E-02	1.08E-05	4.98E-01	1.74E-01	2.59E-01	-4.73E-01	6.27E-01	2.27E+00	-3.15E-01	6.98E-01	1.92E+00	3.26E-01	-8.56E-01	5.09E-01	-2.19E+01	2.52E+01	
group_663	7.54E-02	2.25E-01	3.28E-01	2.40E-01	2.46E-01	-4.73E-01	6.27E-01	2.27E+00	-3.15E-01	7.04E-01	1.95E+00	3.34E-01	-8.56E-01	4.12E-01	-2.19E+01	2.52E+01	
group_554	7.54E-02	9.85E-06	3.38E-01	3.19E-01	3.35E-01	-4.77E-01	6.25E-01	2.27E+00	-6.16E-01	6.86E-01	1.95E+00	3.19E-01	-8.53E-01	4.99E-01	-2.19E+01	2.51E+01	
group_452	7.54E-02	1.08E-05	4.98E-01	1.74E-01	2.59E-01	-4.73E-01	6.27E-01	2.27E+00	-3.15E-01	6.98E-01	1.92E+00	3.26E-01	-8.56E-01	5.09E-01	-2.19E+01	2.52E+01	
group_142	7.54E-02	1.08E-05	4.98E-01	1.74E-01	2.59E-01	-4.73E-01	6.27E-01	2.27E+00	-3.15E-01	6.98E-01	1.92E+00	3.26E-01	-8.56E-01	5.09E-01	-2.19E+01	2.52E+01	
bag~~~bag_1~~~bag_2	7.61E-02	3.53E-01	7.48E-01	-3.89E-01	1.24E+00	-4.70E-01	6.24E-01	2.26E+00	-3.19E-01	1.08E+00	1.94E+00	3.30E-01	-8.60E-01	5.06E-01	-2.19E+01	2.05E+01	
group_1806	7.61E-02	3.53E-01	7.48E-01	-3.89E-01	1.24E+00	-4.70E-01	6.24E-01	2.26E+00	-3.19E-01	1.08E+00	1.94E+00	3.30E-01	-8.60E-01	5.06E-01	-2.19E+01	2.05E+01	
group_1430	7.47E-02	1.57E-05	2.78E-01	3.69E-01	3.44E-01	-4.77E-01	6.24E-01	2.27E+00	-6.64E-01	6.70E-01	1.95E+00	3.17E-01	-8.52E-01	5.04E-01	-2.19E+01	2.51E+01	
group_1211	7.34E-02	2.23E-02	5.06E-02	5.69E-01	2.97E-01	-4.91E-01	6.45E-01	2.28E+00	-3.20E-01	5.66E-01	1.95E+00	3.37E-01	-1.41E+00	5.12E-01	-2.19E+01	2.48E+01	
group_7	7.61E-02	3.53E-01	9.72E-01	2.16E-02	6.17E-01	-4.74E-01	6.28E-01	2.27E+00	-3.15E-01	6.84E-01	1.95E+00	3.34E-01	-8.56E-01	5.10E-01	-2.19E+01	2.44E+01	
walK_2~~~sasA_5~~~sasA_6	7.54E-02	3.11E-01	7.48E-01	-3.89E-01	1.24E+00	-4.70E-01	6.24E-01	2.26E+00	-3.19E-01	1.08E+00	1.94E+00	3.30E-01	-8.60E-01	5.06E-01	-2.19E+01	2.52E+01	
group_1261	7.54E-02	3.11E-01	7.48E-01	-3.89E-01	1.24E+00	-4.70E-01	6.24E-01	2.26E+00	-3.19E-01	1.08E+00	1.94E+00	3.30E-01	-8.60E-01	5.06E-01	-2.19E+01	2.52E+01	
group_1137	7.54E-02	2.96E-04	5.07E-03	-6.55E-01	2.34E-01	-4.67E-01	6.46E-01	2.84E+00	-3.14E-01	7.39E-01	1.97E+00	5.42E-01	-8.62E-01	5.06E-01	-2.19E+01	2.52E+01	
phoB_2	7.47E-02	3.70E-01	7.69E-01	2.98E-01	1.01E+00	-4.76E-01	6.31E-01	2.27E+00	-3.12E-01	4.17E-01	1.95E+00	3.37E-01	-8.53E-01	5.13E-01	-2.19E+01	2.51E+01	
group_289	7.27E-02	9.89E-03	1.48E-01	-3.46E-01	2.39E-01	-4.67E-01	6.21E-01	2.47E+00	-3.10E-01	7.01E-01	1.96E+00	4.37E-01	-8.63E-01	5.03E-01	-2.13E+01	2.53E+01	
group_2374	7.07E-02	6.97E-10	2.65E-02	-5.61E-01	2.55E-01	-4.52E-01	6.07E-01	2.24E+00	-3.17E-01	6.94E-01	1.93E+00	4.51E-01	-5.05E-01	4.99E-01	-2.19E+01	2.55E+01	
group_2361	7.41E-02	1.91E-05	2.37E-01	3.07E-01	2.64E-01	-4.76E-01	6.31E-01	2.27E+00	-3.20E-01	7.02E-01	1.91E+00	3.36E-01	-8.76E-01	5.02E-01	-2.19E+01	2.51E+01	
ydeA	7.34E-02	2.86E-01	2.44E-01	-1.20E+00	1.13E+00	-4.73E-01	6.27E-01	2.27E+00	-3.15E-01	1.86E+00	1.95E+00	3.34E-01	-8.56E-01	5.10E-01	-2.19E+01	1.91E+01	
group_1678	7.34E-02	2.86E-01	2.44E-01	-1.20E+00	1.13E+00	-4.73E-01	6.27E-01	2.27E+00	-3.15E-01	1.86E+00	1.95E+00	3.34E-01	-8.56E-01	5.10E-01	-2.19E+01	1.91E+01	
group_496	7.41E-02	1.91E-05	2.37E-01	3.07E-01	2.64E-01	-4.76E-01	6.31E-01	2.27E+00	-3.20E-01	7.02E-01	1.91E+00	3.36E-01	-8.76E-01	5.02E-01	-2.19E+01	2.51E+01	
group_279	7.41E-02	1.91E-05	2.37E-01	3.07E-01	2.64E-01	-4.76E-01	6.31E-01	2.27E+00	-3.20E-01	7.02E-01	1.91E+00	3.36E-01	-8.76E-01	5.02E-01	-2.19E+01	2.51E+01	
group_167	7.34E-02	2.86E-01	2.44E-01	-1.20E+00	1.13E+00	-4.73E-01	6.27E-01	2.27E+00	-3.15E-01	1.86E+00	1.95E+00	3.34E-01	-8.56E-01	5.10E-01	-2.19E+01	1.91E+01	
group_2566	7.00E-02	1.28E-09	3.07E-02	-5.45E-01	2.55E-01	-4.53E-01	6.07E-01	2.24E+00	-3.17E-01	6.94E-01	1.93E+00	4.48E-01	-5.27E-01	4.99E-01	-2.19E+01	2.55E+01	
group_1257	7.14E-02	7.51E-01	4.79E-02	-4.65E-01	2.32E-01	-4.73E-01	6.27E-01	2.27E+00	-3.10E-01	7.09E-01	2.01E+00	4.03E-01	-8.56E-01	5.10E-01	-2.19E+01	2.52E+01	
group_810	7.14E-02	7.51E-01	4.79E-02	-4.65E-01	2.32E-01	-4.73E-01	6.27E-01	2.27E+00	-3.10E-01	7.09E-01	2.01E+00	4.03E-01	-8.56E-01	5.10E-01	-2.19E+01	2.52E+01	
group_599	7.14E-02	7.51E-01	4.79E-02	-4.65E-01	2.32E-01	-4.73E-01	6.27E-01	2.27E+00	-3.10E-01	7.09E-01	2.01E+00	4.03E-01	-8.56E-01	5.10E-01	-2.19E+01	2.52E+01	
group_76	7.14E-02	7.51E-01	4.79E-02	-4.65E-01	2.32E-01	-4.73E-01	6.27E-01	2.27E+00	-3.10E-01	7.09E-01	2.01E+00	4.03E-01	-8.56E-01	5.10E-01	-2.19E+01	2.52E+01	
xerC_7~~~xerC_6~~~xerC_4~~~xerC_5	7.00E-02	1.19E-12	4.52E-07	-1.26E+00	2.60E-01	-3.70E-01	5.24E-01	2.16E+00	-3.83E-01	6.22E-01	1.86E+00	6.50E-01	-9.39E-01	4.15E-01	-2.20E+01	2.64E+01	
group_991	7.00E-02	1.56E-08	1.46E-01	-3.64E-01	2.52E-01	-4.59E-01	6.20E-01	2.25E+00	-3.16E-01	6.97E-01	1.93E+00	4.07E-01	-6.24E-01	5.05E-01	-2.19E+01	2.54E+01	
group_2471	6.73E-02	4.62E-07	2.32E-01	5.71E-01	4.87E-01	-4.73E-01	6.27E-01	2.27E+00	-8.74E-01	6.85E-01	1.95E+00	3.02E-01	-8.56E-01	5.10E-01	-4.75E+01	2.52E+01	
group_2237	6.73E-02	4.62E-07	2.32E-01	5.71E-01	4.87E-01	-4.73E-01	6.27E-01	2.27E+00	-8.74E-01	6.85E-01	1.95E+00	3.02E-01	-8.56E-01	5.10E-01	-4.75E+01	2.52E+01	
group_1561	6.73E-02	4.62E-07	2.32E-01	5.71E-01	4.87E-01	-4.73E-01	6.27E-01	2.27E+00	-8.74E-01	6.85E-01	1.95E+00	3.02E-01	-8.56E-01	5.10E-01	-4.75E+01	2.52E+01	
group_707	7.00E-02	1.10E-02	1.07E-01	-3.73E-01	2.30E-01	-4.70E-01	6.38E-01	2.26E+00	-3.19E-01	7.31E-01	1.96E+00	4.34E-01	-8.59E-01	5.10E-01	-4.47E+01	2.52E+01	
group_2526	6.67E-02	7.89E-07	3.41E-01	3.31E-01	3.49E-01	-6.50E-01	8.04E-01	2.44E+00	-1.38E-01	8.78E-01	2.12E+00	5.04E-01	-9.74E-01	6.87E-01	-2.17E+01	2.29E+01	
hin	6.67E-02	7.89E-07	3.41E-01	3.31E-01	3.49E-01	-6.50E-01	8.04E-01	2.44E+00	-1.38E-01	8.78E-01	2.12E+00	5.04E-01	-9.74E-01	6.87E-01	-2.17E+01	2.29E+01	
group_1133	6.87E-02	9.66E-02	5.03E-01	-1.78E-01	2.64E-01	-4.73E-01	6.31E-01	2.29E+00	-3.15E-01	7.04E-01	1.97E+00	3.35E-01	-7.92E-01	5.12E-01	-2.19E+01	2.52E+01	
group_1065	6.60E-02	4.77E-01	9.56E-06	1.16E+00	2.69E-01	-5.10E-01	6.64E-01	2.19E+00	-3.11E-01	7.41E-01	1.98E+00	-9.55E-02	-8.19E-01	5.46E-01	-2.39E+01	2.46E+01	
group_2505	6.73E-02	4.62E-07	3.90E-01	2.63E-01	3.07E-01	-4.81E-01	6.36E-01	2.24E+00	-4.97E-01	7.03E-01	1.96E+00	3.27E-01	-9.57E-01	5.15E-01	-3.70E+01	2.50E+01	
group_2315	6.73E-02	4.62E-07	3.90E-01	2.63E-01	3.07E-01	-4.81E-01	6.36E-01	2.24E+00	-4.97E-01	7.03E-01	1.96E+00	3.27E-01	-9.57E-01	5.15E-01	-3.70E+01	2.50E+01	
group_2255	6.73E-02	4.62E-07	3.90E-01	2.63E-01	3.07E-01	-4.81E-01	6.36E-01	2.24E+00	-4.97E-01	7.03E-01	1.96E+00	3.27E-01	-9.57E-01	5.15E-01	-3.70E+01	2.50E+01	
group_2027	6.73E-02	4.62E-07	3.90E-01	2.63E-01	3.07E-01	-4.81E-01	6.36E-01	2.24E+00	-4.97E-01	7.03E-01	1.96E+00	3.27E-01	-9.57E-01	5.15E-01	-3.70E+01	2.50E+01	
group_1768	6.73E-02	4.62E-07	3.90E-01	2.63E-01	3.07E-01	-4.81E-01	6.36E-01	2.24E+00	-4.97E-01	7.03E-01	1.96E+00	3.27E-01	-9.57E-01	5.15E-01	-3.70E+01	2.50E+01	
group_1699	6.73E-02	4.62E-07	3.90E-01	2.63E-01	3.07E-01	-4.81E-01	6.36E-01	2.24E+00	-4.97E-01	7.03E-01	1.96E+00	3.27E-01	-9.57E-01	5.15E-01	-3.70E+01	2.50E+01	
copB~~~copB_1~~~copB_2	6.26E-02	1.67E-01	7.12E-07	1.36E+00	2.83E-01	-4.87E-01	6.41E-01	2.15E+00	-3.01E-01	7.18E-01	1.96E+00	-1.95E-01	-8.42E-01	5.24E-01	-2.19E+01	2.49E+01	
copY_2~~~copY_1	6.26E-02	1.67E-01	7.12E-07	1.36E+00	2.83E-01	-4.87E-01	6.41E-01	2.15E+00	-3.01E-01	7.18E-01	1.96E+00	-1.95E-01	-8.42E-01	5.24E-01	-2.19E+01	2.49E+01	
group_565	6.73E-02	4.62E-07	3.90E-01	2.63E-01	3.07E-01	-4.81E-01	6.36E-01	2.24E+00	-4.97E-01	7.03E-01	1.96E+00	3.27E-01	-9.57E-01	5.15E-01	-3.70E+01	2.50E+01	
group_248	6.73E-02	4.62E-07	3.90E-01	2.63E-01	3.07E-01	-4.81E-01	6.36E-01	2.24E+00	-4.97E-01	7.03E-01	1.96E+00	3.27E-01	-9.57E-01	5.15E-01	-3.70E+01	2.50E+01	
clpP_2~~~clpP_3	6.67E-02	7.89E-07	3.41E-01	2.90E-01	3.06E-01	-4.82E-01	6.36E-01	2.24E+00	-5.13E-01	7.03E-01	1.96E+00	3.26E-01	-9.67E-01	5.16E-01	-1.13E+01	2.50E+01	
group_2590	6.67E-02	4.28E-01	8.10E-02	-4.26E-01	2.41E-01	-4.73E-01	6.27E-01	2.27E+00	-3.10E-01	7.08E-01	2.00E+00	3.85E-01	-8.56E-01	5.10E-01	-2.19E+01	2.52E+01	
group_1963	6.67E-02	4.28E-01	8.10E-02	-4.26E-01	2.41E-01	-4.73E-01	6.27E-01	2.27E+00	-3.10E-01	7.08E-01	2.00E+00	3.85E-01	-8.56E-01	5.10E-01	-2.19E+01	2.52E+01	
group_1863	6.67E-02	7.89E-07	3.41E-01	2.90E-01	3.06E-01	-4.82E-01	6.36E-01	2.24E+00	-5.13E-01	7.03E-01	1.96E+00	3.26E-01	-9.67E-01	5.16E-01	-1.13E+01	2.50E+01	
group_1764	6.67E-02	4.28E-01	8.10E-02	-4.26E-01	2.41E-01	-4.73E-01	6.27E-01	2.27E+00	-3.10E-01	7.08E-01	2.00E+00	3.85E-01	-8.56E-01	5.10E-01	-2.19E+01	2.52E+01	
group_1607	6.67E-02	7.89E-07	3.41E-01	2.90E-01	3.06E-01	-4.82E-01	6.36E-01	2.24E+00	-5.13E-01	7.03E-01	1.96E+00	3.26E-01	-9.67E-01	5.16E-01	-1.13E+01	2.50E+01	
group_893	6.73E-02	3.86E-06	7.03E-01	1.52E-01	4.00E-01	-4.73E-01	6.27E-01	2.27E+00	-4.58E-01	6.79E-01	1.95E+00	3.33E-01	-8.56E-01	5.07E-01	-2.19E+01	2.52E+01	
group_675	6.73E-02	1.61E-04	9.96E-01	-1.58E-03	3.42E-01	-4.73E-01	6.27E-01	2.27E+00	-3.14E-01	7.04E-01	1.95E+00	3.34E-01	-8.56E-01	5.10E-01	-2.19E+01	2.52E+01	
group_276	6.67E-02	7.89E-07	3.41E-01	2.90E-01	3.06E-01	-4.82E-01	6.36E-01	2.24E+00	-5.13E-01	7.03E-01	1.96E+00	3.26E-01	-9.67E-01	5.16E-01	-1.13E+01	2.50E+01	
group_2206	6.33E-02	1.44E-01	8.06E-06	1.21E+00	2.78E-01	-4.86E-01	6.40E-01	2.16E+00	-3.03E-01	7.17E-01	1.95E+00	-1.08E-01	-8.43E-01	5.22E-01	-2.19E+01	2.49E+01	
group_1581	6.33E-02	3.04E-01	8.87E-06	1.21E+00	2.78E-01	-4.86E-01	6.40E-01	2.16E+00	-3.03E-01	7.17E-01	1.96E+00	-1.36E-01	-8.43E-01	5.22E-01	-2.19E+01	2.50E+01	
group_122	6.33E-02	3.04E-01	8.87E-06	1.21E+00	2.78E-01	-4.86E-01	6.40E-01	2.16E+00	-3.03E-01	7.17E-01	1.96E+00	-1.36E-01	-8.43E-01	5.22E-01	-2.19E+01	2.50E+01	
group_2802	6.46E-02	3.79E-06	1.10E-02	-6.50E-01	2.58E-01	-4.67E-01	6.59E-01	2.37E+00	-3.14E-01	7.16E-01	1.94E+00	5.63E-01	-8.62E-01	5.04E-01	-2.19E+01	2.52E+01	
group_2434	6.26E-02	1.67E-01	7.12E-07	1.36E+00	2.83E-01	-4.87E-01	6.41E-01	2.15E+00	-3.01E-01	7.18E-01	1.96E+00	-1.95E-01	-8.42E-01	5.24E-01	-2.19E+01	2.49E+01	
group_2263	6.26E-02	1.67E-01	7.12E-07	1.36E+00	2.83E-01	-4.87E-01	6.41E-01	2.15E+00	-3.01E-01	7.18E-01	1.96E+00	-1.95E-01	-8.42E-01	5.24E-01	-2.19E+01	2.49E+01	
actP	6.26E-02	1.67E-01	7.12E-07	1.36E+00	2.83E-01	-4.87E-01	6.41E-01	2.15E+00	-3.01E-01	7.18E-01	1.96E+00	-1.95E-01	-8.42E-01	5.24E-01	-2.19E+01	2.49E+01	
group_1970	6.53E-02	7.70E-07	8.36E-01	-8.60E-02	4.16E-01	-4.73E-01	6.29E-01	2.27E+00	-2.35E-01	7.18E-01	1.95E+00	3.34E-01	-8.56E-01	5.10E-01	-2.19E+01	2.52E+01	
cadC_1	6.26E-02	1.67E-01	7.12E-07	1.36E+00	2.83E-01	-4.87E-01	6.41E-01	2.15E+00	-3.01E-01	7.18E-01	1.96E+00	-1.95E-01	-8.42E-01	5.24E-01	-2.19E+01	2.49E+01	
group_1101	6.26E-02	2.45E-01	2.95E-06	1.27E+00	2.79E-01	-4.99E-01	6.54E-01	2.17E+00	-2.89E-01	7.31E-01	1.97E+00	-1.41E-01	-8.30E-01	5.36E-01	-2.19E+01	2.48E+01	
group_911	6.33E-02	1.91E-03	8.18E-02	5.46E-01	3.18E-01	-4.73E-01	6.27E-01	2.27E+00	-3.15E-01	5.83E-01	1.95E+00	2.94E-01	-1.40E+00	5.00E-01	-2.19E+01	2.52E+01	
group_875	6.33E-02	1.91E-03	8.18E-02	5.46E-01	3.18E-01	-4.73E-01	6.27E-01	2.27E+00	-3.15E-01	5.83E-01	1.95E+00	2.94E-01	-1.40E+00	5.00E-01	-2.19E+01	2.52E+01	
group_640	6.26E-02	1.67E-01	7.12E-07	1.36E+00	2.83E-01	-4.87E-01	6.41E-01	2.15E+00	-3.01E-01	7.18E-01	1.96E+00	-1.95E-01	-8.42E-01	5.24E-01	-2.19E+01	2.49E+01	
group_196	6.26E-02	1.67E-01	7.12E-07	1.36E+00	2.83E-01	-4.87E-01	6.41E-01	2.15E+00	-3.01E-01	7.18E-01	1.96E+00	-1.95E-01	-8.42E-01	5.24E-01	-2.19E+01	2.49E+01	
cadA_3~~~cadA_2~~~cadA_1	6.26E-02	1.67E-01	7.12E-07	1.36E+00	2.83E-01	-4.87E-01	6.41E-01	2.15E+00	-3.01E-01	7.18E-01	1.96E+00	-1.95E-01	-8.42E-01	5.24E-01	-2.19E+01	2.49E+01	
group_1868	6.20E-02	1.93E-01	1.43E-06	1.32E+00	2.82E-01	-4.87E-01	6.41E-01	2.15E+00	-3.02E-01	7.18E-01	1.96E+00	-1.75E-01	-8.42E-01	5.23E-01	-2.19E+01	2.49E+01	
group_1009	6.06E-02	1.92E-01	8.20E-01	-5.40E-02	2.37E-01	-4.71E-01	6.25E-01	2.28E+00	-3.09E-01	7.06E-01	1.95E+00	3.38E-01	-8.56E-01	5.10E-01	-2.19E+01	2.52E+01	
group_999	6.46E-02	3.79E-06	5.79E-01	2.10E-01	3.80E-01	-4.82E-01	6.36E-01	2.27E+00	-4.96E-01	7.11E-01	1.96E+00	3.42E-01	-8.47E-01	5.05E-01	-2.19E+01	2.50E+01	
cadC_3	6.13E-02	2.23E-01	2.95E-06	1.27E+00	2.80E-01	-5.00E-01	6.54E-01	2.17E+00	-2.89E-01	7.31E-01	1.97E+00	-1.31E-01	-8.30E-01	5.36E-01	-2.19E+01	2.48E+01	
group_2501	6.33E-02	1.14E-01	1.62E-01	-3.33E-01	2.38E-01	-4.47E-01	6.08E-01	2.24E+00	-3.25E-01	7.77E-01	1.94E+00	3.17E-01	-8.82E-01	5.02E-01	-1.53E+01	2.56E+01	
yadH	6.13E-02	2.23E-01	2.95E-06	1.27E+00	2.80E-01	-5.00E-01	6.54E-01	2.17E+00	-2.89E-01	7.31E-01	1.97E+00	-1.31E-01	-8.30E-01	5.36E-01	-2.19E+01	2.48E+01	
group_2192	6.33E-02	1.14E-01	1.62E-01	-3.33E-01	2.38E-01	-4.47E-01	6.08E-01	2.24E+00	-3.25E-01	7.77E-01	1.94E+00	3.17E-01	-8.82E-01	5.02E-01	-1.53E+01	2.56E+01	
yadG	6.13E-02	2.23E-01	2.95E-06	1.27E+00	2.80E-01	-5.00E-01	6.54E-01	2.17E+00	-2.89E-01	7.31E-01	1.97E+00	-1.31E-01	-8.30E-01	5.36E-01	-2.19E+01	2.48E+01	
sdpR	6.13E-02	2.23E-01	2.95E-06	1.27E+00	2.80E-01	-5.00E-01	6.54E-01	2.17E+00	-2.89E-01	7.31E-01	1.97E+00	-1.31E-01	-8.30E-01	5.36E-01	-2.19E+01	2.48E+01	
group_1828	6.13E-02	2.23E-01	2.95E-06	1.27E+00	2.80E-01	-5.00E-01	6.54E-01	2.17E+00	-2.89E-01	7.31E-01	1.97E+00	-1.31E-01	-8.30E-01	5.36E-01	-2.19E+01	2.48E+01	
arsD	6.13E-02	2.23E-01	2.95E-06	1.27E+00	2.80E-01	-5.00E-01	6.54E-01	2.17E+00	-2.89E-01	7.31E-01	1.97E+00	-1.31E-01	-8.30E-01	5.36E-01	-2.19E+01	2.48E+01	
group_1532	6.13E-02	2.23E-01	2.95E-06	1.27E+00	2.80E-01	-5.00E-01	6.54E-01	2.17E+00	-2.89E-01	7.31E-01	1.97E+00	-1.31E-01	-8.30E-01	5.36E-01	-2.19E+01	2.48E+01	
acr3	6.13E-02	2.23E-01	2.95E-06	1.27E+00	2.80E-01	-5.00E-01	6.54E-01	2.17E+00	-2.89E-01	7.31E-01	1.97E+00	-1.31E-01	-8.30E-01	5.36E-01	-2.19E+01	2.48E+01	
cdr	6.13E-02	2.23E-01	2.95E-06	1.27E+00	2.80E-01	-5.00E-01	6.54E-01	2.17E+00	-2.89E-01	7.31E-01	1.97E+00	-1.31E-01	-8.30E-01	5.36E-01	-2.19E+01	2.48E+01	
arsA	6.13E-02	2.23E-01	2.95E-06	1.27E+00	2.80E-01	-5.00E-01	6.54E-01	2.17E+00	-2.89E-01	7.31E-01	1.97E+00	-1.31E-01	-8.30E-01	5.36E-01	-2.19E+01	2.48E+01	
group_713	6.33E-02	1.14E-01	1.62E-01	-3.33E-01	2.38E-01	-4.47E-01	6.08E-01	2.24E+00	-3.25E-01	7.77E-01	1.94E+00	3.17E-01	-8.82E-01	5.02E-01	-1.53E+01	2.56E+01	
cadA_2	6.13E-02	2.23E-01	2.95E-06	1.27E+00	2.80E-01	-5.00E-01	6.54E-01	2.17E+00	-2.89E-01	7.31E-01	1.97E+00	-1.31E-01	-8.30E-01	5.36E-01	-2.19E+01	2.48E+01	
group_385	6.33E-02	1.14E-01	1.62E-01	-3.33E-01	2.38E-01	-4.47E-01	6.08E-01	2.24E+00	-3.25E-01	7.77E-01	1.94E+00	3.17E-01	-8.82E-01	5.02E-01	-1.53E+01	2.56E+01	
group_112	6.33E-02	1.28E-06	3.82E-01	2.76E-01	3.17E-01	-4.82E-01	6.36E-01	2.24E+00	-5.03E-01	7.03E-01	1.96E+00	3.29E-01	-9.55E-01	5.16E-01	-2.08E+01	2.50E+01	
group_2411	6.06E-02	1.74E-01	1.42E-06	1.33E+00	2.84E-01	-4.87E-01	6.41E-01	2.15E+00	-3.02E-01	7.18E-01	1.96E+00	-1.65E-01	-8.42E-01	5.23E-01	-2.19E+01	2.49E+01	
group_2293	6.06E-02	1.74E-01	1.42E-06	1.33E+00	2.84E-01	-4.87E-01	6.41E-01	2.15E+00	-3.02E-01	7.18E-01	1.96E+00	-1.65E-01	-8.42E-01	5.23E-01	-2.19E+01	2.49E+01	
group_2149	6.06E-02	2.56E-01	5.45E-06	1.25E+00	2.82E-01	-4.86E-01	6.40E-01	2.16E+00	-3.02E-01	7.17E-01	1.96E+00	-1.35E-01	-8.43E-01	5.23E-01	-2.19E+01	2.50E+01	
group_1862	6.26E-02	1.45E-01	2.23E-01	-2.94E-01	2.40E-01	-4.50E-01	6.05E-01	2.24E+00	-3.24E-01	7.68E-01	1.94E+00	3.17E-01	-8.72E-01	5.03E-01	-1.75E+01	2.56E+01	
group_1853	6.06E-02	2.56E-01	5.45E-06	1.25E+00	2.82E-01	-4.86E-01	6.40E-01	2.16E+00	-3.02E-01	7.17E-01	1.96E+00	-1.35E-01	-8.43E-01	5.23E-01	-2.19E+01	2.50E+01	
group_1203	6.06E-02	2.56E-01	5.67E-06	1.24E+00	2.80E-01	-4.99E-01	6.53E-01	2.17E+00	-2.90E-01	7.30E-01	1.97E+00	-1.12E-01	-8.30E-01	5.35E-01	-2.19E+01	2.48E+01	
group_1177	6.33E-02	8.98E-04	2.03E-01	6.65E-01	5.44E-01	-1.06E+00	1.21E+00	2.85E+00	2.69E-01	1.29E+00	2.53E+00	9.10E-01	-2.71E-01	1.09E+00	-2.13E+01	2.03E+01	
group_1174	6.20E-02	1.04E-05	8.51E-01	-7.63E-02	4.06E-01	-4.73E-01	6.27E-01	2.27E+00	-2.48E-01	7.06E-01	1.95E+00	3.36E-01	-8.56E-01	5.10E-01	-2.19E+01	2.52E+01	
group_721	6.06E-02	1.74E-01	1.42E-06	1.33E+00	2.84E-01	-4.87E-01	6.41E-01	2.15E+00	-3.02E-01	7.18E-01	1.96E+00	-1.65E-01	-8.42E-01	5.23E-01	-2.19E+01	2.49E+01	
group_197	6.06E-02	1.74E-01	1.42E-06	1.33E+00	2.84E-01	-4.87E-01	6.41E-01	2.15E+00	-3.02E-01	7.18E-01	1.96E+00	-1.65E-01	-8.42E-01	5.23E-01	-2.19E+01	2.49E+01	
immR	6.06E-02	1.80E-04	2.08E-02	9.99E-01	4.57E-01	-4.84E-01	6.38E-01	2.28E+00	-1.21E+00	7.07E-01	1.96E+00	2.81E-01	-8.45E-01	5.17E-01	-2.19E+01	2.50E+01	
group_2762	6.26E-02	2.02E-08	5.60E-02	-5.18E-01	2.74E-01	-2.20E-01	3.94E-01	2.01E+00	-5.69E-01	4.55E-01	1.69E+00	1.57E-01	-1.11E+00	2.56E-01	-2.16E+01	3.14E+01	
group_2710	6.20E-02	1.82E-01	2.40E-01	-2.84E-01	2.41E-01	-4.51E-01	6.05E-01	2.24E+00	-3.24E-01	7.66E-01	1.94E+00	3.18E-01	-8.78E-01	5.03E-01	-1.84E+01	2.55E+01	
group_2673	6.26E-02	2.02E-08	5.60E-02	-5.18E-01	2.74E-01	-2.20E-01	3.94E-01	2.01E+00	-5.69E-01	4.55E-01	1.69E+00	1.57E-01	-1.11E+00	2.56E-01	-2.16E+01	3.14E+01	
group_2610	6.20E-02	1.82E-01	2.40E-01	-2.84E-01	2.41E-01	-4.51E-01	6.05E-01	2.24E+00	-3.24E-01	7.66E-01	1.94E+00	3.18E-01	-8.78E-01	5.03E-01	-1.84E+01	2.55E+01	
group_2496	6.13E-02	9.88E-02	3.04E-01	-2.47E-01	2.40E-01	-4.54E-01	6.08E-01	2.32E+00	-3.05E-01	7.03E-01	1.94E+00	3.49E-01	-8.70E-01	4.92E-01	-2.19E+01	2.55E+01	
group_2188	6.20E-02	7.25E-14	5.60E-08	-1.48E+00	2.91E-01	-3.70E-01	5.24E-01	2.16E+00	-3.93E-01	6.13E-01	1.84E+00	7.10E-01	-9.60E-01	4.06E-01	-2.20E+01	2.63E+01	
group_2157	6.20E-02	4.15E-04	3.51E-02	-5.29E-01	2.52E-01	-4.63E-01	6.18E-01	2.34E+00	-3.01E-01	6.99E-01	1.95E+00	4.82E-01	-8.66E-01	5.00E-01	-2.19E+01	2.53E+01	
group_2137	6.26E-02	2.02E-08	5.60E-02	-5.18E-01	2.74E-01	-2.20E-01	3.94E-01	2.01E+00	-5.69E-01	4.55E-01	1.69E+00	1.57E-01	-1.11E+00	2.56E-01	-2.16E+01	3.14E+01	
group_1944	6.26E-02	2.02E-08	5.60E-02	-5.18E-01	2.74E-01	-2.20E-01	3.94E-01	2.01E+00	-5.69E-01	4.55E-01	1.69E+00	1.57E-01	-1.11E+00	2.56E-01	-2.16E+01	3.14E+01	
group_1848	6.20E-02	1.82E-01	2.40E-01	-2.84E-01	2.41E-01	-4.51E-01	6.05E-01	2.24E+00	-3.24E-01	7.66E-01	1.94E+00	3.18E-01	-8.78E-01	5.03E-01	-1.84E+01	2.55E+01	
group_1328	6.20E-02	1.82E-01	2.40E-01	-2.84E-01	2.41E-01	-4.51E-01	6.05E-01	2.24E+00	-3.24E-01	7.66E-01	1.94E+00	3.18E-01	-8.78E-01	5.03E-01	-1.84E+01	2.55E+01	
group_1236	6.26E-02	9.36E-02	6.97E-01	-1.05E-01	2.69E-01	-4.72E-01	6.26E-01	2.28E+00	-2.66E-01	7.11E-01	1.95E+00	3.37E-01	-8.57E-01	5.09E-01	-1.94E+01	2.52E+01	
group_1199	6.20E-02	7.25E-14	5.60E-08	-1.48E+00	2.91E-01	-3.70E-01	5.24E-01	2.16E+00	-3.93E-01	6.13E-01	1.84E+00	7.10E-01	-9.60E-01	4.06E-01	-2.20E+01	2.63E+01	
group_1198	6.20E-02	7.25E-14	5.60E-08	-1.48E+00	2.91E-01	-3.70E-01	5.24E-01	2.16E+00	-3.93E-01	6.13E-01	1.84E+00	7.10E-01	-9.60E-01	4.06E-01	-2.20E+01	2.63E+01	
xre~~~xre_2	6.20E-02	7.25E-14	5.60E-08	-1.48E+00	2.91E-01	-3.70E-01	5.24E-01	2.16E+00	-3.93E-01	6.13E-01	1.84E+00	7.10E-01	-9.60E-01	4.06E-01	-2.20E+01	2.63E+01	
group_970	6.20E-02	1.82E-01	2.40E-01	-2.84E-01	2.41E-01	-4.51E-01	6.05E-01	2.24E+00	-3.24E-01	7.66E-01	1.94E+00	3.18E-01	-8.78E-01	5.03E-01	-1.84E+01	2.55E+01	
group_959	6.20E-02	7.25E-14	5.60E-08	-1.48E+00	2.91E-01	-3.70E-01	5.24E-01	2.16E+00	-3.93E-01	6.13E-01	1.84E+00	7.10E-01	-9.60E-01	4.06E-01	-2.20E+01	2.63E+01	
group_955	6.20E-02	7.25E-14	5.60E-08	-1.48E+00	2.91E-01	-3.70E-01	5.24E-01	2.16E+00	-3.93E-01	6.13E-01	1.84E+00	7.10E-01	-9.60E-01	4.06E-01	-2.20E+01	2.63E+01	
group_939	6.20E-02	7.25E-14	5.60E-08	-1.48E+00	2.91E-01	-3.70E-01	5.24E-01	2.16E+00	-3.93E-01	6.13E-01	1.84E+00	7.10E-01	-9.60E-01	4.06E-01	-2.20E+01	2.63E+01	
group_915	6.20E-02	7.25E-14	5.60E-08	-1.48E+00	2.91E-01	-3.70E-01	5.24E-01	2.16E+00	-3.93E-01	6.13E-01	1.84E+00	7.10E-01	-9.60E-01	4.06E-01	-2.20E+01	2.63E+01	
group_902	6.26E-02	4.22E-01	7.82E-02	4.16E-01	2.37E-01	-4.73E-01	6.27E-01	2.10E+00	-3.59E-01	6.97E-01	1.94E+00	2.43E-01	-8.99E-01	4.80E-01	-1.79E+01	2.52E+01	
group_884	6.20E-02	7.25E-14	5.60E-08	-1.48E+00	2.91E-01	-3.70E-01	5.24E-01	2.16E+00	-3.93E-01	6.13E-01	1.84E+00	7.10E-01	-9.60E-01	4.06E-01	-2.20E+01	2.63E+01	
group_882	6.20E-02	7.25E-14	5.60E-08	-1.48E+00	2.91E-01	-3.70E-01	5.24E-01	2.16E+00	-3.93E-01	6.13E-01	1.84E+00	7.10E-01	-9.60E-01	4.06E-01	-2.20E+01	2.63E+01	
group_826	6.20E-02	7.25E-14	5.60E-08	-1.48E+00	2.91E-01	-3.70E-01	5.24E-01	2.16E+00	-3.93E-01	6.13E-01	1.84E+00	7.10E-01	-9.60E-01	4.06E-01	-2.20E+01	2.63E+01	
group_825	6.20E-02	7.25E-14	5.60E-08	-1.48E+00	2.91E-01	-3.70E-01	5.24E-01	2.16E+00	-3.93E-01	6.13E-01	1.84E+00	7.10E-01	-9.60E-01	4.06E-01	-2.20E+01	2.63E+01	
group_822	6.20E-02	7.25E-14	5.60E-08	-1.48E+00	2.91E-01	-3.70E-01	5.24E-01	2.16E+00	-3.93E-01	6.13E-01	1.84E+00	7.10E-01	-9.60E-01	4.06E-01	-2.20E+01	2.63E+01	
group_709	6.20E-02	7.25E-14	5.60E-08	-1.48E+00	2.91E-01	-3.70E-01	5.24E-01	2.16E+00	-3.93E-01	6.13E-01	1.84E+00	7.10E-01	-9.60E-01	4.06E-01	-2.20E+01	2.63E+01	
group_704	6.20E-02	7.25E-14	5.60E-08	-1.48E+00	2.91E-01	-3.70E-01	5.24E-01	2.16E+00	-3.93E-01	6.13E-01	1.84E+00	7.10E-01	-9.60E-01	4.06E-01	-2.20E+01	2.63E+01	
group_618	6.20E-02	7.25E-14	5.60E-08	-1.48E+00	2.91E-01	-3.70E-01	5.24E-01	2.16E+00	-3.93E-01	6.13E-01	1.84E+00	7.10E-01	-9.60E-01	4.06E-01	-2.20E+01	2.63E+01	
group_304	6.20E-02	7.25E-14	5.60E-08	-1.48E+00	2.91E-01	-3.70E-01	5.24E-01	2.16E+00	-3.93E-01	6.13E-01	1.84E+00	7.10E-01	-9.60E-01	4.06E-01	-2.20E+01	2.63E+01	
group_198	6.20E-02	1.82E-01	2.40E-01	-2.84E-01	2.41E-01	-4.51E-01	6.05E-01	2.24E+00	-3.24E-01	7.66E-01	1.94E+00	3.18E-01	-8.78E-01	5.03E-01	-1.84E+01	2.55E+01	
group_2617	6.13E-02	2.27E-01	4.70E-02	-2.57E-01	4.48E+00	-4.48E-01	5.99E-01	1.91E+00	-3.17E-01	7.52E-01	1.93E+00	3.14E-01	-8.42E-01	4.97E-01	-1.90E+00	1.55E+00	matrix-inversion-error
glpT	6.20E-02	1.04E-05	9.29E-01	4.64E-02	5.19E-01	-4.74E-01	6.28E-01	2.27E+00	-3.59E-01	7.04E-01	1.95E+00	3.34E-01	-8.55E-01	5.10E-01	-2.19E+01	2.52E+01	
group_2243	6.13E-02	1.47E-13	1.00E-07	-1.46E+00	2.92E-01	-3.70E-01	5.25E-01	2.16E+00	-3.92E-01	6.02E-01	1.85E+00	7.05E-01	-9.59E-01	4.07E-01	-2.20E+01	2.63E+01	
group_2183	6.13E-02	2.27E-01	4.70E-02	-2.57E-01	4.48E+00	-4.48E-01	5.99E-01	1.91E+00	-3.17E-01	7.52E-01	1.93E+00	3.14E-01	-8.42E-01	4.97E-01	-1.90E+00	1.55E+00	matrix-inversion-error
group_1889	6.13E-02	2.27E-01	4.70E-02	-2.57E-01	4.48E+00	-4.48E-01	5.99E-01	1.91E+00	-3.17E-01	7.52E-01	1.93E+00	3.14E-01	-8.42E-01	4.97E-01	-1.90E+00	1.55E+00	matrix-inversion-error
group_1661	6.13E-02	1.47E-13	1.00E-07	-1.46E+00	2.92E-01	-3.70E-01	5.25E-01	2.16E+00	-3.92E-01	6.02E-01	1.85E+00	7.05E-01	-9.59E-01	4.07E-01	-2.20E+01	2.63E+01	
group_1187	6.13E-02	2.19E-07	2.46E-01	-4.67E-01	4.01E-01	-4.69E-01	6.23E-01	2.26E+00	9.10E-02	7.13E-01	1.95E+00	3.45E-01	-8.60E-01	5.09E-01	-2.19E+01	2.52E+01	
group_969	6.13E-02	2.27E-01	4.70E-02	-2.57E-01	4.48E+00	-4.48E-01	5.99E-01	1.91E+00	-3.17E-01	7.52E-01	1.93E+00	3.14E-01	-8.42E-01	4.97E-01	-1.90E+00	1.55E+00	matrix-inversion-error
group_968	6.13E-02	2.27E-01	4.70E-02	-2.57E-01	4.48E+00	-4.48E-01	5.99E-01	1.91E+00	-3.17E-01	7.52E-01	1.93E+00	3.14E-01	-8.42E-01	4.97E-01	-1.90E+00	1.55E+00	matrix-inversion-error
group_967	6.13E-02	2.27E-01	4.70E-02	-2.57E-01	4.48E+00	-4.48E-01	5.99E-01	1.91E+00	-3.17E-01	7.52E-01	1.93E+00	3.14E-01	-8.42E-01	4.97E-01	-1.90E+00	1.55E+00	matrix-inversion-error
group_964	6.13E-02	2.27E-01	4.70E-02	-2.57E-01	4.48E+00	-4.48E-01	5.99E-01	1.91E+00	-3.17E-01	7.52E-01	1.93E+00	3.14E-01	-8.42E-01	4.97E-01	-1.90E+00	1.55E+00	matrix-inversion-error
group_947	6.13E-02	2.27E-01	4.70E-02	-2.57E-01	4.48E+00	-4.48E-01	5.99E-01	1.91E+00	-3.17E-01	7.52E-01	1.93E+00	3.14E-01	-8.42E-01	4.97E-01	-1.90E+00	1.55E+00	matrix-inversion-error
group_924	6.13E-02	2.27E-01	4.70E-02	-2.57E-01	4.48E+00	-4.48E-01	5.99E-01	1.91E+00	-3.17E-01	7.52E-01	1.93E+00	3.14E-01	-8.42E-01	4.97E-01	-1.90E+00	1.55E+00	matrix-inversion-error
group_905	6.13E-02	2.27E-01	4.70E-02	-2.57E-01	4.48E+00	-4.48E-01	5.99E-01	1.91E+00	-3.17E-01	7.52E-01	1.93E+00	3.14E-01	-8.42E-01	4.97E-01	-1.90E+00	1.55E+00	matrix-inversion-error
group_859	6.13E-02	2.27E-01	4.70E-02	-2.57E-01	4.48E+00	-4.48E-01	5.99E-01	1.91E+00	-3.17E-01	7.52E-01	1.93E+00	3.14E-01	-8.42E-01	4.97E-01	-1.90E+00	1.55E+00	matrix-inversion-error
group_773	6.13E-02	2.27E-01	4.70E-02	-2.57E-01	4.48E+00	-4.48E-01	5.99E-01	1.91E+00	-3.17E-01	7.52E-01	1.93E+00	3.14E-01	-8.42E-01	4.97E-01	-1.90E+00	1.55E+00	matrix-inversion-error
group_772	6.13E-02	2.27E-01	4.70E-02	-2.57E-01	4.48E+00	-4.48E-01	5.99E-01	1.91E+00	-3.17E-01	7.52E-01	1.93E+00	3.14E-01	-8.42E-01	4.97E-01	-1.90E+00	1.55E+00	matrix-inversion-error
group_695	6.13E-02	2.27E-01	4.70E-02	-2.57E-01	4.48E+00	-4.48E-01	5.99E-01	1.91E+00	-3.17E-01	7.52E-01	1.93E+00	3.14E-01	-8.42E-01	4.97E-01	-1.90E+00	1.55E+00	matrix-inversion-error
group_604	6.13E-02	2.27E-01	4.70E-02	-2.57E-01	4.48E+00	-4.48E-01	5.99E-01	1.91E+00	-3.17E-01	7.52E-01	1.93E+00	3.14E-01	-8.42E-01	4.97E-01	-1.90E+00	1.55E+00	matrix-inversion-error
group_305	6.13E-02	1.47E-13	8.27E-08	-1.47E+00	2.92E-01	-3.82E-01	5.36E-01	2.17E+00	-3.81E-01	6.25E-01	1.86E+00	7.19E-01	-9.47E-01	4.18E-01	-2.20E+01	2.61E+01	
group_206	6.13E-02	2.27E-01	4.70E-02	-2.57E-01	4.48E+00	-4.48E-01	5.99E-01	1.91E+00	-3.17E-01	7.52E-01	1.93E+00	3.14E-01	-8.42E-01	4.97E-01	-1.90E+00	1.55E+00	matrix-inversion-error
group_143	6.13E-02	1.47E-13	1.00E-07	-1.46E+00	2.92E-01	-3.70E-01	5.25E-01	2.16E+00	-3.92E-01	6.02E-01	1.85E+00	7.05E-01	-9.59E-01	4.07E-01	-2.20E+01	2.63E+01	
group_80	6.26E-02	6.15E-04	8.08E-01	9.25E-02	3.82E-01	-4.73E-01	6.27E-01	2.27E+00	-3.93E-01	7.04E-01	1.95E+00	3.34E-01	-8.56E-01	5.07E-01	-2.19E+01	2.52E+01	
group_2780	6.13E-02	1.87E-08	2.35E-01	-8.12E-01	7.10E-01	-4.44E-01	5.99E-01	2.24E+00	4.68E-01	7.11E-01	1.92E+00	3.08E-01	-8.85E-01	4.81E-01	-2.19E+01	2.02E+01	
group_1441	6.06E-02	1.27E-01	1.46E-01	-3.56E-01	2.44E-01	-4.46E-01	6.00E-01	2.24E+00	-3.26E-01	7.82E-01	1.94E+00	3.11E-01	-8.83E-01	5.01E-01	-1.99E+01	2.57E+01	
group_963	6.06E-02	1.92E-01	2.68E-01	-2.71E-01	2.44E-01	-4.52E-01	6.06E-01	2.24E+00	-3.23E-01	7.63E-01	1.94E+00	3.19E-01	-8.77E-01	5.02E-01	-2.32E+01	2.55E+01	
group_937	5.93E-02	7.35E-05	1.57E-01	-4.75E-01	3.32E-01	-4.60E-01	6.14E-01	2.25E+00	-3.23E-01	7.16E-01	1.96E+00	3.24E-01	-3.95E-01	5.10E-01	-2.19E+01	2.54E+01	
group_473	6.13E-02	9.08E-01	7.50E-01	-7.76E-02	2.43E-01	-4.73E-01	6.29E-01	2.27E+00	-3.15E-01	7.10E-01	1.95E+00	3.39E-01	-8.47E-01	5.16E-01	-1.80E+01	2.52E+01	
group_1672	5.99E-02	1.61E-01	1.72E-01	-3.37E-01	2.46E-01	-4.50E-01	6.05E-01	2.24E+00	-3.22E-01	7.81E-01	1.94E+00	3.15E-01	-8.79E-01	5.05E-01	-1.54E+01	2.56E+01	
group_1176	5.99E-02	6.72E-07	4.14E-01	-3.42E-01	4.17E-01	-4.70E-01	6.24E-01	2.26E+00	-1.67E-02	7.10E-01	1.95E+00	3.39E-01	-8.59E-01	5.09E-01	-2.19E+01	2.52E+01	
group_1175	5.99E-02	6.72E-07	4.14E-01	-3.42E-01	4.17E-01	-4.70E-01	6.24E-01	2.26E+00	-1.67E-02	7.10E-01	1.95E+00	3.39E-01	-8.59E-01	5.09E-01	-2.19E+01	2.52E+01	
group_900	6.06E-02	5.80E-05	1.40E-01	4.26E-01	2.96E-01	-4.91E-01	6.05E-01	1.93E+00	-2.97E-01	7.19E-01	1.92E+00	3.37E-01	-8.49E-01	5.27E-01	-2.19E+01	2.47E+01	
group_894	5.86E-02	1.18E-04	2.14E-01	-4.24E-01	3.37E-01	-4.61E-01	6.15E-01	2.25E+00	-3.22E-01	7.11E-01	1.96E+00	3.25E-01	-4.44E-01	5.10E-01	-2.19E+01	2.54E+01	
group_853	6.06E-02	5.80E-05	1.40E-01	4.26E-01	2.96E-01	-4.91E-01	6.05E-01	1.93E+00	-2.97E-01	7.19E-01	1.92E+00	3.37E-01	-8.49E-01	5.27E-01	-2.19E+01	2.47E+01	
group_852	6.06E-02	5.80E-05	1.40E-01	4.26E-01	2.96E-01	-4.91E-01	6.05E-01	1.93E+00	-2.97E-01	7.19E-01	1.92E+00	3.37E-01	-8.49E-01	5.27E-01	-2.19E+01	2.47E+01	
group_801	5.99E-02	1.61E-01	1.72E-01	-3.37E-01	2.46E-01	-4.50E-01	6.05E-01	2.24E+00	-3.22E-01	7.81E-01	1.94E+00	3.15E-01	-8.79E-01	5.05E-01	-1.54E+01	2.56E+01	
group_762	6.06E-02	5.80E-05	1.40E-01	4.26E-01	2.96E-01	-4.91E-01	6.05E-01	1.93E+00	-2.97E-01	7.19E-01	1.92E+00	3.37E-01	-8.49E-01	5.27E-01	-2.19E+01	2.47E+01	
group_148	5.99E-02	1.61E-01	1.72E-01	-3.37E-01	2.46E-01	-4.50E-01	6.05E-01	2.24E+00	-3.22E-01	7.81E-01	1.94E+00	3.15E-01	-8.79E-01	5.05E-01	-1.54E+01	2.56E+01	
group_2806	5.93E-02	7.06E-01	6.73E-02	4.78E-01	2.63E-01	-4.73E-01	6.01E-01	1.87E+00	-3.66E-01	7.00E-01	1.94E+00	2.59E-01	-1.04E+00	5.03E-01	-2.19E+01	2.52E+01	
group_1641	5.99E-02	8.51E-02	6.71E-01	-1.24E-01	2.89E-01	-4.73E-01	6.27E-01	2.27E+00	-3.15E-01	7.04E-01	1.96E+00	3.34E-01	-8.11E-01	5.10E-01	-2.19E+01	2.52E+01	
ssb_3	5.93E-02	1.34E-01	1.36E-01	-3.71E-01	2.48E-01	-4.45E-01	5.99E-01	2.24E+00	-3.27E-01	7.85E-01	1.94E+00	3.07E-01	-8.84E-01	5.01E-01	-1.58E+01	2.57E+01	
group_1188	5.93E-02	1.17E-06	5.25E-01	-2.72E-01	4.27E-01	-4.71E-01	6.25E-01	2.26E+00	-7.74E-02	7.09E-01	1.95E+00	3.37E-01	-8.59E-01	5.09E-01	-2.19E+01	2.52E+01	
group_835	5.99E-02	2.02E-01	9.78E-01	7.10E-03	2.62E-01	-4.74E-01	6.28E-01	2.26E+00	-3.15E-01	7.05E-01	1.95E+00	3.34E-01	-8.55E-01	5.10E-01	-2.18E+01	2.52E+01	
group_57	5.93E-02	1.34E-01	1.36E-01	-3.71E-01	2.48E-01	-4.45E-01	5.99E-01	2.24E+00	-3.27E-01	7.85E-01	1.94E+00	3.07E-01	-8.84E-01	5.01E-01	-1.58E+01	2.57E+01	
group_2070	5.86E-02	1.70E-01	1.60E-01	-3.51E-01	2.49E-01	-4.50E-01	6.04E-01	2.24E+00	-3.23E-01	7.84E-01	1.94E+00	3.12E-01	-8.80E-01	5.05E-01	-2.66E+01	2.56E+01	
group_1172	5.86E-02	2.01E-06	6.31E-01	-2.11E-01	4.37E-01	-4.73E-01	6.27E-01	2.27E+00	-1.29E-01	7.10E-01	1.95E+00	3.38E-01	-8.56E-01	5.11E-01	-2.19E+01	2.52E+01	
dnaG_2~~~dnaG_3~~~dnaG_1	5.93E-02	1.57E-01	9.86E-01	4.56E-03	2.62E-01	-4.74E-01	6.28E-01	2.26E+00	-3.15E-01	7.05E-01	1.95E+00	3.34E-01	-8.56E-01	5.10E-01	-2.19E+01	2.52E+01	
group_280	5.86E-02	1.96E-07	5.66E-01	1.91E-01	3.34E-01	-4.79E-01	6.33E-01	2.27E+00	-4.40E-01	7.05E-01	1.95E+00	3.33E-01	-9.24E-01	5.15E-01	-1.97E+01	2.50E+01	
group_2603	5.86E-02	3.19E-03	1.70E-01	-3.57E-01	2.61E-01	-4.73E-01	6.27E-01	2.27E+00	-3.15E-01	7.04E-01	1.95E+00	3.34E-01	-8.56E-01	6.23E-01	-2.19E+01	2.52E+01	
group_1296	5.79E-02	4.49E-04	5.26E-02	1.38E+00	7.99E-01	-1.70E+00	1.86E+00	3.50E+00	9.16E-01	1.94E+00	3.18E+00	1.57E+00	3.76E-01	1.74E+00	-2.06E+01	1.88E+01	
group_1280	5.79E-02	7.19E-05	1.87E-01	3.93E-01	3.05E-01	-4.90E-01	6.07E-01	1.95E+00	-2.99E-01	7.21E-01	1.93E+00	3.40E-01	-8.50E-01	5.26E-01	-2.19E+01	2.47E+01	
group_724	5.86E-02	3.19E-03	1.70E-01	-3.57E-01	2.61E-01	-4.73E-01	6.27E-01	2.27E+00	-3.15E-01	7.04E-01	1.95E+00	3.34E-01	-8.56E-01	6.23E-01	-2.19E+01	2.52E+01	
smc_2~~~smc_5~~~smc_3	5.52E-02	3.43E-01	3.57E-01	-2.39E-01	2.59E-01	-4.55E-01	6.09E-01	2.39E+00	-2.97E-01	7.05E-01	1.94E+00	3.30E-01	-8.69E-01	4.93E-01	-2.19E+01	2.55E+01	
group_420	5.79E-02	2.11E-01	8.62E-01	-4.63E-02	2.66E-01	-4.70E-01	6.25E-01	2.30E+00	-3.17E-01	7.03E-01	1.95E+00	3.35E-01	-8.59E-01	5.07E-01	-1.94E+01	2.52E+01	
group_413	5.86E-02	3.19E-03	1.70E-01	-3.57E-01	2.61E-01	-4.73E-01	6.27E-01	2.27E+00	-3.15E-01	7.04E-01	1.95E+00	3.34E-01	-8.56E-01	6.23E-01	-2.19E+01	2.52E+01	
group_38	5.79E-02	7.19E-05	1.87E-01	3.93E-01	3.05E-01	-4.90E-01	6.07E-01	1.95E+00	-2.99E-01	7.21E-01	1.93E+00	3.40E-01	-8.50E-01	5.26E-01	-2.19E+01	2.47E+01	
group_1396	5.72E-02	6.11E-07	1.24E-02	-6.36E-01	2.59E-01	-4.38E-01	6.04E-01	2.23E+00	-3.43E-01	6.75E-01	1.92E+00	4.27E-01	-7.50E-01	4.93E-01	-1.99E+01	2.57E+01	
group_504	5.66E-02	2.60E-02	3.44E-01	-2.58E-01	2.69E-01	-4.73E-01	6.32E-01	2.34E+00	-3.15E-01	7.23E-01	1.98E+00	3.41E-01	-8.50E-01	5.10E-01	-2.19E+01	2.52E+01	
group_439	5.59E-02	7.64E-02	1.62E-02	-4.32E-01	4.26E+00	-4.35E-01	5.86E-01	1.90E+00	-3.23E-01	7.60E-01	1.93E+00	3.03E-01	-8.55E-01	4.94E-01	-1.89E+00	1.53E+00	matrix-inversion-error
group_2846	5.59E-02	1.61E-03	2.57E-02	1.34E+00	6.66E-01	-1.62E+00	1.78E+00	3.42E+00	8.36E-01	1.86E+00	3.10E+00	1.49E+00	2.95E-01	1.66E+00	-2.07E+01	1.91E+01	
group_2581	5.59E-02	1.61E-03	2.57E-02	1.34E+00	6.66E-01	-1.62E+00	1.78E+00	3.42E+00	8.36E-01	1.86E+00	3.10E+00	1.49E+00	2.95E-01	1.66E+00	-2.07E+01	1.91E+01	
group_2570	5.59E-02	1.61E-03	2.57E-02	1.34E+00	6.66E-01	-1.62E+00	1.78E+00	3.42E+00	8.36E-01	1.86E+00	3.10E+00	1.49E+00	2.95E-01	1.66E+00	-2.07E+01	1.91E+01	
group_2492	5.59E-02	1.61E-03	2.57E-02	1.34E+00	6.66E-01	-1.62E+00	1.78E+00	3.42E+00	8.36E-01	1.86E+00	3.10E+00	1.49E+00	2.95E-01	1.66E+00	-2.07E+01	1.91E+01	
group_2423	5.59E-02	4.78E-08	9.33E-01	1.22E-01	1.44E+00	-4.75E-01	6.29E-01	2.27E+00	-4.36E-01	7.05E-01	1.95E+00	3.35E-01	-8.55E-01	5.11E-01	-2.07E+01	2.51E+01	
group_2338	5.59E-02	1.61E-03	2.57E-02	1.34E+00	6.66E-01	-1.62E+00	1.78E+00	3.42E+00	8.36E-01	1.86E+00	3.10E+00	1.49E+00	2.95E-01	1.66E+00	-2.07E+01	1.91E+01	
group_2026	5.59E-02	1.61E-03	2.57E-02	1.34E+00	6.66E-01	-1.62E+00	1.78E+00	3.42E+00	8.36E-01	1.86E+00	3.10E+00	1.49E+00	2.95E-01	1.66E+00	-2.07E+01	1.91E+01	
group_2003	5.59E-02	1.61E-03	2.57E-02	1.34E+00	6.66E-01	-1.62E+00	1.78E+00	3.42E+00	8.36E-01	1.86E+00	3.10E+00	1.49E+00	2.95E-01	1.66E+00	-2.07E+01	1.91E+01	
group_1903	5.59E-02	4.78E-08	9.33E-01	1.22E-01	1.44E+00	-4.75E-01	6.29E-01	2.27E+00	-4.36E-01	7.05E-01	1.95E+00	3.35E-01	-8.55E-01	5.11E-01	-2.07E+01	2.51E+01	
group_1569	5.59E-02	4.78E-08	9.33E-01	1.22E-01	1.44E+00	-4.75E-01	6.29E-01	2.27E+00	-4.36E-01	7.05E-01	1.95E+00	3.35E-01	-8.55E-01	5.11E-01	-2.07E+01	2.51E+01	
group_1529	5.59E-02	1.61E-03	2.57E-02	1.34E+00	6.66E-01	-1.62E+00	1.78E+00	3.42E+00	8.36E-01	1.86E+00	3.10E+00	1.49E+00	2.95E-01	1.66E+00	-2.07E+01	1.91E+01	
group_1291	5.59E-02	4.78E-08	9.33E-01	1.22E-01	1.44E+00	-4.75E-01	6.29E-01	2.27E+00	-4.36E-01	7.05E-01	1.95E+00	3.35E-01	-8.55E-01	5.11E-01	-2.07E+01	2.51E+01	
group_1271	5.59E-02	1.61E-03	2.57E-02	1.34E+00	6.66E-01	-1.62E+00	1.78E+00	3.42E+00	8.36E-01	1.86E+00	3.10E+00	1.49E+00	2.95E-01	1.66E+00	-2.07E+01	1.91E+01	
group_1254	5.59E-02	4.78E-08	9.33E-01	1.22E-01	1.44E+00	-4.75E-01	6.29E-01	2.27E+00	-4.36E-01	7.05E-01	1.95E+00	3.35E-01	-8.55E-01	5.11E-01	-2.07E+01	2.51E+01	
group_625	5.59E-02	7.07E-03	5.62E-01	-1.45E-01	2.50E-01	-4.72E-01	6.85E-01	2.26E+00	-3.01E-01	7.03E-01	1.95E+00	3.37E-01	-8.51E-01	5.30E-01	-2.19E+01	2.52E+01	
group_408	5.59E-02	1.61E-03	2.57E-02	1.34E+00	6.66E-01	-1.62E+00	1.78E+00	3.42E+00	8.36E-01	1.86E+00	3.10E+00	1.49E+00	2.95E-01	1.66E+00	-2.07E+01	1.91E+01	
group_366	5.59E-02	1.61E-03	2.57E-02	1.34E+00	6.66E-01	-1.62E+00	1.78E+00	3.42E+00	8.36E-01	1.86E+00	3.10E+00	1.49E+00	2.95E-01	1.66E+00	-2.07E+01	1.91E+01	
group_229	5.59E-02	2.56E-02	4.49E-02	6.80E-01	3.47E-01	-9.40E-01	1.09E+00	2.73E+00	1.52E-01	1.17E+00	2.42E+00	8.01E-01	-3.89E-01	9.36E-01	-2.14E+01	2.13E+01	
pre~~~pre_1~~~pre_2	5.52E-02	1.17E-05	6.36E-02	5.59E-01	3.14E-01	-4.79E-01	6.23E-01	2.27E+00	-3.09E-01	7.01E-01	1.90E+00	3.25E-01	-8.50E-01	5.04E-01	-2.19E+01	2.50E+01	
ermC	5.52E-02	1.17E-05	6.36E-02	5.59E-01	3.14E-01	-4.79E-01	6.23E-01	2.27E+00	-3.09E-01	7.01E-01	1.90E+00	3.25E-01	-8.50E-01	5.04E-01	-2.19E+01	2.50E+01	
group_3644	5.52E-02	1.17E-05	6.36E-02	5.59E-01	3.14E-01	-4.79E-01	6.23E-01	2.27E+00	-3.09E-01	7.01E-01	1.90E+00	3.25E-01	-8.50E-01	5.04E-01	-2.19E+01	2.50E+01	
group_3643	5.52E-02	1.17E-05	6.36E-02	5.59E-01	3.14E-01	-4.79E-01	6.23E-01	2.27E+00	-3.09E-01	7.01E-01	1.90E+00	3.25E-01	-8.50E-01	5.04E-01	-2.19E+01	2.50E+01	
group_3642	5.52E-02	1.17E-05	6.36E-02	5.59E-01	3.14E-01	-4.79E-01	6.23E-01	2.27E+00	-3.09E-01	7.01E-01	1.90E+00	3.25E-01	-8.50E-01	5.04E-01	-2.19E+01	2.50E+01	
group_2832	5.52E-02	3.41E-10	2.96E-03	-2.05E+00	8.05E-01	-4.33E-01	5.87E-01	2.22E+00	1.55E+00	7.10E-01	1.91E+00	3.00E-01	-8.96E-01	4.69E-01	-2.19E+01	2.54E+01	
group_2744	5.52E-02	3.08E-12	1.02E-07	-1.55E+00	3.08E-01	-4.73E-01	6.27E-01	2.27E+00	-3.02E-01	7.17E-01	1.95E+00	8.32E-01	-8.56E-01	5.10E-01	-2.19E+01	2.52E+01	
group_2680	5.59E-02	5.36E-01	4.76E-01	1.81E-01	2.55E-01	-4.75E-01	6.29E-01	2.27E+00	-3.23E-01	6.49E-01	1.95E+00	3.22E-01	-8.76E-01	5.06E-01	-2.19E+01	2.51E+01	
group_2679	5.59E-02	5.36E-01	4.76E-01	1.81E-01	2.55E-01	-4.75E-01	6.29E-01	2.27E+00	-3.23E-01	6.49E-01	1.95E+00	3.22E-01	-8.76E-01	5.06E-01	-2.19E+01	2.51E+01	
ecfT_2~~~ecfT_3	5.59E-02	5.36E-01	4.76E-01	1.81E-01	2.55E-01	-4.75E-01	6.29E-01	2.27E+00	-3.23E-01	6.49E-01	1.95E+00	3.22E-01	-8.76E-01	5.06E-01	-2.19E+01	2.51E+01	
group_674	5.59E-02	5.36E-01	4.76E-01	1.81E-01	2.55E-01	-4.75E-01	6.29E-01	2.27E+00	-3.23E-01	6.49E-01	1.95E+00	3.22E-01	-8.76E-01	5.06E-01	-2.19E+01	2.51E+01	
ykoD_3~~~ykoD_1~~~ykoD_2~~~ykoD_4	5.59E-02	5.36E-01	4.76E-01	1.81E-01	2.55E-01	-4.75E-01	6.29E-01	2.27E+00	-3.23E-01	6.49E-01	1.95E+00	3.22E-01	-8.76E-01	5.06E-01	-2.19E+01	2.51E+01	
group_456	5.52E-02	3.08E-12	1.02E-07	-1.55E+00	3.08E-01	-4.73E-01	6.27E-01	2.27E+00	-3.02E-01	7.17E-01	1.95E+00	8.32E-01	-8.56E-01	5.10E-01	-2.19E+01	2.52E+01	
group_291	5.52E-02	4.70E-04	5.44E-02	-5.16E-01	2.70E-01	-4.59E-01	6.13E-01	2.70E+00	-3.30E-01	6.95E-01	1.94E+00	4.36E-01	-7.86E-01	5.01E-01	-2.19E+01	2.54E+01	
group_172	5.52E-02	3.08E-12	1.02E-07	-1.55E+00	3.08E-01	-4.73E-01	6.27E-01	2.27E+00	-3.02E-01	7.17E-01	1.95E+00	8.32E-01	-8.56E-01	5.10E-01	-2.19E+01	2.52E+01	
group_107	5.59E-02	5.36E-01	4.76E-01	1.81E-01	2.55E-01	-4.75E-01	6.29E-01	2.27E+00	-3.23E-01	6.49E-01	1.95E+00	3.22E-01	-8.76E-01	5.06E-01	-2.19E+01	2.51E+01	
group_2389	5.45E-02	6.20E-12	1.86E-07	-1.53E+00	3.10E-01	-4.73E-01	6.27E-01	2.27E+00	-3.02E-01	7.04E-01	1.95E+00	8.26E-01	-8.56E-01	5.10E-01	-2.19E+01	2.52E+01	
group_2006	5.45E-02	6.20E-12	1.86E-07	-1.53E+00	3.10E-01	-4.73E-01	6.27E-01	2.27E+00	-3.02E-01	7.04E-01	1.95E+00	8.26E-01	-8.56E-01	5.10E-01	-2.19E+01	2.52E+01	
group_1568	5.45E-02	6.20E-12	1.86E-07	-1.53E+00	3.10E-01	-4.73E-01	6.27E-01	2.27E+00	-3.02E-01	7.04E-01	1.95E+00	8.26E-01	-8.56E-01	5.10E-01	-2.19E+01	2.52E+01	
group_1534	5.45E-02	6.20E-12	1.86E-07	-1.53E+00	3.10E-01	-4.73E-01	6.27E-01	2.27E+00	-3.02E-01	7.04E-01	1.95E+00	8.26E-01	-8.56E-01	5.10E-01	-2.19E+01	2.52E+01	
group_1289	5.45E-02	6.20E-12	1.86E-07	-1.53E+00	3.10E-01	-4.73E-01	6.27E-01	2.27E+00	-3.02E-01	7.04E-01	1.95E+00	8.26E-01	-8.56E-01	5.10E-01	-2.19E+01	2.52E+01	
group_799	5.52E-02	9.83E-01	7.80E-01	7.02E-02	2.51E-01	-4.74E-01	6.25E-01	2.27E+00	-3.14E-01	6.95E-01	1.95E+00	3.24E-01	-8.55E-01	5.09E-01	-2.19E+01	2.52E+01	
group_2689	5.39E-02	9.56E-02	1.49E-04	9.89E-01	2.69E-01	-4.73E-01	6.27E-01	2.27E+00	-3.15E-01	4.94E-01	1.95E+00	1.25E-01	-8.56E-01	4.96E-01	-2.19E+01	2.52E+01	
group_2563	5.39E-02	1.94E-04	4.93E-01	3.68E-01	5.44E-01	-7.73E-01	9.27E-01	2.56E+00	-1.53E-02	1.00E+00	2.25E+00	6.34E-01	-5.56E-01	8.10E-01	-2.16E+01	2.19E+01	
group_2523	5.39E-02	1.94E-04	4.93E-01	3.68E-01	5.44E-01	-7.73E-01	9.27E-01	2.56E+00	-1.53E-02	1.00E+00	2.25E+00	6.34E-01	-5.56E-01	8.10E-01	-2.16E+01	2.19E+01	
group_2421	5.39E-02	1.94E-04	4.93E-01	3.68E-01	5.44E-01	-7.73E-01	9.27E-01	2.56E+00	-1.53E-02	1.00E+00	2.25E+00	6.34E-01	-5.56E-01	8.10E-01	-2.16E+01	2.19E+01	
group_2121	5.39E-02	1.94E-04	4.93E-01	3.68E-01	5.44E-01	-7.73E-01	9.27E-01	2.56E+00	-1.53E-02	1.00E+00	2.25E+00	6.34E-01	-5.56E-01	8.10E-01	-2.16E+01	2.19E+01	
group_2117	5.39E-02	1.94E-04	4.93E-01	3.68E-01	5.44E-01	-7.73E-01	9.27E-01	2.56E+00	-1.53E-02	1.00E+00	2.25E+00	6.34E-01	-5.56E-01	8.10E-01	-2.16E+01	2.19E+01	
group_2023	5.39E-02	1.94E-04	4.93E-01	3.68E-01	5.44E-01	-7.73E-01	9.27E-01	2.56E+00	-1.53E-02	1.00E+00	2.25E+00	6.34E-01	-5.56E-01	8.10E-01	-2.16E+01	2.19E+01	
group_2012	5.39E-02	1.94E-04	4.93E-01	3.68E-01	5.44E-01	-7.73E-01	9.27E-01	2.56E+00	-1.53E-02	1.00E+00	2.25E+00	6.34E-01	-5.56E-01	8.10E-01	-2.16E+01	2.19E+01	
xerC_5	5.39E-02	1.94E-04	4.93E-01	3.68E-01	5.44E-01	-7.73E-01	9.27E-01	2.56E+00	-1.53E-02	1.00E+00	2.25E+00	6.34E-01	-5.56E-01	8.10E-01	-2.16E+01	2.19E+01	
group_1249	5.39E-02	1.94E-04	4.93E-01	3.68E-01	5.44E-01	-7.73E-01	9.27E-01	2.56E+00	-1.53E-02	1.00E+00	2.25E+00	6.34E-01	-5.56E-01	8.10E-01	-2.16E+01	2.19E+01	
group_1152	5.39E-02	9.63E-07	1.13E-01	-4.17E-01	2.66E-01	-4.53E-01	6.16E-01	2.25E+00	-3.30E-01	6.88E-01	1.93E+00	4.00E-01	-7.32E-01	5.02E-01	-2.19E+01	2.55E+01	
group_990	5.39E-02	2.50E-03	2.88E-01	-2.70E-01	2.55E-01	-4.71E-01	7.35E-01	2.26E+00	-2.95E-01	7.02E-01	1.95E+00	3.41E-01	-8.47E-01	5.46E-01	-2.19E+01	2.52E+01	
group_478	5.39E-02	9.56E-02	1.49E-04	9.89E-01	2.69E-01	-4.73E-01	6.27E-01	2.27E+00	-3.15E-01	4.94E-01	1.95E+00	1.25E-01	-8.56E-01	4.96E-01	-2.19E+01	2.52E+01	
group_474	5.39E-02	2.50E-03	2.88E-01	-2.70E-01	2.55E-01	-4.71E-01	7.35E-01	2.26E+00	-2.95E-01	7.02E-01	1.95E+00	3.41E-01	-8.47E-01	5.46E-01	-2.19E+01	2.52E+01	
group_362	5.39E-02	1.94E-04	4.93E-01	3.68E-01	5.44E-01	-7.73E-01	9.27E-01	2.56E+00	-1.53E-02	1.00E+00	2.25E+00	6.34E-01	-5.56E-01	8.10E-01	-2.16E+01	2.19E+01	
group_1409	5.32E-02	7.72E-03	1.61E-03	2.02E+00	7.79E-01	-2.20E+00	2.35E+00	3.99E+00	1.41E+00	2.43E+00	3.67E+00	2.06E+00	8.68E-01	2.23E+00	-2.01E+01	8.29E+00	
group_992	5.45E-02	1.64E-03	9.18E-01	-3.06E-02	2.96E-01	-4.73E-01	6.27E-01	2.28E+00	-3.15E-01	7.05E-01	1.95E+00	3.33E-01	-8.56E-01	5.09E-01	-2.08E+01	2.52E+01	
group_2189	5.39E-02	7.44E-06	2.45E-01	3.69E-01	3.27E-01	-4.73E-01	6.27E-01	2.27E+00	-3.25E-01	7.01E-01	1.91E+00	3.34E-01	-8.56E-01	5.07E-01	-2.19E+01	2.52E+01	
group_1811	5.25E-02	7.21E-08	4.23E-02	-5.50E-01	2.75E-01	-4.48E-01	6.12E-01	2.24E+00	-3.35E-01	6.84E-01	1.92E+00	4.18E-01	-6.97E-01	4.96E-01	-1.51E+01	2.55E+01	
group_653	5.39E-02	7.44E-06	2.45E-01	3.69E-01	3.27E-01	-4.73E-01	6.27E-01	2.27E+00	-3.25E-01	7.01E-01	1.91E+00	3.34E-01	-8.56E-01	5.07E-01	-2.19E+01	2.52E+01	
xerC_1	5.45E-02	4.78E-02	5.18E-01	-2.26E-01	3.50E-01	-4.69E-01	6.40E-01	2.26E+00	-3.20E-01	8.39E-01	1.94E+00	3.30E-01	-8.60E-01	5.05E-01	-2.17E+01	2.52E+01	
group_2730	5.12E-02	7.18E-01	2.44E-02	6.14E-01	2.76E-01	-4.73E-01	6.27E-01	2.27E+00	-3.15E-01	7.04E-01	1.95E+00	3.34E-01	-8.56E-01	3.42E-01	-2.19E+01	2.52E+01	
group_2717	5.25E-02	9.05E-07	2.39E-04	-9.87E-01	2.74E-01	-4.73E-01	6.27E-01	2.27E+00	-3.05E-01	7.56E-01	1.97E+00	5.86E-01	-8.56E-01	5.10E-01	-2.19E+01	2.52E+01	
group_2498	5.19E-02	3.50E-08	1.99E-02	-6.35E-01	2.79E-01	-4.50E-01	6.16E-01	2.24E+00	-3.32E-01	6.87E-01	1.92E+00	4.39E-01	-6.70E-01	5.00E-01	-2.19E+01	2.55E+01	
group_2217	5.19E-02	3.50E-08	1.99E-02	-6.35E-01	2.79E-01	-4.50E-01	6.16E-01	2.24E+00	-3.32E-01	6.87E-01	1.92E+00	4.39E-01	-6.70E-01	5.00E-01	-2.19E+01	2.55E+01	
group_1964	5.19E-02	1.60E-06	1.21E-01	1.81E+00	4.12E+00	-4.68E-01	6.20E-01	1.93E+00	-2.04E+00	6.82E-01	1.94E+00	3.30E-01	-8.21E-01	5.05E-01	-1.93E+00	1.57E+00	high-bse
group_1826	5.19E-02	4.73E-07	6.54E-01	3.79E-01	8.64E-01	-4.73E-01	6.27E-01	2.27E+00	-6.72E-01	7.01E-01	1.95E+00	3.32E-01	-8.56E-01	5.10E-01	-2.19E+01	2.52E+01	
group_1243	5.12E-02	7.18E-01	2.44E-02	6.14E-01	2.76E-01	-4.73E-01	6.27E-01	2.27E+00	-3.15E-01	7.04E-01	1.95E+00	3.34E-01	-8.56E-01	3.42E-01	-2.19E+01	2.52E+01	
group_383	5.19E-02	3.50E-08	1.99E-02	-6.35E-01	2.79E-01	-4.50E-01	6.16E-01	2.24E+00	-3.32E-01	6.87E-01	1.92E+00	4.39E-01	-6.70E-01	5.00E-01	-2.19E+01	2.55E+01	
group_2767	5.12E-02	8.46E-07	3.42E-01	9.68E-01	1.12E+00	-4.73E-01	6.27E-01	2.27E+00	-1.23E+00	6.97E-01	1.95E+00	3.34E-01	-8.56E-01	5.10E-01	-2.19E+01	2.52E+01	
group_2745	5.12E-02	8.46E-07	3.42E-01	9.68E-01	1.12E+00	-4.73E-01	6.27E-01	2.27E+00	-1.23E+00	6.97E-01	1.95E+00	3.34E-01	-8.56E-01	5.10E-01	-2.19E+01	2.52E+01	
group_1421	5.12E-02	8.46E-07	3.42E-01	9.68E-01	1.12E+00	-4.73E-01	6.27E-01	2.27E+00	-1.23E+00	6.97E-01	1.95E+00	3.34E-01	-8.56E-01	5.10E-01	-2.19E+01	2.52E+01	
group_1297	5.12E-02	8.46E-07	3.42E-01	9.68E-01	1.12E+00	-4.73E-01	6.27E-01	2.27E+00	-1.23E+00	6.97E-01	1.95E+00	3.34E-01	-8.56E-01	5.10E-01	-2.19E+01	2.52E+01	
smc_1~~~smc_2~~~smc_3	5.12E-02	1.19E-01	5.34E-01	-1.61E-01	2.60E-01	-4.64E-01	6.18E-01	2.26E+00	-3.15E-01	7.03E-01	1.94E+00	3.47E-01	-8.62E-01	5.02E-01	-3.38E+01	2.53E+01	
group_330	5.12E-02	6.48E-08	2.68E-02	-6.06E-01	2.79E-01	-4.51E-01	6.17E-01	2.24E+00	-3.31E-01	6.87E-01	1.93E+00	4.32E-01	-6.78E-01	5.00E-01	-2.19E+01	2.55E+01	
pknD_3	5.12E-02	8.46E-07	3.42E-01	9.68E-01	1.12E+00	-4.73E-01	6.27E-01	2.27E+00	-1.23E+00	6.97E-01	1.95E+00	3.34E-01	-8.56E-01	5.10E-01	-2.19E+01	2.52E+01	
group_744	5.05E-02	1.50E-06	5.27E-01	3.98E-01	6.39E-01	-4.82E-01	6.36E-01	2.27E+00	-6.63E-01	7.09E-01	1.96E+00	3.41E-01	-8.48E-01	5.18E-01	-2.19E+01	2.50E+01	
group_479	5.12E-02	8.46E-07	6.06E-01	-2.44E-01	4.71E-01	-4.73E-01	6.27E-01	2.27E+00	-1.12E-01	7.04E-01	1.95E+00	3.35E-01	-8.56E-01	5.15E-01	-2.19E+01	2.52E+01	
group_1901	5.05E-02	2.36E-01	9.49E-02	-4.40E-01	2.62E-01	-4.73E-01	6.27E-01	2.27E+00	-3.10E-01	7.36E-01	1.97E+00	3.99E-01	-8.56E-01	5.10E-01	-2.19E+01	2.52E+01	
group_923	5.12E-02	1.87E-01	5.18E-01	-2.26E-01	3.50E-01	-4.69E-01	6.40E-01	2.26E+00	-3.20E-01	8.39E-01	1.94E+00	3.30E-01	-8.60E-01	5.05E-01	-2.19E+01	2.52E+01	
group_892	5.12E-02	1.87E-01	5.18E-01	-2.26E-01	3.50E-01	-4.69E-01	6.40E-01	2.26E+00	-3.20E-01	8.39E-01	1.94E+00	3.30E-01	-8.60E-01	5.05E-01	-2.19E+01	2.52E+01	
group_836	5.12E-02	1.87E-01	5.18E-01	-2.26E-01	3.50E-01	-4.69E-01	6.40E-01	2.26E+00	-3.20E-01	8.39E-01	1.94E+00	3.30E-01	-8.60E-01	5.05E-01	-2.19E+01	2.52E+01	
group_728	5.12E-02	1.87E-01	5.18E-01	-2.26E-01	3.50E-01	-4.69E-01	6.40E-01	2.26E+00	-3.20E-01	8.39E-01	1.94E+00	3.30E-01	-8.60E-01	5.05E-01	-2.19E+01	2.52E+01	
group_245	5.05E-02	2.36E-01	6.03E-01	-1.84E-01	3.54E-01	-4.71E-01	6.40E-01	2.26E+00	-3.17E-01	8.15E-01	1.95E+00	3.33E-01	-8.58E-01	5.08E-01	-2.19E+01	2.52E+01	
